array_label,task,recording_name,required_time_row_index,true_azimuth_deg,e0_estimate_deg,e0_abs_deg,c_raw_estimate_deg,absolute_error_deg,c_adopt,c_estimate_deg,c_abs_deg,srp_true_azimuth_deg,srp_estimate_deg,srp_abs_deg
dicit,task1,recording1,294,10.040582974456347,9.240978330415867,0.7996046440404712,9.240978330415867,0.7996046440404712,False,9.240978330415867,0.79960464404048,10.040582974456347,6.334597475613807,3.705985498842552
dicit,task1,recording1,307,10.040582974456347,9.244144490919393,0.7964384835369458,9.244144490919393,0.7964384835369458,False,9.244144490919393,0.7964384835369547,10.040582974456347,8.666280405859396,1.37430256859696
dicit,task1,recording1,321,10.040582974456347,9.226276281593876,0.8143066928624592,9.226276281593876,0.8143066928624592,False,9.226276281593876,0.8143066928624716,10.040582974456347,8.619287368236797,1.4212956062195587
dicit,task1,recording1,334,10.040582974456347,9.229824811603184,0.8107581628531761,9.229824811603184,0.8107581628531761,False,9.229824811603184,0.8107581628531637,10.040582974456347,6.464184139552324,3.576398834904012
dicit,task1,recording1,347,10.040582974456347,9.234285766316528,0.8062972081398243,9.234285766316528,0.8062972081398243,False,9.234285766316528,0.806297208139819,10.040582974456347,6.492587909680314,3.547995064776046
dicit,task1,recording1,360,10.040582974456347,9.238879405652677,0.8017035688036742,9.238879405652677,0.8017035688036742,False,9.238879405652677,0.8017035688036707,10.040582974456347,6.453862658671297,3.586720315785044
dicit,task1,recording1,374,10.040582974456347,9.234772949326487,0.8058100251298583,9.234772949326487,0.8058100251298583,False,9.234772949326487,0.8058100251298601,10.040582974456347,8.576294349305776,1.464288625150573
dicit,task1,recording1,387,10.040582974456347,9.225357360453618,0.8152256140027418,9.225357360453618,0.8152256140027418,False,9.225357360453618,0.8152256140027294,10.040582974456347,6.4704880219100165,3.5700949525463272
dicit,task1,recording1,400,10.040582974456347,9.23323449223578,0.8073484822205614,9.23323449223578,0.8073484822205614,False,9.23323449223578,0.8073484822205668,10.040582974456347,6.465896539053333,3.574686435403009
dicit,task1,recording1,413,10.040582974456347,9.241538650332805,0.7990443241235425,9.241538650332805,0.7990443241235425,False,9.241538650332805,0.7990443241235425,10.040582974456347,8.64102429297083,1.39955868148553
dicit,task1,recording1,555,10.040582974456347,9.215754504853766,0.8248284696025792,9.215754504853766,0.8248284696025792,False,9.215754504853766,0.8248284696025809,10.040582974456347,8.926322686126465,1.1142602883298878
dicit,task1,recording1,568,10.040582974456347,9.24340521293429,0.7971777615220503,9.24340521293429,0.7971777615220503,False,9.24340521293429,0.7971777615220574,10.040582974456347,6.398945154431132,3.6416378200252097
dicit,task1,recording1,581,10.040582974456347,9.244781831236152,0.7958011432201886,9.244781831236152,0.7958011432201886,False,9.244781831236152,0.7958011432201957,10.040582974456347,6.277335179655679,3.7632477948006624
dicit,task1,recording1,594,10.040582974456347,9.24710248278874,0.7934804916675944,9.24710248278874,0.7934804916675944,False,9.24710248278874,0.7934804916676068,10.040582974456347,6.426951638487589,3.613631335968762
dicit,task1,recording1,608,10.040582974456347,9.230843149908129,0.8097398245482168,9.230843149908129,0.8097398245482168,False,9.230843149908129,0.8097398245482186,10.040582974456347,6.386246400537798,3.654336573918556
dicit,task1,recording1,621,10.040582974456347,9.238996351286872,0.8015866231694702,9.238996351286872,0.8015866231694702,False,9.238996351286872,0.8015866231694755,10.040582974456347,6.439131147639025,3.6014518268173106
dicit,task1,recording1,634,10.040582974456347,9.235094749943803,0.8054882245125441,9.235094749943803,0.8054882245125441,False,9.235094749943803,0.8054882245125441,10.040582974456347,6.4174395931011246,3.62314338135522
dicit,task1,recording1,647,10.040582974456347,9.229163569872329,0.8114194045840293,9.229163569872329,0.8114194045840293,False,9.229163569872329,0.8114194045840186,10.040582974456347,6.317087863047282,3.723495111409079
dicit,task1,recording1,661,10.040582974456347,9.236284104783818,0.8042988696725217,9.236284104783818,0.8042988696725217,False,9.236284104783818,0.8042988696725288,10.040582974456347,6.3778420445875454,3.662740929868789
dicit,task1,recording1,674,10.040582974456347,9.23750288350247,0.8030800909538698,9.23750288350247,0.8030800909538698,False,9.23750288350247,0.8030800909538769,10.040582974456347,6.415409401949859,3.6251735725064975
dicit,task1,recording10,91,-22.94211573558865,-17.295744552257837,5.646371183330814,-17.295744552257837,5.646371183330814,False,-17.295744552257837,5.646371183330814,-22.94211573558865,-22.86134664026845,0.0807690953201927
dicit,task1,recording10,119,-22.94211573558865,-17.249043631089503,5.693072104499152,-13.31661282339739,9.625502912191251,True,-13.31661282339739,9.62550291219126,-22.94211573558865,-22.77405575194998,0.1680599836386704
dicit,task1,recording10,146,-22.94211573558865,-17.305558373121094,5.636557362467556,-17.305558373121094,5.636557362467556,False,-17.305558373121094,5.636557362467556,-22.94211573558865,-23.076524943783188,0.1344092081945405
dicit,task1,recording10,174,-22.94211573558865,-17.300973995778524,5.641141739810138,-17.300973995778524,5.641141739810138,False,-17.300973995778524,5.641141739810127,-22.94211573558865,-22.97715788554421,0.0350421499555579
dicit,task1,recording10,202,-22.94211573558865,-17.298821332726668,5.643294402861983,-17.298821332726668,5.643294402861983,False,-17.298821332726668,5.643294402861983,-22.94211573558865,-22.833183415452552,0.1089323201360912
dicit,task1,recording10,229,-22.94211573558865,-17.29064826787844,5.651467467710205,-17.29064826787844,5.651467467710205,False,-17.29064826787844,5.651467467710212,-22.94211573558865,-22.83560939691189,0.1065063386767519
dicit,task1,recording10,257,-22.94211573558865,-17.248469186281127,5.693646549307516,-17.248469186281127,5.693646549307516,False,-17.248469186281127,5.693646549307523,-22.94211573558865,-22.93962883573856,0.0024868998501119
dicit,task1,recording10,328,-22.94211573558865,-17.255025248530053,5.687090487058612,-17.255025248530053,5.687090487058612,False,-17.255025248530053,5.687090487058597,-22.94211573558865,-23.321037208499792,0.378921472911145
dicit,task1,recording10,356,-22.94211573558865,-17.279104469077453,5.663011266511205,-17.279104469077453,5.663011266511205,False,-17.279104469077453,5.663011266511198,-22.94211573558865,-22.838949686218005,0.1031660493706567
dicit,task1,recording10,384,-22.94211573558865,-17.289644270773458,5.652471464815193,-17.289644270773458,5.652471464815193,False,-17.289644270773458,5.652471464815193,-22.94211573558865,-22.94025768954677,0.0018580460418888
dicit,task1,recording10,411,-22.94211573558865,-17.297565829003563,5.644549906585098,-17.297565829003563,5.644549906585098,False,-17.297565829003563,5.6445499065850875,-22.94211573558865,-22.936169885266207,0.0059458503224618
dicit,task1,recording10,439,-22.94211573558865,-17.247494191006137,5.694621544582503,-17.150679136769302,5.79143659881936,True,-17.150679136769302,5.791436598819349,-22.94211573558865,-22.97567476486238,0.0335590292737322
dicit,task1,recording10,467,-22.94211573558865,-17.302599819961845,5.639515915626816,-17.302599819961845,5.639515915626816,False,-17.302599819961845,5.639515915626806,-22.94211573558865,-22.87359199113774,0.0685237444509141
dicit,task1,recording10,494,-22.94211573558865,-17.298867640092407,5.643248095496233,-17.298867640092407,5.643248095496233,False,-17.298867640092407,5.643248095496244,-22.94211573558865,-16.294778129965078,6.647337605623591
dicit,task1,recording10,522,-22.94211573558865,-17.264867972374837,5.677247763213813,-15.999641289554567,6.942474446034083,True,-15.999641289554567,6.942474446034083,-22.94211573558865,-16.267294099498482,6.674821636090172
dicit,task1,recording10,549,-22.94211573558865,-17.289798841100282,5.652316894488365,-17.289798841100282,5.652316894488365,False,-17.289798841100282,5.652316894488369,-22.94211573558865,-22.795980794815996,0.1461349407726686
dicit,task1,recording10,577,-22.94211573558865,-17.294365023241312,5.647750712347346,-17.294365023241312,5.647750712347346,False,-17.294365023241312,5.647750712347339,-22.94211573558865,-22.91158568352591,0.030530052062744
dicit,task1,recording10,605,-22.94211573558865,-17.28287079388811,5.659244941700536,-17.28287079388811,5.659244941700536,False,-17.28287079388811,5.659244941700539,-22.94211573558865,-16.367495541304482,6.574620194284165
dicit,task1,recording10,632,-22.94211573558865,-17.309466704394765,5.632649031193893,-17.309466704394765,5.632649031193893,False,-17.309466704394765,5.6326490311938855,-22.94211573558865,-22.88675576404193,0.0553599715467214
dicit,task1,recording10,660,-22.94211573558865,-17.29149529181494,5.650620443773704,-17.29149529181494,5.650620443773704,False,-17.29149529181494,5.650620443773711,-22.94211573558865,-23.196450219969304,0.2543344843806494
dicit,task1,recording11,107,47.69677805472093,44.11988359552806,3.5768944591928857,44.11988359552806,3.5768944591928857,False,44.11988359552806,3.5768944591928715,47.69677805472093,51.16930539007195,3.4725273353510038
dicit,task1,recording11,128,47.69677805472093,44.12894533910296,3.567832715617982,44.12894533910296,3.567832715617982,False,44.12894533910296,3.5678327156179677,47.69677805472093,51.15691296774487,3.46013491302395
dicit,task1,recording11,149,47.69677805472093,44.1263558095088,3.5704222452121144,44.1263558095088,3.5704222452121144,False,44.1263558095088,3.5704222452121286,47.69677805472093,51.303456653179545,3.606678598458615
dicit,task1,recording11,171,47.69677805472093,44.104789382845446,3.5919886718754697,44.104789382845446,3.5919886718754697,False,44.104789382845446,3.591988671875484,47.69677805472093,51.36152493660783,3.664746881886913
dicit,task1,recording11,192,47.69677805472093,44.11544356769203,3.581334487028897,44.11544356769203,3.581334487028897,False,44.11544356769203,3.5813344870288972,47.69677805472093,51.35985097697036,3.6630729222494263
dicit,task1,recording11,213,47.69677805472093,44.11002746503392,3.5867505896870284,44.11002746503392,3.5867505896870284,False,44.11002746503392,3.586750589687007,47.69677805472093,51.28986516666016,3.5930871119392123
dicit,task1,recording11,234,47.69677805472093,44.131964712792566,3.5648133419283567,44.131964712792566,3.5648133419283567,False,44.131964712792566,3.564813341928364,47.69677805472093,51.22703303994022,3.530254985219301
dicit,task1,recording11,255,47.69677805472093,44.09799903435193,3.598779020368994,44.09799903435193,3.598779020368994,False,44.09799903435193,3.598779020369001,47.69677805472093,50.96492511110724,3.2681470563863115
dicit,task1,recording11,277,47.69677805472093,44.11362984840897,3.583148206311961,44.11362984840897,3.583148206311961,False,44.11362984840897,3.583148206311961,47.69677805472093,51.16172959699046,3.464951542269546
dicit,task1,recording11,487,47.69677805472093,43.42530871639354,4.2714693383273925,43.42530871639354,4.2714693383273925,False,43.42530871639354,4.2714693383273925,47.69677805472093,51.00473636611784,3.307958311396902
dicit,task1,recording11,508,47.69677805472093,44.109957155659046,3.586820899061877,44.109957155659046,3.586820899061877,False,44.109957155659046,3.586820899061884,47.69677805472093,51.34521062928835,3.648432574567437
dicit,task1,recording11,529,47.69677805472093,44.109503844947774,3.5872742097731702,44.109503844947774,3.5872742097731702,False,44.109503844947774,3.587274209773156,47.69677805472093,51.24224656015247,3.545468505431529
dicit,task1,recording11,551,47.69677805472093,44.10214684082507,3.594631213895866,44.10214684082507,3.594631213895866,False,44.10214684082507,3.594631213895859,47.69677805472093,51.302912123035206,3.606134068314276
dicit,task1,recording11,572,47.69677805472093,44.10442524958017,3.592352805140763,44.10442524958017,3.592352805140763,False,44.10442524958017,3.592352805140763,47.69677805472093,51.15108944850418,3.454311393783257
dicit,task1,recording11,593,47.69677805472093,44.09520864118885,3.601569413532076,44.09520864118885,3.601569413532076,False,44.09520864118885,3.601569413532083,47.69677805472093,51.22093011915534,3.5241520644344178
dicit,task1,recording11,614,47.69677805472093,44.106123828631226,3.590654226089697,44.106123828631226,3.590654226089697,False,44.106123828631226,3.590654226089704,47.69677805472093,51.139807516807785,3.443029462086855
dicit,task1,recording11,635,47.69677805472093,44.13879291429953,3.557985140421408,44.13879291429953,3.557985140421408,False,44.13879291429953,3.557985140421401,47.69677805472093,51.24692075012195,3.550142695401007
dicit,task1,recording11,657,47.69677805472093,44.12988433196213,3.566893722758806,44.12988433196213,3.566893722758806,False,44.12988433196213,3.566893722758799,47.69677805472093,51.31716462043867,3.620386565717752
dicit,task1,recording11,678,47.69677805472093,44.10966010512759,3.5871179495933347,44.10966010512759,3.5871179495933347,False,44.10966010512759,3.587117949593342,47.69677805472093,51.33880095909983,3.642022904378905
dicit,task1,recording11,699,47.69677805472093,44.11208184562261,3.584696209098325,44.11208184562261,3.584696209098325,False,44.11208184562261,3.5846962090983183,47.69677805472093,51.341082602476966,3.644304547756036
dicit,task1,recording12,182,-71.49112097276506,-65.096173042542,6.394947930223054,-65.096173042542,6.394947930223054,False,-65.096173042542,6.394947930223054,-71.49112097276506,0.0116433037430847,71.50276427650815
dicit,task1,recording12,209,-71.49112097276506,-68.22466250462008,3.2664584681449758,-68.22466250462008,3.2664584681449758,False,-68.22466250462008,3.2664584681449753,-71.49112097276506,-67.8492590266321,3.641861946132962
dicit,task1,recording12,236,-71.49112097276506,-68.23504719300584,3.25607377975922,-68.23504719300584,3.25607377975922,False,-68.23504719300584,3.2560737797592196,-71.49112097276506,-67.79940634622484,3.691714626540204
dicit,task1,recording12,263,-71.49112097276506,-68.25077761584257,3.2403433569224944,-68.25077761584257,3.2403433569224944,False,-68.25077761584257,3.2403433569224944,-71.49112097276506,-67.9399051798716,3.5512157928934585
dicit,task1,recording12,290,-71.49112097276506,-68.26591270499488,3.225208267770199,-68.26591270499488,3.225208267770199,False,-68.26591270499488,3.225208267770185,-71.49112097276506,-67.96649209793685,3.5246288748282097
dicit,task1,recording12,318,-71.49112097276506,-68.22386244267493,3.267258530090146,-68.22386244267493,3.267258530090146,False,-68.22386244267493,3.267258530090132,-71.49112097276506,-67.84493940188999,3.646181570875058
dicit,task1,recording12,345,-71.49112097276506,-68.2089479668165,3.2821730059485503,-68.2089479668165,3.2821730059485503,False,-68.2089479668165,3.2821730059485645,-71.49112097276506,-67.78014442115803,3.7109765516070174
dicit,task1,recording12,372,-71.49112097276506,-68.22577579555792,3.265345177207138,-68.22577579555792,3.265345177207138,False,-68.22577579555792,3.265345177207138,-71.49112097276506,-67.9237635300845,3.56735744268056
dicit,task1,recording12,399,-71.49112097276506,-68.2469901326975,3.2441308400675557,-68.2469901326975,3.2441308400675557,False,-68.2469901326975,3.2441308400675553,-71.49112097276506,-67.86446565258336,3.6266553201816976
dicit,task1,recording12,426,-71.49112097276506,-68.24541582758991,3.245705145175151,-68.24541582758991,3.245705145175151,False,-68.24541582758991,3.245705145175151,-71.49112097276506,-67.92634498493341,3.564775987831638
dicit,task1,recording12,453,-71.49112097276506,-68.25613919139388,3.234981781371175,-68.25613919139388,3.234981781371175,False,-68.25613919139388,3.234981781371175,-71.49112097276506,-67.93667887072893,3.5544421020361483
dicit,task1,recording12,480,-71.49112097276506,-68.27464804467775,3.216472928087313,-68.27464804467775,3.216472928087313,False,-68.27464804467775,3.216472928087313,-71.49112097276506,-67.94224270449598,3.5488782682690783
dicit,task1,recording12,572,-71.49112097276506,-68.301495568198,3.189625404567039,-68.301495568198,3.189625404567039,False,-68.301495568198,3.189625404567053,-71.49112097276506,-68.23004826953247,3.2610727032325717
dicit,task1,recording12,599,-71.49112097276506,-68.24079772244026,3.2503232503248114,-68.24079772244026,3.2503232503248114,False,-68.24079772244026,3.250323250324797,-71.49112097276506,-67.96455504438097,3.526565928384088
dicit,task1,recording12,626,-71.49112097276506,-68.34038228388307,3.1507386888819724,-68.34038228388307,3.1507386888819724,False,-68.34038228388307,3.1507386888819866,-71.49112097276506,-68.09818991884049,3.3929310539245705
dicit,task1,recording12,654,-71.49112097276506,-68.28900522448939,3.202115748275673,-68.28900522448939,3.202115748275673,False,-68.28900522448939,3.2021157482756735,-71.49112097276506,-67.93255184016382,3.558569132601235
dicit,task1,recording12,681,-71.49112097276506,-68.2794659596815,3.2116550130835435,-68.2794659596815,3.2116550130835435,False,-68.2794659596815,3.2116550130835577,-71.49112097276506,-67.95078753332913,3.5403334394359263
dicit,task1,recording12,708,-71.49112097276506,-68.2297625966232,3.2613583761418568,-68.2297625966232,3.2613583761418568,False,-68.2297625966232,3.2613583761418568,-71.49112097276506,-67.87693533447634,3.614185638288717
dicit,task1,recording12,735,-71.49112097276506,-68.27189535094155,3.219225621823512,-68.27189535094155,3.219225621823512,False,-68.27189535094155,3.2192256218235116,-71.49112097276506,-67.93594943027949,3.555171542485567
dicit,task1,recording12,762,-71.49112097276506,-68.22190906628904,3.2692119064760163,-68.22190906628904,3.2692119064760163,False,-68.22190906628904,3.2692119064760163,-71.49112097276506,-67.82438140224335,3.666739570521713
dicit,task1,recording13,164,24.10765843979893,22.790239314355063,1.3174191254438767,22.790239314355063,1.3174191254438767,False,22.790239314355063,1.317419125443866,24.10765843979893,22.122513889620635,1.9851445501782905
dicit,task1,recording13,190,24.10765843979893,22.809654197824734,1.2980042419741835,22.809654197824734,1.2980042419741835,False,22.809654197824734,1.2980042419741942,24.10765843979893,22.08576597556936,2.021892464229552
dicit,task1,recording13,216,24.10765843979893,22.794793014958984,1.3128654248399414,22.794793014958984,1.3128654248399414,False,22.794793014958984,1.312865424839945,24.10765843979893,22.10460229604324,2.003056143755685
dicit,task1,recording13,242,24.10765843979893,22.785005440573094,1.3226529992258236,22.785005440573094,1.3226529992258236,False,22.785005440573094,1.3226529992258342,24.10765843979893,22.03153819495437,2.07612024484456
dicit,task1,recording13,267,24.10765843979893,22.800884124910542,1.3067743148884006,22.800884124910542,1.3067743148884006,False,22.800884124910542,1.3067743148883864,24.10765843979893,22.075086781604757,2.032571658194172
dicit,task1,recording13,293,24.10765843979893,22.782896589736666,1.324761850062259,22.782896589736666,1.324761850062259,False,22.782896589736666,1.3247618500622629,24.10765843979893,29.361643907871144,5.253985468072216
dicit,task1,recording13,319,24.10765843979893,22.802853737723627,1.3048047020753015,22.802853737723627,1.3048047020753015,False,22.802853737723627,1.3048047020753017,24.10765843979893,22.06929654323443,2.03836189656451
dicit,task1,recording13,345,24.10765843979893,22.79031343010399,1.3173450096949466,22.79031343010399,1.3173450096949466,False,22.79031343010399,1.3173450096949395,24.10765843979893,22.057824275764737,2.049834164034195
dicit,task1,recording13,371,24.10765843979893,22.80275217136916,1.304906268429761,22.80275217136916,1.304906268429761,False,22.80275217136916,1.304906268429768,24.10765843979893,22.085594436183523,2.0220640036154123
dicit,task1,recording13,397,24.10765843979893,22.785034125555768,1.3226243142431713,22.785034125555768,1.3226243142431713,False,22.785034125555768,1.3226243142431606,24.10765843979893,29.65522347052073,5.547565030721813
dicit,task1,recording13,422,24.10765843979893,22.80684715922917,1.3008112805697465,22.80684715922917,1.3008112805697465,False,22.80684715922917,1.3008112805697571,24.10765843979893,22.13776062743309,1.9698978123658435
dicit,task1,recording13,448,24.10765843979893,22.799161876079804,1.3084965637191317,22.799161876079804,1.3084965637191317,False,22.799161876079804,1.3084965637191246,24.10765843979893,22.092846989563878,2.014811450235044
dicit,task1,recording13,849,24.10765843979893,22.805618706353147,1.3020397334457812,22.805618706353147,1.3020397334457812,False,22.805618706353147,1.3020397334457812,24.10765843979893,22.059469221421462,2.0481892183774733
dicit,task1,recording13,875,24.10765843979893,22.800000093928524,1.307658345870408,22.800000093928524,1.307658345870408,False,22.800000093928524,1.3076583458704043,24.10765843979893,22.1057371431832,2.001921296615734
dicit,task1,recording13,901,24.10765843979893,22.806778891510078,1.3008795482888615,22.806778891510078,1.3008795482888615,False,22.806778891510078,1.3008795482888509,24.10765843979893,22.083078559925188,2.024579879873727
dicit,task1,recording13,927,24.10765843979893,22.80277716695446,1.3048812728444543,22.80277716695446,1.3048812728444543,False,22.80277716695446,1.3048812728444688,24.10765843979893,22.067344413547875,2.0403140262510533
dicit,task1,recording13,952,24.10765843979893,22.789554173658207,1.3181042661407218,22.789554173658207,1.3181042661407218,False,22.789554173658207,1.3181042661407218,24.10765843979893,21.976771836007355,2.1308866037915664
dicit,task1,recording13,978,24.10765843979893,22.81664695975344,1.2910114800454835,22.81664695975344,1.2910114800454835,False,22.81664695975344,1.291011480045487,24.10765843979893,22.030039623971707,2.077618815827236
dicit,task1,recording13,1004,24.10765843979893,22.80219486254226,1.3054635772566598,22.80219486254226,1.3054635772566598,False,22.80219486254226,1.305463577256667,24.10765843979893,22.093350475392825,2.0143079644061004
dicit,task1,recording13,1030,24.10765843979893,22.812638958210307,1.295019481588611,22.812638958210307,1.295019481588611,False,22.812638958210307,1.2950194815886213,24.10765843979893,22.091671834896008,2.0159866049029347
dicit,task1,recording2,117,34.94418115740335,33.66258666067198,1.2815944967313726,33.66258666067198,1.2815944967313726,False,33.66258666067198,1.2815944967313726,34.94418115740335,28.7346960153708,6.209485142032548
dicit,task1,recording2,140,34.94418115740335,33.18240032470513,1.7617808326982072,33.18240032470513,1.7617808326982072,False,33.18240032470513,1.7617808326982214,34.94418115740335,28.732630236666484,6.211550920736869
dicit,task1,recording2,163,34.94418115740335,33.63705233367453,1.3071288237288172,33.63705233367453,1.3071288237288172,False,33.63705233367453,1.3071288237288172,34.94418115740335,38.43859492999774,3.4944137725943847
dicit,task1,recording2,186,34.94418115740335,33.64216970522158,1.3020114521817732,33.64216970522158,1.3020114521817732,False,33.64216970522158,1.302011452181766,34.94418115740335,28.77108570149053,6.173095455912801
dicit,task1,recording2,209,34.94418115740335,33.653002384155194,1.2911787732481628,33.653002384155194,1.2911787732481628,False,33.653002384155194,1.2911787732481557,34.94418115740335,28.742066426150043,6.202114731253317
dicit,task1,recording2,232,34.94418115740335,33.62868816730109,1.315492990102257,33.62868816730109,1.315492990102257,False,33.62868816730109,1.315492990102257,34.94418115740335,28.801695072359585,6.142486085043771
dicit,task1,recording2,255,34.94418115740335,33.653357667718446,1.290823489684897,33.653357667718446,1.290823489684897,False,33.653357667718446,1.2908234896849038,34.94418115740335,28.79953389125648,6.144647266146876
dicit,task1,recording2,278,34.94418115740335,33.65405504941619,1.290126107987163,33.65405504941619,1.290126107987163,False,33.65405504941619,1.290126107987156,34.94418115740335,28.645154537009716,6.299026620393647
dicit,task1,recording2,301,34.94418115740335,33.61845668540333,1.3257244720000187,33.61845668540333,1.3257244720000187,False,33.61845668540333,1.3257244720000187,34.94418115740335,28.8452419951281,6.098939162275258
dicit,task1,recording2,379,34.94418115740335,33.62386800851322,1.3203131488901363,33.62386800851322,1.3203131488901363,False,33.62386800851322,1.3203131488901292,34.94418115740335,38.49176964291711,3.5475884855137565
dicit,task1,recording2,401,34.94418115740335,33.62778430427164,1.316396853131721,33.62778430427164,1.316396853131721,False,33.62778430427164,1.3163968531317067,34.94418115740335,28.769886624783336,6.174294532620024
dicit,task1,recording2,424,34.94418115740335,33.64815653004228,1.2960246273610778,33.64815653004228,1.2960246273610778,False,33.64815653004228,1.2960246273610707,34.94418115740335,28.835877080468823,6.10830407693453
dicit,task1,recording2,447,34.94418115740335,33.63336764347337,1.310813513929986,33.63336764347337,1.310813513929986,False,33.63336764347337,1.310813513929979,34.94418115740335,28.736232806956128,6.207948350447225
dicit,task1,recording2,470,34.94418115740335,33.64179460796095,1.3023865494424172,33.64179460796095,1.3023865494424172,False,33.64179460796095,1.302386549442403,34.94418115740335,28.72121861126837,6.222962546134966
dicit,task1,recording2,493,34.94418115740335,33.63297088644292,1.31121027096043,33.63297088644292,1.31121027096043,False,33.63297088644292,1.31121027096043,34.94418115740335,28.80201036737707,6.1421707900262845
dicit,task1,recording2,516,34.94418115740335,33.63435142384695,1.3098297335563984,33.63435142384695,1.3098297335563984,False,33.63435142384695,1.3098297335563984,34.94418115740335,28.646021449725023,6.298159707678337
dicit,task1,recording2,539,34.94418115740335,33.620929084025136,1.323252073378228,33.620929084025136,1.323252073378228,False,33.620929084025136,1.3232520733782138,34.94418115740335,28.819140860694787,6.125040296708562
dicit,task1,recording2,562,34.94418115740335,33.63117732188786,1.3130038355154738,33.63117732188786,1.3130038355154738,False,33.63117732188786,1.313003835515488,34.94418115740335,28.871918717755136,6.072262439648227
dicit,task1,recording2,585,34.94418115740335,33.62980936328404,1.3143717941193245,33.62980936328404,1.3143717941193245,False,33.62980936328404,1.3143717941193103,34.94418115740335,28.85513786298019,6.089043294423163
dicit,task1,recording2,608,34.94418115740335,33.29477578678694,1.649405370616421,35.44876105745137,0.5045799000480145,True,35.44876105745137,0.5045799000480216,34.94418115740335,28.776352792136205,6.167828365267155
dicit,task1,recording3,126,-60.46016669465556,-45.750638235452655,14.709528459202886,-50.527841474954,9.932325219701568,True,-50.527841474954,9.93232521970156,-60.46016669465556,-0.0035985524450565,60.4565681422105
dicit,task1,recording3,154,-60.46016669465556,-51.695109122404354,8.765057572251209,-51.695109122404354,8.765057572251209,False,-51.695109122404354,8.765057572251209,-60.46016669465556,-60.29711732660663,0.1630493680489166
dicit,task1,recording3,182,-60.46016669465556,-51.80402368413365,8.656143010521902,-51.80402368413365,8.656143010521902,False,-51.80402368413365,8.656143010521916,-60.46016669465556,-61.855748066873225,1.3955813722176629
dicit,task1,recording3,210,-60.46016669465556,-51.69602557331318,8.76414112134239,-51.69602557331318,8.76414112134239,False,-51.69602557331318,8.764141121342384,-60.46016669465556,-60.8549305123528,0.3947638176972532
dicit,task1,recording3,238,-60.46016669465556,-51.69643457191477,8.763732122740777,-51.69643457191477,8.763732122740777,False,-51.69643457191477,8.763732122740791,-60.46016669465556,-60.91153782609678,0.4513711314412205
dicit,task1,recording3,266,-60.46016669465556,-51.67079761814195,8.789369076513594,-53.44050175546381,7.019664939191728,True,-53.44050175546381,7.019664939191749,-60.46016669465556,-60.69151029469746,0.231343600041896
dicit,task1,recording3,294,-60.46016669465556,-51.82582104591504,8.63434564874052,-55.78355802572873,4.676608668926832,True,-55.78355802572873,4.676608668926832,-60.46016669465556,-59.74455115023485,0.7156155444207002
dicit,task1,recording3,322,-60.46016669465556,-51.71623437631784,8.743932318337727,-51.71623437631784,8.743932318337727,False,-51.71623437631784,8.74393231833772,-60.46016669465556,-60.4444435049642,0.0157231896913572
dicit,task1,recording3,448,-60.46016669465556,-51.748358979840766,8.711807714814796,-51.748358979840766,8.711807714814796,False,-51.748358979840766,8.711807714814796,-60.46016669465556,-60.8451879122499,0.3850212175943284
dicit,task1,recording3,476,-60.46016669465556,-51.72322196342827,8.736944731227283,-51.72322196342827,8.736944731227283,False,-51.72322196342827,8.73694473122729,-60.46016669465556,-60.74695677515783,0.2867900805022714
dicit,task1,recording3,505,-60.46016669465556,-51.74989263609593,8.710274058559634,-51.74989263609593,8.710274058559634,False,-51.74989263609593,8.710274058559634,-60.46016669465556,-60.85229016026632,0.3921234656107515
dicit,task1,recording3,533,-60.46016669465556,-51.69310506320809,8.767061631447461,-51.69310506320809,8.767061631447461,False,-51.69310506320809,8.767061631447476,-60.46016669465556,-60.712334541978905,0.2521678473233351
dicit,task1,recording3,561,-60.46016669465556,-51.70008864223669,8.760078052418862,-51.70008864223669,8.760078052418862,False,-51.70008864223669,8.76007805241887,-60.46016669465556,-60.8255102348935,0.3653435402379443
dicit,task1,recording3,589,-60.46016669465556,-51.66251388470769,8.797652809947863,-51.66251388470769,8.797652809947863,False,-51.66251388470769,8.79765280994787,-60.46016669465556,-60.53758104639603,0.0774143517404581
dicit,task1,recording3,617,-60.46016669465556,-51.76187646513687,8.698290229518676,-51.76187646513687,8.698290229518676,False,-51.76187646513687,8.69829022951869,-60.46016669465556,-60.48301605216449,0.0228493575089316
dicit,task1,recording3,645,-60.46016669465556,-51.67713267019791,8.783034024457663,-51.67713267019791,8.783034024457663,False,-51.67713267019791,8.783034024457649,-60.46016669465556,-60.37043201218231,0.0897346824732494
dicit,task1,recording3,673,-60.46016669465556,-51.75842117332416,8.70174552133139,-51.75842117332416,8.70174552133139,False,-51.75842117332416,8.701745521331404,-60.46016669465556,-60.77714746965184,0.3169807749962956
dicit,task1,recording3,701,-60.46016669465556,-51.6986204818094,8.761546212846156,-51.6986204818094,8.761546212846156,False,-51.6986204818094,8.761546212846163,-60.46016669465556,-60.87219985847047,0.4120331638149253
dicit,task1,recording3,729,-60.46016669465556,-51.71915251010507,8.741014184550494,-51.71915251010507,8.741014184550494,False,-51.71915251010507,8.741014184550494,-60.46016669465556,-60.864125855413874,0.403959160758319
dicit,task1,recording3,757,-60.46016669465556,-50.77230711043672,9.687859584218842,-50.77230711043672,9.687859584218842,False,-50.77230711043672,9.687859584218842,-60.46016669465556,-61.81202043377858,1.3518537391230154
dicit,task1,recording4,106,18.93190026016986,17.335094790528863,1.596805469640998,17.335094790528863,1.596805469640998,False,17.335094790528863,1.596805469640998,18.93190026016986,13.60898444101142,5.322915819158453
dicit,task1,recording4,135,18.93190026016986,17.34696008069713,1.5849401794727385,17.34696008069713,1.5849401794727385,False,17.34696008069713,1.5849401794727314,18.93190026016986,13.566468085045448,5.365432175124425
dicit,task1,recording4,165,18.93190026016986,17.338387731397308,1.5935125287725498,17.338387731397308,1.5935125287725498,False,17.338387731397308,1.5935125287725533,18.93190026016986,13.597609281532458,5.334290978637398
dicit,task1,recording4,194,18.93190026016986,17.342151119863168,1.589749140306708,17.342151119863168,1.589749140306708,False,17.342151119863168,1.5897491403066937,18.93190026016986,20.668578396415533,1.736678136245672
dicit,task1,recording4,223,18.93190026016986,17.34670543371804,1.5851948264518114,17.34670543371804,1.5851948264518114,False,17.34670543371804,1.585194826451822,18.93190026016986,13.634753347557934,5.297146912611936
dicit,task1,recording4,253,18.93190026016986,17.347196781745023,1.5847034784248422,17.347196781745023,1.5847034784248422,False,17.347196781745023,1.5847034784248386,18.93190026016986,13.620785264459595,5.311114995710256
dicit,task1,recording4,282,18.93190026016986,17.33703169521702,1.594868564952833,17.33703169521702,1.594868564952833,False,17.33703169521702,1.59486856495284,18.93190026016986,13.631892500216647,5.300007759953218
dicit,task1,recording4,442,18.93190026016986,17.344238978175223,1.5876612819946274,17.344238978175223,1.5876612819946274,False,17.344238978175223,1.587661281994638,18.93190026016986,13.58286468676204,5.349035573407832
dicit,task1,recording4,471,18.93190026016986,17.347730917271033,1.5841693428988322,17.347730917271033,1.5841693428988322,False,17.347730917271033,1.5841693428988286,18.93190026016986,13.544640672270264,5.387259587899592
dicit,task1,recording4,500,18.93190026016986,17.344021220835668,1.587879039334183,17.344021220835668,1.587879039334183,False,17.344021220835668,1.5878790393341937,18.93190026016986,13.583880083856036,5.348020176313838
dicit,task1,recording4,530,18.93190026016986,17.349303570765407,1.582596689404454,17.349303570765407,1.582596689404454,False,17.349303570765407,1.582596689404454,18.93190026016986,20.72814740923208,1.796247149062225
dicit,task1,recording4,684,18.93190026016986,17.331397385687875,1.6005028744819754,17.331397385687875,1.6005028744819754,False,17.331397385687875,1.600502874481986,18.93190026016986,20.678564075702987,1.7466638155331111
dicit,task1,recording4,713,18.93190026016986,17.33952652404558,1.592373736124273,17.33952652404558,1.592373736124273,False,17.33952652404558,1.59237373612428,18.93190026016986,13.602923239997292,5.328977020172573
dicit,task1,recording4,743,18.93190026016986,17.341753396190544,1.590146863979328,17.341753396190544,1.590146863979328,False,17.341753396190544,1.5901468639793173,18.93190026016986,13.599590615909683,5.332309644260164
dicit,task1,recording4,772,18.93190026016986,17.342898739180683,1.5890015209891717,17.342898739180683,1.5890015209891717,False,17.342898739180683,1.5890015209891786,18.93190026016986,13.702246738206057,5.229653521963797
dicit,task1,recording4,802,18.93190026016986,17.35509690427283,1.5768033558970274,17.35509690427283,1.5768033558970274,False,17.35509690427283,1.576803355897031,18.93190026016986,13.517875516168784,5.414024744001068
dicit,task1,recording4,831,18.93190026016986,17.337435324737598,1.5944649354322564,17.337435324737598,1.5944649354322564,False,17.337435324737598,1.5944649354322635,18.93190026016986,13.638571293343508,5.293328966826351
dicit,task1,recording4,860,18.93190026016986,17.3490497834967,1.5828504766731726,17.3490497834967,1.5828504766731726,False,17.3490497834967,1.582850476673162,18.93190026016986,13.643581576199496,5.288318683970374
dicit,task1,recording4,890,18.93190026016986,17.341312403906105,1.5905878562637668,17.341312403906105,1.5905878562637668,False,17.341312403906105,1.590587856263756,18.93190026016986,13.693760024062913,5.238140236106943
dicit,task1,recording4,919,18.93190026016986,17.325461353786075,1.6064389063838007,17.325461353786075,1.6064389063838007,False,17.325461353786075,1.6064389063837865,18.93190026016986,13.611979184334023,5.31992107583585
dicit,task1,recording5,90,-35.12496207631639,-28.88910968542669,6.235852390889704,-28.88910968542669,6.235852390889704,False,-28.88910968542669,6.235852390889704,-35.12496207631639,-34.015095146085535,1.1098669302308508
dicit,task1,recording5,121,-35.12496207631639,-30.562440011492505,4.562522064823895,-30.562440011492505,4.562522064823895,False,-30.562440011492505,4.562522064823888,-35.12496207631639,-42.07618829095019,6.951226214633806
dicit,task1,recording5,152,-35.12496207631639,-30.56479223777365,4.560169838542748,-30.56479223777365,4.560169838542748,False,-30.56479223777365,4.560169838542745,-35.12496207631639,-42.04901671793766,6.924054641621268
dicit,task1,recording5,183,-35.12496207631639,-30.56048604763493,4.564476028681469,-30.56048604763493,4.564476028681469,False,-30.56048604763493,4.564476028681462,-35.12496207631639,-42.02150353435242,6.89654145803604
dicit,task1,recording5,214,-35.12496207631639,-30.613828947414564,4.511133128901832,-30.613828947414564,4.511133128901832,False,-30.613828947414564,4.511133128901829,-35.12496207631639,-42.02549208421783,6.900530007901438
dicit,task1,recording5,245,-35.12496207631639,-30.561154402869484,4.563807673446917,-30.561154402869484,4.563807673446917,False,-30.561154402869484,4.5638076734469095,-35.12496207631639,-34.21677597047716,0.9081861058392348
dicit,task1,recording5,349,-35.12496207631639,-30.5900233405174,4.534938735798988,-30.5900233405174,4.534938735798988,False,-30.5900233405174,4.534938735798992,-35.12496207631639,-34.31008974128779,0.8148723350286105
dicit,task1,recording5,380,-35.12496207631639,-30.58895800763204,4.536004068684349,-30.58895800763204,4.536004068684349,False,-30.58895800763204,4.536004068684353,-35.12496207631639,-0.1154147255808273,35.00954735073557
dicit,task1,recording5,411,-35.12496207631639,-30.57795328822425,4.547008788092143,-30.57795328822425,4.547008788092143,False,-30.57795328822425,4.547008788092143,-35.12496207631639,-34.41034419295321,0.7146178833631893
dicit,task1,recording5,442,-35.12496207631639,-30.566039110763512,4.558922965552881,-28.672587669982963,6.452374406333433,True,-28.672587669982963,6.45237440633343,-35.12496207631639,-34.32806887821473,0.7968931981016567
dicit,task1,recording5,473,-35.12496207631639,-29.484456428996,5.640505647320396,-29.484456428996,5.640505647320396,False,-29.484456428996,5.640505647320392,-35.12496207631639,-0.0763898882499801,35.04857218806643
dicit,task1,recording5,504,-35.12496207631639,-30.010210696697115,5.1147513796192925,-30.010210696697115,5.1147513796192925,False,-30.010210696697115,5.114751379619278,-35.12496207631639,-34.235926045760856,0.8890360305555305
dicit,task1,recording5,535,-35.12496207631639,-30.58409055373367,4.540871522582734,-30.58409055373367,4.540871522582734,False,-30.58409055373367,4.540871522582723,-35.12496207631639,-34.456092587400626,0.6688694889157603
dicit,task1,recording5,566,-35.12496207631639,-30.57300546200621,4.551956614310171,-30.57300546200621,4.551956614310171,False,-30.57300546200621,4.551956614310182,-35.12496207631639,-34.61921326636219,0.5057488099542127
dicit,task1,recording5,597,-35.12496207631639,-30.598316796048746,4.526645280267644,-30.598316796048746,4.526645280267644,False,-30.598316796048746,4.526645280267648,-35.12496207631639,-34.526880633459115,0.5980814428572785
dicit,task1,recording5,693,-35.12496207631639,-30.263091079207538,4.861870997108866,-30.263091079207538,4.861870997108866,False,-30.263091079207538,4.861870997108856,-35.12496207631639,-34.115848609411614,1.009113466904779
dicit,task1,recording5,724,-35.12496207631639,-30.591406558762955,4.533555517553452,-30.591406558762955,4.533555517553452,False,-30.591406558762955,4.533555517553438,-35.12496207631639,-34.267572945808745,0.8573891305076415
dicit,task1,recording5,755,-35.12496207631639,-30.587460194899265,4.537501881417143,-30.587460194899265,4.537501881417143,False,-30.587460194899265,4.537501881417128,-35.12496207631639,-34.420176321380325,0.7047857549360685
dicit,task1,recording5,837,-35.12496207631639,-30.622472199687905,4.502489876628488,-30.622472199687905,4.502489876628488,False,-30.622472199687905,4.502489876628488,-35.12496207631639,-41.72738429179314,6.602422215476736
dicit,task1,recording5,868,-35.12496207631639,-30.33373929877772,4.791222777538678,-30.33373929877772,4.791222777538678,False,-30.33373929877772,4.791222777538675,-35.12496207631639,-34.30536240408301,0.8195996722333803
dicit,task1,recording6,100,-17.398963239119457,-16.668495710051122,0.7304675290683349,-16.668495710051122,0.7304675290683349,False,-16.668495710051122,0.7304675290683349,-17.398963239119457,-17.838123810304957,0.4391605711855106
dicit,task1,recording6,128,-17.398963239119457,-16.67750086685619,0.7214623722632609,-16.67750086685619,0.7214623722632609,False,-16.67750086685619,0.721462372263268,-17.398963239119457,-18.03439704309357,0.6354338039741094
dicit,task1,recording6,157,-17.398963239119457,-16.659810789099684,0.7391524500197875,-16.659810789099684,0.7391524500197875,False,-16.659810789099684,0.7391524500197733,-17.398963239119457,-17.76549236492844,0.3665291258089951
dicit,task1,recording6,185,-17.398963239119457,-16.659208054059928,0.7397551850595221,-16.659208054059928,0.7397551850595221,False,-16.659208054059928,0.7397551850595292,-17.398963239119457,-17.613861919676356,0.2148986805568995
dicit,task1,recording6,214,-17.398963239119457,-16.653863536197655,0.7450997029218058,-16.653863536197655,0.7450997029218058,False,-16.653863536197655,0.7450997029218023,-17.398963239119457,-17.522630465219823,0.1236672261003661
dicit,task1,recording6,242,-17.398963239119457,-16.683865975442746,0.7150972636767108,-16.683865975442746,0.7150972636767108,False,-16.683865975442746,0.7150972636767108,-17.398963239119457,-8.329839465464033,9.069123773655434
dicit,task1,recording6,271,-17.398963239119457,-16.652447472061425,0.7465157670580425,-16.652447472061425,0.7465157670580425,False,-16.652447472061425,0.7465157670580318,-17.398963239119457,-19.07492549074022,1.6759622516207742
dicit,task1,recording6,299,-17.398963239119457,-16.648684930890912,0.7502783082285305,-16.648684930890912,0.7502783082285305,False,-16.648684930890912,0.7502783082285447,-17.398963239119457,-17.727205436166614,0.3282421970471603
dicit,task1,recording6,542,-17.398963239119457,-16.65233661185075,0.7466266272687108,-16.65233661185075,0.7466266272687108,False,-16.65233661185075,0.7466266272687072,-17.398963239119457,-18.681791627653755,1.2828283885343126
dicit,task1,recording6,570,-17.398963239119457,-16.66042504845253,0.7385381906669295,-16.66042504845253,0.7385381906669295,False,-16.66042504845253,0.7385381906669259,-17.398963239119457,-17.892206017378168,0.4932427782587183
dicit,task1,recording6,599,-17.398963239119457,-16.685853401392215,0.7131098377272451,-16.685853401392215,0.7131098377272451,False,-16.685853401392215,0.7131098377272416,-17.398963239119457,-17.92800446826311,0.5290412291436439
dicit,task1,recording6,627,-17.398963239119457,-16.66565410277032,0.7333091363491349,-16.66565410277032,0.7333091363491349,False,-16.66565410277032,0.7333091363491384,-17.398963239119457,-17.96410904396821,0.5651458048487541
dicit,task1,recording6,656,-17.398963239119457,-16.665435076400257,0.7335281627192103,-15.810289948023105,1.5886732910963417,True,-15.810289948023105,1.5886732910963524,-17.398963239119457,-17.795164499326262,0.3962012602067943
dicit,task1,recording6,684,-17.398963239119457,-16.67799585269934,0.7209673864201136,-16.67799585269934,0.7209673864201136,False,-16.67799585269934,0.7209673864201172,-17.398963239119457,-17.548198601511984,0.1492353623925169
dicit,task1,recording6,713,-17.398963239119457,-16.660965548757762,0.7379976903616807,-16.660965548757762,0.7379976903616807,False,-16.660965548757762,0.7379976903616949,-17.398963239119457,-17.481659812224436,0.0826965731049824
dicit,task1,recording6,741,-17.398963239119457,-16.664896871752838,0.7340663673666086,-16.664896871752838,0.7340663673666086,False,-16.664896871752838,0.7340663673666192,-17.398963239119457,-17.533101583845937,0.1341383447264661
dicit,task1,recording6,770,-17.398963239119457,-16.665058570603783,0.7339046685156632,-16.665058570603783,0.7339046685156632,False,-16.665058570603783,0.7339046685156738,-17.398963239119457,-17.788186742413163,0.3892235032936924
dicit,task1,recording6,798,-17.398963239119457,-16.65915045234057,0.7398127867788844,-15.550076853326336,1.848886385793122,True,-15.550076853326336,1.8488863857931204,-17.398963239119457,-17.6541661361275,0.2552028970080471
dicit,task1,recording6,827,-17.398963239119457,-16.656534899574506,0.7424283395449436,-16.656534899574506,0.7424283395449436,False,-16.656534899574506,0.7424283395449507,-17.398963239119457,-17.65572724508011,0.2567640059606617
dicit,task1,recording6,855,-17.398963239119457,-15.352902955927435,2.04606028319202,-15.352902955927435,2.04606028319202,False,-15.352902955927435,2.0460602831920216,-17.398963239119457,-0.0707779988721298,17.328185240247336
dicit,task1,recording7,142,33.44914604355286,28.23121823919797,5.217927804354872,28.23121823919797,5.217927804354872,False,28.23121823919797,5.21792780435489,33.44914604355286,33.529683859574725,0.0805378160218595
dicit,task1,recording7,166,33.44914604355286,29.207562351004277,4.2415836925485735,29.207562351004277,4.2415836925485735,False,29.207562351004277,4.241583692548581,33.44914604355286,41.132685213237664,7.683539169684819
dicit,task1,recording7,189,33.44914604355286,29.223472116008185,4.225673927544676,29.223472116008185,4.225673927544676,False,29.223472116008185,4.225673927544673,33.44914604355286,41.170353872341,7.721207828788152
dicit,task1,recording7,213,33.44914604355286,29.22194746038189,4.227198583170974,29.22194746038189,4.227198583170974,False,29.22194746038189,4.227198583170967,33.44914604355286,41.20928439552255,7.760138351969687
dicit,task1,recording7,237,33.44914604355286,29.22345731291265,4.225688730640201,29.22345731291265,4.225688730640201,False,29.22345731291265,4.225688730640208,33.44914604355286,41.18473834406132,7.735592300508472
dicit,task1,recording7,435,33.44914604355286,29.209196776277352,4.239949267275506,29.209196776277352,4.239949267275506,False,29.209196776277352,4.239949267275506,33.44914604355286,41.22153782575454,7.77239178220168
dicit,task1,recording7,459,33.44914604355286,29.21947885539821,4.22966718815465,29.21947885539821,4.22966718815465,False,29.21947885539821,4.229667188154647,33.44914604355286,41.060458763344926,7.611312719792068
dicit,task1,recording7,483,33.44914604355286,29.22749264710077,4.221653396452098,29.22749264710077,4.221653396452098,False,29.22749264710077,4.221653396452087,33.44914604355286,41.23221174495964,7.78306570140677
dicit,task1,recording7,506,33.44914604355286,29.230508760885435,4.21863728266743,29.230508760885435,4.21863728266743,False,29.230508760885435,4.218637282667423,33.44914604355286,41.20831152594735,7.759165482394508
dicit,task1,recording7,530,33.44914604355286,29.23404895687152,4.21509708668134,29.23404895687152,4.21509708668134,False,29.23404895687152,4.2150970866813395,33.44914604355286,41.18258632876503,7.733440285212168
dicit,task1,recording7,554,33.44914604355286,29.224725233365685,4.224420810187183,29.224725233365685,4.224420810187183,False,29.224725233365685,4.224420810187173,33.44914604355286,32.72228502954247,0.7268610140103817
dicit,task1,recording7,578,33.44914604355286,29.21494122736598,4.234204816186889,29.21494122736598,4.234204816186889,False,29.21494122736598,4.234204816186878,33.44914604355286,32.82372637235658,0.6254196711962834
dicit,task1,recording7,601,33.44914604355286,29.224126208963373,4.225019834589489,29.224126208963373,4.225019834589489,False,29.224126208963373,4.225019834589485,33.44914604355286,41.11907019406541,7.669924150512543
dicit,task1,recording7,625,33.44914604355286,29.218997846582678,4.230148196970191,29.218997846582678,4.230148196970191,False,29.218997846582678,4.23014819697018,33.44914604355286,41.0868329048982,7.637686861345344
dicit,task1,recording7,649,33.44914604355286,29.23978739295089,4.209358650601956,29.23978739295089,4.209358650601956,False,29.23978739295089,4.209358650601967,33.44914604355286,41.38901293875259,7.939866895199742
dicit,task1,recording7,672,33.44914604355286,29.207478244820937,4.241667798731925,29.207478244820937,4.241667798731925,False,29.207478244820937,4.241667798731921,33.44914604355286,41.22419920986984,7.7750531663169795
dicit,task1,recording7,696,33.44914604355286,29.210471272492693,4.238674771060175,29.210471272492693,4.238674771060175,False,29.210471272492693,4.238674771060165,33.44914604355286,41.236385885739,7.787239842186125
dicit,task1,recording7,720,33.44914604355286,29.22874409482995,4.220401948722895,29.22874409482995,4.220401948722895,False,29.22874409482995,4.220401948722909,33.44914604355286,41.10267176251697,7.653525718964119
dicit,task1,recording7,743,33.44914604355286,29.214913751464,4.234232292088848,29.214913751464,4.234232292088848,False,29.214913751464,4.234232292088858,33.44914604355286,32.74527243303229,0.7038736105205601
dicit,task1,recording7,767,33.44914604355286,29.230985404581364,4.218160638971483,29.230985404581364,4.218160638971483,False,29.230985404581364,4.218160638971494,33.44914604355286,32.71779804302811,0.731348000524747
dicit,task1,recording8,236,-51.03184779662472,-48.59647391786611,2.435373878758611,-48.59647391786611,2.435373878758611,False,-48.59647391786611,2.435373878758604,-51.03184779662472,-55.05371319147355,4.021865394848817
dicit,task1,recording8,245,-51.03184779662472,-48.484092342578286,2.547755454046438,-48.484092342578286,2.547755454046438,False,-48.484092342578286,2.547755454046431,-51.03184779662472,-55.16792697128142,4.136079174656686
dicit,task1,recording8,254,-51.03184779662472,-48.44831610818461,2.583531688440104,-48.44831610818461,2.583531688440104,False,-48.44831610818461,2.583531688440104,-51.03184779662472,-54.72269271282076,3.690844916196028
dicit,task1,recording8,263,-51.03184779662472,-48.50983376442343,2.522014032201298,-48.50983376442343,2.522014032201298,False,-48.50983376442343,2.522014032201284,-51.03184779662472,-54.92667297765456,3.89482518102983
dicit,task1,recording8,272,-51.03184779662472,-48.51896337551376,2.512884421110982,-48.51896337551376,2.512884421110982,False,-48.51896337551376,2.512884421110954,-51.03184779662472,-54.99139400623948,3.959546209614757
dicit,task1,recording8,282,-51.03184779662472,-48.51775036689804,2.5140974297266894,-48.51775036689804,2.5140974297266894,False,-48.51775036689804,2.514097429726675,-51.03184779662472,-54.92550748656607,3.8936596899413294
dicit,task1,recording8,291,-51.03184779662472,-48.51461372756755,2.5172340690571677,-48.51461372756755,2.5172340690571677,False,-48.51461372756755,2.5172340690571673,-51.03184779662472,-54.90021068340785,3.868362886783132
dicit,task1,recording8,300,-51.03184779662472,-48.52279312016783,2.5090546764569126,-48.52279312016783,2.5090546764569126,False,-48.52279312016783,2.509054676456884,-51.03184779662472,-54.93062920777807,3.898781411153351
dicit,task1,recording8,309,-51.03184779662472,-48.51810687611415,2.513740920510571,-48.51810687611415,2.513740920510571,False,-48.51810687611415,2.513740920510564,-51.03184779662472,-54.94759262271316,3.915744826088428
dicit,task1,recording8,318,-51.03184779662472,-48.50853263681432,2.5233151598104087,-48.50853263681432,2.5233151598104087,False,-48.50853263681432,2.5233151598103944,-51.03184779662472,-54.92068626384262,3.8888384672179086
dicit,task1,recording8,327,-51.03184779662472,-48.49681142090537,2.5350363757193577,-48.49681142090537,2.5350363757193577,False,-48.49681142090537,2.5350363757193506,-51.03184779662472,-54.915108041209656,3.883260244584932
dicit,task1,recording8,336,-51.03184779662472,-48.511503901348185,2.52034389527654,-48.511503901348185,2.52034389527654,False,-48.511503901348185,2.5203438952765325,-51.03184779662472,-54.91765658965814,3.8858087930334193
dicit,task1,recording8,345,-51.03184779662472,-48.46449508782002,2.5673527088047194,-48.46449508782002,2.5673527088047194,False,-48.46449508782002,2.567352708804698,-51.03184779662472,-54.58508581440983,3.5532380177851053
dicit,task1,recording8,354,-51.03184779662472,-48.50900907684078,2.522838719783948,-48.50900907684078,2.522838719783948,False,-48.50900907684078,2.522838719783934,-51.03184779662472,-54.67194539074407,3.6400975941193394
dicit,task1,recording8,363,-51.03184779662472,-48.530267496992025,2.501580299632707,-48.530267496992025,2.501580299632707,False,-48.530267496992025,2.5015802996326926,-51.03184779662472,-54.82103338627705,3.789185589652334
dicit,task1,recording8,373,-51.03184779662472,-48.51797137961594,2.513876417008788,-48.51797137961594,2.513876417008788,False,-48.51797137961594,2.513876417008774,-51.03184779662472,-54.68504860359744,3.6532008069727055
dicit,task1,recording8,382,-51.03184779662472,-48.51777980910912,2.5140679875156025,-48.51777980910912,2.5140679875156025,False,-48.51777980910912,2.5140679875155953,-51.03184779662472,-54.71798902075364,3.686141224128903
dicit,task1,recording8,391,-51.03184779662472,-48.510919444234354,2.5209283523903707,-48.510919444234354,2.5209283523903707,False,-48.510919444234354,2.5209283523903636,-51.03184779662472,-54.82655675625641,3.7947089596316914
dicit,task1,recording8,400,-51.03184779662472,-48.49966074992362,2.5321870467010967,-48.49966074992362,2.5321870467010967,False,-48.49966074992362,2.5321870467010967,-51.03184779662472,-54.83977196070241,3.80792416407769
dicit,task1,recording8,409,-51.03184779662472,-48.52815136910612,2.503696427518605,-51.652429496079655,0.6205816994549309,True,-51.652429496079655,0.620581699454938,-51.03184779662472,-54.797561270299134,3.765713473674396
dicit,task1,recording9,91,13.64255991470156,10.989324762214784,2.6532351524867863,10.989324762214784,2.6532351524867863,False,10.989324762214784,2.6532351524867757,13.64255991470156,10.804016074560204,2.8385438401413694
dicit,task1,recording9,116,13.64255991470156,10.990310370023014,2.65224954467854,10.990310370023014,2.65224954467854,False,10.990310370023014,2.6522495446785452,13.64255991470156,10.833338527895409,2.8092213868061435
dicit,task1,recording9,140,13.64255991470156,10.998387749369684,2.6441721653318666,10.998387749369684,2.6441721653318666,False,10.998387749369684,2.6441721653318755,13.64255991470156,10.838624081127827,2.803935833573746
dicit,task1,recording9,165,13.64255991470156,11.000857812034212,2.6417021026673524,11.000857812034212,2.6417021026673524,False,11.000857812034212,2.641702102667347,13.64255991470156,10.831747772933683,2.810812141767883
dicit,task1,recording9,189,13.64255991470156,11.020293169359942,2.6222667453416197,11.020293169359942,2.6222667453416197,False,11.020293169359942,2.6222667453416175,13.64255991470156,12.877541278901012,0.7650186358005442
dicit,task1,recording9,214,13.64255991470156,10.986335018013202,2.656224896688343,10.986335018013202,2.656224896688343,False,10.986335018013202,2.6562248966883573,13.64255991470156,10.622392552406025,3.020167362295524
dicit,task1,recording9,238,13.64255991470156,10.993485954294108,2.649073960407464,10.993485954294108,2.649073960407464,False,10.993485954294108,2.649073960407451,13.64255991470156,10.698438177555248,2.944121737146304
dicit,task1,recording9,263,13.64255991470156,11.003035889446371,2.6395240252551844,11.003035889446371,2.6395240252551844,False,11.003035889446371,2.639524025255188,13.64255991470156,10.813678160815986,2.8288817538855824
dicit,task1,recording9,287,13.64255991470156,10.997120630047853,2.645439284653719,10.997120630047853,2.645439284653719,False,10.997120630047853,2.6454392846537065,13.64255991470156,10.822116256409473,2.8204436582920778
dicit,task1,recording9,312,13.64255991470156,11.010140595109904,2.632419319591662,11.010140595109904,2.632419319591662,False,11.010140595109904,2.632419319591655,13.64255991470156,10.72677661264786,2.915783302053711
dicit,task1,recording9,336,13.64255991470156,11.00392078360732,2.638639131094237,11.00392078360732,2.638639131094237,False,11.00392078360732,2.638639131094239,13.64255991470156,10.878719962920478,2.76383995178108
dicit,task1,recording9,361,13.64255991470156,11.003392886325232,2.6391670283763347,11.003392886325232,2.6391670283763347,False,11.003392886325232,2.6391670283763276,13.64255991470156,10.80082198242218,2.8417379322793863
dicit,task1,recording9,385,13.64255991470156,11.004436502426936,2.6381234122746378,11.004436502426936,2.6381234122746378,False,11.004436502426936,2.6381234122746235,13.64255991470156,10.808503945061878,2.834055969639678
dicit,task1,recording9,410,13.64255991470156,11.008045526683622,2.634514388017948,11.008045526683622,2.634514388017948,False,11.008045526683622,2.634514388017937,13.64255991470156,13.184550360686291,0.4580095540152626
dicit,task1,recording9,480,13.64255991470156,11.000769185814592,2.641790728886974,11.000769185814592,2.641790728886974,False,11.000769185814592,2.641790728886967,13.64255991470156,10.836314834965249,2.8062450797363
dicit,task1,recording9,505,13.64255991470156,11.007329654581277,2.635230260120295,11.007329654581277,2.635230260120295,False,11.007329654581277,2.6352302601202826,13.64255991470156,10.794946030327573,2.847613884373999
dicit,task1,recording9,529,13.64255991470156,11.000304138519216,2.6422557761823384,11.000304138519216,2.6422557761823384,False,11.000304138519216,2.6422557761823438,13.64255991470156,10.791693394458656,2.850866520242903
dicit,task1,recording9,554,13.64255991470156,10.992451820147185,2.650108094554384,10.992451820147185,2.650108094554384,False,10.992451820147185,2.6501080945543745,13.64255991470156,10.75696399029092,2.8855959244106373
dicit,task1,recording9,578,13.64255991470156,11.000306050444356,2.642253864257213,11.000306050444356,2.642253864257213,False,11.000306050444356,2.642253864257203,13.64255991470156,10.85188163914327,2.7906782755582924
dicit,task1,recording9,603,13.64255991470156,10.997195328851031,2.6453645858505297,10.997195328851031,2.6453645858505297,False,10.997195328851031,2.645364585850528,13.64255991470156,10.89423333992801,2.748326574773557
dicit,task2,recording10,738,-23.664633144664933,-20.97060646186005,2.694026682804889,-20.97060646186005,2.694026682804889,False,-20.97060646186005,2.694026682804882,-23.664633144664933,-22.86891193808533,0.7957212065796
dicit,task2,recording10,746,-23.664633144664933,-22.763121993983017,0.9015111506819268,-22.763121993983017,0.9015111506819268,False,-22.763121993983017,0.901511150681916,-23.664633144664933,-22.90216986492335,0.7624632797415813
dicit,task2,recording10,753,-23.664633144664933,-22.744078350035867,0.9205547946290552,-22.744078350035867,0.9205547946290552,False,-22.744078350035867,0.9205547946290658,-23.664633144664933,-22.817006032979823,0.8476271116851137
dicit,task2,recording10,761,-23.664633144664933,-22.7495690140428,0.9150641306221416,-22.7495690140428,0.9150641306221416,False,-22.7495690140428,0.915064130622131,-23.664633144664933,-22.85451556896247,0.8101175757024635
dicit,task2,recording10,769,-23.664633144664933,-22.744771210221835,0.9198619344431052,-22.744771210221835,0.9198619344431052,False,-22.744771210221835,0.919861934443098,-23.664633144664933,-22.88873440102722,0.775898743637697
dicit,task2,recording10,776,-23.664633144664933,-22.74388798233336,0.9207451623315706,-22.74388798233336,0.9207451623315706,False,-22.74388798233336,0.9207451623315741,-23.664633144664933,-22.89430855173372,0.7703245929312175
dicit,task2,recording10,784,-23.664633144664933,-22.749703020134643,0.9149301245302864,-22.749703020134643,0.9149301245302864,False,-22.749703020134643,0.9149301245302901,-23.664633144664933,-22.90739049970345,0.7572426449614795
dicit,task2,recording10,791,-23.664633144664933,-22.742930567028395,0.9217025776365516,-22.742930567028395,0.9217025776365516,False,-22.742930567028395,0.9217025776365375,-23.664633144664933,-22.892686435729008,0.7719467089359284
dicit,task2,recording10,799,-23.664633144664933,-22.74573685403768,0.9188962906272592,-22.74573685403768,0.9188962906272592,False,-22.74573685403768,0.9188962906272522,-23.664633144664933,-22.88464997958688,0.7799831650780504
dicit,task2,recording10,807,-23.664633144664933,-22.742149103708588,0.9224840409563342,-22.742149103708588,0.9224840409563342,False,-22.742149103708588,0.9224840409563448,-23.664633144664933,-22.89745036816173,0.7671827765032049
dicit,task2,recording10,814,-23.664633144664933,-22.743276896054656,0.921356248610266,-22.743276896054656,0.921356248610266,False,-22.743276896054656,0.9213562486102767,-23.664633144664933,-22.89684764386999,0.7677855007949574
dicit,task2,recording10,822,-23.664633144664933,-22.74246144966295,0.9221716950019924,-22.74246144966295,0.9221716950019924,False,-22.74246144966295,0.9221716950019818,-23.664633144664933,-22.89711371820738,0.767519426457568
dicit,task2,recording10,830,-23.664633144664933,-22.742981732675865,0.9216514119890746,-22.742981732675865,0.9216514119890746,False,-22.742981732675865,0.9216514119890675,-23.664633144664933,-22.877118230416237,0.7875149142487032
dicit,task2,recording10,837,-23.664633144664933,-22.74113066698962,0.9235024776752994,-22.74113066698962,0.9235024776752994,False,-22.74113066698962,0.9235024776753136,-23.664633144664933,-22.86336696481403,0.8012661798508987
dicit,task2,recording10,845,-23.664633144664933,-22.758324250881447,0.9063088937834892,-22.758324250881447,0.9063088937834892,False,-22.758324250881447,0.9063088937834856,-23.664633144664933,-15.726728089944798,7.937905054720147
dicit,task2,recording10,852,-23.664633144664933,-22.35128953475308,1.3133436099118398,-22.35128953475308,1.3133436099118398,False,-22.35128953475308,1.313343609911854,-23.664633144664933,-23.01876715823632,0.6458659864286176
dicit,task2,recording10,860,-23.664633144664933,-22.72532790163319,0.939305243031754,-22.72532790163319,0.939305243031754,False,-22.72532790163319,0.9393052430317432,-23.664633144664933,-22.88958454543218,0.7750485992327469
dicit,task2,recording10,868,-23.664633144664933,-22.732066646201613,0.9325664984633306,-22.732066646201613,0.9325664984633306,False,-22.732066646201613,0.93256649846332,-23.664633144664933,-22.900262922580133,0.764370222084807
dicit,task2,recording10,875,-23.664633144664933,-22.745017245102616,0.9196158995623024,-22.745017245102616,0.9196158995623024,False,-22.745017245102616,0.9196158995623165,-23.664633144664933,-22.919362723993856,0.7452704206710905
dicit,task2,recording10,883,-23.664633144664933,-22.73706923656186,0.9275639081030818,-22.73706923656186,0.9275639081030818,False,-22.73706923656186,0.9275639081030711,-23.664633144664933,-22.946925553466272,0.7177075911986606
dicit,task2,recording11,91,-5.788189611405541,-5.452433948776174,0.3357556626293672,-5.452433948776174,0.3357556626293672,False,-5.452433948776174,0.3357556626293672,-5.788189611405541,-5.378502907500192,0.4096867039053506
dicit,task2,recording11,93,-5.788189611405541,-5.456049472670414,0.3321401387351272,-5.456049472670414,0.3321401387351272,False,-5.456049472670414,0.33214013873512727,-5.788189611405541,-5.363919170197224,0.4242704412083071
dicit,task2,recording11,96,-5.788189611405541,-5.459030379213785,0.3291592321917562,-5.459030379213785,0.3291592321917562,False,-5.459030379213785,0.32915923219175625,-5.788189611405541,-5.3688657697623,0.4193238416432336
dicit,task2,recording11,98,-5.788189611405541,-5.467558446728332,0.3206311646771951,-5.467558446728332,0.3206311646771951,False,-5.467558446728332,0.3206311646772093,-5.788189611405541,-5.407063860459295,0.3811257509462393
dicit,task2,recording11,101,-5.788189611405541,-5.455108365060841,0.3330812463447046,-5.455108365060841,0.3330812463447046,False,-5.455108365060841,0.33308124634470015,-5.788189611405541,-5.352341241715089,0.4358483696904613
dicit,task2,recording11,103,-5.788189611405541,-5.456268028196088,0.3319215832094642,-5.456268028196088,0.3319215832094642,False,-5.456268028196088,0.33192158320945353,-5.788189611405541,-5.353165023520107,0.4350245878854366
dicit,task2,recording11,106,-5.788189611405541,-5.463828626149703,0.3243609852558506,-5.463828626149703,0.3243609852558506,False,-5.463828626149703,0.32436098525583823,-5.788189611405541,-5.36665646189712,0.4215331495084342
dicit,task2,recording11,361,-5.788189611405541,-5.482509568489828,0.3056800429157249,-5.482509568489828,0.3056800429157249,False,-5.482509568489828,0.3056800429157134,-5.788189611405541,-5.415656202238863,0.3725334091666923
dicit,task2,recording11,364,-5.788189611405541,-5.462454418539139,0.3257351928664036,-5.462454418539139,0.3257351928664036,False,-5.462454418539139,0.32573519286640273,-5.788189611405541,-5.447508447625861,0.340681163779692
dicit,task2,recording11,366,-5.788189611405541,-5.46910484394208,0.3190847674634653,-5.46910484394208,0.3190847674634653,False,-5.46910484394208,0.3190847674634609,-5.788189611405541,-5.456980730934247,0.3312088804713085
dicit,task2,recording11,369,-5.788189611405541,-5.453317222272479,0.3348723891330678,-5.453317222272479,0.3348723891330678,False,-5.453317222272479,0.3348723891330625,-5.788189611405541,-5.352551322646625,0.4356382887589234
dicit,task2,recording11,371,-5.788189611405541,-5.470633039328379,0.3175565720771658,-5.470633039328379,0.3175565720771658,False,-5.470633039328379,0.31755657207716226,-5.788189611405541,-5.396005441290739,0.3921841701148025
dicit,task2,recording11,374,-5.788189611405541,-5.472648301004678,0.3155413104008744,-5.472648301004678,0.3155413104008744,False,-5.472648301004678,0.31554131040086375,-5.788189611405541,-5.379408567744689,0.4087810436608379
dicit,task2,recording11,376,-5.788189611405541,-5.471595471140522,0.3165941402650105,-5.471595471140522,0.3165941402650105,False,-5.471595471140522,0.3165941402650194,-5.788189611405541,-5.390905127189916,0.3972844842156178
dicit,task2,recording11,379,-5.788189611405541,-5.468424543200566,0.3197650682049868,-5.468424543200566,0.3197650682049868,False,-5.468424543200566,0.3197650682049753,-5.788189611405541,-5.349675433075941,0.4385141783295978
dicit,task2,recording11,381,-5.788189611405541,-5.466704641549794,0.32148496985576,-5.466704641549794,0.32148496985576,False,-5.466704641549794,0.3214849698557476,-5.788189611405541,-5.367150228901238,0.4210393825042899
dicit,task2,recording11,384,-5.788189611405541,-5.46541796285751,0.3227716485480414,-5.46541796285751,0.3227716485480414,False,-5.46541796285751,0.32277164854803164,-5.788189611405541,-5.355797847234836,0.4323917641707169
dicit,task2,recording11,386,-5.788189611405541,-5.464789981186913,0.3233996302186313,-5.464789981186913,0.3233996302186313,False,-5.464789981186913,0.3233996302186286,-5.788189611405541,-5.351843641331167,0.4363459700743703
dicit,task2,recording11,389,-5.788189611405541,-5.46478042468212,0.3234091867234099,-5.46478042468212,0.3234091867234099,False,-5.46478042468212,0.32340918672342145,-5.788189611405541,-5.360773346861065,0.4274162645444903
dicit,task2,recording11,391,-5.788189611405541,-5.46539590280298,0.3227937086025747,-5.46539590280298,0.3227937086025747,False,-5.46539590280298,0.3227937086025614,-5.788189611405541,-5.358018655664334,0.4301709557412039
dicit,task2,recording12,110,20.6836508457986,18.05045108974216,2.6331997560564275,18.05045108974216,2.6331997560564275,False,18.05045108974216,2.633199756056438,20.6836508457986,17.93075067542926,2.752900170369344
dicit,task2,recording12,114,20.6836508457986,18.072848334533667,2.6108025112649216,18.072848334533667,2.6108025112649216,False,18.072848334533667,2.6108025112649322,20.6836508457986,17.989538732839904,2.694112112958692
dicit,task2,recording12,118,20.6836508457986,18.058318529725213,2.625332316073383,18.058318529725213,2.625332316073383,False,18.058318529725213,2.6253323160733864,20.6836508457986,17.92431536409168,2.759335481706927
dicit,task2,recording12,122,20.6836508457986,18.06055835822609,2.6230924875725066,18.06055835822609,2.6230924875725066,False,18.06055835822609,2.62309248757251,20.6836508457986,17.912654505699656,2.7709963400989466
dicit,task2,recording12,126,20.6836508457986,18.047807196214197,2.635843649584416,18.047807196214197,2.635843649584416,False,18.047807196214197,2.6358436495844018,20.6836508457986,17.915537699190615,2.768113146607988
dicit,task2,recording12,130,20.6836508457986,18.022708212016735,2.660942633781872,18.022708212016735,2.660942633781872,False,18.022708212016735,2.6609426337818647,20.6836508457986,17.806462464373062,2.877188381425526
dicit,task2,recording12,134,20.6836508457986,18.04956757970863,2.63408326608996,18.04956757970863,2.63408326608996,False,18.04956757970863,2.63408326608997,20.6836508457986,17.89390042962994,2.7897504161686584
dicit,task2,recording12,425,20.6836508457986,18.059802228285022,2.6238486175135733,18.059802228285022,2.6238486175135733,False,18.059802228285022,2.623848617513577,20.6836508457986,17.925186599723805,2.7584642460747943
dicit,task2,recording12,429,20.6836508457986,18.06536872638721,2.61828211941139,18.06536872638721,2.61828211941139,False,18.06536872638721,2.61828211941139,20.6836508457986,17.930359456815896,2.7532913889826887
dicit,task2,recording12,433,20.6836508457986,18.066568955419708,2.6170818903788984,18.066568955419708,2.6170818903788984,False,18.066568955419708,2.6170818903788913,20.6836508457986,17.92988642205985,2.753764423738744
dicit,task2,recording12,436,20.6836508457986,18.06721924567898,2.616431600119625,18.06721924567898,2.616431600119625,False,18.06721924567898,2.6164316001196184,20.6836508457986,17.931231167664926,2.7524196781336627
dicit,task2,recording12,716,-29.153199388626685,-26.90629157310877,2.2469078155179147,-26.90629157310877,2.2469078155179147,False,-26.90629157310877,2.2469078155179147,-29.153199388626685,-35.435081030255695,6.281881641629013
dicit,task2,recording12,720,-29.153199388626685,-26.91755878071862,2.235640607908067,-26.91755878071862,2.235640607908067,False,-26.91755878071862,2.235640607908067,-29.153199388626685,-35.50645258665433,6.353253198027659
dicit,task2,recording12,724,-29.153199388626685,-26.909985198618664,2.2432141900080182,-26.909985198618664,2.2432141900080182,False,-26.909985198618664,2.243214190008022,-29.153199388626685,-35.79968883775381,6.646489449127131
dicit,task2,recording12,728,-29.153199388626685,-26.90322772299437,2.2499716656323017,-26.90322772299437,2.2499716656323017,False,-26.90322772299437,2.249971665632316,-29.153199388626685,-35.35806669344743,6.204867304820738
dicit,task2,recording12,732,-29.153199388626685,-26.899440984998968,2.253758403627728,-26.899440984998968,2.253758403627728,False,-26.899440984998968,2.2537584036277174,-29.153199388626685,-35.554359119390675,6.401159730763993
dicit,task2,recording12,736,-29.153199388626685,-26.900026022936387,2.2531733656902877,-26.900026022936387,2.2531733656902877,False,-26.900026022936387,2.253173365690298,-29.153199388626685,-35.49245608423824,6.339256695611567
dicit,task2,recording12,740,-29.153199388626685,-26.900800521627705,2.252398866998988,-26.900800521627705,2.252398866998988,False,-26.900800521627705,2.2523988669989805,-29.153199388626685,-35.40514852650109,6.251949137874391
dicit,task2,recording12,744,-29.153199388626685,-26.908135832487467,2.245063556139229,-26.908135832487467,2.245063556139229,False,-26.908135832487467,2.2450635561392183,-29.153199388626685,-17.888519850557362,11.264679538069316
dicit,task2,recording12,748,-29.153199388626685,-26.89207208616242,2.261127302464274,-26.89207208616242,2.261127302464274,False,-26.89207208616242,2.261127302464267,-29.153199388626685,-35.628707396400266,6.475508007773584
dicit,task2,recording13,90,37.09329749424703,34.965125419193974,2.128172075053044,34.965125419193974,2.128172075053044,False,34.965125419193974,2.128172075053058,37.09329749424703,42.92449107312566,5.83119357887864
dicit,task2,recording13,98,37.09329749424703,34.97409758213848,2.11919991210857,34.97409758213848,2.11919991210857,False,34.97409758213848,2.119199912108556,37.09329749424703,42.92306350038943,5.829766006142393
dicit,task2,recording13,105,37.09329749424703,34.97807193317278,2.1152255610742543,34.97807193317278,2.1152255610742543,False,34.97807193317278,2.1152255610742543,37.09329749424703,42.90094325443345,5.807645760186404
dicit,task2,recording13,113,37.09329749424703,34.977158193149805,2.1161393010972347,33.71911707494407,3.374180419302945,True,33.71911707494407,3.3741804193029594,37.09329749424703,42.89775002278461,5.804452528537581
dicit,task2,recording13,120,37.09329749424703,34.97322471183422,2.1200727824128194,34.97322471183422,2.1200727824128194,False,34.97322471183422,2.1200727824128123,37.09329749424703,42.8654225543069,5.772125060059864
dicit,task2,recording13,128,37.09329749424703,34.97569944367283,2.117598050574202,34.97569944367283,2.117598050574202,False,34.97569944367283,2.117598050574202,37.09329749424703,42.8910297509532,5.797732256706155
dicit,task2,recording13,135,37.09329749424703,34.97732982175695,2.115967672490086,34.97732982175695,2.115967672490086,False,34.97732982175695,2.115967672490079,37.09329749424703,42.89780733679069,5.804509842543666
dicit,task2,recording13,143,37.09329749424703,34.97351785320032,2.119779641046705,34.97351785320032,2.119779641046705,False,34.97351785320032,2.119779641046712,37.09329749424703,42.89953597175317,5.806238477506128
dicit,task2,recording13,150,37.09329749424703,34.971474971582694,2.1218225226643312,34.971474971582694,2.1218225226643312,False,34.971474971582694,2.1218225226643384,37.09329749424703,42.87074383699658,5.777446342749556
dicit,task2,recording13,158,37.09329749424703,34.9735480927871,2.119749401459927,34.9735480927871,2.119749401459927,False,34.9735480927871,2.1197494014599343,37.09329749424703,42.89962602503922,5.8063285307922
dicit,task2,recording13,165,37.09329749424703,34.709687745813184,2.383609748433855,34.709687745813184,2.383609748433855,False,34.709687745813184,2.383609748433848,37.09329749424703,42.87548452528942,5.782187031042383
dicit,task2,recording13,173,37.09329749424703,34.97763412801834,2.115663366228688,34.97763412801834,2.115663366228688,False,34.97763412801834,2.115663366228695,37.09329749424703,42.81884366883503,5.725546174588004
dicit,task2,recording13,180,37.09329749424703,34.97424607162544,2.1190514226215957,34.97424607162544,2.1190514226215957,False,34.97424607162544,2.1190514226215953,37.09329749424703,42.82512080535232,5.731823311105302
dicit,task2,recording13,188,37.09329749424703,34.98942790769755,2.1038695865494788,34.98942790769755,2.1038695865494788,False,34.98942790769755,2.103869586549486,37.09329749424703,42.81743050398712,5.724133009740086
dicit,task2,recording13,195,37.09329749424703,34.980595937743786,2.1127015565032536,34.980595937743786,2.1127015565032536,False,34.980595937743786,2.1127015565032465,37.09329749424703,42.826380203969926,5.733082709722908
dicit,task2,recording13,203,37.09329749424703,34.998830191696264,2.094467302550754,34.998830191696264,2.094467302550754,False,34.998830191696264,2.0944673025507683,37.09329749424703,42.89957239775648,5.806274903509461
dicit,task2,recording13,345,13.660333597581072,12.26543884535288,1.394894752228197,12.26543884535288,1.394894752228197,False,12.26543884535288,1.3948947522281916,13.660333597581072,12.074117238492963,1.5862163590880982
dicit,task2,recording13,353,13.660333597581072,12.260252161963717,1.400081435617352,12.260252161963717,1.400081435617352,False,12.260252161963717,1.4000814356173557,13.660333597581072,12.08766734558798,1.5726662519930985
dicit,task2,recording13,360,13.660333597581072,12.259425815303777,1.4009077822773008,12.259425815303777,1.4009077822773008,False,12.259425815303777,1.4009077822772955,13.660333597581072,12.07171866129396,1.5886149362871151
dicit,task2,recording13,368,13.660333597581072,12.259378696903273,1.4009549006777888,12.259378696903273,1.4009549006777888,False,12.259378696903273,1.4009549006777995,13.660333597581072,12.079573875323767,1.5807597222573122
dicit,task2,recording7,108,-31.964655412220036,-26.159764565838493,5.804890846381539,-26.159764565838493,5.804890846381539,False,-26.159764565838493,5.804890846381543,-31.964655412220036,10.029063361291763,41.9937187735118
dicit,task2,recording7,109,-31.964655412220036,-24.645092796558032,7.319562615661994,-24.645092796558032,7.319562615661994,False,-24.645092796558032,7.319562615662004,-31.964655412220036,10.040240081588562,42.00489549380859
dicit,task2,recording7,110,-31.964655412220036,-24.13652084704061,7.828134565179425,-24.13652084704061,7.828134565179425,False,-24.13652084704061,7.828134565179425,-31.964655412220036,10.067778677650814,42.03243408987083
dicit,task2,recording7,111,-31.964655412220036,-23.47605155900157,8.48860385321845,-23.47605155900157,8.48860385321845,False,-23.47605155900157,8.488603853218468,-31.964655412220036,10.061717464936148,42.02637287715618
dicit,task2,recording7,112,-31.964655412220036,-22.16730826466113,9.797347147558895,-22.16730826466113,9.797347147558895,False,-22.16730826466113,9.797347147558906,-31.964655412220036,9.99460945607119,41.95926486829123
dicit,task2,recording7,113,-31.964655412220036,-20.500511375613787,11.464144036606257,-20.500511375613787,11.464144036606257,False,-20.500511375613787,11.46414403660625,-31.964655412220036,10.062208692209392,42.02686410442942
dicit,task2,recording7,114,-31.964655412220036,-21.758145061720946,10.206510350499087,-21.758145061720946,10.206510350499087,False,-21.758145061720946,10.20651035049909,-31.964655412220036,10.04866697509872,42.01332238731874
dicit,task2,recording7,115,-31.964655412220036,-19.465242264215977,12.499413148004066,-19.465242264215977,12.499413148004066,False,-19.465242264215977,12.49941314800406,-31.964655412220036,10.004031710183622,41.96868712240365
dicit,task2,recording7,116,-31.964655412220036,-19.62128416285472,12.343371249365305,-19.62128416285472,12.343371249365305,False,-19.62128416285472,12.343371249365315,-31.964655412220036,10.051385285306642,42.01604069752668
dicit,task2,recording7,117,-31.964655412220036,-24.183309302235163,7.781346109984867,-24.183309302235163,7.781346109984867,False,-24.183309302235163,7.781346109984874,-31.964655412220036,9.982162817948684,41.94681823016873
dicit,task2,recording7,119,-31.964655412220036,-26.47858528558689,5.4860701266331375,-26.47858528558689,5.4860701266331375,False,-26.47858528558689,5.486070126633145,-31.964655412220036,10.045712181589929,42.01036759380997
dicit,task2,recording7,120,-31.964655412220036,-24.25919734925549,7.705458062964539,-24.25919734925549,7.705458062964539,False,-24.25919734925549,7.705458062964546,-31.964655412220036,-37.39053702293928,5.4258816107192445
dicit,task2,recording7,121,-31.964655412220036,-25.281296219168684,6.683359193051359,-25.281296219168684,6.683359193051359,False,-25.281296219168684,6.683359193051352,-31.964655412220036,10.057215655280782,42.0218710675008
dicit,task2,recording7,122,-31.964655412220036,-25.355947549412388,6.608707862807648,-30.400300211390565,1.564355200829482,True,-30.400300211390565,1.5643552008294712,-31.964655412220036,10.047001205992464,42.0116566182125
dicit,task2,recording7,123,-31.964655412220036,-24.238725477261823,7.725929934958202,-30.83229852842882,1.1323568837912037,True,-30.83229852842882,1.1323568837912177,-31.964655412220036,-37.43404908165071,5.469393669430673
dicit,task2,recording7,124,-31.964655412220036,-23.78185370406972,8.182801708150322,-23.78185370406972,8.182801708150322,False,-23.78185370406972,8.182801708150315,-31.964655412220036,9.982315666875005,41.94697107909502
dicit,task2,recording7,125,-31.964655412220036,-25.90571385255589,6.058941559664135,-25.90571385255589,6.058941559664135,False,-25.90571385255589,6.058941559664145,-31.964655412220036,10.024384011643136,41.989039423863176
dicit,task2,recording7,126,-31.964655412220036,-24.64178429927859,7.322871112941442,-24.64178429927859,7.322871112941442,False,-24.64178429927859,7.322871112941446,-31.964655412220036,0.3608678795055891,32.32552329172563
dicit,task2,recording7,127,-31.964655412220036,-26.676441814681063,5.28821359753897,-26.676441814681063,5.28821359753897,False,-26.676441814681063,5.288213597538974,-31.964655412220036,-24.616059267536183,7.348596144683853
dicit,task2,recording7,128,-31.964655412220036,-28.37908269300976,3.5855727192102904,-28.37908269300976,3.5855727192102904,False,-28.37908269300976,3.585572719210276,-31.964655412220036,-24.35312239462768,7.611533017592365
dicit,task2,recording8,254,-1.9294241797764795,-2.0921551070573137,0.1627309272808474,-2.0921551070573137,0.1627309272808474,False,-2.0921551070573137,0.16273092728083416,-1.9294241797764795,-5.215852187653863,3.28642800787739
dicit,task2,recording8,255,-1.9294241797764795,-2.0958915931229622,0.1664674133464814,-2.0958915931229622,0.1664674133464814,False,-2.0958915931229622,0.16646741334648274,-1.9294241797764795,-5.22316598781565,3.293741808039158
dicit,task2,recording8,256,-1.9294241797764795,-2.0961287434953064,0.166704563718838,-2.0961287434953064,0.166704563718838,False,-2.0961287434953064,0.16670456371882691,-1.9294241797764795,-5.213310812575511,3.283886632799039
dicit,task2,recording8,257,-1.9294241797764795,-2.0947181423129897,0.1652939625365093,-2.0947181423129897,0.1652939625365093,False,-2.0947181423129897,0.16529396253651019,-1.9294241797764795,-5.211300418906985,3.281876239130497
dicit,task2,recording8,258,-1.9294241797764795,-2.099500379209554,0.1700761994330832,-2.099500379209554,0.1700761994330832,False,-2.099500379209554,0.1700761994330744,-1.9294241797764795,-5.222109055370859,3.292684875594375
dicit,task2,recording8,259,-1.9294241797764795,-2.101541685435941,0.1721175056594575,-2.101541685435941,0.1721175056594575,False,-2.101541685435941,0.1721175056594615,-1.9294241797764795,-5.219099162758299,3.289674982981808
dicit,task2,recording8,260,-1.9294241797764795,-2.104150464050641,0.1747262842741577,-2.104150464050641,0.1747262842741577,False,-2.104150464050641,0.1747262842741617,-1.9294241797764795,-5.23810909259985,3.308684912823366
dicit,task2,recording8,261,-1.9294241797764795,-2.1029606541470427,0.1735364743705645,-2.1029606541470427,0.1735364743705645,False,-2.1029606541470427,0.1735364743705632,-1.9294241797764795,-5.224852912390737,3.295428732614255
dicit,task2,recording8,262,-1.9294241797764795,-2.10889116582378,0.1794669860472879,-2.10889116582378,0.1794669860472879,False,-2.10889116582378,0.17946698604730038,-1.9294241797764795,-5.218025908535387,3.28860172875892
dicit,task2,recording8,263,-1.9294241797764795,-2.111553161188519,0.1821289814120348,-2.111553161188519,0.1821289814120348,False,-2.111553161188519,0.1821289814120397,-1.9294241797764795,-5.254172085511309,3.3247479057348244
dicit,task2,recording8,264,-1.9294241797764795,-2.102236608978768,0.1728124292022812,-2.102236608978768,0.1728124292022812,False,-2.102236608978768,0.17281242920228834,-1.9294241797764795,-5.228582356658403,3.2991581768819174
dicit,task2,recording8,265,-1.9294241797764795,-2.084098793565389,0.1546746137888988,-2.084098793565389,0.1546746137888988,False,-2.084098793565389,0.15467461378890945,-1.9294241797764795,-5.2189312236280365,3.289507043851557
dicit,task2,recording8,266,-1.9294241797764795,-2.087524933146437,0.1581007533699505,-2.087524933146437,0.1581007533699505,False,-2.087524933146437,0.15810075336995766,-1.9294241797764795,-5.254737776430355,3.3253135966538707
dicit,task2,recording8,267,-1.9294241797764795,-2.111059772264764,0.1816355924882771,-2.111059772264764,0.1816355924882771,False,-2.111059772264764,0.18163559248828465,-1.9294241797764795,-5.327352891837332,3.3979287120608603
dicit,task2,recording8,268,-1.9294241797764795,-2.103612267035073,0.1741880872585852,-2.103612267035073,0.1741880872585852,False,-2.103612267035073,0.1741880872585937,-1.9294241797764795,-5.203997204876464,3.2745730250999827
dicit,task2,recording8,269,-1.9294241797764795,-2.1242846620883515,0.1948604823118671,-2.1242846620883515,0.1948604823118671,False,-2.1242846620883515,0.19486048231187203,-1.9294241797764795,-5.134538651683558,3.2051144719070805
dicit,task3,recording1,358,23.30944395565854,16.71551870698776,6.593925248670786,16.71551870698776,6.593925248670786,False,16.71551870698776,6.593925248670782,23.30944395565854,15.231357770891488,8.078086184767045
dicit,task3,recording1,451,23.487736612759672,21.54151957693757,1.9462170358220876,21.54151957693757,1.9462170358220876,False,21.54151957693757,1.9462170358221016,23.487736612759672,21.412565914423556,2.075170698336109
dicit,task3,recording1,544,23.041718740482548,21.019619017846367,2.0220997226361703,21.019619017846367,2.0220997226361703,False,21.019619017846367,2.022099722636181,23.041718740482548,20.9593315621724,2.0823871783101424
dicit,task3,recording1,694,26.359738128062272,23.19455166031673,3.165186467745542,20.59708992773108,5.762648200331199,True,20.59708992773108,5.762648200331192,26.359738128062272,15.38605998083928,10.973678147222984
dicit,task3,recording1,786,25.55229228150559,24.85106232864924,0.7012299528563517,24.85106232864924,0.7012299528563517,False,24.85106232864924,0.7012299528563517,25.55229228150559,17.125885239688944,8.426407041816645
dicit,task3,recording1,879,23.303329574215752,23.81590004564835,0.512570471432582,23.81590004564835,0.512570471432582,False,23.81590004564835,0.5125704714325963,23.303329574215752,15.374362841157568,7.928966733058189
dicit,task3,recording1,1045,22.38925431929911,21.72548266892956,0.6637716503695401,21.72548266892956,0.6637716503695401,False,21.72548266892956,0.6637716503695508,22.38925431929911,21.32110682822529,1.0681474910738302
dicit,task3,recording1,1138,16.601608265096722,17.282815665394452,0.6812074002977226,14.204963041711247,2.3966452233854625,True,14.204963041711247,2.396645223385475,16.601608265096722,15.379104186245751,1.2225040788509602
dicit,task3,recording1,1231,14.483857411648644,13.952730054266244,0.5311273573823883,13.952730054266244,0.5311273573823883,False,13.952730054266244,0.5311273573824007,14.483857411648644,14.03301306253644,0.4508443491122023
dicit,task3,recording1,1427,-13.149341655957024,-7.892301001746783,5.257040654210243,-7.892301001746783,5.257040654210243,False,-7.892301001746783,5.257040654210241,-13.149341655957024,-0.1825586803625757,12.96678297559444
dicit,task3,recording1,1519,-29.68436833336249,-12.611981557460844,17.072386775901634,-12.611981557460844,17.072386775901634,False,-12.611981557460844,17.072386775901645,-29.68436833336249,-6.330247645871811,23.35412068749068
dicit,task3,recording1,1791,-45.6944457568156,-25.603418295278185,20.091027461537408,-37.22139407019814,8.473051686617453,True,-37.22139407019814,8.47305168661746,-45.6944457568156,-6.748519206867748,38.94592654994784
dicit,task3,recording1,1884,-32.13436773713757,-21.524530547423076,10.609837189714511,-21.524530547423076,10.609837189714511,False,-21.524530547423076,10.609837189714497,-32.13436773713757,-5.020697442144444,27.113670294993145
dicit,task3,recording1,1977,-24.210315805021686,-1.4236407794897532,22.78667502553193,0.3557846407670468,24.56610044578872,True,0.3557846407670468,24.566100445788734,-24.210315805021686,-0.1250132791334793,24.08530252588821
dicit,task3,recording1,2171,-12.059894548916173,-0.0212083947567296,12.03868615415945,-0.0212083947567296,12.03868615415945,False,-0.0212083947567296,12.038686154159443,-12.059894548916173,-0.0532335384910984,12.006661010425065
dicit,task3,recording1,2264,-16.306695984835557,-1.3783075125400632,14.928388472295495,-7.999641170895392,8.30705481394017,True,-7.999641170895392,8.307054813940166,-16.306695984835557,-0.431116073115558,15.875579911719996
dicit,task3,recording1,2356,-17.900441352578895,-1.4166901491118054,16.48375120346708,-1.4166901491118054,16.48375120346708,False,-1.4166901491118054,16.48375120346709,-17.900441352578895,-2.395454199921649,15.504987152657236
dicit,task3,recording1,2449,-14.12428893404409,-4.316567460228946,9.80772147381515,0.5612609163582748,14.685549850402367,True,0.5612609163582748,14.685549850402365,-14.12428893404409,-3.7024375953237296,10.42185133872036
dicit,task3,recording1,2640,-4.731932124420674,-2.719290301284133,2.012641823136533,-2.719290301284133,2.012641823136533,False,-2.719290301284133,2.012641823136541,-4.731932124420674,-3.105369505226225,1.626562619194459
dicit,task3,recording1,2733,2.833650993347544,-1.7915977773887468,4.6252487707362775,-1.7915977773887468,4.6252487707362775,False,-1.7915977773887468,4.625248770736291,2.833650993347544,-0.3152787585065825,3.1489297518541264
dicit,task3,recording2,359,5.429482193438225,4.06798959690472,1.361492596533509,4.06798959690472,1.361492596533509,False,4.06798959690472,1.3614925965335045,5.429482193438225,2.937630384235024,2.491851809203212
dicit,task3,recording2,419,5.14138954635075,4.124882871143962,1.0165066752067844,4.124882871143962,1.0165066752067844,False,4.124882871143962,1.016506675206788,5.14138954635075,3.056169907351762,2.0852196389989786
dicit,task3,recording2,479,5.170767781565449,3.6880019210227535,1.4827658605426848,3.6880019210227535,1.4827658605426848,False,3.6880019210227535,1.4827658605426959,5.170767781565449,2.364578314894691,2.8061894666707587
dicit,task3,recording2,538,4.976400169525039,3.981947759253648,0.9944524102713784,3.981947759253648,0.9944524102713784,False,3.981947759253648,0.9944524102713914,4.976400169525039,2.720034396460892,2.2563657730641467
dicit,task3,recording2,733,7.597926414537593,5.96482933741365,1.6330970771239492,1.7249576571279814,5.872968757409609,True,1.7249576571279814,5.872968757409612,7.597926414537593,5.510688246803087,2.087238167734512
dicit,task3,recording2,793,6.232937600484915,5.115930946617647,1.1170066538672645,5.115930946617647,1.1170066538672645,False,5.115930946617647,1.1170066538672678,6.232937600484915,4.778245886698489,1.454691713786417
dicit,task3,recording2,853,2.9176360244790307,4.5853403827503705,1.6677043582713509,4.5853403827503705,1.6677043582713509,False,4.5853403827503705,1.6677043582713398,2.9176360244790307,4.747246960984237,1.8296109365052189
dicit,task3,recording2,1100,-10.457721290574508,-4.827263669192175,5.630457621382334,-4.828007732000547,5.629713558573968,True,-4.828007732000547,5.629713558573961,-10.457721290574508,-0.0305416547187229,10.427179635855794
dicit,task3,recording2,1159,-18.87657706717608,-9.45871593109651,9.41786113607958,-9.45871593109651,9.41786113607958,False,-9.45871593109651,9.41786113607957,-18.87657706717608,-7.471557914556064,11.405019152620014
dicit,task3,recording2,1219,-20.69953896839223,-16.95402602190081,3.745512946491431,-16.95402602190081,3.745512946491431,False,-16.95402602190081,3.74551294649142,-20.69953896839223,-7.636289719664124,13.063249248728113
dicit,task3,recording2,1425,-16.63944764445062,-16.426813503442983,0.2126341410076406,-11.639808671996796,4.999638972453823,True,-11.639808671996796,4.999638972453823,-16.63944764445062,-17.607433877961874,0.9679862335112546
dicit,task3,recording2,1485,-8.743381343023302,-14.23646194603424,5.493080603010924,-14.23646194603424,5.493080603010924,False,-14.23646194603424,5.493080603010938,-8.743381343023302,-16.404558108206615,7.661176765183313
dicit,task3,recording2,1544,-2.7662171528038737,-7.325744308643181,4.559527155839305,-7.325744308643181,4.559527155839305,False,-7.325744308643181,4.559527155839307,-2.7662171528038737,0.4364769361360006,3.2026940889398645
dicit,task3,recording2,1604,6.23946829893194,-1.2874252188702977,7.52689351780225,-2.000358918078454,8.2398272170104,True,-2.000358918078454,8.239827217010394,6.23946829893194,0.4793824852859661,5.760085813645986
dicit,task3,recording2,1849,36.54387875972586,29.255485752157835,7.288393007568032,29.255485752157835,7.288393007568032,False,29.255485752157835,7.288393007568022,36.54387875972586,42.31681047425063,5.772931714524759
dicit,task3,recording2,1909,42.30630358355827,28.755444879641587,13.550858703916674,28.755444879641587,13.550858703916674,False,28.755444879641587,13.550858703916681,42.30630358355827,41.74509342222692,0.5612101613313598
dicit,task3,recording2,1969,47.91644339674959,48.81518384045142,0.8987404437018256,39.93358897431192,7.982854422437668,True,39.93358897431192,7.982854422437676,47.91644339674959,71.85527695712537,23.93883356037577
dicit,task3,recording2,2028,48.12274722196784,36.10659203255413,12.016155189413723,36.10659203255413,12.016155189413723,False,36.10659203255413,12.016155189413709,48.12274722196784,72.61860510570271,24.495857883734857
dicit,task3,recording2,2425,18.04316853580004,17.970890941364,0.0722775944360307,17.970890941364,0.0722775944360307,False,17.970890941364,0.07227759443603787,18.04316853580004,18.620246762057988,0.577078226257953
dicit,task3,recording2,2485,15.25712005353441,17.262161300908684,2.0050412473742654,17.262161300908684,2.0050412473742654,False,17.262161300908684,2.0050412473742742,15.25712005353441,14.223556876437112,1.0335631770973066
dicit,task3,recording3,241,23.99060679521791,22.19365838081608,1.7969484144018395,22.19365838081608,1.7969484144018395,False,22.19365838081608,1.7969484144018324,23.99060679521791,21.03855481623455,2.9520519789833486
dicit,task3,recording3,341,27.92244023539982,21.3002463182472,6.622193917152629,21.3002463182472,6.622193917152629,False,21.3002463182472,6.622193917152618,27.92244023539982,21.862538932820417,6.059901302579391
dicit,task3,recording3,441,31.95846888121074,24.048468712157824,7.910000169052921,24.814213097760245,7.14425578345049,True,24.814213097760245,7.144255783450497,31.95846888121074,24.520188313211705,7.438280567999044
dicit,task3,recording3,605,42.92381453997815,33.47049839665964,9.453316143318515,33.47049839665964,9.453316143318515,False,33.47049839665964,9.45331614331851,42.92381453997815,31.00938675056626,11.914427789411889
dicit,task3,recording3,705,48.35378967651029,42.60787278070887,5.745916895801429,42.60787278070887,5.745916895801429,False,42.60787278070887,5.745916895801422,48.35378967651029,51.0145686500665,2.660778973556205
dicit,task3,recording3,806,34.80215279037082,37.55002271335228,2.747869922981465,37.55002271335228,2.747869922981465,False,37.55002271335228,2.747869922981458,34.80215279037082,50.25164481731168,15.449492026940844
dicit,task3,recording3,968,14.341775696464133,4.059458303955795,10.282317392508332,4.059458303955795,10.282317392508332,False,4.059458303955795,10.282317392508338,14.341775696464133,8.093444313364488,6.248331383099639
dicit,task3,recording3,1068,12.156938612343923,5.033892695882819,7.123045916461109,5.033892695882819,7.123045916461109,False,5.033892695882819,7.123045916461105,12.156938612343923,2.9559248713113675,9.201013741032568
dicit,task3,recording3,1168,8.918654891526709,2.584747722423226,6.333907169103497,2.584747722423226,6.333907169103497,False,2.584747722423226,6.333907169103483,8.918654891526709,2.4515548300281877,6.467100061498513
dicit,task3,recording3,1343,3.427663586737819,0.7458637662434324,2.6817998204943763,5.5285645751067065,2.100900988368892,True,5.5285645751067065,2.1009009883688874,3.427663586737819,0.785754152267453,2.641909434470364
dicit,task3,recording3,1443,-0.095657256970159,0.9228350918282462,1.018492348798418,0.9228350918282462,1.018492348798418,False,0.9228350918282462,1.0184923487984052,-0.095657256970159,-0.5016972653619698,0.4060400083918125
dicit,task3,recording3,1662,-6.203883432185801,-5.498006995539682,0.7058764366461219,-5.498006995539682,0.7058764366461219,False,-5.498006995539682,0.7058764366461192,-6.203883432185801,-5.680583906973229,0.5232995252125647
dicit,task3,recording3,1762,-5.526431205595317,-5.886634454792122,0.3602032491968145,-5.886634454792122,0.3602032491968145,False,-5.886634454792122,0.3602032491968048,-5.526431205595317,-5.392923790209921,0.1335074153853952
dicit,task3,recording3,1907,-15.574502632779868,-9.866930900652154,5.707571732127718,-9.866930900652154,5.707571732127718,False,-9.866930900652154,5.707571732127715,-15.574502632779868,-4.137396064280726,11.437106568499132
dicit,task3,recording3,2007,-26.44130053775045,-18.23442143934476,8.206879098405693,-23.905387565553845,2.5359129721965985,True,-23.905387565553845,2.5359129721966056,-26.44130053775045,-23.20006657943553,3.241233958314922
dicit,task3,recording3,2201,-21.165932295157763,-10.300072149230974,10.865860145926774,-18.06679831096116,3.0991339841966123,True,-18.06679831096116,3.0991339841966017,-21.165932295157763,-5.755065628001495,15.410866667156256
dicit,task3,recording3,2301,-17.59667640425104,-2.154483143899226,15.442193260351814,-2.154483143899226,15.442193260351814,False,-2.154483143899226,15.442193260351813,-17.59667640425104,-3.4245998424392328,14.17207656181182
dicit,task3,recording3,2473,-16.127732888452552,-8.936009666967177,7.191723221485376,-9.784179656339836,6.3435532321127255,True,-9.784179656339836,6.343553232112717,-16.127732888452552,-5.382978969065885,10.744753919386651
dicit,task3,recording3,2573,-20.30664727506696,-17.02046914573148,3.2861781293354966,-16.45563875324875,3.851008521818216,True,-16.45563875324875,3.851008521818212,-20.30664727506696,-7.366386533669415,12.940260741397536
dicit,task3,recording3,2673,-23.33491159552897,-19.012768228033394,4.322143367495585,-19.012768228033394,4.322143367495585,False,-19.012768228033394,4.322143367495574,-23.33491159552897,-15.11362282159711,8.22128877393186
dicit,task3,recording4,298,-20.76735146590717,-19.75869165145112,1.0086598144560526,-19.75869165145112,1.0086598144560526,False,-19.75869165145112,1.008659814456049,-20.76735146590717,-19.299482191826627,1.467869274080556
dicit,task3,recording4,409,-14.643619169023166,-19.069640806406888,4.4260216373837125,-19.069640806406888,4.4260216373837125,False,-19.069640806406888,4.426021637383721,-14.643619169023166,-15.994242321254577,1.3506231522314067
dicit,task3,recording4,560,-0.5462826612814051,-1.720870320171048,1.1745876588896351,-5.953034742597517,5.406752081316114,True,-5.953034742597517,5.406752081316112,-0.5462826612814051,-1.582303793228252,1.0360211319468533
dicit,task3,recording4,671,-2.397073220999552,-1.799392236340548,0.5976809846590072,-1.799392236340548,0.5976809846590072,False,-1.799392236340548,0.5976809846590039,-2.397073220999552,-1.5884163645586948,0.8086568564408481
dicit,task3,recording4,782,-7.09216732994573,-4.625754166761648,2.466413163184086,-4.625754166761648,2.466413163184086,False,-4.625754166761648,2.4664131631840824,-7.09216732994573,-3.775670723170676,3.316496606775047
dicit,task3,recording4,993,4.956399228846396,1.7666532440328635,3.189745984813527,1.7666532440328635,3.189745984813527,False,1.7666532440328635,3.1897459848135328,4.956399228846396,-0.1556572456042968,5.112056474450696
dicit,task3,recording4,1132,19.484568284429027,11.197892546485244,8.286675737943796,11.197892546485244,8.286675737943796,False,11.197892546485244,8.286675737943783,19.484568284429027,14.599311260590008,4.885257023839017
dicit,task3,recording4,1292,31.274689685876247,27.164826607989472,4.109863077886786,27.164826607989472,4.109863077886786,False,27.164826607989472,4.109863077886775,31.274689685876247,26.597223249684667,4.677466436191594
dicit,task3,recording4,1403,30.457055363018057,27.385870458241676,3.071184904776373,27.385870458241676,3.071184904776373,False,27.385870458241676,3.0711849047763806,30.457055363018057,26.963298142491222,3.493757220526845
dicit,task3,recording4,1514,31.544431040731222,26.863527670057717,4.680903370673519,26.863527670057717,4.680903370673519,False,26.863527670057717,4.680903370673505,31.544431040731222,26.283874627841964,5.260556412889258
dicit,task3,recording4,1716,15.2618395061555,14.026086056180295,1.235753449975192,14.026086056180295,1.235753449975192,False,14.026086056180295,1.2357534499752045,15.2618395061555,16.541994043634173,1.2801545374786656
dicit,task3,recording4,1827,-10.189469661124877,8.253191259882511,18.442660921007388,5.26509938523861,15.454569046363474,True,5.26509938523861,15.454569046363487,-10.189469661124877,5.492188028479713,15.681657689604576
dicit,task3,recording4,1938,-29.656411530019295,-16.398068731246912,13.25834279877239,-16.398068731246912,13.25834279877239,False,-16.398068731246912,13.258342798772382,-29.656411530019295,-11.160552710378916,18.49585881964037
dicit,task3,recording4,2095,-34.95564578913881,-23.868320688534,11.0873251006048,-31.98634894292218,2.969296846216622,True,-31.98634894292218,2.9692968462166327,-34.95564578913881,-5.401052868611116,29.55459292052768
dicit,task3,recording4,2206,-25.046798689965872,-13.08024668455413,11.966552005411756,-23.01124530786809,2.035553382097788,True,-23.01124530786809,2.035553382097781,-25.046798689965872,-5.107568219625242,19.93923047034062
dicit,task3,recording4,2318,-16.765294586709352,-2.830087609266908,13.935206977442448,-7.023209475982335,9.742085110727032,True,-7.023209475982335,9.742085110727018,-16.765294586709352,-3.494674371104648,13.270620215604708
dicit,task3,recording4,2557,-17.49708609338223,-6.652121287141688,10.84496480624054,-6.652121287141688,10.84496480624054,False,-6.652121287141688,10.84496480624054,-17.49708609338223,-17.261083760156247,0.236002333225997
dicit,task3,recording4,2668,-4.88123808174895,-11.49808101655231,6.616842934803373,-11.49808101655231,6.616842934803373,False,-11.49808101655231,6.616842934803361,-4.88123808174895,-11.61096518235968,6.729727100610745
dicit,task3,recording4,2870,15.1538757394944,6.79811523543352,8.355760504060868,6.79811523543352,8.355760504060868,False,6.79811523543352,8.355760504060878,15.1538757394944,8.734971907558554,6.418903831935836
dicit,task3,recording4,2981,26.923271678406064,14.396732705740163,12.52653897266589,14.396732705740163,12.52653897266589,False,14.396732705740163,12.5265389726659,26.923271678406064,12.715802264539755,14.207469413866306
dicit,task3,recording5,443,15.925257887664827,14.856350864430192,1.0689070232346296,14.856350864430192,1.0689070232346296,False,14.856350864430192,1.068907023234635,15.925257887664827,11.191366888133055,4.733890999531781
dicit,task3,recording5,509,17.15755946869858,15.21626580123814,1.941293667460428,15.21626580123814,1.941293667460428,False,15.21626580123814,1.9412936674604389,17.15755946869858,11.493084567221173,5.664474901477405
dicit,task3,recording5,576,19.62522824930615,16.13818909874602,3.487039150560122,16.13818909874602,3.487039150560122,False,16.13818909874602,3.487039150560129,19.62522824930615,19.12888228892152,0.4963459603846445
dicit,task3,recording5,642,18.87398923867928,18.293742736904026,0.5802465017752638,18.293742736904026,0.5802465017752638,False,18.293742736904026,0.5802465017752532,18.87398923867928,17.91778430669153,0.9562049319877416
dicit,task3,recording5,807,17.521360238837595,14.996148279007818,2.525211959829789,14.996148279007818,2.525211959829789,False,14.996148279007818,2.525211959829777,17.521360238837595,17.085619346757657,0.4357408920799344
dicit,task3,recording5,873,18.08746241826741,15.28813840352645,2.799324014740961,15.28813840352645,2.799324014740961,False,15.28813840352645,2.799324014740961,18.08746241826741,17.584177821155084,0.5032845971123265
dicit,task3,recording5,940,13.281521008860857,14.426670016829176,1.145149007968314,14.426670016829176,1.145149007968314,False,14.426670016829176,1.1451490079683193,13.281521008860857,20.422933719842057,7.1414127109812
dicit,task3,recording5,1006,5.847504515154769,8.059591859629922,2.212087344475151,8.059591859629922,2.212087344475151,False,8.059591859629922,2.2120873444751528,5.847504515154769,6.007276029297869,0.1597715141431024
dicit,task3,recording5,1072,6.632895829374436,4.981618925106038,1.6512769042684,4.981618925106038,1.6512769042684,False,4.981618925106038,1.6512769042683981,6.632895829374436,13.937938014646356,7.30504218527193
dicit,task3,recording5,1303,7.825676172167066,5.904517576975096,1.9211585951919687,5.904517576975096,1.9211585951919687,False,5.904517576975096,1.9211585951919696,7.825676172167066,12.936992723612262,5.111316551445185
dicit,task3,recording5,1409,2.054824540759884,8.246848626242269,6.192024085482387,8.246848626242269,6.192024085482387,False,8.246848626242269,6.192024085482385,2.054824540759884,15.63368371745422,13.578859176694325
dicit,task3,recording5,1476,-3.7152131069205696,0.7811758884412455,4.496388995361826,-2.5434623131450453,1.1717507937755158,True,-2.5434623131450453,1.1717507937755243,-3.7152131069205696,4.120162443412826,7.835375550333396
dicit,task3,recording5,1764,-20.391247133412683,-18.55334156808005,1.837905565332619,-18.55334156808005,1.837905565332619,False,-18.55334156808005,1.8379055653326333,-20.391247133412683,-18.37673849907458,2.014508634338114
dicit,task3,recording5,1830,-21.74814484115797,-18.453979232614028,3.294165608543949,-16.991261400681186,4.75688344047677,True,-16.991261400681186,4.756883440476784,-21.74814484115797,-18.59059604545601,3.157548795701956
dicit,task3,recording5,2057,-21.28397125091087,-6.555393011998695,14.728578238912178,-14.812202180483052,6.4717690704278255,True,-14.812202180483052,6.471769070427818,-21.28397125091087,-3.743339633889205,17.54063161702166
dicit,task3,recording5,2165,-15.87812266553296,-1.2667290417728831,14.61139362376008,-1.2667290417728831,14.61139362376008,False,-1.2667290417728831,14.611393623760076,-15.87812266553296,-6.053339864408061,9.824782801124911
dicit,task3,recording5,2232,-14.05858330420452,-4.169855601882506,9.888727702322,-4.169855601882506,9.888727702322,False,-4.169855601882506,9.888727702322015,-14.05858330420452,-5.83361421128187,8.224969092922663
dicit,task3,recording5,2298,-10.579962646234538,-8.550807085493512,2.029155560741032,-8.550807085493512,2.029155560741032,False,-8.550807085493512,2.0291555607410263,-10.579962646234538,-3.225457834921011,7.354504811313518
dicit,task3,recording5,2365,-4.052061107512094,-4.83219190337905,0.7801307958669668,-4.83219190337905,0.7801307958669668,False,-4.83219190337905,0.7801307958669561,-4.052061107512094,-1.8189505816061684,2.2331105259059143
dicit,task3,recording5,2431,0.1602749457749163,-0.4105937319956005,0.5708686777705054,5.815297341559732,5.655022395784812,True,5.815297341559732,5.655022395784815,0.1602749457749163,-0.8962987956352162,1.0565737414101193
dicit,task4,recording1,253,-47.33849955502359,-41.79477746405532,5.543722090968288,-41.79477746405532,5.543722090968288,False,-41.79477746405532,5.5437220909682665,-47.33849955502359,-54.28751345743329,6.9490139024097175
dicit,task4,recording1,302,-37.77259951148342,-43.19623812947761,5.423638617994186,-43.19623812947761,5.423638617994186,False,-43.19623812947761,5.423638617994186,-37.77259951148342,-53.40338285032187,15.630783338838455
dicit,task4,recording1,549,19.86081256240433,20.129614911424973,0.2688023490206319,25.37571998089878,5.51490741849446,True,25.37571998089878,5.514907418494449,19.86081256240433,15.734285358001806,4.126527204402521
dicit,task4,recording1,933,15.8471321726711,13.239472538759246,2.607659633911851,13.239472538759246,2.607659633911851,False,13.239472538759246,2.6076596339118545,15.8471321726711,10.67249527609694,5.174636896574157
dicit,task4,recording1,2390,16.43249691855199,15.633383586470783,0.7991133320812196,15.633383586470783,0.7991133320812196,False,15.633383586470783,0.7991133320812072,16.43249691855199,12.062784643365934,4.36971227518606
dicit,task4,recording1,2557,-30.412575861545303,-27.09012723800781,3.322448623537497,-26.670121888888527,3.74245397265679,True,-26.670121888888527,3.742453972656776,-30.412575861545303,-22.98569792478364,7.426877936761656
dicit,task4,recording1,2855,31.18691908590207,28.132063198564285,3.0548558873377942,28.132063198564285,3.0548558873377942,False,28.132063198564285,3.0548558873377836,31.18691908590207,35.676848638281975,4.48992955237992
dicit,task4,recording1,3387,3.0849195342974816,-1.1866585422115912,4.2715780765090585,-1.1866585422115912,4.2715780765090585,False,-1.1866585422115912,4.271578076509073,3.0849195342974816,-3.885025525435364,6.969945059732851
dicit,task4,recording1,3794,25.16620750287072,19.56332264969716,5.602884853173549,19.56332264969716,5.602884853173549,False,19.56332264969716,5.60288485317356,25.16620750287072,22.40734180723785,2.7588656956328634
dicit,task4,recording1,5114,-15.858740576431565,0.4326863058250967,16.291426882256644,0.4326863058250967,16.291426882256644,False,0.4326863058250967,16.291426882256662,-15.858740576431565,-1.1146294267918806,14.74411114963968
dicit,task4,recording1,5163,-18.806815473794792,-2.4991074153279094,16.307708058466886,-2.4991074153279094,16.307708058466886,False,-2.4991074153279094,16.307708058466883,-18.806815473794792,-4.242114897760761,14.564700576034028
dicit,task4,recording1,5687,-44.85405455082676,-37.02070213195408,7.833352418872693,-37.02070213195408,7.833352418872693,False,-37.02070213195408,7.833352418872678,-44.85405455082676,-32.10996524545767,12.744089305369071
dicit,task4,recording1,6004,-47.51545405947756,-41.00084668533608,6.514607374141491,-41.00084668533608,6.514607374141491,False,-41.00084668533608,6.514607374141484,-47.51545405947756,-53.45189922921634,5.936445169738761
dicit,task4,recording1,6465,16.661226014073684,14.534131268589157,2.127094745484527,14.534131268589157,2.127094745484527,False,14.534131268589157,2.127094745484527,16.661226014073684,1.300670428240265,15.360555585833424
dicit,task4,recording1,6514,18.47597484389997,12.84282921537002,5.633145628529945,12.84282921537002,5.633145628529945,False,12.84282921537002,5.633145628529949,18.47597484389997,6.707674680167834,11.768300163732135
dicit,task4,recording1,6563,21.59146815507735,5.5805479175653705,16.010920237511982,13.433477279142014,8.157990875935326,True,13.433477279142014,8.157990875935337,21.59146815507735,2.663315863949184,18.92815229112816
dicit,task4,recording1,6612,26.615539023162437,1.4562629785558958,25.159276044606543,1.4562629785558958,25.159276044606543,False,1.4562629785558958,25.159276044606543,26.615539023162437,2.96717784596782,23.6483611771946
dicit,task4,recording1,7434,63.80647213329949,52.934501567491125,10.871970565808368,52.934501567491125,10.871970565808368,False,52.934501567491125,10.871970565808368,63.80647213329949,58.22093818735976,5.585533945939744
dicit,task4,recording1,8205,0.7077612974787176,-0.0468568374088079,0.7546181348875223,-0.0468568374088079,0.7546181348875223,False,-0.0468568374088079,0.7546181348875255,0.7077612974787176,0.4111686992729843,0.2965925982057342
dicit,task4,recording1,8525,9.790708363659364,3.642398393784634,6.148309969874731,3.642398393784634,6.148309969874731,False,3.642398393784634,6.148309969874731,9.790708363659364,3.140913269027624,6.649795094631742
dicit,task4,recording2,326,19.73653031068375,18.43882045414294,1.2977098565408198,18.43882045414294,1.2977098565408198,False,18.43882045414294,1.2977098565408092,19.73653031068375,18.525698230581067,1.2108320801026764
dicit,task4,recording2,735,-3.2903221236598306,3.038233955292465,6.328556078952289,8.053108156407614,11.343430280067452,True,8.053108156407614,11.343430280067444,-3.2903221236598306,0.4730609730221799,3.76338309668202
dicit,task4,recording2,1101,-32.130115008213174,-23.25013131955342,8.879983688659763,-23.25013131955342,8.879983688659763,False,-23.25013131955342,8.879983688659753,-32.130115008213174,-18.43142725924665,13.698687748966536
dicit,task4,recording2,1545,-62.446456204951765,-41.97973779907844,20.466718405873337,-41.97973779907844,20.466718405873337,False,-41.97973779907844,20.466718405873323,-62.446456204951765,-52.46122555578079,9.985230649170973
dicit,task4,recording2,1910,-38.84644690839664,-36.15307324400747,2.6933736643891564,-36.15307324400747,2.6933736643891564,False,-36.15307324400747,2.6933736643891706,-38.84644690839664,-28.061828530681392,10.784618377715248
dicit,task4,recording2,2384,-33.289130038048434,-34.73413311527335,1.445003077224925,-34.73413311527335,1.445003077224925,False,-34.73413311527335,1.4450030772249178,-33.289130038048434,-32.34577947682113,0.9433505612273052
dicit,task4,recording2,2749,-50.46601374080748,-38.001316097044416,12.46469764376306,-38.001316097044416,12.46469764376306,False,-38.001316097044416,12.464697643763067,-50.46601374080748,-56.71394826818239,6.247934527374895
dicit,task4,recording2,3030,-48.81026405282268,-38.17355861389706,10.636705438925617,-38.17355861389706,10.636705438925617,False,-38.17355861389706,10.636705438925624,-48.81026405282268,-56.45032465017832,7.640060597355642
dicit,task4,recording2,3395,9.50532054245272,3.2154367958310344,6.289883746621683,-4.491251122371927,13.996571664824645,True,-4.491251122371927,13.996571664824646,9.50532054245272,2.999227805829827,6.50609273662289
dicit,task4,recording2,3856,29.457311001058955,29.68468778914802,0.2273767880890602,28.278774526118056,1.1785364749408984,True,28.278774526118056,1.1785364749408984,29.457311001058955,34.2329406776525,4.775629676593553
dicit,task4,recording2,4235,5.195236901999126,6.5835295456707446,1.3882926436716048,6.5835295456707446,1.3882926436716048,False,6.5835295456707446,1.388292643671619,5.195236901999126,5.892552141385707,0.6973152393865689
dicit,task4,recording2,4626,18.97981102341571,16.173020953701627,2.806790069714083,18.875279191494183,0.1045318319215198,True,18.875279191494183,0.10453183192152693,18.97981102341571,17.667994766010512,1.311816257405212
dicit,task4,recording2,5114,-28.329302746264936,-14.750981379421232,13.57832136684371,-21.15711039178388,7.172192354481069,True,-21.15711039178388,7.172192354481055,-28.329302746264936,-12.843004784872113,15.486297961392836
dicit,task4,recording2,5497,-33.268509180746086,-15.46428885047591,17.80422033027017,-15.46428885047591,17.80422033027017,False,-15.46428885047591,17.804220330270176,-33.268509180746086,-27.623476123041343,5.645033057704751
dicit,task4,recording2,5862,-34.148835572390674,-27.48991502138009,6.658920551010567,-32.89813939140047,1.2506961809901895,True,-32.89813939140047,1.2506961809902037,-34.148835572390674,-21.10130613507308,13.047529437317593
dicit,task4,recording2,6255,1.2382972706561928,-2.294203908637129,3.53250117929332,-2.294203908637129,3.53250117929332,False,-2.294203908637129,3.532501179293322,1.2382972706561928,-1.8822491499723768,3.120546420628557
dicit,task4,recording2,6619,4.569602103949561,1.6009091975214982,2.9686929064280605,1.6009091975214982,2.9686929064280605,False,1.6009091975214982,2.9686929064280623,4.569602103949561,1.759913682523825,2.809688421425733
dicit,task4,recording2,7009,54.89277976157099,47.76091201170436,7.131867749866643,48.44081133156425,6.45196843000673,True,48.44081133156425,6.451968430006744,54.89277976157099,45.89946718387468,8.993312577696315
dicit,task4,recording2,7466,44.12387371200559,41.17025295384301,2.953620758162572,41.17025295384301,2.953620758162572,False,41.17025295384301,2.953620758162579,44.12387371200559,52.3414677284404,8.217594016434816
dicit,task4,recording2,7832,0.7982488299724168,2.735004347880522,1.9367555179080969,2.735004347880522,1.9367555179080969,False,2.735004347880522,1.9367555179081055,0.7982488299724168,1.1174860119141163,0.3192371819417019
dicit,task4,recording3,240,1.652556336164354,0.0717369486926625,1.5808193874716778,0.0717369486926625,1.5808193874716778,False,0.0717369486926625,1.5808193874716916,1.652556336164354,0.0599685773985187,1.5925877587658306
dicit,task4,recording3,1085,-1.43094259885781,0.6940924805436292,2.1250350794014423,0.6940924805436292,2.1250350794014423,False,0.6940924805436292,2.125035079401439,-1.43094259885781,-0.1037070265303568,1.327235572327453
dicit,task4,recording3,1286,-36.31513719579913,-32.128307826522665,4.186829369276467,-32.128307826522665,4.186829369276467,False,-32.128307826522665,4.186829369276467,-36.31513719579913,-49.86696041734345,13.55182322154431
dicit,task4,recording3,1963,46.88699559621824,40.42394033740242,6.463055258815814,40.31500161847272,6.571993977745535,True,40.31500161847272,6.571993977745521,46.88699559621824,55.50551553878705,8.61851994256881
dicit,task4,recording3,2619,-39.32987015127405,-34.79821097830607,4.531659172967977,-34.79821097830607,4.531659172967977,False,-34.79821097830607,4.531659172967984,-39.32987015127405,-24.34729814223178,14.982572009042258
dicit,task4,recording3,2886,-54.75914971225483,-45.20033687263634,9.558812839618495,-45.20033687263634,9.558812839618495,False,-45.20033687263634,9.55881283961849,-54.75914971225483,-50.71534310497188,4.04380660728296
dicit,task4,recording3,3566,-18.612716893706157,-7.2371021441265775,11.375614749579569,-7.2371021441265775,11.375614749579569,False,-7.2371021441265775,11.37561474957958,-18.612716893706157,-7.146615187531383,11.466101706174785
dicit,task4,recording3,4312,9.994974982085742,6.351515056379876,3.643459925705855,-0.3684826348879519,10.363457616973704,True,-0.3684826348879519,10.363457616973694,9.994974982085742,6.179680157783375,3.815294824302356
dicit,task4,recording3,4663,5.5372353192175,5.817434044878017,0.2801987256605116,5.817434044878017,0.2801987256605116,False,5.817434044878017,0.28019872566051696,5.5372353192175,0.8990108457034129,4.6382244735141
dicit,task4,recording3,4814,-41.21482287654715,-31.94009808061982,9.27472479592734,-29.844417124078674,11.370405752468486,True,-29.844417124078674,11.370405752468479,-41.21482287654715,-38.930359853878805,2.284463022668348
dicit,task4,recording3,5330,1.8759506715454763,-0.6099472179422184,2.4858978894876884,-0.6099472179422184,2.4858978894876884,False,-0.6099472179422184,2.4858978894876946,1.8759506715454763,-0.3642190949421356,2.240169766487611
dicit,task4,recording3,5544,-42.06749245911241,-32.96175783943596,9.10573461967644,-39.98087485889749,2.086617600214936,True,-39.98087485889749,2.0866176002149217,-42.06749245911241,-40.55625289499975,1.5112395641126568
dicit,task4,recording3,5611,-42.11422656389105,-33.153435139296306,8.960791424594731,-35.018916845306045,7.095309718585014,True,-35.018916845306045,7.095309718585007,-42.11422656389105,-40.77670650608877,1.337520057802294
dicit,task4,recording3,5762,26.95505353798264,24.261642504448886,2.6934110335337493,24.261642504448886,2.6934110335337493,False,24.261642504448886,2.693411033533753,26.95505353798264,20.15416651559081,6.800887022391834
dicit,task4,recording3,5938,-18.43860287664561,-18.53144546361708,0.0928425869714715,-18.53144546361708,0.0928425869714715,False,-18.53144546361708,0.09284258697146797,-18.43860287664561,-24.659934761210124,6.221331884564506
dicit,task4,recording3,6319,44.88079217999501,37.1052016442797,7.77559053571531,37.1052016442797,7.77559053571531,False,37.1052016442797,7.77559053571531,44.88079217999501,41.31341523168072,3.5673769483142905
dicit,task4,recording3,6386,44.28461871650484,29.334762690555905,14.949856025948918,32.007496438257135,12.277122278247704,True,32.007496438257135,12.277122278247703,44.28461871650484,60.35831551323804,16.073696796733202
dicit,task4,recording3,6782,42.479338640526336,17.44550164401508,25.03383699651124,17.44550164401508,25.03383699651124,False,17.44550164401508,25.033836996511255,42.479338640526336,66.47550018381177,23.99616154328544
dicit,task4,recording3,6848,42.63538332070129,56.52184934616642,13.886466025465126,56.48718200610582,13.851798685404532,True,56.48718200610582,13.851798685404532,42.63538332070129,66.97294124082342,24.337557920122123
dicit,task4,recording3,7314,-25.938300051041047,-22.71743354814296,3.2208665028981045,-22.71743354814296,3.2208665028981045,False,-22.71743354814296,3.2208665028980867,-25.938300051041047,-19.96030130182869,5.977998749212361
dicit,task4,recording4,377,-31.565701016955597,-28.67468114171411,2.891019875241483,-28.67468114171411,2.891019875241483,False,-28.67468114171411,2.8910198752414864,-31.565701016955597,-22.741023547646645,8.824677469308938
dicit,task4,recording4,783,-37.54066969158138,-29.95328684013625,7.587382851445113,-29.95328684013625,7.587382851445113,False,-29.95328684013625,7.587382851445128,-37.54066969158138,-0.0192236461681517,37.52144604541323
dicit,task4,recording4,845,-40.34081098279542,-35.02668617607521,5.314124806720201,-35.02668617607521,5.314124806720201,False,-35.02668617607521,5.3141248067202085,-40.34081098279542,-28.01747421604419,12.323336766751224
dicit,task4,recording4,1180,-46.81633717745554,-42.29614369046274,4.5201934869928095,-42.29614369046274,4.5201934869928095,False,-42.29614369046274,4.520193486992795,-46.81633717745554,-50.11050485518004,3.294167677724488
dicit,task4,recording4,1804,-7.645501438764907,-12.969691235088948,5.324189796324049,-3.355708660845532,4.289792777919388,True,-3.355708660845532,4.289792777919375,-7.645501438764907,-7.897912057032948,0.2524106182680441
dicit,task4,recording4,1866,-2.1823674534855124,-6.061138127812062,3.878770674326546,-6.061138127812062,3.878770674326546,False,-6.061138127812062,3.8787706743265495,-2.1823674534855124,-0.2152989011478281,1.967068552337679
dicit,task4,recording4,2264,27.862703418971236,19.165599134756587,8.697104284214646,19.165599134756587,8.697104284214646,False,19.165599134756587,8.69710428421465,27.862703418971236,21.16375385092913,6.69894956804211
dicit,task4,recording4,2780,57.81824522955524,47.40930486329098,10.40894036626426,47.40930486329098,10.40894036626426,False,47.40930486329098,10.408940366264261,57.81824522955524,54.87955894594101,2.938686283614232
dicit,task4,recording4,3178,34.89674724828235,33.03904817120915,1.8576990770731925,33.03904817120915,1.8576990770731925,False,33.03904817120915,1.8576990770731996,34.89674724828235,41.124012878425376,6.227265630143023
dicit,task4,recording4,3742,-12.49354036356959,-11.385238438970095,1.1083019245994876,-11.385238438970095,1.1083019245994876,False,-11.385238438970095,1.1083019245994947,-12.49354036356959,-1.7191974715218328,10.77434289204777
dicit,task4,recording4,4165,-29.838413705254776,-19.84099596337761,9.997417741877172,-24.921300935019044,4.917112770235747,True,-24.921300935019044,4.9171127702357325,-29.838413705254776,-17.2948547009787,12.543559004276062
dicit,task4,recording4,4326,24.89735973070181,22.67754824631041,2.219811484391414,22.67754824631041,2.219811484391414,False,22.67754824631041,2.2198114843914034,24.89735973070181,16.69737185922037,8.199987871481426
dicit,task4,recording4,4745,22.55686817167724,16.17183640181184,6.385031769865407,20.484793033457837,2.072075138219418,True,20.484793033457837,2.072075138219404,22.55686817167724,9.89992695646514,12.6569412152121
dicit,task4,recording4,4891,-57.86021518730592,-42.331023071161184,15.529192116144742,-42.331023071161184,15.529192116144742,False,-42.331023071161184,15.529192116144735,-57.86021518730592,-42.200283731080006,15.659931456225904
dicit,task4,recording4,5210,-56.417752190453655,-36.68390168021754,19.733850510236124,-36.68390168021754,19.733850510236124,False,-36.68390168021754,19.733850510236117,-56.417752190453655,-6.389185568674455,50.02856662177919
dicit,task4,recording4,5272,-55.211236007410086,-40.16414005867188,15.047095948738216,-40.16414005867188,15.047095948738216,False,-40.16414005867188,15.047095948738203,-55.211236007410086,-50.380362766814606,4.83087324059548
dicit,task4,recording4,5426,17.93686983243487,16.77880761096856,1.1580622214663094,16.77880761096856,1.1580622214663094,False,16.77880761096856,1.1580622214663094,17.93686983243487,8.692561993129882,9.24430783930498
dicit,task4,recording4,6028,20.526615463944037,17.450120313893166,3.0764951500508744,17.450120313893166,3.0764951500508744,False,17.450120313893166,3.076495150050871,20.526615463944037,10.819910422987054,9.70670504095699
dicit,task4,recording4,6977,59.699072655188296,41.54685609695024,18.15221655823805,44.86303865319685,14.836034001991436,True,44.86303865319685,14.836034001991443,59.699072655188296,60.32431779743946,0.625245142251174
dicit,task4,recording4,7300,51.64112505181612,38.65625785946045,12.984867192355663,38.65625785946045,12.984867192355663,False,38.65625785946045,12.984867192355665,51.64112505181612,56.165485864398505,4.524360812582387
dicit,task4,recording5,307,-47.58952887717548,-43.23081489533504,4.358713981840424,-43.23081489533504,4.358713981840424,False,-43.23081489533504,4.358713981840445,-47.58952887717548,-52.799624430510455,5.21009555333498
dicit,task4,recording5,351,-46.52627908912553,-42.90667989464985,3.6195991944756822,-42.90667989464985,3.6195991944756822,False,-42.90667989464985,3.6195991944756827,-46.52627908912553,-52.435111218296335,5.908832129170804
dicit,task4,recording5,395,-44.77426376847228,-42.471665228859656,2.302598539612632,-42.471665228859656,2.302598539612632,False,-42.471665228859656,2.3025985396126245,-44.77426376847228,-51.93147598501959,7.157212216547293
dicit,task4,recording5,439,-41.78721479744509,-41.00734954585411,0.7798652515909907,-41.00734954585411,0.7798652515909907,False,-41.00734954585411,0.7798652515909765,-41.78721479744509,-51.0159790583328,9.228764260887717
dicit,task4,recording5,483,-39.779570403542806,-35.86095016061634,3.9186202429264654,-35.86095016061634,3.9186202429264654,False,-35.86095016061634,3.9186202429264654,-39.779570403542806,-48.98938493921654,9.209814535673727
dicit,task4,recording5,1051,26.06540400732445,19.097656461774672,6.96774754554977,19.097656461774672,6.96774754554977,False,19.097656461774672,6.967747545549777,26.06540400732445,18.992802646062177,7.0726013612622864
dicit,task4,recording5,1095,31.69646208848569,24.2323205380626,7.464141550423079,24.2323205380626,7.464141550423079,False,24.2323205380626,7.46414155042309,31.69646208848569,27.20239267147925,4.494069417006443
dicit,task4,recording5,2247,-34.63715974117733,-27.8250932862321,6.812066454945239,-27.8250932862321,6.812066454945239,False,-27.8250932862321,6.812066454945228,-34.63715974117733,-27.306904316992718,7.3302554241846
dicit,task4,recording5,2471,10.938290783696434,8.601430122804887,2.3368606608915456,7.532717050197486,3.4055737334989544,True,7.532717050197486,3.405573733498948,10.938290783696434,0.7561682389768655,10.182122544719562
dicit,task4,recording5,4007,-15.106957227806388,-0.2496124352784901,14.857344792527895,-0.2496124352784901,14.857344792527895,False,-0.2496124352784901,14.857344792527899,-15.106957227806388,-0.419363700872807,14.687593526933568
dicit,task4,recording5,4313,45.95549887286612,40.987375751435685,4.9681231214304375,40.987375751435685,4.9681231214304375,False,40.987375751435685,4.9681231214304375,45.95549887286612,49.70458315276505,3.7490842798989377
dicit,task4,recording5,4357,46.48175212062949,41.07653431237354,5.405217808255941,41.07653431237354,5.405217808255941,False,41.07653431237354,5.405217808255948,46.48175212062949,50.55606054272669,4.074308422097204
dicit,task4,recording5,4979,-4.443130167273194,-2.357705791511476,2.085424375761733,-2.357705791511476,2.085424375761733,False,-2.357705791511476,2.0854243757617184,-4.443130167273194,0.2222877787821022,4.6654179460553
dicit,task4,recording5,5107,-21.64615063277144,-13.8068309511091,7.839319681662346,-24.88390431971594,3.237753686944501,True,-24.88390431971594,3.2377536869444974,-21.64615063277144,-11.688206090825377,9.957944541946064
dicit,task4,recording5,5151,-18.315043030623347,-15.219276574007216,3.0957664566161327,-21.05416060751852,2.7391175768951825,True,-21.05416060751852,2.739117576895172,-18.315043030623347,-8.865676318914954,9.449366711708391
dicit,task4,recording5,5661,-34.638512444935145,-27.49439817159857,7.144114273336584,-27.49439817159857,7.144114273336584,False,-27.49439817159857,7.144114273336577,-34.638512444935145,-0.1284080756501334,34.51010436928502
dicit,task4,recording5,6210,32.91591224403118,28.202549689282478,4.713362554748699,31.046958312552608,1.868953931478586,True,31.046958312552608,1.8689539314785755,32.91591224403118,24.79739858178061,8.118513662250564
dicit,task4,recording5,6717,24.363359184830493,22.70829620981933,1.6550629750111625,22.70829620981933,1.6550629750111625,False,22.70829620981933,1.6550629750111625,24.363359184830493,14.760845853600925,9.602513331229574
dicit,task4,recording5,7095,55.40923082134817,44.77325298920604,10.635977832142116,44.77325298920604,10.635977832142116,False,44.77325298920604,10.635977832142125,55.40923082134817,57.00569901310725,1.5964681917590724
dicit,task4,recording5,7139,57.23812330883546,49.55730673205708,7.680816576778398,49.55730673205708,7.680816576778398,False,49.55730673205708,7.680816576778383,57.23812330883546,48.35460213969505,8.883521169140408
eigenmike,task1,recording1,294,6.110972938478383,11.169062715929847,5.058089777451471,11.169062715929847,5.058089777451471,False,11.169062715929847,5.058089777451464,6.110972938478383,11.64693581126535,5.535962872786968
eigenmike,task1,recording1,307,6.110972938478383,11.198402673948614,5.087429735470238,11.198402673948614,5.087429735470238,False,11.198402673948614,5.087429735470231,6.110972938478383,11.804126968425791,5.693154029947408
eigenmike,task1,recording1,321,6.110972938478383,11.084585005308414,4.973612066830043,11.084585005308414,4.973612066830043,False,11.084585005308414,4.9736120668300305,6.110972938478383,11.695729352629549,5.5847564141511725
eigenmike,task1,recording1,334,6.110972938478383,10.957707325106895,4.846734386628526,10.957707325106895,4.846734386628526,False,10.957707325106895,4.846734386628512,6.110972938478383,11.603343517430078,5.492370578951693
eigenmike,task1,recording1,347,6.110972938478383,11.268974683108766,5.158001744630383,11.268974683108766,5.158001744630383,False,11.268974683108766,5.158001744630383,6.110972938478383,11.91178284566705,5.800809907188665
eigenmike,task1,recording1,360,6.110972938478383,11.213655798948324,5.10268286046994,11.213655798948324,5.10268286046994,False,11.213655798948324,5.10268286046994,6.110972938478383,11.794944169468303,5.6839712309899255
eigenmike,task1,recording1,374,6.110972938478383,11.202840532035127,5.091867593556742,11.202840532035127,5.091867593556742,False,11.202840532035127,5.091867593556744,6.110972938478383,11.866488327983337,5.75551538950495
eigenmike,task1,recording1,387,6.110972938478383,11.233063984921095,5.122091046442705,11.233063984921095,5.122091046442705,False,11.233063984921095,5.122091046442712,6.110972938478383,11.829370588675788,5.718397650197403
eigenmike,task1,recording1,400,6.110972938478383,11.366467058061763,5.255494119583375,11.366467058061763,5.255494119583375,False,11.366467058061763,5.25549411958338,6.110972938478383,12.1043763997185,5.993403461240121
eigenmike,task1,recording1,413,6.110972938478383,11.006456351514553,4.895483413036175,11.006456351514553,4.895483413036175,False,11.006456351514553,4.895483413036169,6.110972938478383,11.674787038400916,5.563814099922524
eigenmike,task1,recording1,555,6.110972938478383,11.173056978402368,5.062084039923974,11.173056978402368,5.062084039923974,False,11.173056978402368,5.062084039923985,6.110972938478383,11.79683532417046,5.685862385692076
eigenmike,task1,recording1,568,6.110972938478383,10.878906501348157,4.767933562869786,10.878906501348157,4.767933562869786,False,10.878906501348157,4.767933562869773,6.110972938478383,11.639403552911824,5.528430614433432
eigenmike,task1,recording1,581,6.110972938478383,10.922311663196531,4.811338724718155,10.922311663196531,4.811338724718155,False,10.922311663196531,4.811338724718148,6.110972938478383,11.5415256762939,5.430552737815503
eigenmike,task1,recording1,594,6.110972938478383,10.940811116020118,4.829838177541745,10.940811116020118,4.829838177541745,False,10.940811116020118,4.829838177541735,6.110972938478383,11.586377155977292,5.47540421749892
eigenmike,task1,recording1,608,6.110972938478383,11.289406361086025,5.17843342260764,11.289406361086025,5.17843342260764,False,11.289406361086025,5.178433422607641,6.110972938478383,11.976887556108572,5.865914617630182
eigenmike,task1,recording1,621,6.110972938478383,11.154348297271952,5.043375358793583,11.154348297271952,5.043375358793583,False,11.154348297271952,5.043375358793568,6.110972938478383,11.7876787312679,5.676705792789505
eigenmike,task1,recording1,634,6.110972938478383,11.173819701196129,5.062846762717754,11.173819701196129,5.062846762717754,False,11.173819701196129,5.062846762717745,6.110972938478383,11.831410104165403,5.720437165687031
eigenmike,task1,recording1,647,6.110972938478383,11.29405242185049,5.183079483372097,11.29405242185049,5.183079483372097,False,11.29405242185049,5.183079483372106,6.110972938478383,12.07782272793231,5.966849789453931
eigenmike,task1,recording1,661,6.110972938478383,11.373026468613965,5.262053530135574,11.373026468613965,5.262053530135574,False,11.373026468613965,5.2620535301355815,6.110972938478383,12.051946377727914,5.940973439249518
eigenmike,task1,recording1,674,6.110972938478383,11.430296413505625,5.3193234750272325,11.430296413505625,5.3193234750272325,False,11.430296413505625,5.319323475027241,6.110972938478383,12.135098061597612,6.024125123119234
eigenmike,task1,recording10,91,-31.29407446523316,-20.17788860925501,11.11618585597816,-20.17788860925501,11.11618585597816,False,-20.17788860925501,11.116185855978149,-31.29407446523316,-20.816211953723865,10.4778625115093
eigenmike,task1,recording10,119,-31.29407446523316,-20.29326885571484,11.000805609518324,-20.29326885571484,11.000805609518324,False,-20.29326885571484,11.00080560951832,-31.29407446523316,-20.91952323633221,10.37455122890094
eigenmike,task1,recording10,146,-31.29407446523316,-20.1257434559892,11.168331009243955,-20.1257434559892,11.168331009243955,False,-20.1257434559892,11.16833100924396,-31.29407446523316,-20.71470946425419,10.57936500097898
eigenmike,task1,recording10,174,-31.29407446523316,-20.080632039207668,11.213442426025496,-20.080632039207668,11.213442426025496,False,-20.080632039207668,11.213442426025491,-31.29407446523316,-20.66429748645754,10.629776978775624
eigenmike,task1,recording10,202,-31.29407446523316,-19.868751432419995,11.425323032813168,-19.868751432419995,11.425323032813168,False,-19.868751432419995,11.425323032813164,-31.29407446523316,-20.50226372510297,10.791810740130188
eigenmike,task1,recording10,229,-31.29407446523316,-20.23135193825696,11.062722526976188,-20.23135193825696,11.062722526976188,False,-20.23135193825696,11.062722526976199,-31.29407446523316,-20.81215596714881,10.481918498084354
eigenmike,task1,recording10,257,-31.29407446523316,-20.593654830903738,10.70041963432942,-20.593654830903738,10.70041963432942,False,-20.593654830903738,10.700419634329421,-31.29407446523316,-21.208994580337023,10.085079884896146
eigenmike,task1,recording10,328,-31.29407446523316,-20.1363420427892,11.157732422443956,-20.1363420427892,11.157732422443956,False,-20.1363420427892,11.15773242244396,-31.29407446523316,-20.721806501792727,10.572267963440424
eigenmike,task1,recording10,356,-31.29407446523316,-20.00395844575598,11.290116019477182,-20.00395844575598,11.290116019477182,False,-20.00395844575598,11.290116019477178,-31.29407446523316,-20.65556879013305,10.638505675100106
eigenmike,task1,recording10,384,-31.29407446523316,-20.153239531466784,11.14083493376637,-20.153239531466784,11.14083493376637,False,-20.153239531466784,11.140834933766374,-31.29407446523316,-20.738589457248043,10.555485007985112
eigenmike,task1,recording10,411,-31.29407446523316,-20.033663996510263,11.26041046872291,-20.033663996510263,11.26041046872291,False,-20.033663996510263,11.260410468722895,-31.29407446523316,-20.61664846977091,10.677425995462244
eigenmike,task1,recording10,439,-31.29407446523316,-19.898635744279584,11.395438720953564,-19.898635744279584,11.395438720953564,False,-19.898635744279584,11.395438720953575,-31.29407446523316,-20.615703868220635,10.678370597012533
eigenmike,task1,recording10,467,-31.29407446523316,-20.02810040143341,11.265974063799746,-20.02810040143341,11.265974063799746,False,-20.02810040143341,11.26597406379975,-31.29407446523316,-20.60968732878493,10.684387136448237
eigenmike,task1,recording10,494,-31.29407446523316,-20.04327029296056,11.250804172272607,-20.04327029296056,11.250804172272607,False,-20.04327029296056,11.250804172272598,-31.29407446523316,-20.642690784538704,10.651383680694464
eigenmike,task1,recording10,522,-31.29407446523316,-20.256914497210943,11.037159968022223,-20.256914497210943,11.037159968022223,False,-20.256914497210943,11.037159968022216,-31.29407446523316,-20.80147760204006,10.492596863193114
eigenmike,task1,recording10,549,-31.29407446523316,-20.115538020339272,11.178536444893894,-20.115538020339272,11.178536444893894,False,-20.115538020339272,11.178536444893886,-31.29407446523316,-20.7407465281146,10.553327937118553
eigenmike,task1,recording10,577,-31.29407446523316,-20.139278634651507,11.154795830581662,-20.139278634651507,11.154795830581662,False,-20.139278634651507,11.154795830581651,-31.29407446523316,-20.736581865572624,10.557492599660549
eigenmike,task1,recording10,605,-31.29407446523316,-20.02137388198149,11.272700583251662,-20.02137388198149,11.272700583251662,False,-20.02137388198149,11.27270058325167,-31.29407446523316,-20.61472492024071,10.679349544992448
eigenmike,task1,recording10,632,-31.29407446523316,-20.09398707778092,11.200087387452244,-20.09398707778092,11.200087387452244,False,-20.09398707778092,11.200087387452239,-31.29407446523316,-20.719705615521743,10.57436884971142
eigenmike,task1,recording10,660,-31.29407446523316,-20.148084201923567,11.145990263309583,-20.148084201923567,11.145990263309583,False,-20.148084201923567,11.145990263309592,-31.29407446523316,-20.74868430742503,10.545390157808129
eigenmike,task1,recording11,108,42.75766281235939,48.96274802963505,6.205085217275666,48.96274802963505,6.205085217275666,False,48.96274802963505,6.205085217275659,42.75766281235939,48.53647209295112,5.77880928059173
eigenmike,task1,recording11,129,42.75766281235939,46.831421564687176,4.073758752327791,46.831421564687176,4.073758752327791,False,46.831421564687176,4.073758752327784,42.75766281235939,47.30360410508064,4.545941292721238
eigenmike,task1,recording11,150,42.75766281235939,46.91630155711634,4.158638744756956,46.91630155711634,4.158638744756956,False,46.91630155711634,4.158638744756949,42.75766281235939,47.52214130896936,4.764478496609968
eigenmike,task1,recording11,171,42.75766281235939,46.52678054093231,3.7691177285729225,46.52678054093231,3.7691177285729225,False,46.52678054093231,3.7691177285729154,42.75766281235939,47.14151550328822,4.383852690928819
eigenmike,task1,recording11,193,42.75766281235939,46.59652690397815,3.8388640916187455,46.59652690397815,3.8388640916187455,False,46.59652690397815,3.8388640916187597,42.75766281235939,47.2077817477062,4.450118935346808
eigenmike,task1,recording11,214,42.75766281235939,46.65473561339482,3.8970728010354208,46.65473561339482,3.8970728010354208,False,46.65473561339482,3.897072801035428,42.75766281235939,47.32000729979443,4.562344487435041
eigenmike,task1,recording11,235,42.75766281235939,47.0978107975405,4.340147985181119,47.0978107975405,4.340147985181119,False,47.0978107975405,4.340147985181105,42.75766281235939,47.85493695501543,5.097274142656033
eigenmike,task1,recording11,256,42.75766281235939,46.8994198226218,4.14175701026241,46.8994198226218,4.14175701026241,False,46.8994198226218,4.14175701026241,42.75766281235939,47.63774743417714,4.880084621817758
eigenmike,task1,recording11,277,42.75766281235939,46.80419420050456,4.046531388145183,46.80419420050456,4.046531388145183,False,46.80419420050456,4.046531388145169,42.75766281235939,47.538442010981264,4.780779198621872
eigenmike,task1,recording11,487,42.75766281235939,47.37721823261872,4.619555420259331,47.37721823261872,4.619555420259331,False,47.37721823261872,4.619555420259331,42.75766281235939,47.83351321873146,5.075850406372069
eigenmike,task1,recording11,509,42.75766281235939,46.8059611231114,4.048298310752017,46.8059611231114,4.048298310752017,False,46.8059611231114,4.04829831075201,42.75766281235939,47.47838557169951,4.720722759340106
eigenmike,task1,recording11,530,42.75766281235939,46.62711043394452,3.869447621585124,46.62711043394452,3.869447621585124,False,46.62711043394452,3.869447621585131,42.75766281235939,47.35437911161698,4.596716299257594
eigenmike,task1,recording11,551,42.75766281235939,46.54544122155348,3.7877784091940896,46.54544122155348,3.7877784091940896,False,46.54544122155348,3.7877784091940896,42.75766281235939,47.19446448893544,4.436801676576039
eigenmike,task1,recording11,572,42.75766281235939,46.51116963160026,3.7535068192408687,46.51116963160026,3.7535068192408687,False,46.51116963160026,3.7535068192408687,42.75766281235939,47.20120339491784,4.443540582558455
eigenmike,task1,recording11,593,42.75766281235939,46.58374398872579,3.826081176366415,46.58374398872579,3.826081176366415,False,46.58374398872579,3.826081176366401,42.75766281235939,47.355649210163925,4.597986397804533
eigenmike,task1,recording11,614,42.75766281235939,46.60348708572032,3.845824273360933,46.60348708572032,3.845824273360933,False,46.60348708572032,3.8458242733609254,42.75766281235939,47.310848394345534,4.553185581986156
eigenmike,task1,recording11,636,42.75766281235939,46.67676903916118,3.919106226801773,46.67676903916118,3.919106226801773,False,46.67676903916118,3.9191062268017873,42.75766281235939,47.59172167894943,4.834058866590027
eigenmike,task1,recording11,657,42.75766281235939,47.9917990065311,5.234136194171697,47.9917990065311,5.234136194171697,False,47.9917990065311,5.234136194171711,42.75766281235939,48.12589450500276,5.368231692643349
eigenmike,task1,recording11,678,42.75766281235939,47.16919874740477,4.411535935045379,47.16919874740477,4.411535935045379,False,47.16919874740477,4.411535935045379,42.75766281235939,47.83155930068816,5.0738964883287565
eigenmike,task1,recording11,699,42.75766281235939,46.82268805059952,4.065025238240139,46.82268805059952,4.065025238240139,False,46.82268805059952,4.065025238240125,42.75766281235939,47.5564549971919,4.798792184832507
eigenmike,task1,recording12,182,-71.69123524204545,-64.86289470568164,6.828340536363811,-64.86289470568164,6.828340536363811,False,-64.86289470568164,6.828340536363811,-71.69123524204545,-62.90571916101088,8.785516081034586
eigenmike,task1,recording12,208,-71.69123524204545,-59.882910439185615,11.808324802859827,-59.882910439185615,11.808324802859827,False,-59.882910439185615,11.808324802859836,-71.69123524204545,-59.83855332709911,11.852681914946343
eigenmike,task1,recording12,235,-71.69123524204545,-59.79959753944741,11.891637702598048,-59.79959753944741,11.891637702598048,False,-59.79959753944741,11.89163770259804,-71.69123524204545,-59.74462134403824,11.946613898007229
eigenmike,task1,recording12,261,-71.69123524204545,-59.70302616621283,11.988209075832629,-59.70302616621283,11.988209075832629,False,-59.70302616621283,11.988209075832621,-71.69123524204545,-59.72521377058765,11.966021471457791
eigenmike,task1,recording12,288,-71.69123524204545,-62.007930314290725,9.683304927754731,-62.007930314290725,9.683304927754731,False,-62.007930314290725,9.683304927754726,-71.69123524204545,-62.021935549205175,9.66929969284027
eigenmike,task1,recording12,314,-71.69123524204545,-60.6565779951908,11.034657246854636,-60.6565779951908,11.034657246854636,False,-60.6565779951908,11.03465724685465,-71.69123524204545,-60.22192236561707,11.469312876428376
eigenmike,task1,recording12,341,-71.69123524204545,-59.82164484816513,11.869590393880316,-59.82164484816513,11.869590393880316,False,-59.82164484816513,11.869590393880323,-71.69123524204545,-59.7988774878008,11.892357754244642
eigenmike,task1,recording12,367,-71.69123524204545,-63.21284420858173,8.478391033463708,-63.21284420858173,8.478391033463708,False,-63.21284420858173,8.478391033463723,-71.69123524204545,-62.80736667391909,8.88386856812636
eigenmike,task1,recording12,393,-71.69123524204545,-61.800842699161485,9.890392542883973,-61.800842699161485,9.890392542883973,False,-61.800842699161485,9.890392542883966,-71.69123524204545,-61.39107114867933,10.300164093366106
eigenmike,task1,recording12,420,-71.69123524204545,-59.59686948231327,12.09436575973217,-59.59686948231327,12.09436575973217,False,-59.59686948231327,12.094365759732185,-71.69123524204545,-59.66008662600899,12.03114861603646
eigenmike,task1,recording12,446,-71.69123524204545,-59.15922187085879,12.53201337118668,-59.15922187085879,12.53201337118668,False,-59.15922187085879,12.532013371186665,-71.69123524204545,-59.39963647463177,12.291598767413689
eigenmike,task1,recording12,473,-71.69123524204545,-59.24024991437482,12.450985327670622,-59.24024991437482,12.450985327670622,False,-59.24024991437482,12.45098532767063,-71.69123524204545,-59.513714181899495,12.17752106014595
eigenmike,task1,recording12,577,-71.69123524204545,-64.17465357071463,7.516581671330812,-64.17465357071463,7.516581671330812,False,-64.17465357071463,7.516581671330826,-71.69123524204545,-63.16595701339027,8.525278228655168
eigenmike,task1,recording12,603,-71.69123524204545,-60.20046862279862,11.49076661924684,-60.20046862279862,11.49076661924684,False,-60.20046862279862,11.490766619246834,-71.69123524204545,-59.93253441590599,11.75870082613946
eigenmike,task1,recording12,630,-71.69123524204545,-59.35545257274463,12.33578266930084,-59.35545257274463,12.33578266930084,False,-59.35545257274463,12.33578266930082,-71.69123524204545,-59.43363036027832,12.257604881767122
eigenmike,task1,recording12,656,-71.69123524204545,-59.31525117545569,12.375984066589751,-59.31525117545569,12.375984066589751,False,-59.31525117545569,12.375984066589758,-71.69123524204545,-59.5417938755245,12.14944136652096
eigenmike,task1,recording12,683,-71.69123524204545,-59.0410092298764,12.650226012169044,-59.0410092298764,12.650226012169044,False,-59.0410092298764,12.65022601216905,-71.69123524204545,-58.85580765328503,12.83542758876041
eigenmike,task1,recording12,709,-71.69123524204545,-59.80656331976342,11.884671922282024,-59.80656331976342,11.884671922282024,False,-59.80656331976342,11.884671922282031,-71.69123524204545,-59.733339207691074,11.957896034354375
eigenmike,task1,recording12,736,-71.69123524204545,-59.4532359440287,12.237999298016746,-59.4532359440287,12.237999298016746,False,-59.4532359440287,12.237999298016753,-71.69123524204545,-59.59466412430618,12.096571117739272
eigenmike,task1,recording12,762,-71.69123524204545,-59.12637228251884,12.564862959526607,-59.12637228251884,12.564862959526607,False,-59.12637228251884,12.564862959526614,-71.69123524204545,-59.344091602663546,12.347143639381898
eigenmike,task1,recording13,164,20.187831963877933,24.102456115627707,3.914624151749763,24.102456115627707,3.914624151749763,False,24.102456115627707,3.9146241517497735,20.187831963877933,24.6357112139511,4.447879250073157
eigenmike,task1,recording13,190,20.187831963877933,23.8266721213668,3.6388401574888576,23.8266721213668,3.6388401574888576,False,23.8266721213668,3.6388401574888682,20.187831963877933,24.789034265761053,4.60120230188312
eigenmike,task1,recording13,216,20.187831963877933,23.86850505727361,3.680673093395683,23.86850505727361,3.680673093395683,False,23.86850505727361,3.6806730933956757,20.187831963877933,24.790620903640185,4.602788939762263
eigenmike,task1,recording13,242,20.187831963877933,23.99212411908958,3.804292155211641,23.99212411908958,3.804292155211641,False,23.99212411908958,3.804292155211648,20.187831963877933,24.94429114018049,4.756459176302542
eigenmike,task1,recording13,267,20.187831963877933,23.693942322917337,3.506110359039411,23.693942322917337,3.506110359039411,False,23.693942322917337,3.506110359039404,20.187831963877933,24.78635327028168,4.59852130640374
eigenmike,task1,recording13,293,20.187831963877933,23.94162193190071,3.753789968022773,23.94162193190071,3.753789968022773,False,23.94162193190071,3.753789968022776,20.187831963877933,24.8825180904634,4.694686126585452
eigenmike,task1,recording13,319,20.187831963877933,23.729988678329047,3.5421567144511243,23.729988678329047,3.5421567144511243,False,23.729988678329047,3.5421567144511137,20.187831963877933,24.61381321963029,4.425981255752362
eigenmike,task1,recording13,345,20.187831963877933,24.101015582852344,3.913183618974415,24.101015582852344,3.913183618974415,False,24.101015582852344,3.9131836189744114,20.187831963877933,25.03909022817785,4.851258264299929
eigenmike,task1,recording13,371,20.187831963877933,24.14113795705239,3.9533059931744674,24.14113795705239,3.9533059931744674,False,24.14113795705239,3.9533059931744567,20.187831963877933,25.005240151164763,4.817408187286844
eigenmike,task1,recording13,397,20.187831963877933,24.066342883042942,3.878510919165024,24.066342883042942,3.878510919165024,False,24.066342883042942,3.8785109191650093,20.187831963877933,24.883345247992956,4.695513284115009
eigenmike,task1,recording13,422,20.187831963877933,24.13367431595183,3.945842352073896,24.13367431595183,3.945842352073896,False,24.13367431595183,3.945842352073896,20.187831963877933,25.02049121830677,4.832659254428847
eigenmike,task1,recording13,448,20.187831963877933,24.09304759700665,3.905215633128705,24.09304759700665,3.905215633128705,False,24.09304759700665,3.905215633128716,20.187831963877933,25.02429586890477,4.836463905026847
eigenmike,task1,recording13,849,20.187831963877933,24.20907817799392,4.02124621411599,24.20907817799392,4.02124621411599,False,24.20907817799392,4.021246214115987,20.187831963877933,24.96896955222345,4.78113758834553
eigenmike,task1,recording13,875,20.187831963877933,24.259522859969778,4.071690896091837,24.259522859969778,4.071690896091837,False,24.259522859969778,4.0716908960918445,20.187831963877933,25.185721569873785,4.997889605995852
eigenmike,task1,recording13,901,20.187831963877933,24.04982922940116,3.861997265523229,24.04982922940116,3.861997265523229,False,24.04982922940116,3.8619972655232253,20.187831963877933,24.94242820923905,4.754596245361114
eigenmike,task1,recording13,927,20.187831963877933,24.39646871001747,4.208636746139547,24.39646871001747,4.208636746139547,False,24.39646871001747,4.208636746139536,20.187831963877933,25.06571741752773,4.87788545364981
eigenmike,task1,recording13,952,20.187831963877933,23.94472769986957,3.756895735991634,23.94472769986957,3.756895735991634,False,23.94472769986957,3.7568957359916375,20.187831963877933,24.70730096373793,4.51946899986001
eigenmike,task1,recording13,978,20.187831963877933,24.367349707924134,4.179517744046194,24.367349707924134,4.179517744046194,False,24.367349707924134,4.179517744046201,20.187831963877933,25.148015289295863,4.960183325417944
eigenmike,task1,recording13,1004,20.187831963877933,24.184216375740025,3.996384411862096,24.184216375740025,3.996384411862096,False,24.184216375740025,3.996384411862092,20.187831963877933,24.776479220272453,4.588647256394523
eigenmike,task1,recording13,1030,20.187831963877933,24.222022603136704,4.034190639258782,24.222022603136704,4.034190639258782,False,24.222022603136704,4.034190639258771,20.187831963877933,25.027732960962894,4.839900997084953
eigenmike,task1,recording2,117,31.737798238186503,35.00513322460873,3.267334986422213,35.00513322460873,3.267334986422213,False,35.00513322460873,3.267334986422224,31.737798238186503,35.631866901585404,3.894068663398912
eigenmike,task1,recording2,140,31.737798238186503,35.38934054769054,3.6515423095040376,35.38934054769054,3.6515423095040376,False,35.38934054769054,3.651542309504034,31.737798238186503,36.08594006756342,4.348141829376914
eigenmike,task1,recording2,163,31.737798238186503,35.24428908985186,3.5064908516653475,35.24428908985186,3.5064908516653475,False,35.24428908985186,3.506490851665358,31.737798238186503,36.096142150077725,4.358343911891211
eigenmike,task1,recording2,186,31.737798238186503,35.13926524217049,3.4014670039839814,35.13926524217049,3.4014670039839814,False,35.13926524217049,3.401467003983985,31.737798238186503,35.79482682599831,4.0570285878118
eigenmike,task1,recording2,209,31.737798238186503,35.48843903017238,3.7506407919858873,35.48843903017238,3.7506407919858873,False,35.48843903017238,3.7506407919858766,31.737798238186503,36.26810367442429,4.530305436237796
eigenmike,task1,recording2,232,31.737798238186503,35.402519641835134,3.664721403648628,35.402519641835134,3.664721403648628,False,35.402519641835134,3.664721403648631,31.737798238186503,36.18810595440852,4.450307716222028
eigenmike,task1,recording2,255,31.737798238186503,36.36737610492152,4.629577866735019,36.36737610492152,4.629577866735019,False,36.36737610492152,4.629577866735016,31.737798238186503,37.68308397006471,5.945285731878215
eigenmike,task1,recording2,278,31.737798238186503,35.408705925539735,3.6709076873532354,35.408705925539735,3.6709076873532354,False,35.408705925539735,3.670907687353232,31.737798238186503,36.26643753050366,4.528639292317166
eigenmike,task1,recording2,301,31.737798238186503,35.30120860286073,3.5634103646742403,35.30120860286073,3.5634103646742403,False,35.30120860286073,3.5634103646742297,31.737798238186503,36.269488915320906,4.531690677134407
eigenmike,task1,recording2,379,31.737798238186503,34.332348550223834,2.5945503120373417,34.332348550223834,2.5945503120373417,False,34.332348550223834,2.594550312037331,31.737798238186503,35.144749260064074,3.4069510218775747
eigenmike,task1,recording2,401,31.737798238186503,35.1104074632725,3.372609225085995,35.1104074632725,3.372609225085995,False,35.1104074632725,3.3726092250859985,31.737798238186503,35.77874082704167,4.04094258885516
eigenmike,task1,recording2,424,31.737798238186503,35.262976799900144,3.52517856171363,35.262976799900144,3.52517856171363,False,35.262976799900144,3.5251785617136413,31.737798238186503,35.84461135308472,4.106813114898216
eigenmike,task1,recording2,447,31.737798238186503,34.92971532997553,3.191917091789037,34.92971532997553,3.191917091789037,False,34.92971532997553,3.1919170917890263,31.737798238186503,35.59837250261697,3.860574264430454
eigenmike,task1,recording2,470,31.737798238186503,35.77976086135241,4.041962623165915,35.77976086135241,4.041962623165915,False,35.77976086135241,4.0419626231659045,31.737798238186503,37.2686664918085,5.530868253622003
eigenmike,task1,recording2,493,31.737798238186503,35.04689111181519,3.309092873628685,35.04689111181519,3.309092873628685,False,35.04689111181519,3.309092873628689,31.737798238186503,35.59443782702303,3.856639588836515
eigenmike,task1,recording2,516,31.737798238186503,34.59197481569801,2.854176577511509,34.59197481569801,2.854176577511509,False,34.59197481569801,2.854176577511506,31.737798238186503,35.50460512463533,3.766806886448819
eigenmike,task1,recording2,539,31.737798238186503,35.42252822807647,3.6847299898899735,35.42252822807647,3.6847299898899735,False,35.42252822807647,3.68472998988997,31.737798238186503,36.16402380520324,4.426225567016729
eigenmike,task1,recording2,562,31.737798238186503,35.11451349554318,3.376715257356665,35.11451349554318,3.376715257356665,False,35.11451349554318,3.3767152573566754,31.737798238186503,35.76138430045499,4.0235860622684925
eigenmike,task1,recording2,585,31.737798238186503,35.703379934170094,3.965581695983588,35.703379934170094,3.965581695983588,False,35.703379934170094,3.965581695983591,31.737798238186503,36.87372204607192,5.135923807885405
eigenmike,task1,recording2,608,31.737798238186503,35.38158507612969,3.643786837943196,35.38158507612969,3.643786837943196,False,35.38158507612969,3.6437868379431855,31.737798238186503,36.27482443486209,4.537026196675583
eigenmike,task1,recording3,126,-62.87504429664717,-54.41629193754816,8.458752359099009,-54.41629193754816,8.458752359099009,False,-54.41629193754816,8.458752359099009,-62.87504429664717,-54.213098602255485,8.661945694391676
eigenmike,task1,recording3,154,-62.87504429664717,-54.95984973334448,7.915194563302691,-54.95984973334448,7.915194563302691,False,-54.95984973334448,7.915194563302691,-62.87504429664717,-54.84214142001514,8.032902876632022
eigenmike,task1,recording3,182,-62.87504429664717,-54.66190385202505,8.213140444622127,-54.66190385202505,8.213140444622127,False,-54.66190385202505,8.21314044462212,-62.87504429664717,-54.4632182434902,8.411826053156972
eigenmike,task1,recording3,210,-62.87504429664717,-54.85344219626805,8.021602100379113,-54.85344219626805,8.021602100379113,False,-54.85344219626805,8.02160210037912,-62.87504429664717,-54.6858817748025,8.18916252184465
eigenmike,task1,recording3,238,-62.87504429664717,-54.90958882458204,7.965455472065116,-54.90958882458204,7.965455472065116,False,-54.90958882458204,7.9654554720651305,-62.87504429664717,-54.72063345394241,8.154410842704749
eigenmike,task1,recording3,266,-62.87504429664717,-54.97432603365976,7.900718262987425,-54.97432603365976,7.900718262987425,False,-54.97432603365976,7.900718262987411,-62.87504429664717,-54.87005152534853,8.004992771298646
eigenmike,task1,recording3,294,-62.87504429664717,-55.07746215993516,7.797582136712009,-55.07746215993516,7.797582136712009,False,-55.07746215993516,7.797582136712009,-62.87504429664717,-54.87554222111854,7.999502075528625
eigenmike,task1,recording3,322,-62.87504429664717,-54.829357415207255,8.045686881439906,-54.829357415207255,8.045686881439906,False,-54.829357415207255,8.045686881439913,-62.87504429664717,-54.6766751517261,8.19836914492106
eigenmike,task1,recording3,448,-62.87504429664717,-55.06826308441133,7.806781212235847,-55.06826308441133,7.806781212235847,False,-55.06826308441133,7.80678121223584,-62.87504429664717,-54.92118892626832,7.953855370378847
eigenmike,task1,recording3,476,-62.87504429664717,-54.62522249709287,8.249821799554297,-54.62522249709287,8.249821799554297,False,-54.62522249709287,8.249821799554297,-62.87504429664717,-54.52278743207815,8.352256864569028
eigenmike,task1,recording3,505,-62.87504429664717,-54.67551352269837,8.199530773948794,-54.67551352269837,8.199530773948794,False,-54.67551352269837,8.199530773948801,-62.87504429664717,-54.58378933969252,8.291254956954646
eigenmike,task1,recording3,533,-62.87504429664717,-54.82036943283447,8.054674863812693,-54.82036943283447,8.054674863812693,False,-54.82036943283447,8.0546748638127,-62.87504429664717,-54.68268712849488,8.192357168152284
eigenmike,task1,recording3,561,-62.87504429664717,-55.010143715335495,7.864900581311673,-55.010143715335495,7.864900581311673,False,-55.010143715335495,7.864900581311673,-62.87504429664717,-54.74129301053869,8.133751286108463
eigenmike,task1,recording3,589,-62.87504429664717,-54.50195413011675,8.373090166530403,-54.50195413011675,8.373090166530403,False,-54.50195413011675,8.373090166530417,-62.87504429664717,-54.398044579828586,8.476999716818568
eigenmike,task1,recording3,617,-62.87504429664717,-54.78054236995697,8.094501926690214,-54.78054236995697,8.094501926690214,False,-54.78054236995697,8.0945019266902,-62.87504429664717,-54.60454951758667,8.270494779060499
eigenmike,task1,recording3,645,-62.87504429664717,-55.079885529364056,7.795158767283112,-55.079885529364056,7.795158767283112,False,-55.079885529364056,7.795158767283112,-62.87504429664717,-54.926038682488965,7.94900561415821
eigenmike,task1,recording3,673,-62.87504429664717,-54.88280853087694,7.992235765770232,-54.88280853087694,7.992235765770232,False,-54.88280853087694,7.992235765770225,-62.87504429664717,-54.71227911902871,8.162765177618468
eigenmike,task1,recording3,701,-62.87504429664717,-54.60567297451839,8.26937132212879,-54.60567297451839,8.26937132212879,False,-54.60567297451839,8.269371322128777,-62.87504429664717,-54.55466781180898,8.320376484838192
eigenmike,task1,recording3,729,-62.87504429664717,-54.86981845280387,8.005225843843306,-54.86981845280387,8.005225843843306,False,-54.86981845280387,8.005225843843299,-62.87504429664717,-54.71344358416524,8.161600712481913
eigenmike,task1,recording3,757,-62.87504429664717,-55.22910374491374,7.645940551733418,-55.22910374491374,7.645940551733418,False,-55.22910374491374,7.645940551733425,-62.87504429664717,-54.90084368734018,7.97420060930699
eigenmike,task1,recording4,106,13.743777604907631,17.803014516750164,4.059236911842532,17.803014516750164,4.059236911842532,False,17.803014516750164,4.059236911842532,13.743777604907631,18.058394653972424,4.314617049064793
eigenmike,task1,recording4,135,13.743777604907631,18.106230180533377,4.362452575625753,18.106230180533377,4.362452575625753,False,18.106230180533377,4.3624525756257455,13.743777604907631,18.40087725024335,4.657099645335734
eigenmike,task1,recording4,165,13.743777604907631,17.95991733267597,4.216139727768336,17.95991733267597,4.216139727768336,False,17.95991733267597,4.21613972776834,13.743777604907631,18.201140469543947,4.457362864636309
eigenmike,task1,recording4,194,13.743777604907631,17.93852309590221,4.194745490994592,17.93852309590221,4.194745490994592,False,17.93852309590221,4.194745490994578,13.743777604907631,18.24755756443289,4.503779959525247
eigenmike,task1,recording4,223,13.743777604907631,17.94943958780334,4.20566198289572,17.94943958780334,4.20566198289572,False,17.94943958780334,4.205661982895709,13.743777604907631,18.30232243503129,4.558544830123651
eigenmike,task1,recording4,252,13.743777604907631,17.776879083116558,4.03310147820892,17.776879083116558,4.03310147820892,False,17.776879083116558,4.033101478208927,13.743777604907631,18.1532376594634,4.40946005455578
eigenmike,task1,recording4,282,13.743777604907631,17.317412664524017,3.573635059616379,17.317412664524017,3.573635059616379,False,17.317412664524017,3.573635059616386,13.743777604907631,18.029315666063003,4.285538061155364
eigenmike,task1,recording4,443,13.743777604907631,18.18074083674621,4.436963231838575,18.18074083674621,4.436963231838575,False,18.18074083674621,4.436963231838579,13.743777604907631,18.2927518703064,4.548974265398783
eigenmike,task1,recording4,472,13.743777604907631,17.972984879348466,4.229207274440824,17.972984879348466,4.229207274440824,False,17.972984879348466,4.229207274440835,13.743777604907631,18.217193483694857,4.473415878787222
eigenmike,task1,recording4,501,13.743777604907631,17.991619675946772,4.247842071039145,17.991619675946772,4.247842071039145,False,17.991619675946772,4.247842071039141,13.743777604907631,18.25626965673875,4.512492051831117
eigenmike,task1,recording4,531,13.743777604907631,18.12114269451529,4.37736508960765,18.12114269451529,4.37736508960765,False,18.12114269451529,4.3773650896076575,13.743777604907631,18.34736829820957,4.603590693301953
eigenmike,task1,recording4,685,13.743777604907631,17.957988810788468,4.214211205880844,17.957988810788468,4.214211205880844,False,17.957988810788468,4.2142112058808365,13.743777604907631,18.21518214663383,4.471404541726201
eigenmike,task1,recording4,714,13.743777604907631,18.0530516179974,4.309274013089777,18.0530516179974,4.309274013089777,False,18.0530516179974,4.3092740130897695,13.743777604907631,18.288000437771316,4.544222832863682
eigenmike,task1,recording4,743,13.743777604907631,17.95388688172088,4.210109276813256,17.95388688172088,4.210109276813256,False,17.95388688172088,4.210109276813249,13.743777604907631,18.2285187917934,4.4847411868857705
eigenmike,task1,recording4,773,13.743777604907631,18.19927396671767,4.455496361810049,18.19927396671767,4.455496361810049,False,18.19927396671767,4.455496361810038,13.743777604907631,18.500928693223507,4.757151088315879
eigenmike,task1,recording4,802,13.743777604907631,17.81816914679671,4.074391541889071,17.81816914679671,4.074391541889071,False,17.81816914679671,4.074391541889078,13.743777604907631,18.241742911198017,4.497965306290382
eigenmike,task1,recording4,831,13.743777604907631,17.936210900437885,4.192433295530265,17.936210900437885,4.192433295530265,False,17.936210900437885,4.192433295530254,13.743777604907631,18.260957072034497,4.51717946712688
eigenmike,task1,recording4,860,13.743777604907631,18.002361981828567,4.258584376920936,18.002361981828567,4.258584376920936,False,18.002361981828567,4.258584376920936,13.743777604907631,18.340628592180057,4.596850987272433
eigenmike,task1,recording4,890,13.743777604907631,18.100173736635945,4.356396131728303,18.100173736635945,4.356396131728303,False,18.100173736635945,4.356396131728314,13.743777604907631,18.39178355065926,4.648005945751635
eigenmike,task1,recording4,919,13.743777604907631,18.014302100731697,4.270524495824077,18.014302100731697,4.270524495824077,False,18.014302100731697,4.270524495824066,13.743777604907631,18.32253438685883,4.578756781951199
eigenmike,task1,recording5,90,-39.68185310828073,-29.928059874989614,9.753793233291104,-29.928059874989614,9.753793233291104,False,-29.928059874989614,9.753793233291113,-39.68185310828073,-30.523138908647088,9.158714199633636
eigenmike,task1,recording5,121,-39.68185310828073,-28.696397695597437,10.98545541268328,-28.696397695597437,10.98545541268328,False,-28.696397695597437,10.98545541268329,-39.68185310828073,-29.29273912020832,10.38911398807241
eigenmike,task1,recording5,152,-39.68185310828073,-28.78087461132152,10.900978496959198,-28.78087461132152,10.900978496959198,False,-28.78087461132152,10.900978496959208,-39.68185310828073,-29.296682655243853,10.385170453036864
eigenmike,task1,recording5,182,-39.68185310828073,-28.637616398646017,11.044236709634704,-28.637616398646017,11.044236709634704,False,-28.637616398646017,11.04423670963471,-39.68185310828073,-29.217736474946147,10.464116633334584
eigenmike,task1,recording5,213,-39.68185310828073,-28.236662496679884,11.44519061160085,-28.236662496679884,11.44519061160085,False,-28.236662496679884,11.445190611600843,-39.68185310828073,-28.956996768922775,10.724856339357956
eigenmike,task1,recording5,244,-39.68185310828073,-29.20042887730398,10.481424230976756,-29.20042887730398,10.481424230976756,False,-29.20042887730398,10.481424230976746,-39.68185310828073,-29.46532314644089,10.216529961839823
eigenmike,task1,recording5,352,-39.68185310828073,-30.66088626809609,9.020966840184627,-30.66088626809609,9.020966840184627,False,-30.66088626809609,9.020966840184638,-39.68185310828073,-30.840860436077303,8.840992672203413
eigenmike,task1,recording5,383,-39.68185310828073,-28.57827047959482,11.1035826286859,-28.57827047959482,11.1035826286859,False,-28.57827047959482,11.103582628685906,-39.68185310828073,-29.171197988584357,10.510655119696366
eigenmike,task1,recording5,413,-39.68185310828073,-28.46988777358383,11.211965334696885,-28.46988777358383,11.211965334696885,False,-28.46988777358383,11.211965334696895,-39.68185310828073,-29.117364938912264,10.564488169368474
eigenmike,task1,recording5,444,-39.68185310828073,-28.42265982234334,11.259193285937386,-28.42265982234334,11.259193285937386,False,-28.42265982234334,11.259193285937386,-39.68185310828073,-29.08702429643621,10.594828811844508
eigenmike,task1,recording5,475,-39.68185310828073,-28.96190270868761,10.719950399593133,-28.96190270868761,10.719950399593133,False,-28.96190270868761,10.719950399593117,-39.68185310828073,-29.266418312336672,10.415434795944066
eigenmike,task1,recording5,506,-39.68185310828073,-28.694013158858592,10.987839949422124,-28.694013158858592,10.987839949422124,False,-28.694013158858592,10.987839949422135,-39.68185310828073,-29.252556638522424,10.4292964697583
eigenmike,task1,recording5,536,-39.68185310828073,-28.60783919228433,11.074013915996405,-28.60783919228433,11.074013915996405,False,-28.60783919228433,11.074013915996396,-39.68185310828073,-29.209348806587656,10.472504301693078
eigenmike,task1,recording5,567,-39.68185310828073,-28.526496649086056,11.155356459194678,-28.526496649086056,11.155356459194678,False,-28.526496649086056,11.155356459194671,-39.68185310828073,-29.129638339413518,10.552214768867202
eigenmike,task1,recording5,663,-39.68185310828073,-29.775717469992955,9.906135638287765,-29.775717469992955,9.906135638287765,False,-29.775717469992955,9.906135638287772,-39.68185310828073,-30.23146244822823,9.450390660052506
eigenmike,task1,recording5,694,-39.68185310828073,-28.936236750004863,10.745616358275868,-28.936236750004863,10.745616358275868,False,-28.936236750004863,10.745616358275864,-39.68185310828073,-29.4292920946846,10.252561013596136
eigenmike,task1,recording5,725,-39.68185310828073,-28.43859308613568,11.243260022145051,-28.43859308613568,11.243260022145051,False,-28.43859308613568,11.243260022145048,-39.68185310828073,-29.146564302877124,10.53528880540361
eigenmike,task1,recording5,755,-39.68185310828073,-28.59554946287192,11.086303645408805,-28.59554946287192,11.086303645408805,False,-28.59554946287192,11.086303645408808,-39.68185310828073,-29.230018019427497,10.451835088853215
eigenmike,task1,recording5,837,-39.68185310828073,-28.92142726643588,10.760425841844835,-28.92142726643588,10.760425841844835,False,-28.92142726643588,10.760425841844846,-39.68185310828073,-29.058927127886463,10.622925980394257
eigenmike,task1,recording5,868,-39.68185310828073,-28.560614606039625,11.121238502241113,-28.560614606039625,11.121238502241113,False,-28.560614606039625,11.121238502241102,-39.68185310828073,-29.1810668885762,10.500786219704535
eigenmike,task1,recording6,100,-20.84247340368304,-11.1809127765527,9.661560627130342,-11.1809127765527,9.661560627130342,False,-11.1809127765527,9.66156062713034,-20.84247340368304,-11.97602786572386,8.86644553795918
eigenmike,task1,recording6,128,-20.84247340368304,-11.102986974352584,9.73948642933044,-11.102986974352584,9.73948642933044,False,-11.102986974352584,9.739486429330457,-20.84247340368304,-11.925219827744169,8.917253575938872
eigenmike,task1,recording6,157,-20.84247340368304,-10.91612325022839,9.92635015345465,-10.91612325022839,9.92635015345465,False,-10.91612325022839,9.926350153454651,-20.84247340368304,-11.74966906642194,9.0928043372611
eigenmike,task1,recording6,185,-20.84247340368304,-10.959532816153391,9.882940587529646,-10.959532816153391,9.882940587529646,False,-10.959532816153391,9.88294058752965,-20.84247340368304,-11.693761943760313,9.148711459922737
eigenmike,task1,recording6,214,-20.84247340368304,-10.7027221282103,10.139751275472747,-10.7027221282103,10.139751275472747,False,-10.7027221282103,10.13975127547274,-20.84247340368304,-11.356510604262349,9.48596279942069
eigenmike,task1,recording6,242,-20.84247340368304,-10.330880704034,10.511592699649045,-10.330880704034,10.511592699649045,False,-10.330880704034,10.511592699649041,-20.84247340368304,-11.778500168609373,9.06397323507366
eigenmike,task1,recording6,271,-20.84247340368304,-11.295920304336631,9.546553099346395,-11.295920304336631,9.546553099346395,False,-11.295920304336631,9.54655309934641,-20.84247340368304,-11.965009431616872,8.877463972066153
eigenmike,task1,recording6,299,-20.84247340368304,-10.859660932767586,9.982812470915462,-10.859660932767586,9.982812470915462,False,-10.859660932767586,9.982812470915455,-20.84247340368304,-11.593115552419754,9.249357851263284
eigenmike,task1,recording6,542,-20.84247340368304,-9.526608501682116,11.315864902000923,-9.526608501682116,11.315864902000923,False,-9.526608501682116,11.315864902000925,-20.84247340368304,-12.477910485682436,8.364562918000615
eigenmike,task1,recording6,570,-20.84247340368304,-10.984490787242803,9.85798261644024,-10.984490787242803,9.85798261644024,False,-10.984490787242803,9.857982616440237,-20.84247340368304,-11.66190402008502,9.180569383598026
eigenmike,task1,recording6,599,-20.84247340368304,-10.941635159722257,9.900838243960775,-10.941635159722257,9.900838243960775,False,-10.941635159722257,9.900838243960784,-20.84247340368304,-11.611452630889548,9.2310207727935
eigenmike,task1,recording6,627,-20.84247340368304,-10.949777362751998,9.892696040931042,-10.949777362751998,9.892696040931042,False,-10.949777362751998,9.892696040931042,-20.84247340368304,-11.757176768901973,9.08529663478106
eigenmike,task1,recording6,656,-20.84247340368304,-10.964553437836438,9.877919965846589,-10.964553437836438,9.877919965846589,False,-10.964553437836438,9.877919965846603,-20.84247340368304,-11.77871143293458,9.06376197074846
eigenmike,task1,recording6,684,-20.84247340368304,-11.036074091070072,9.806399312612967,-11.036074091070072,9.806399312612967,False,-11.036074091070072,9.80639931261297,-20.84247340368304,-11.688215907306242,9.1542574963768
eigenmike,task1,recording6,713,-20.84247340368304,-10.607186861113112,10.235286542569924,-10.607186861113112,10.235286542569924,False,-10.607186861113112,10.235286542569929,-20.84247340368304,-11.763963804711269,9.078509598971776
eigenmike,task1,recording6,741,-20.84247340368304,-10.776432740638905,10.066040663044134,-10.776432740638905,10.066040663044134,False,-10.776432740638905,10.066040663044136,-20.84247340368304,-11.386224130252586,9.456249273430444
eigenmike,task1,recording6,770,-20.84247340368304,-11.023090962721572,9.819382440961476,-11.023090962721572,9.819382440961476,False,-11.023090962721572,9.81938244096147,-20.84247340368304,-11.733451734521166,9.109021669161876
eigenmike,task1,recording6,798,-20.84247340368304,-11.033388469583738,9.809084934099303,-11.033388469583738,9.809084934099303,False,-11.033388469583738,9.809084934099303,-20.84247340368304,-11.780036673618028,9.062436730065002
eigenmike,task1,recording6,827,-20.84247340368304,-9.798773980830696,11.043699422852342,-9.798773980830696,11.043699422852342,False,-9.798773980830696,11.043699422852345,-20.84247340368304,-11.995619604755634,8.846853798927413
eigenmike,task1,recording6,855,-20.84247340368304,79.99965486413433,100.84212826781736,-12.109624047868436,8.732849355814608,True,-12.109624047868436,8.732849355814604,-20.84247340368304,-12.099646128180169,8.742827275502862
eigenmike,task1,recording7,142,26.291566521408345,30.529336272931925,4.237769751523587,30.529336272931925,4.237769751523587,False,30.529336272931925,4.2377697515235795,26.291566521408345,31.416802484665745,5.12523596325741
eigenmike,task1,recording7,166,26.291566521408345,30.143666716539297,3.852100195130959,30.143666716539297,3.852100195130959,False,30.143666716539297,3.8521001951309515,26.291566521408345,30.593953722321444,4.302387200913103
eigenmike,task1,recording7,189,26.291566521408345,30.143944385734443,3.852377864326087,30.143944385734443,3.852377864326087,False,30.143944385734443,3.8523778643260975,26.291566521408345,30.685800760034617,4.394234238626268
eigenmike,task1,recording7,213,26.291566521408345,30.13524338844617,3.843676867037829,30.13524338844617,3.843676867037829,False,30.13524338844617,3.843676867037825,26.291566521408345,30.60855257303901,4.316986051630664
eigenmike,task1,recording7,237,26.291566521408345,30.133813971274023,3.842247449865681,30.133813971274023,3.842247449865681,False,30.133813971274023,3.8422474498656776,26.291566521408345,30.936796106082177,4.645229584673842
eigenmike,task1,recording7,435,26.291566521408345,30.13693813224862,3.8453716108402887,30.13693813224862,3.8453716108402887,False,30.13693813224862,3.8453716108402745,26.291566521408345,30.58770589746328,4.296139376054924
eigenmike,task1,recording7,459,26.291566521408345,30.15655435986439,3.864987838456045,30.15655435986439,3.864987838456045,False,30.15655435986439,3.864987838456045,26.291566521408345,30.603281298398063,4.311714776989732
eigenmike,task1,recording7,483,26.291566521408345,30.07137874804157,3.7798122266332257,30.07137874804157,3.7798122266332257,False,30.07137874804157,3.7798122266332257,26.291566521408345,30.51855107555856,4.226984554150221
eigenmike,task1,recording7,506,26.291566521408345,30.10893986871715,3.817373347308802,30.10893986871715,3.817373347308802,False,30.10893986871715,3.8173733473088056,26.291566521408345,30.556744959914923,4.265178438506581
eigenmike,task1,recording7,530,26.291566521408345,30.00986580291312,3.718299281504784,30.00986580291312,3.718299281504784,False,30.00986580291312,3.7182992815047733,26.291566521408345,30.397550149007028,4.105983627598675
eigenmike,task1,recording7,554,26.291566521408345,29.79746927045367,3.505902749045333,29.79746927045367,3.505902749045333,False,29.79746927045367,3.505902749045326,26.291566521408345,30.194579254110355,3.903012732701995
eigenmike,task1,recording7,578,26.291566521408345,29.910442650790763,3.6188761293824143,29.910442650790763,3.6188761293824143,False,29.910442650790763,3.618876129382418,26.291566521408345,30.588566302267058,4.296999780858698
eigenmike,task1,recording7,601,26.291566521408345,30.10111573457367,3.809549213165326,30.10111573457367,3.809549213165326,False,30.10111573457367,3.809549213165326,26.291566521408345,30.557233971447506,4.26566745003916
eigenmike,task1,recording7,625,26.291566521408345,30.21576233154077,3.924195810132432,30.21576233154077,3.924195810132432,False,30.21576233154077,3.9241958101324244,26.291566521408345,30.709622236553603,4.418055715145272
eigenmike,task1,recording7,649,26.291566521408345,30.07683740417784,3.7852708827695096,30.07683740417784,3.7852708827695096,False,30.07683740417784,3.7852708827694954,26.291566521408345,30.57891412143357,4.287347600025214
eigenmike,task1,recording7,672,26.291566521408345,30.193778320768185,3.902211799359833,30.193778320768185,3.902211799359833,False,30.193778320768185,3.90221179935984,26.291566521408345,30.745054265789065,4.453487744380709
eigenmike,task1,recording7,696,26.291566521408345,30.17010959121788,3.878543069809524,30.17010959121788,3.878543069809524,False,30.17010959121788,3.8785430698095347,26.291566521408345,30.691319115190723,4.399752593782381
eigenmike,task1,recording7,720,26.291566521408345,30.13987174361986,3.848305222211508,30.13987174361986,3.848305222211508,False,30.13987174361986,3.848305222211515,26.291566521408345,30.81971492679579,4.528148405387441
eigenmike,task1,recording7,743,26.291566521408345,30.00142650005783,3.70985997864949,30.00142650005783,3.70985997864949,False,30.00142650005783,3.709859978649483,26.291566521408345,30.463018411960093,4.171451890551737
eigenmike,task1,recording7,767,26.291566521408345,30.176503017617826,3.884936496209491,30.176503017617826,3.884936496209491,False,30.176503017617826,3.8849364962094803,26.291566521408345,30.71242621929467,4.420859697886328
eigenmike,task1,recording8,236,-52.959388096956765,-41.772004453403184,11.187383643553574,-41.772004453403184,11.187383643553574,False,-41.772004453403184,11.18738364355358,-52.959388096956765,-42.39101655182128,10.568371545135506
eigenmike,task1,recording8,245,-52.959388096956765,-41.14153816692946,11.817849930027307,-41.14153816692946,11.817849930027307,False,-41.14153816692946,11.817849930027307,-52.959388096956765,-41.81268519793461,11.14670289902216
eigenmike,task1,recording8,254,-52.959388096956765,-42.2061496570075,10.753238439949255,-42.2061496570075,10.753238439949255,False,-42.2061496570075,10.753238439949264,-52.959388096956765,-42.74428502849503,10.21510306846173
eigenmike,task1,recording8,263,-52.959388096956765,-41.92698565349381,11.032402443462956,-41.92698565349381,11.032402443462956,False,-41.92698565349381,11.032402443462956,-52.959388096956765,-42.63364418552918,10.325743911427594
eigenmike,task1,recording8,272,-52.959388096956765,-41.81885153026887,11.1405365666879,-41.81885153026887,11.1405365666879,False,-41.81885153026887,11.140536566687892,-52.959388096956765,-42.56064163572552,10.39874646123124
eigenmike,task1,recording8,282,-52.959388096956765,-41.835513548992274,11.123874547964476,-41.835513548992274,11.123874547964476,False,-41.835513548992274,11.12387454796449,-52.959388096956765,-42.503781592338434,10.455606504618345
eigenmike,task1,recording8,291,-52.959388096956765,-41.79805560448538,11.161332492471388,-41.79805560448538,11.161332492471388,False,-41.79805560448538,11.161332492471388,-52.959388096956765,-42.47679977557934,10.48258832137742
eigenmike,task1,recording8,300,-52.959388096956765,-42.034228617938254,10.925159479018504,-42.034228617938254,10.925159479018504,False,-42.034228617938254,10.925159479018511,-52.959388096956765,-42.75893981442089,10.200448282535888
eigenmike,task1,recording8,309,-52.959388096956765,-41.794462613471104,11.16492548348566,-41.794462613471104,11.16492548348566,False,-41.794462613471104,11.16492548348566,-52.959388096956765,-42.47837138154543,10.481016715411329
eigenmike,task1,recording8,318,-52.959388096956765,-41.47441774986864,11.484970347088108,-41.47441774986864,11.484970347088108,False,-41.47441774986864,11.484970347088122,-52.959388096956765,-42.136180380207016,10.82320771674975
eigenmike,task1,recording8,327,-52.959388096956765,-41.76149988795034,11.197888209006408,-41.76149988795034,11.197888209006408,False,-41.76149988795034,11.197888209006422,-52.959388096956765,-42.47828764996616,10.48110044699061
eigenmike,task1,recording8,336,-52.959388096956765,-41.93221469672807,11.02717340022869,-41.93221469672807,11.02717340022869,False,-41.93221469672807,11.027173400228698,-52.959388096956765,-42.64279728229484,10.316590814661936
eigenmike,task1,recording8,345,-52.959388096956765,-40.96349506369707,11.995893033259703,-40.96349506369707,11.995893033259703,False,-40.96349506369707,11.995893033259698,-52.959388096956765,-41.8711575828128,11.08823051414396
eigenmike,task1,recording8,354,-52.959388096956765,-41.06347357859261,11.895914518364153,-41.06347357859261,11.895914518364153,False,-41.06347357859261,11.895914518364158,-52.959388096956765,-41.80479920661769,11.154588890339085
eigenmike,task1,recording8,363,-52.959388096956765,-41.55115615018124,11.408231946775516,-41.55115615018124,11.408231946775516,False,-41.55115615018124,11.408231946775523,-52.959388096956765,-42.23801568360326,10.721372413353492
eigenmike,task1,recording8,373,-52.959388096956765,-41.61315923264656,11.346228864310206,-41.61315923264656,11.346228864310206,False,-41.61315923264656,11.346228864310206,-52.959388096956765,-42.37671936534073,10.582668731616025
eigenmike,task1,recording8,382,-52.959388096956765,-42.08019988016364,10.879188216793125,-42.08019988016364,10.879188216793125,False,-42.08019988016364,10.879188216793125,-52.959388096956765,-42.67119306186958,10.2881950350872
eigenmike,task1,recording8,391,-52.959388096956765,-42.17014061722165,10.78924747973511,-42.17014061722165,10.78924747973511,False,-42.17014061722165,10.789247479735117,-52.959388096956765,-42.763059551965455,10.196328544991305
eigenmike,task1,recording8,400,-52.959388096956765,-40.94314848936941,12.016239607587352,-40.94314848936941,12.016239607587352,False,-40.94314848936941,12.016239607587352,-52.959388096956765,-41.60352216845956,11.355865928497224
eigenmike,task1,recording8,409,-52.959388096956765,-40.87731489161664,12.082073205340125,-40.87731489161664,12.082073205340125,False,-40.87731489161664,12.082073205340123,-52.959388096956765,-41.52109773717218,11.438290359784588
eigenmike,task1,recording9,91,4.512097678662783,9.776150682175428,5.264053003512657,9.776150682175428,5.264053003512657,False,9.776150682175428,5.264053003512646,4.512097678662783,10.024954963013863,5.512857284351071
eigenmike,task1,recording9,115,4.512097678662783,9.82563407235004,5.313536393687258,9.82563407235004,5.313536393687258,False,9.82563407235004,5.313536393687257,4.512097678662783,10.094466256231993,5.582368577569213
eigenmike,task1,recording9,140,4.512097678662783,9.789518446468232,5.277420767805438,9.789518446468232,5.277420767805438,False,9.789518446468232,5.27742076780545,4.512097678662783,10.026508215228212,5.514410536565436
eigenmike,task1,recording9,164,4.512097678662783,9.739482618400473,5.227384939737675,9.739482618400473,5.227384939737675,False,9.739482618400473,5.22738493973769,4.512097678662783,9.93291530171872,5.420817623055939
eigenmike,task1,recording9,189,4.512097678662783,9.740347907393556,5.228250228730786,9.740347907393556,5.228250228730786,False,9.740347907393556,5.228250228730773,4.512097678662783,9.819102870130802,5.307005191468022
eigenmike,task1,recording9,213,4.512097678662783,9.81894927413186,5.306851595469084,9.81894927413186,5.306851595469084,False,9.81894927413186,5.306851595469078,4.512097678662783,10.019523377614936,5.507425698952147
eigenmike,task1,recording9,238,4.512097678662783,9.819425906060175,5.307328227397392,9.819425906060175,5.307328227397392,False,9.819425906060175,5.3073282273973925,4.512097678662783,9.98628434901643,5.474186670353646
eigenmike,task1,recording9,262,4.512097678662783,9.820264008050438,5.30816632938766,9.820264008050438,5.30816632938766,False,9.820264008050438,5.308166329387656,4.512097678662783,10.038538901112515,5.5264412224497335
eigenmike,task1,recording9,286,4.512097678662783,9.916294589376225,5.404196910713438,9.916294589376225,5.404196910713438,False,9.916294589376225,5.404196910713442,4.512097678662783,10.184395959538366,5.672298280875594
eigenmike,task1,recording9,311,4.512097678662783,9.83511938658665,5.323021707923857,9.83511938658665,5.323021707923857,False,9.83511938658665,5.323021707923867,4.512097678662783,10.126463178276092,5.614365499613314
eigenmike,task1,recording9,335,4.512097678662783,9.86484479668696,5.352747118024183,9.86484479668696,5.352747118024183,False,9.86484479668696,5.352747118024177,4.512097678662783,10.243959487595168,5.731861808932393
eigenmike,task1,recording9,360,4.512097678662783,9.744747770996115,5.23265009233333,9.744747770996115,5.23265009233333,False,9.744747770996115,5.232650092333333,4.512097678662783,10.038855932085523,5.5267582534227415
eigenmike,task1,recording9,384,4.512097678662783,9.72805476335408,5.215957084691297,9.72805476335408,5.215957084691297,False,9.72805476335408,5.215957084691298,4.512097678662783,9.999059061454268,5.486961382791492
eigenmike,task1,recording9,408,4.512097678662783,9.882940715248528,5.37084303658574,9.882940715248528,5.37084303658574,False,9.882940715248528,5.370843036585746,4.512097678662783,10.426163741374152,5.914066062711356
eigenmike,task1,recording9,481,4.512097678662783,9.63617505332761,5.124077374664836,9.63617505332761,5.124077374664836,False,9.63617505332761,5.124077374664828,4.512097678662783,9.835535470189852,5.323437791527084
eigenmike,task1,recording9,505,4.512097678662783,9.814534356523652,5.302436677860868,9.814534356523652,5.302436677860868,False,9.814534356523652,5.302436677860869,4.512097678662783,9.996069142117271,5.4839714634544805
eigenmike,task1,recording9,530,4.512097678662783,9.88335335798581,5.3712556793230135,9.88335335798581,5.3712556793230135,False,9.88335335798581,5.371255679323027,4.512097678662783,10.01245196244776,5.500354283784986
eigenmike,task1,recording9,554,4.512097678662783,9.84319792369449,5.331100245031706,9.84319792369449,5.331100245031706,False,9.84319792369449,5.331100245031707,4.512097678662783,9.993872403112864,5.4817747244500765
eigenmike,task1,recording9,579,4.512097678662783,9.801554757351624,5.289457078688827,9.801554757351624,5.289457078688827,False,9.801554757351624,5.289457078688842,4.512097678662783,10.043773181818766,5.531675503155981
eigenmike,task1,recording9,603,4.512097678662783,9.78852218010975,5.276424501446968,9.78852218010975,5.276424501446968,False,9.78852218010975,5.276424501446967,4.512097678662783,10.000922609506487,5.48882493084372
eigenmike,task2,recording10,738,-30.693116639764533,79.99965486413433,110.69277150389884,79.99965486413433,110.69277150389884,False,79.99965486413433,110.69277150389885,-30.693116639764533,-23.133105573977105,7.560011065787421
eigenmike,task2,recording10,746,-30.693116639764533,-20.506765791404323,10.186350848360206,-20.506765791404323,10.186350848360206,False,-20.506765791404323,10.18635084836021,-30.693116639764533,-21.231558019310977,9.46155862045356
eigenmike,task2,recording10,753,-30.693116639764533,-21.000854536240748,9.692262103523774,-21.000854536240748,9.692262103523774,False,-21.000854536240748,9.692262103523785,-30.693116639764533,-21.69726096604977,8.995855673714772
eigenmike,task2,recording10,761,-30.693116639764533,-20.105540197413344,10.587576442351178,-20.105540197413344,10.587576442351178,False,-20.105540197413344,10.587576442351189,-30.693116639764533,-21.040193663501885,9.652922976262658
eigenmike,task2,recording10,769,-30.693116639764533,-20.47422940541078,10.218887234353758,-20.47422940541078,10.218887234353758,False,-20.47422940541078,10.218887234353751,-30.693116639764533,-21.310178537084635,9.3829381026799
eigenmike,task2,recording10,776,-30.693116639764533,-20.403010127469123,10.29010651229541,-20.403010127469123,10.29010651229541,False,-20.403010127469123,10.29010651229541,-30.693116639764533,-21.25165941638572,9.44145722337882
eigenmike,task2,recording10,784,-30.693116639764533,-20.545021267383405,10.148095372381135,-20.545021267383405,10.148095372381135,False,-20.545021267383405,10.148095372381128,-30.693116639764533,-21.37837291392384,9.314743725840684
eigenmike,task2,recording10,791,-30.693116639764533,-20.567604800915003,10.12551183884952,-20.567604800915003,10.12551183884952,False,-20.567604800915003,10.12551183884953,-30.693116639764533,-21.39709512502437,9.296021514740149
eigenmike,task2,recording10,799,-30.693116639764533,-20.562510689637843,10.130605950126691,-20.562510689637843,10.130605950126691,False,-20.562510689637843,10.13060595012669,-30.693116639764533,-21.39304195646909,9.300074683295437
eigenmike,task2,recording10,807,-30.693116639764533,-20.521552220411465,10.171564419353077,-20.521552220411465,10.171564419353077,False,-20.521552220411465,10.171564419353068,-30.693116639764533,-21.382829074443197,9.310287565321346
eigenmike,task2,recording10,814,-30.693116639764533,-20.543834309382536,10.149282330381991,-20.543834309382536,10.149282330381991,False,-20.543834309382536,10.149282330381997,-30.693116639764533,-21.38946711065189,9.303649529112649
eigenmike,task2,recording10,822,-30.693116639764533,-20.536521674375507,10.15659496538902,-20.536521674375507,10.15659496538902,False,-20.536521674375507,10.156594965389026,-30.693116639764533,-21.38430788616965,9.308808753594889
eigenmike,task2,recording10,830,-30.693116639764533,-20.47319489227917,10.219921747485358,-20.47319489227917,10.219921747485358,False,-20.47319489227917,10.219921747485362,-30.693116639764533,-21.28384887150813,9.4092677682564
eigenmike,task2,recording10,837,-30.693116639764533,-21.007172752807023,9.685943886957515,-21.007172752807023,9.685943886957515,False,-21.007172752807023,9.68594388695751,-30.693116639764533,-21.80951301403409,8.883603625730444
eigenmike,task2,recording10,845,-30.693116639764533,-18.899709319948663,11.793407319815856,-18.899709319948663,11.793407319815856,False,-18.899709319948663,11.79340731981587,-30.693116639764533,-18.616087766693607,12.07702887307093
eigenmike,task2,recording10,852,-30.693116639764533,-21.287159197617505,9.405957442147042,-21.287159197617505,9.405957442147042,False,-21.287159197617505,9.405957442147027,-30.693116639764533,-21.83740464436054,8.855711995403993
eigenmike,task2,recording10,860,-30.693116639764533,-21.355736451274907,9.337380188489618,-21.355736451274907,9.337380188489618,False,-21.355736451274907,9.337380188489625,-30.693116639764533,-22.03405344973921,8.659063190025307
eigenmike,task2,recording10,868,-30.693116639764533,-21.0190788746544,9.674037765110144,-21.0190788746544,9.674037765110144,False,-21.0190788746544,9.674037765110132,-30.693116639764533,-21.717365782088635,8.975750857675905
eigenmike,task2,recording10,875,-30.693116639764533,-20.95885435689173,9.734262282872804,-20.95885435689173,9.734262282872804,False,-20.95885435689173,9.734262282872802,-30.693116639764533,-21.687739148809964,9.005377490954572
eigenmike,task2,recording10,883,-30.693116639764533,-20.597458078629984,10.095658561134542,-20.597458078629984,10.095658561134542,False,-20.597458078629984,10.095658561134549,-30.693116639764533,-21.32157989036537,9.371536749399157
eigenmike,task2,recording11,91,-14.972286420606125,-5.974444991856938,8.997841428749183,-5.974444991856938,8.997841428749183,False,-5.974444991856938,8.997841428749187,-14.972286420606125,-6.020741735335714,8.95154468527042
eigenmike,task2,recording11,93,-14.972286420606125,-5.997305871421133,8.974980549184977,-5.997305871421133,8.974980549184977,False,-5.997305871421133,8.974980549184991,-14.972286420606125,-6.03678019907738,8.935506221528755
eigenmike,task2,recording11,96,-14.972286420606125,-5.932147036831169,9.040139383774942,-5.932147036831169,9.040139383774942,False,-5.932147036831169,9.040139383774957,-14.972286420606125,-6.076689428191228,8.895596992414909
eigenmike,task2,recording11,98,-14.972286420606125,-6.107884158442944,8.864402262163168,-6.107884158442944,8.864402262163168,False,-6.107884158442944,8.86440226216318,-14.972286420606125,-6.104146876630416,8.868139543975701
eigenmike,task2,recording11,101,-14.972286420606125,-6.0895307163911125,8.882755704215015,-6.0895307163911125,8.882755704215015,False,-6.0895307163911125,8.882755704215011,-14.972286420606125,-6.1198357038812174,8.852450716724917
eigenmike,task2,recording11,103,-14.972286420606125,-6.087698616390724,8.884587804215414,-6.087698616390724,8.884587804215414,False,-6.087698616390724,8.8845878042154,-14.972286420606125,-6.135489421588628,8.836796999017508
eigenmike,task2,recording11,106,-14.972286420606125,-6.081761914859089,8.890524505747038,-6.081761914859089,8.890524505747038,False,-6.081761914859089,8.890524505747035,-14.972286420606125,-6.101189679304398,8.871096741301727
eigenmike,task2,recording11,361,-14.972286420606125,-6.4872901202101545,8.484996300395977,-6.4872901202101545,8.484996300395977,False,-6.4872901202101545,8.48499630039597,-14.972286420606125,-6.314517469052146,8.657768951553976
eigenmike,task2,recording11,364,-14.972286420606125,-6.409132601039087,8.563153819567049,-6.409132601039087,8.563153819567049,False,-6.409132601039087,8.563153819567038,-14.972286420606125,-6.322807363003931,8.649479057602207
eigenmike,task2,recording11,366,-14.972286420606125,-5.873068424389579,9.099217996216538,-5.873068424389579,9.099217996216538,False,-5.873068424389579,9.099217996216545,-14.972286420606125,-6.019898034782558,8.952388385823554
eigenmike,task2,recording11,369,-14.972286420606125,-6.130502549275944,8.841783871330193,-6.130502549275944,8.841783871330193,False,-6.130502549275944,8.84178387133018,-14.972286420606125,-6.151495203672448,8.820791216933685
eigenmike,task2,recording11,371,-14.972286420606125,-6.016857261852258,8.955429158753873,-6.016857261852258,8.955429158753873,False,-6.016857261852258,8.955429158753866,-14.972286420606125,-6.073118989301088,8.899167431305045
eigenmike,task2,recording11,374,-14.972286420606125,-6.127158212762774,8.845128207843345,-6.127158212762774,8.845128207843345,False,-6.127158212762774,8.84512820784335,-14.972286420606125,-6.128767598963661,8.843518821642476
eigenmike,task2,recording11,376,-14.972286420606125,-6.060625464140143,8.911660956465994,-6.060625464140143,8.911660956465994,False,-6.060625464140143,8.911660956465981,-14.972286420606125,-6.064736848331418,8.907549572274718
eigenmike,task2,recording11,379,-14.972286420606125,-5.987514977180023,8.984771443426098,-5.987514977180023,8.984771443426098,False,-5.987514977180023,8.984771443426101,-14.972286420606125,-6.063506989667116,8.908779430939006
eigenmike,task2,recording11,381,-14.972286420606125,-6.073621554131626,8.89866486647449,-6.073621554131626,8.89866486647449,False,-6.073621554131626,8.898664866474498,-14.972286420606125,-6.123886597481884,8.848399823124225
eigenmike,task2,recording11,384,-14.972286420606125,-6.060932985748107,8.911353434858029,-6.060932985748107,8.911353434858029,False,-6.060932985748107,8.911353434858018,-14.972286420606125,-6.103813259729424,8.868473160876704
eigenmike,task2,recording11,386,-14.972286420606125,-6.085011790584207,8.88727463002192,-6.085011790584207,8.88727463002192,False,-6.085011790584207,8.887274630021917,-14.972286420606125,-6.1301902873405005,8.842096133265613
eigenmike,task2,recording11,389,-14.972286420606125,-6.109248902201448,8.863037518404667,-6.109248902201448,8.863037518404667,False,-6.109248902201448,8.863037518404678,-14.972286420606125,-6.135200910975186,8.837085509630924
eigenmike,task2,recording11,391,-14.972286420606125,-6.119488664932233,8.85279775567389,-6.119488664932233,8.85279775567389,False,-6.119488664932233,8.85279775567389,-14.972286420606125,-6.158247172197068,8.814039248409046
eigenmike,task2,recording12,110,9.36283728940658,14.163203237371173,4.800365947964593,14.163203237371173,4.800365947964593,False,14.163203237371173,4.800365947964593,9.36283728940658,14.632309757302632,5.269472467896065
eigenmike,task2,recording12,114,9.36283728940658,14.223318495830409,4.860481206423827,14.223318495830409,4.860481206423827,False,14.223318495830409,4.860481206423829,9.36283728940658,14.938947440580336,5.576110151173765
eigenmike,task2,recording12,118,9.36283728940658,14.347180146883955,4.9843428574773725,14.347180146883955,4.9843428574773725,False,14.347180146883955,4.984342857477376,9.36283728940658,14.899148544018274,5.5363112546116895
eigenmike,task2,recording12,122,9.36283728940658,14.068716018209685,4.7058787288031,14.068716018209685,4.7058787288031,False,14.068716018209685,4.705878728803105,9.36283728940658,14.757726362765556,5.394889073358968
eigenmike,task2,recording12,126,9.36283728940658,13.72370633448126,4.360869045074679,13.72370633448126,4.360869045074679,False,13.72370633448126,4.360869045074681,9.36283728940658,14.372580483684969,5.0097431942784
eigenmike,task2,recording12,130,9.36283728940658,13.79418546864503,4.431348179238455,13.79418546864503,4.431348179238455,False,13.79418546864503,4.43134817923845,9.36283728940658,14.338127693042926,4.975290403636336
eigenmike,task2,recording12,134,9.36283728940658,14.099270853911516,4.736433564504921,14.099270853911516,4.736433564504921,False,14.099270853911516,4.736433564504937,9.36283728940658,14.599455350004376,5.236618060597806
eigenmike,task2,recording12,425,9.36283728940658,14.27729037680001,4.91445308739344,14.27729037680001,4.91445308739344,False,14.27729037680001,4.914453087393431,9.36283728940658,14.97319673518824,5.610359445781654
eigenmike,task2,recording12,429,9.36283728940658,14.23188726096684,4.869049971560258,14.23188726096684,4.869049971560258,False,14.23188726096684,4.86904997156026,9.36283728940658,14.93953849821268,5.576701208806099
eigenmike,task2,recording12,433,9.36283728940658,14.396735608788628,5.033898319382047,14.396735608788628,5.033898319382047,False,14.396735608788628,5.033898319382049,9.36283728940658,14.963238366685196,5.600401077278605
eigenmike,task2,recording12,436,9.36283728940658,14.2555599833021,4.892722693895507,14.2555599833021,4.892722693895507,False,14.2555599833021,4.89272269389552,9.36283728940658,14.956300441740904,5.593463152334323
eigenmike,task2,recording12,716,-36.80303377828851,-25.633779030327958,11.169254747960563,-25.633779030327958,11.169254747960563,False,-25.633779030327958,11.16925474796055,-36.80303377828851,-26.135246423670413,10.6677873546181
eigenmike,task2,recording12,720,-36.80303377828851,-26.3420395810334,10.460994197255104,-26.3420395810334,10.460994197255104,False,-26.3420395810334,10.460994197255108,-36.80303377828851,-27.47097683078828,9.332056947500234
eigenmike,task2,recording12,724,-36.80303377828851,-26.069261417992365,10.733772360296143,-26.069261417992365,10.733772360296143,False,-26.069261417992365,10.733772360296143,-36.80303377828851,-26.760271560611297,10.042762217677222
eigenmike,task2,recording12,728,-36.80303377828851,-25.78428234092443,11.018751437364074,-25.78428234092443,11.018751437364074,False,-25.78428234092443,11.018751437364077,-36.80303377828851,-26.314950892290494,10.488082885998011
eigenmike,task2,recording12,732,-36.80303377828851,-26.016643407977693,10.786390370310812,-26.016643407977693,10.786390370310812,False,-26.016643407977693,10.786390370310816,-36.80303377828851,-26.702140547509384,10.10089323077912
eigenmike,task2,recording12,736,-36.80303377828851,-25.88967824215361,10.9133555361349,-25.88967824215361,10.9133555361349,False,-25.88967824215361,10.913355536134898,-36.80303377828851,-26.493433823570072,10.309599954718436
eigenmike,task2,recording12,740,-36.80303377828851,-25.73805753409173,11.064976244196773,-25.73805753409173,11.064976244196773,False,-25.73805753409173,11.064976244196778,-36.80303377828851,-26.30885552394931,10.494178254339204
eigenmike,task2,recording12,744,-36.80303377828851,-25.78016750336197,11.022866274926542,-25.78016750336197,11.022866274926542,False,-25.78016750336197,11.022866274926539,-36.80303377828851,-26.407092720692336,10.39594105759616
eigenmike,task2,recording12,748,-36.80303377828851,-25.793273741859917,11.009760036428588,-25.793273741859917,11.009760036428588,False,-25.793273741859917,11.009760036428592,-36.80303377828851,-26.37147557008349,10.431558208205018
eigenmike,task2,recording13,90,28.499224546868103,31.62143881637716,3.1222142695090724,31.62143881637716,3.1222142695090724,False,31.62143881637716,3.1222142695090582,28.499224546868103,32.7698958289258,4.270671282057691
eigenmike,task2,recording13,98,28.499224546868103,31.595690114734925,3.0964655678668294,31.595690114734925,3.0964655678668294,False,31.595690114734925,3.0964655678668223,28.499224546868103,32.70941285948926,4.21018831262117
eigenmike,task2,recording13,105,28.499224546868103,31.623356200962483,3.124131654094384,31.623356200962483,3.124131654094384,False,31.623356200962483,3.1241316540943807,28.499224546868103,32.7592613613311,4.260036814463007
eigenmike,task2,recording13,113,28.499224546868103,31.64743114486051,3.148206597992413,31.64743114486051,3.148206597992413,False,31.64743114486051,3.148206597992406,28.499224546868103,32.79297733964551,4.293752792777411
eigenmike,task2,recording13,120,28.499224546868103,31.5548166252086,3.05559207834051,31.5548166252086,3.05559207834051,False,31.5548166252086,3.0555920783404957,28.499224546868103,32.70047288036683,4.201248333498739
eigenmike,task2,recording13,128,28.499224546868103,31.646247847016888,3.1470233001487884,31.646247847016888,3.1470233001487884,False,31.646247847016888,3.147023300148785,28.499224546868103,32.759759617937696,4.260535071069597
eigenmike,task2,recording13,135,28.499224546868103,31.579622619927168,3.080398073059058,31.579622619927168,3.080398073059058,False,31.579622619927168,3.080398073059065,28.499224546868103,32.66497767894055,4.165753132072439
eigenmike,task2,recording13,143,28.499224546868103,31.592415805326752,3.09319125845866,31.592415805326752,3.09319125845866,False,31.592415805326752,3.093191258458649,28.499224546868103,32.68632752374226,4.187102976874144
eigenmike,task2,recording13,150,28.499224546868103,31.622022299890094,3.1227977530219846,31.622022299890094,3.1227977530219846,False,31.622022299890094,3.1227977530219917,28.499224546868103,32.72088154422981,4.22165699736172
eigenmike,task2,recording13,158,28.499224546868103,31.612645161224464,3.1134206143563574,31.612645161224464,3.1134206143563574,False,31.612645161224464,3.113420614356361,28.499224546868103,32.821942822533984,4.322718275665892
eigenmike,task2,recording13,165,28.499224546868103,32.24036146265977,3.7411369157916567,32.24036146265977,3.7411369157916567,False,32.24036146265977,3.7411369157916674,28.499224546868103,33.565901148828786,5.066676601960694
eigenmike,task2,recording13,173,28.499224546868103,31.951823563204574,3.452599016336478,31.951823563204574,3.452599016336478,False,31.951823563204574,3.452599016336471,28.499224546868103,33.229934115415546,4.730709568547439
eigenmike,task2,recording13,180,28.499224546868103,32.11282677065071,3.613602223782607,32.11282677065071,3.613602223782607,False,32.11282677065071,3.6136022237826104,28.499224546868103,33.41176214155991,4.912537594691798
eigenmike,task2,recording13,188,28.499224546868103,31.98862607951712,3.489401532649026,31.98862607951712,3.489401532649026,False,31.98862607951712,3.4894015326490155,28.499224546868103,33.09179758768404,4.5925730408159495
eigenmike,task2,recording13,195,28.499224546868103,31.96082967811896,3.461605131250849,31.96082967811896,3.461605131250849,False,31.96082967811896,3.461605131250856,28.499224546868103,33.1923509379872,4.693126391119108
eigenmike,task2,recording13,203,28.499224546868103,31.594665721404382,3.0954411745362904,31.594665721404382,3.0954411745362904,False,31.594665721404382,3.0954411745362798,28.499224546868103,32.753019149994635,4.253794603126522
eigenmike,task2,recording13,345,4.071123796791872,9.69432439750848,5.623200600716615,9.69432439750848,5.623200600716615,False,9.69432439750848,5.623200600716608,4.071123796791872,10.14207545137818,6.07095165458631
eigenmike,task2,recording13,353,4.071123796791872,9.551823048419411,5.480699251627527,9.551823048419411,5.480699251627527,False,9.551823048419411,5.48069925162754,4.071123796791872,9.96198081256654,5.890857015774657
eigenmike,task2,recording13,360,4.071123796791872,9.707543769132508,5.636419972340633,9.707543769132508,5.636419972340633,False,9.707543769132508,5.6364199723406365,4.071123796791872,10.077702773825935,6.006578977034053
eigenmike,task2,recording13,368,4.071123796791872,9.69190607871031,5.620782281918451,9.69190607871031,5.620782281918451,False,9.69190607871031,5.620782281918439,4.071123796791872,10.073649202356618,6.00252540556474
eigenmike,task2,recording7,108,-38.85485966369812,-20.946843575728707,17.9080160879694,-20.946843575728707,17.9080160879694,False,-20.946843575728707,17.908016087969415,-38.85485966369812,-15.170411520225198,23.684448143472903
eigenmike,task2,recording7,109,-38.85485966369812,-15.939680783245072,22.915178880453027,-15.939680783245072,22.915178880453027,False,-15.939680783245072,22.91517888045305,-38.85485966369812,-15.09829060380032,23.7565690598978
eigenmike,task2,recording7,110,-38.85485966369812,-17.33594391706135,21.518915746636765,-17.33594391706135,21.518915746636765,False,-17.33594391706135,21.51891574663677,-38.85485966369812,-14.09352138459056,24.761338279107548
eigenmike,task2,recording7,111,-38.85485966369812,-11.716124508983553,27.138735154714567,-11.716124508983553,27.138735154714567,False,-11.716124508983553,27.138735154714567,-38.85485966369812,-13.47981629543007,25.37504336826805
eigenmike,task2,recording7,112,-38.85485966369812,-14.738195637534131,24.11666402616399,-14.738195637534131,24.11666402616399,False,-14.738195637534131,24.11666402616399,-38.85485966369812,-13.565146506423192,25.28971315727492
eigenmike,task2,recording7,113,-38.85485966369812,-14.9635781064546,23.89128155724353,-14.9635781064546,23.89128155724353,False,-14.9635781064546,23.891281557243524,-38.85485966369812,-13.763104206483868,25.091755457214248
eigenmike,task2,recording7,114,-38.85485966369812,-16.92896091940995,21.92589874428816,-16.92896091940995,21.92589874428816,False,-16.92896091940995,21.925898744288173,-38.85485966369812,-13.585557295890531,25.2693023678076
eigenmike,task2,recording7,115,-38.85485966369812,-15.336732470288574,23.518127193409555,-15.336732470288574,23.518127193409555,False,-15.336732470288574,23.518127193409548,-38.85485966369812,-14.161794497261932,24.693065166436185
eigenmike,task2,recording7,116,-38.85485966369812,-19.849807294716328,19.00505236898178,-19.849807294716328,19.00505236898178,False,-19.849807294716328,19.005052368981794,-38.85485966369812,-16.330984102103503,22.523875561594625
eigenmike,task2,recording7,117,-38.85485966369812,-19.124658762297933,19.730200901400167,-19.124658762297933,19.730200901400167,False,-19.124658762297933,19.73020090140019,-38.85485966369812,-16.925534491523432,21.92932517217469
eigenmike,task2,recording7,119,-38.85485966369812,-19.629424486820746,19.22543517687737,-19.629424486820746,19.22543517687737,False,-19.629424486820746,19.225435176877376,-38.85485966369812,-17.518467448484156,21.336392215213948
eigenmike,task2,recording7,120,-38.85485966369812,-19.205100796550763,19.64975886714734,-19.205100796550763,19.64975886714734,False,-19.205100796550763,19.64975886714736,-38.85485966369812,-17.2411050958551,21.613754567843017
eigenmike,task2,recording7,121,-38.85485966369812,-20.585524076642443,18.26933558705568,-20.585524076642443,18.26933558705568,False,-20.585524076642443,18.26933558705568,-38.85485966369812,-17.835254086183465,21.019605577514653
eigenmike,task2,recording7,122,-38.85485966369812,-20.752967968166875,18.10189169553124,-20.752967968166875,18.10189169553124,False,-20.752967968166875,18.101891695531247,-38.85485966369812,-18.0537339835116,20.80112568018652
eigenmike,task2,recording7,123,-38.85485966369812,-22.6400427518088,16.21481691188933,-22.6400427518088,16.21481691188933,False,-22.6400427518088,16.214816911889322,-38.85485966369812,-17.818031906953244,21.036827756744856
eigenmike,task2,recording7,124,-38.85485966369812,-22.654244986689783,16.200614677008332,-22.654244986689783,16.200614677008332,False,-22.654244986689783,16.20061467700834,-38.85485966369812,-17.998470949114342,20.856388714583773
eigenmike,task2,recording7,125,-38.85485966369812,-22.81002497328049,16.044834690417616,-22.81002497328049,16.044834690417616,False,-22.81002497328049,16.04483469041763,-38.85485966369812,-18.078661056125995,20.776198607572127
eigenmike,task2,recording7,126,-38.85485966369812,-23.071577539905523,15.783282123792588,-23.071577539905523,15.783282123792588,False,-23.071577539905523,15.783282123792599,-38.85485966369812,-18.47551155342751,20.3793481102706
eigenmike,task2,recording7,127,-38.85485966369812,-24.05252176611452,14.802337897583584,-24.05252176611452,14.802337897583584,False,-24.05252176611452,14.802337897583602,-38.85485966369812,-20.768491411969503,18.0863682517286
eigenmike,task2,recording7,128,-38.85485966369812,-23.99873145765024,14.856128206047885,-23.99873145765024,14.856128206047885,False,-23.99873145765024,14.856128206047881,-38.85485966369812,-21.115030533074236,17.73982913062389
eigenmike,task2,recording8,254,-9.786799788850766,-1.6436467843932605,8.143153004457503,-1.6436467843932605,8.143153004457503,False,-1.6436467843932605,8.143153004457506,-9.786799788850766,-0.6658418572733595,9.120957931577408
eigenmike,task2,recording8,255,-9.786799788850766,-1.7714289583843184,8.015370830466452,-1.7714289583843184,8.015370830466452,False,-1.7714289583843184,8.015370830466448,-9.786799788850766,-0.7253270032495953,9.061472785601184
eigenmike,task2,recording8,256,-9.786799788850766,-1.7016551258896495,8.085144662961113,-1.7016551258896495,8.085144662961113,False,-1.7016551258896495,8.085144662961117,-9.786799788850766,-0.6759194937946152,9.110880295056148
eigenmike,task2,recording8,257,-9.786799788850766,-1.785887999067291,8.000911789783487,-1.785887999067291,8.000911789783487,False,-1.785887999067291,8.000911789783476,-9.786799788850766,-0.7683868572968164,9.01841293155394
eigenmike,task2,recording8,258,-9.786799788850766,-1.829229628135976,7.957570160714795,-1.829229628135976,7.957570160714795,False,-1.829229628135976,7.95757016071479,-9.786799788850766,-0.8115557809903008,8.975244007860454
eigenmike,task2,recording8,259,-9.786799788850766,-1.832392643981412,7.95440714486935,-1.832392643981412,7.95440714486935,False,-1.832392643981412,7.9544071448693545,-9.786799788850766,-0.8090872237600089,8.97771256509077
eigenmike,task2,recording8,260,-9.786799788850766,-1.759557800212443,8.027241988638309,-1.759557800212443,8.027241988638309,False,-1.759557800212443,8.027241988638323,-9.786799788850766,-0.7694998225961591,9.017299966254598
eigenmike,task2,recording8,261,-9.786799788850766,-1.8186787258240775,7.9681210630267,-1.8186787258240775,7.9681210630267,False,-1.8186787258240775,7.968121063026689,-9.786799788850766,-0.825172016039047,8.96162777281171
eigenmike,task2,recording8,262,-9.786799788850766,-1.78702472081911,7.999775068031653,-1.78702472081911,7.999775068031653,False,-1.78702472081911,7.999775068031656,-9.786799788850766,-0.8081184484353332,8.97868134041542
eigenmike,task2,recording8,263,-9.786799788850766,-1.630470065341447,8.156329723509316,-1.630470065341447,8.156329723509316,False,-1.630470065341447,8.15632972350932,-9.786799788850766,-0.6323575903751657,9.154442198475609
eigenmike,task2,recording8,264,-9.786799788850766,-1.5766066920282302,8.210193096822536,-1.5766066920282302,8.210193096822536,False,-1.5766066920282302,8.210193096822536,-9.786799788850766,-0.5663415683290769,9.220458220521692
eigenmike,task2,recording8,265,-9.786799788850766,-1.7662849636897102,8.020514825161058,-1.7662849636897102,8.020514825161058,False,-1.7662849636897102,8.020514825161056,-9.786799788850766,-0.8801948581799119,8.906604930670852
eigenmike,task2,recording8,266,-9.786799788850766,-1.6802057539741382,8.106594034876622,-1.6802057539741382,8.106594034876622,False,-1.6802057539741382,8.106594034876629,-9.786799788850766,-0.7365844667089867,9.05021532214178
eigenmike,task2,recording8,267,-9.786799788850766,-1.641031013025929,8.145768775824848,-1.641031013025929,8.145768775824848,False,-1.641031013025929,8.145768775824838,-9.786799788850766,-0.6490855214441973,9.13771426740658
eigenmike,task2,recording8,268,-9.786799788850766,-1.0069244471289238,8.779875341721834,-1.0069244471289238,8.779875341721834,False,-1.0069244471289238,8.779875341721842,-9.786799788850766,-0.1828367592070649,9.603963029643694
eigenmike,task2,recording8,269,-9.786799788850766,-1.294853087705216,8.491946701145537,-1.294853087705216,8.491946701145537,False,-1.294853087705216,8.491946701145551,-9.786799788850766,-0.4101532215190935,9.376646567331676
eigenmike,task3,recording1,358,18.70125774669952,27.95848711877108,9.25722937207155,27.95848711877108,9.25722937207155,False,27.95848711877108,9.257229372071563,18.70125774669952,28.775864886303737,10.074607139604211
eigenmike,task3,recording1,448,18.766459679629424,31.03536449494675,12.268904815317342,31.03536449494675,12.268904815317342,False,31.03536449494675,12.268904815317327,18.766459679629424,31.69409983000795,12.927640150378522
eigenmike,task3,recording1,537,18.285836079496512,30.264883125992032,11.97904704649551,30.264883125992032,11.97904704649551,False,30.264883125992032,11.97904704649552,18.285836079496512,31.25466328427499,12.968827204778478
eigenmike,task3,recording1,707,21.782480957680686,38.88156377899147,17.099082821310787,38.88156377899147,17.099082821310787,False,38.88156377899147,17.099082821310784,21.782480957680686,39.13626413452201,17.35378317684132
eigenmike,task3,recording1,796,19.759283007238217,32.218691234961085,12.45940822772286,32.218691234961085,12.45940822772286,False,32.218691234961085,12.459408227722868,19.759283007238217,32.92043744931878,13.161154442080573
eigenmike,task3,recording1,886,17.467090620671982,26.22362557021977,8.756534949547785,26.22362557021977,8.756534949547785,False,26.22362557021977,8.756534949547788,17.467090620671982,26.98999899187547,9.5229083712035
eigenmike,task3,recording1,1050,14.860421160492573,22.24511171088598,7.384690550393401,22.24511171088598,7.384690550393401,False,22.24511171088598,7.384690550393406,14.860421160492573,22.88988902536846,8.029467864875897
eigenmike,task3,recording1,1140,8.485165015290574,16.538909786194818,8.053744770904245,16.538909786194818,8.053744770904245,False,16.538909786194818,8.053744770904244,8.485165015290574,17.165042531153077,8.6798775158625
eigenmike,task3,recording1,1230,5.049925503132716,11.540765492404775,6.490839989272047,11.540765492404775,6.490839989272047,False,11.540765492404775,6.490839989272059,5.049925503132716,12.51671140372273,7.4667859005900254
eigenmike,task3,recording1,1319,-4.3407885095623655,9.72719659229388,14.067985101856236,9.72719659229388,14.067985101856236,False,9.72719659229388,14.067985101856246,-4.3407885095623655,10.787163776713037,15.127952286275388
eigenmike,task3,recording1,1512,-36.964336698091934,-17.088509209266,19.875827488825934,-17.088509209266,19.875827488825934,False,-17.088509209266,19.875827488825934,-36.964336698091934,-17.793295059180046,19.171041638911905
eigenmike,task3,recording1,1783,-51.38498042131208,-28.94702176285777,22.437958658454303,-28.94702176285777,22.437958658454303,False,-28.94702176285777,22.43795865845431,-51.38498042131208,-31.284415346028915,20.10056507528316
eigenmike,task3,recording1,1873,-39.93190006418033,-26.74458762406681,13.187312440113516,-26.74458762406681,13.187312440113516,False,-26.74458762406681,13.187312440113523,-39.93190006418033,-26.50407198756061,13.427828076619733
eigenmike,task3,recording1,1963,-31.965237883652527,-20.78305107581365,11.182186807838889,-20.78305107581365,11.182186807838889,False,-20.78305107581365,11.182186807838878,-31.965237883652527,-20.95719936665656,11.008038516995953
eigenmike,task3,recording1,2052,-26.48407481085613,-12.985797440065904,13.49827737079022,-12.985797440065904,13.49827737079022,False,-12.985797440065904,13.498277370790225,-26.48407481085613,-15.19369098523172,11.290383825624415
eigenmike,task3,recording1,2257,-21.205817204231195,-2.483811118970399,18.7220060852608,-2.483811118970399,18.7220060852608,False,-2.483811118970399,18.722006085260794,-21.205817204231195,-1.1281246722739362,20.07769253195727
eigenmike,task3,recording1,2346,-23.055598409730003,3.69976873426289,26.755367143992885,3.69976873426289,26.755367143992885,False,3.69976873426289,26.755367143992892,-23.055598409730003,5.092643759529084,28.14824216925908
eigenmike,task3,recording1,2436,-19.544758962046803,-6.051663233768194,13.493095728278604,-6.051663233768194,13.493095728278604,False,-6.051663233768194,13.49309572827861,-19.544758962046803,-6.165420996822488,13.379337965224323
eigenmike,task3,recording1,2643,-9.926140055504652,-3.177542899653893,6.748597155850746,-3.177542899653893,6.748597155850746,False,-3.177542899653893,6.748597155850758,-9.926140055504652,-3.948128163654612,5.978011891850031
eigenmike,task3,recording1,2733,-2.6971389584658123,2.6163177879559,5.313456746421707,2.6163177879559,5.313456746421707,False,2.6163177879559,5.313456746421712,-2.6971389584658123,3.674037452003903,6.3711764104697295
eigenmike,task3,recording2,359,-0.6159520229283056,3.975844016133216,4.591796039061535,3.975844016133216,4.591796039061535,False,3.975844016133216,4.591796039061522,-0.6159520229283056,5.407388383404426,6.023340406332721
eigenmike,task3,recording2,419,-0.8855315663691223,5.155663453415065,6.0411950197841975,5.155663453415065,6.0411950197841975,False,5.155663453415065,6.041195019784188,-0.8855315663691223,5.584790981201252,6.470322547570362
eigenmike,task3,recording2,479,-0.8436069242172566,-79.99965486413433,79.15604793991707,4.275828434729978,5.119435358947243,True,4.275828434729978,5.119435358947235,-0.8436069242172566,5.637647704534521,6.4812546287517705
eigenmike,task3,recording2,538,-1.0221802844895718,6.394721517707119,7.416901802196691,6.394721517707119,7.416901802196691,False,6.394721517707119,7.416901802196691,-1.0221802844895718,6.458508062759313,7.480688347248872
eigenmike,task3,recording2,733,1.2944357906946138,6.6168583770462455,5.322422586351621,6.6168583770462455,5.322422586351621,False,6.6168583770462455,5.322422586351632,1.2944357906946138,6.3776630844278985,5.083227293733273
eigenmike,task3,recording2,793,-0.2917329419478103,5.286742044870355,5.578474986818151,5.286742044870355,5.578474986818151,False,5.286742044870355,5.578474986818165,-0.2917329419478103,5.607455644797177,5.899188586744998
eigenmike,task3,recording2,853,-4.048091190900247,4.78101150169443,8.829102692594688,4.78101150169443,8.829102692594688,False,4.78101150169443,8.829102692594677,-4.048091190900247,5.445762101565598,9.493853292465843
eigenmike,task3,recording2,1100,-18.799445344625045,-4.385799802025213,14.413645542599824,-4.385799802025213,14.413645542599824,False,-4.385799802025213,14.413645542599832,-18.799445344625045,-5.318377701802715,13.481067642822325
eigenmike,task3,recording2,1159,-26.13950040832272,-9.721773590299934,16.4177268180228,-9.721773590299934,16.4177268180228,False,-9.721773590299934,16.417726818022786,-26.13950040832272,-10.357763413366904,15.78173699495582
eigenmike,task3,recording2,1219,-27.6809929225132,-14.355285206548473,13.325707715964713,-14.355285206548473,13.325707715964713,False,-14.355285206548473,13.325707715964729,-27.6809929225132,-14.787205805537166,12.893787116976029
eigenmike,task3,recording2,1425,-24.37450892176954,-15.873304654025404,8.501204267744129,-15.873304654025404,8.501204267744129,False,-15.873304654025404,8.501204267744136,-24.37450892176954,-16.20511224831169,8.16939667345784
eigenmike,task3,recording2,1485,-17.502360999954064,-13.693131682431586,3.8092293175224654,-13.693131682431586,3.8092293175224654,False,-13.693131682431586,3.809229317522478,-17.502360999954064,-14.648815559104303,2.853545440849757
eigenmike,task3,recording2,1544,-12.022469483684448,-6.350656284782694,5.671813198901759,-6.350656284782694,5.671813198901759,False,-6.350656284782694,5.671813198901754,-12.022469483684448,-6.342672476139159,5.6797970075452895
eigenmike,task3,recording2,1604,-3.456443072074538,-2.251685568788902,1.2047575032856344,-2.251685568788902,1.2047575032856344,False,-2.251685568788902,1.2047575032856361,-3.456443072074538,-1.4181927366284484,2.0382503354460937
eigenmike,task3,recording2,1849,28.319958508506183,50.57703142562338,22.2570729171172,50.57703142562338,22.2570729171172,False,50.57703142562338,22.2570729171172,28.319958508506183,52.41707616900454,24.097117660498355
eigenmike,task3,recording2,1909,34.5950765144691,61.73358751052361,27.13851099605452,61.73358751052361,27.13851099605452,False,61.73358751052361,27.138510996054514,34.5950765144691,63.99679826586657,29.401721751397474
eigenmike,task3,recording2,1969,40.84299128772522,68.03998570382136,27.196994416096143,68.03998570382136,27.196994416096143,False,68.03998570382136,27.19699441609614,40.84299128772522,67.17150185801002,26.32851057028481
eigenmike,task3,recording2,2028,41.51304311539148,71.47418994047592,29.96114682508445,71.47418994047592,29.96114682508445,False,71.47418994047592,29.96114682508444,41.51304311539148,70.98293942132715,29.469896305935663
eigenmike,task3,recording2,2425,11.78319088159883,18.14877615196529,6.365585270366466,18.14877615196529,6.365585270366466,False,18.14877615196529,6.365585270366459,11.78319088159883,19.488728534329407,7.705537652730584
eigenmike,task3,recording2,2485,9.043187915634702,16.081901155095284,7.038713239460577,16.081901155095284,7.038713239460577,False,16.081901155095284,7.0387132394605825,9.043187915634702,16.495322204543793,7.452134288909093
eigenmike,task3,recording3,257,18.970166197180923,30.34171281911208,11.371546621931143,30.34171281911208,11.371546621931143,False,30.34171281911208,11.371546621931156,18.970166197180923,29.249520674451556,10.27935447727063
eigenmike,task3,recording3,353,22.875496340068302,23.79381786523316,0.9183215251648562,23.79381786523316,0.9183215251648562,False,23.79381786523316,0.9183215251648562,22.875496340068302,24.68413603097775,1.8086396909094449
eigenmike,task3,recording3,449,26.20040644546968,28.39705389775916,2.1966474522894828,28.39705389775916,2.1966474522894828,False,28.39705389775916,2.196647452289479,26.20040644546968,29.04609340358491,2.845686958115237
eigenmike,task3,recording3,609,36.17537191187442,35.07320172116173,1.102170190712684,35.07320172116173,1.102170190712684,False,35.07320172116173,1.102170190712691,36.17537191187442,36.11703046642567,0.0583414454487467
eigenmike,task3,recording3,706,40.20531078972963,44.466839353508725,4.261528563779109,44.466839353508725,4.261528563779109,False,44.466839353508725,4.261528563779095,40.20531078972963,45.271835594929776,5.066524805200146
eigenmike,task3,recording3,802,25.377647316042115,36.73540889184075,11.357761575798634,36.73540889184075,11.357761575798634,False,36.73540889184075,11.357761575798634,25.377647316042115,37.87056673742941,12.492919421387285
eigenmike,task3,recording3,970,5.669792719334824,10.559807198190308,4.890014478855477,10.559807198190308,4.890014478855477,False,10.559807198190308,4.890014478855484,5.669792719334824,12.000491062341077,6.330698343006247
eigenmike,task3,recording3,1066,5.19084237792204,19.25408037824184,14.063238000319814,19.25408037824184,14.063238000319814,False,19.25408037824184,14.063238000319801,5.19084237792204,15.047878269071054,9.857035891149025
eigenmike,task3,recording3,1162,3.209805936335194,14.705387087478844,11.495581151143654,14.705387087478844,11.495581151143654,False,14.705387087478844,11.49558115114365,3.209805936335194,13.095769975674788,9.885964039339598
eigenmike,task3,recording3,1354,-2.0166032933352174,3.326433403080164,5.343036696415368,3.326433403080164,5.343036696415368,False,3.326433403080164,5.343036696415382,-2.0166032933352174,3.923606732568508,5.940210025903724
eigenmike,task3,recording3,1451,-5.66951914912765,4.122263469257931,9.791782618385582,4.122263469257931,9.791782618385582,False,4.122263469257931,9.791782618385582,-5.66951914912765,5.153041906206048,10.822561055333694
eigenmike,task3,recording3,1666,-12.93826577131306,-3.6977331279210457,9.240532643392015,-3.6977331279210457,9.240532643392015,False,-3.6977331279210457,9.240532643392015,-12.93826577131306,-4.562247169869637,8.376018601443434
eigenmike,task3,recording3,1762,-13.758658610771953,-3.5745920888158698,10.184066521956083,-3.5745920888158698,10.184066521956083,False,-3.5745920888158698,10.184066521956083,-13.758658610771953,-3.788869465702352,9.969789145069598
eigenmike,task3,recording3,1909,-24.935460017116643,-12.946938564450951,11.98852145266568,-12.946938564450951,11.98852145266568,False,-12.946938564450951,11.988521452665692,-24.935460017116643,-14.622554986154734,10.3129050309619
eigenmike,task3,recording3,2005,-33.82766022358308,-21.31234606812389,12.51531415545918,-21.31234606812389,12.51531415545918,False,-21.31234606812389,12.51531415545919,-33.82766022358308,-22.158907372308867,11.668752851274206
eigenmike,task3,recording3,2194,-27.325896845238542,-7.876461252716215,19.44943559252232,-7.876461252716215,19.44943559252232,False,-7.876461252716215,19.449435592522327,-27.325896845238542,-7.332319903408554,19.993576941829986
eigenmike,task3,recording3,2291,-23.191279160440647,-5.81031458820096,17.38096457223969,-5.81031458820096,17.38096457223969,False,-5.81031458820096,17.380964572239687,-23.191279160440647,-4.970577166616754,18.22070199382389
eigenmike,task3,recording3,2481,-21.015621284200225,79.99965486413433,101.01527614833458,-17.614171077032832,3.401450207167386,True,-17.614171077032832,3.401450207167393,-21.015621284200225,-14.7987044689304,6.216916815269826
eigenmike,task3,recording3,2577,-25.23246056416281,-17.703145557498054,7.529315006664774,-17.703145557498054,7.529315006664774,False,-17.703145557498054,7.529315006664756,-25.23246056416281,-17.951648066149872,7.280812498012949
eigenmike,task3,recording3,2673,-28.2947436191576,-17.323706621440664,10.971036997716936,-17.323706621440664,10.971036997716936,False,-17.323706621440664,10.971036997716936,-28.2947436191576,-17.55047026095107,10.744273358206527
eigenmike,task3,recording4,298,-26.06164038227658,-14.9921459017404,11.06949448053618,-14.9921459017404,11.06949448053618,False,-14.9921459017404,11.069494480536179,-26.06164038227658,-15.649944748140014,10.411695634136578
eigenmike,task3,recording4,407,-20.979738435346967,-14.661453349235783,6.318285086111189,-14.661453349235783,6.318285086111189,False,-14.661453349235783,6.3182850861111834,-20.979738435346967,-15.157407541415134,5.82233089393182
eigenmike,task3,recording4,555,-9.29526412307458,-2.379083400311915,6.916180722762675,-2.379083400311915,6.916180722762675,False,-2.379083400311915,6.916180722762665,-9.29526412307458,-2.5170708317057806,6.778193291368808
eigenmike,task3,recording4,664,-10.168932270658797,-2.7518314871323213,7.417100783526479,-2.7518314871323213,7.417100783526479,False,-2.7518314871323213,7.417100783526475,-10.168932270658797,-2.315799715828471,7.853132554830324
eigenmike,task3,recording4,772,-13.10336258983608,-2.879530583877384,10.223832005958684,-2.879530583877384,10.223832005958684,False,-2.879530583877384,10.223832005958695,-13.10336258983608,-3.669756330427316,9.433606259408776
eigenmike,task3,recording4,980,-2.304685584244791,1.6640447224600876,3.968730306704885,1.6640447224600876,3.968730306704885,False,1.6640447224600876,3.9687303067048783,-2.304685584244791,3.5932191359218173,5.8979047201665935
eigenmike,task3,recording4,1116,10.693689930088947,12.182237534739532,1.4885476046505914,12.182237534739532,1.4885476046505914,False,12.182237534739532,1.4885476046505843,10.693689930088947,12.82244887459196,2.128758944503005
eigenmike,task3,recording4,1225,20.68351956327722,19.880741495860303,0.8027780674169094,19.880741495860303,0.8027780674169094,False,19.880741495860303,0.8027780674169165,20.68351956327722,20.993300944345258,0.309781381068035
eigenmike,task3,recording4,1390,22.217082825085143,26.935963286004107,4.718880460918967,26.935963286004107,4.718880460918967,False,26.935963286004107,4.718880460918964,22.217082825085143,28.17233045827557,5.9552476331904245
eigenmike,task3,recording4,1499,23.097903064978496,25.642184168377984,2.5442811033994985,25.642184168377984,2.5442811033994985,False,25.642184168377984,2.544281103399488,23.097903064978496,26.55782489785128,3.4599218328727943
eigenmike,task3,recording4,1607,21.85591266669616,27.980209448504613,6.124296781808454,27.980209448504613,6.124296781808454,False,27.980209448504613,6.124296781808454,21.85591266669616,28.867247063040548,7.011334396344381
eigenmike,task3,recording4,1811,-17.46316987504813,4.451290563536481,21.914460438584623,4.451290563536481,21.914460438584623,False,4.451290563536481,21.914460438584612,-17.46316987504813,5.543665416997071,23.0068352920452
eigenmike,task3,recording4,1919,-35.16874128678868,-20.542079100683043,14.626662186105648,-20.542079100683043,14.626662186105648,False,-20.542079100683043,14.626662186105637,-35.16874128678868,-21.323841301121185,13.844899985667496
eigenmike,task3,recording4,2095,-39.649243014077854,-26.178677595668425,13.47056541840942,-26.178677595668425,13.47056541840942,False,-26.178677595668425,13.470565418409429,-39.649243014077854,-27.215174144378818,12.434068869699049
eigenmike,task3,recording4,2203,-30.07573271727316,-18.79576294250116,11.279969774771985,-18.79576294250116,11.279969774771985,False,-18.79576294250116,11.279969774771999,-30.07573271727316,-20.62646390493312,9.449268812340051
eigenmike,task3,recording4,2312,-21.767008106760105,-5.077673431732864,16.689334675027226,-5.077673431732864,16.689334675027226,False,-5.077673431732864,16.68933467502724,-21.767008106760105,-5.319048696376592,16.447959410383504
eigenmike,task3,recording4,2564,-22.438076795121106,-11.571394069799393,10.86668272532171,-11.571394069799393,10.86668272532171,False,-11.571394069799393,10.866682725321713,-22.438076795121106,-14.226781812889158,8.211294982231948
eigenmike,task3,recording4,2673,-10.243748159515308,-9.944234603827685,0.2995135556876107,-9.944234603827685,0.2995135556876107,False,-9.944234603827685,0.29951355568762317,-10.243748159515308,-10.690403873302138,0.4466557137868392
eigenmike,task3,recording4,2872,8.112266436785891,10.0923116306384,1.9800451938525043,10.0923116306384,1.9800451938525043,False,10.0923116306384,1.9800451938525097,8.112266436785891,13.96284611361741,5.850579676831529
eigenmike,task3,recording4,2981,19.3247012406612,19.50542698528365,0.1807257446224639,19.50542698528365,0.1807257446224639,False,19.50542698528365,0.18072574462244972,19.3247012406612,20.804283901971047,1.4795826613098484
eigenmike,task3,recording5,443,9.985714077325891,16.22894902399345,6.24323494666757,16.22894902399345,6.24323494666757,False,16.22894902399345,6.24323494666756,9.985714077325891,16.68105979841854,6.69534572109265
eigenmike,task3,recording5,509,10.880620515673526,16.52521923532741,5.644598719653885,16.52521923532741,5.644598719653885,False,16.52521923532741,5.644598719653883,10.880620515673526,17.69846607806319,6.817845562389664
eigenmike,task3,recording5,575,12.818111915298356,17.44261451997778,4.624502604679435,17.44261451997778,4.624502604679435,False,17.44261451997778,4.624502604679424,12.818111915298356,18.584104708313813,5.765992793015471
eigenmike,task3,recording5,641,11.495368617931602,19.272600024696164,7.777231406764571,19.272600024696164,7.777231406764571,False,19.272600024696164,7.777231406764562,11.495368617931602,20.53968980786902,9.04432118993742
eigenmike,task3,recording5,805,7.590041750131533,12.782570176170289,5.192528426038763,12.782570176170289,5.192528426038763,False,12.782570176170289,5.192528426038756,7.590041750131533,13.945553497730236,6.355511747598712
eigenmike,task3,recording5,870,7.095103528594223,13.361537076771738,6.266433548177503,13.361537076771738,6.266433548177503,False,13.361537076771738,6.266433548177514,7.095103528594223,14.420342403120417,7.325238874526178
eigenmike,task3,recording5,936,1.785805187435404,12.142420202966438,10.35661501553102,12.142420202966438,10.35661501553102,False,12.142420202966438,10.356615015531034,1.785805187435404,13.265518080567414,11.479712893132016
eigenmike,task3,recording5,1002,-6.468132505081729,5.798652063456027,12.26678456853776,5.798652063456027,12.26678456853776,False,5.798652063456027,12.266784568537755,-6.468132505081729,6.074167781699861,12.542300286781597
eigenmike,task3,recording5,1068,-6.215216364682884,1.7222420879087743,7.93745845259167,1.7222420879087743,7.93745845259167,False,1.7222420879087743,7.937458452591658,-6.215216364682884,1.3429135751509225,7.558129939833805
eigenmike,task3,recording5,1298,-5.282788457561412,2.356737392915356,7.639525850476758,2.356737392915356,7.639525850476758,False,2.356737392915356,7.639525850476768,-5.282788457561412,3.0966636582924227,8.379452115853837
eigenmike,task3,recording5,1364,-4.423449257674156,2.9046508052935005,7.32810006296765,2.9046508052935005,7.32810006296765,False,2.9046508052935005,7.328100062967657,-4.423449257674156,3.885895657963341,8.309344915637496
eigenmike,task3,recording5,1470,-12.506939273174206,-1.5871734389415657,10.919765834232637,-1.5871734389415657,10.919765834232637,False,-1.5871734389415657,10.91976583423264,-12.506939273174206,-1.0042311681195517,11.502708105054666
eigenmike,task3,recording5,1768,-26.227712410095386,-18.380102437363576,7.847609972731817,-18.380102437363576,7.847609972731817,False,-18.380102437363576,7.84760997273181,-26.227712410095386,-18.87977755484,7.3479348552553745
eigenmike,task3,recording5,1834,-27.402311472503555,-18.52114810655869,8.881163365944872,-18.52114810655869,8.881163365944872,False,-18.52114810655869,8.881163365944865,-27.402311472503555,-19.20275527120366,8.199556201299885
eigenmike,task3,recording5,2060,-26.185984951623247,-5.693654870552651,20.492330081070605,-5.693654870552651,20.492330081070605,False,-5.693654870552651,20.492330081070598,-26.185984951623247,-7.058051651031065,19.12793330059219
eigenmike,task3,recording5,2167,-20.9004468761892,-2.5578463771684485,18.34260049902076,-2.5578463771684485,18.34260049902076,False,-2.5578463771684485,18.34260049902075,-20.9004468761892,-3.733788112786728,17.166658763402467
eigenmike,task3,recording5,2233,-18.989798915493875,57.44465057331679,76.43444948881069,57.44465057331679,76.43444948881069,False,57.44465057331679,76.43444948881067,-18.989798915493875,-0.486154422231247,18.50364449326264
eigenmike,task3,recording5,2299,-15.582988813834229,-5.3219385689152325,10.261050244919003,-5.3219385689152325,10.261050244919003,False,-5.3219385689152325,10.261050244918996,-15.582988813834229,-5.803695576407545,9.779293237426684
eigenmike,task3,recording5,2365,-9.487432400559992,-3.841225140381868,5.64620726017813,-3.841225140381868,5.64620726017813,False,-3.841225140381868,5.646207260178125,-9.487432400559992,-5.137517744920904,4.349914655639083
eigenmike,task3,recording5,2431,-5.429220898275353,1.542719659272656,6.97194055754801,1.542719659272656,6.97194055754801,False,1.542719659272656,6.971940557548009,-5.429220898275353,0.2562245732667328,5.685445471542096
eigenmike,task4,recording1,253,-48.52011506893704,-44.19181323072407,4.328301838212951,-44.19181323072407,4.328301838212951,False,-44.19181323072407,4.328301838212965,-48.52011506893704,-45.01281368804641,3.507301380890624
eigenmike,task4,recording1,302,-40.56094911736928,-42.60438682496466,2.043437707595388,-42.60438682496466,2.043437707595388,False,-42.60438682496466,2.0434377075953734,-40.56094911736928,-43.02410813519583,2.4631590178265697
eigenmike,task4,recording1,548,14.373736130983776,15.953834411607112,1.580098280623332,15.953834411607112,1.580098280623332,False,15.953834411607112,1.5800982806233357,14.373736130983776,16.293927899530928,1.9201917685471412
eigenmike,task4,recording1,931,10.57121076842314,14.086118884102936,3.514908115679788,14.086118884102936,3.514908115679788,False,14.086118884102936,3.5149081156797966,10.57121076842314,15.359595374525762,4.788384606102625
eigenmike,task4,recording1,2390,11.05281459445467,13.174390380097982,2.121575785643301,13.174390380097982,2.121575785643301,False,13.174390380097982,2.121575785643312,11.05281459445467,14.83818822753283,3.7853736330781658
eigenmike,task4,recording1,2556,-32.86700814545321,-30.075040039088965,2.791968106364237,-30.075040039088965,2.791968106364237,False,-30.075040039088965,2.791968106364248,-32.86700814545321,-29.708856358375836,3.1581517870773723
eigenmike,task4,recording1,2853,25.237647791413263,26.25759192574857,1.0199441343353044,26.25759192574857,1.0199441343353044,False,26.25759192574857,1.019944134335308,25.237647791413263,26.58328280915867,1.3456350177453942
eigenmike,task4,recording1,3386,-6.381620664261736,-6.772993788857082,0.3913731245953329,-6.772993788857082,0.3913731245953329,False,-6.772993788857082,0.39137312459534623,-6.381620664261736,-6.659612099099399,0.2779914348376735
eigenmike,task4,recording1,3793,19.711427155180644,27.817788282318784,8.106361127138143,27.817788282318784,8.106361127138143,False,27.817788282318784,8.10636112713814,19.711427155180644,27.31366073188165,7.602233576700996
eigenmike,task4,recording1,5113,-19.97468725987379,-11.290395678224511,8.68429158164929,-11.290395678224511,8.68429158164929,False,-11.290395678224511,8.684291581649278,-19.97468725987379,-12.058309615942727,7.916377643931071
eigenmike,task4,recording1,5163,-22.62115043825957,-16.41753810328331,6.20361233497627,-16.41753810328331,6.20361233497627,False,-16.41753810328331,6.20361233497626,-22.62115043825957,-17.780689696192272,4.840460742067307
eigenmike,task4,recording1,5687,-45.98747177588896,-50.378672707263874,4.391200931374925,-50.378672707263874,4.391200931374925,False,-50.378672707263874,4.391200931374911,-45.98747177588896,-44.363893251822354,1.623578524066602
eigenmike,task4,recording1,6004,-48.892781450241024,-43.138327280962685,5.754454169278347,-43.138327280962685,5.754454169278347,False,-43.138327280962685,5.75445416927834,-48.892781450241024,-43.840555568331474,5.05222588190955
eigenmike,task4,recording1,6464,7.051435311935137,1.594499552790023,5.456935759145125,1.594499552790023,5.456935759145125,False,1.594499552790023,5.456935759145114,7.051435311935137,1.280001371537567,5.771433940397571
eigenmike,task4,recording1,6513,9.390990012933734,12.580694957652918,3.189704944719182,12.580694957652918,3.189704944719182,False,12.580694957652918,3.1897049447191836,9.390990012933734,14.06891107578148,4.677921062847759
eigenmike,task4,recording1,6562,12.57717118561504,42.81095040546239,30.23377921984735,42.81095040546239,30.23377921984735,False,42.81095040546239,30.233779219847353,12.57717118561504,53.42209599880418,40.84492481318915
eigenmike,task4,recording1,6612,18.31498778167022,55.06040372798656,36.74541594631634,55.06040372798656,36.74541594631634,False,55.06040372798656,36.74541594631634,18.31498778167022,57.53706728821695,39.22207950654672
eigenmike,task4,recording1,7435,57.15532426701937,54.63859463039889,2.5167296366204823,54.63859463039889,2.5167296366204823,False,54.63859463039889,2.516729636620475,57.15532426701937,54.21589064583908,2.939433621180285
eigenmike,task4,recording1,8204,-3.728423327417064,1.953199843094354,5.681623170511415,1.953199843094354,5.681623170511415,False,1.953199843094354,5.681623170511418,-3.728423327417064,1.1997546829203796,4.928178010337433
eigenmike,task4,recording1,8525,4.807056850401714,3.956652108938777,0.8504047414629383,3.956652108938777,0.8504047414629383,False,3.956652108938777,0.8504047414629365,4.807056850401714,4.740760834617282,0.0662960157844452
eigenmike,task4,recording2,326,13.19845663307628,16.818107396460345,3.619650763384072,16.818107396460345,3.619650763384072,False,16.818107396460345,3.6196507633840653,13.19845663307628,17.96446392822384,4.766007295147546
eigenmike,task4,recording2,735,-12.441039948469236,0.058145703818033,12.49918565228728,0.058145703818033,12.49918565228728,False,0.058145703818033,12.499185652287268,-12.441039948469236,0.0059457616358771,12.44698571010511
eigenmike,task4,recording2,1101,-34.35815267746099,-34.856475562925425,0.4983228854644324,-34.856475562925425,0.4983228854644324,False,-34.856475562925425,0.4983228854644324,-34.35815267746099,-34.899104949363114,0.540952271902114
eigenmike,task4,recording2,1545,-61.32726209063726,-52.4938441229426,8.833417967694658,-52.4938441229426,8.833417967694658,False,-52.4938441229426,8.833417967694665,-61.32726209063726,-55.00388607374542,6.323376016891842
eigenmike,task4,recording2,1910,-40.59673092428409,-44.634024765863884,4.03729384157981,-44.634024765863884,4.03729384157981,False,-44.634024765863884,4.037293841579796,-40.59673092428409,-45.93300481790406,5.336273893619989
eigenmike,task4,recording2,2385,-36.14315832320007,-32.79851780754561,3.344640515654476,-32.79851780754561,3.344640515654476,False,-32.79851780754561,3.3446405156544614,-36.14315832320007,-33.919052490530355,2.2241058326697214
eigenmike,task4,recording2,2750,-51.51348022052788,-45.84096398315752,5.67251623737036,-45.84096398315752,5.67251623737036,False,-45.84096398315752,5.67251623737036,-51.51348022052788,-46.24049067840662,5.272989542121252
eigenmike,task4,recording2,3031,-50.204670685119545,-44.73989606448649,5.464774620633051,-44.73989606448649,5.464774620633051,False,-44.73989606448649,5.464774620633058,-50.204670685119545,-45.66420844992943,4.54046223519012
eigenmike,task4,recording2,3396,-1.9274455091587748,-1.801228593672555,0.1262169154862249,-1.801228593672555,0.1262169154862249,False,-1.801228593672555,0.12621691548621983,-1.9274455091587748,-1.2081120378858818,0.719333471272904
eigenmike,task4,recording2,3858,19.811314599789217,23.48683794197373,3.675523342184505,23.48683794197373,3.675523342184505,False,23.48683794197373,3.675523342184512,19.811314599789217,24.313020319712138,4.50170571992291
eigenmike,task4,recording2,4236,-0.9144475002280488,4.945736011755137,5.860183511983195,4.945736011755137,5.860183511983195,False,4.945736011755137,5.860183511983186,-0.9144475002280488,5.833661166056653,6.748108666284708
eigenmike,task4,recording2,4627,8.871751185096917,11.460781740584308,2.5890305554873976,11.460781740584308,2.5890305554873976,False,11.460781740584308,2.5890305554873905,8.871751185096917,12.328827028966623,3.457075843869717
eigenmike,task4,recording2,5115,-32.39522766707248,-8.612069188653349,23.783158478419125,-8.612069188653349,23.783158478419125,False,-8.612069188653349,23.783158478419132,-32.39522766707248,-7.663439578898951,24.73178808817352
eigenmike,task4,recording2,5496,-35.06058971047332,-35.25432246879971,0.1937327583263766,-35.25432246879971,0.1937327583263766,False,-35.25432246879971,0.1937327583263837,-35.06058971047332,-33.43626420834115,1.624325502132166
eigenmike,task4,recording2,5861,-36.2051975664449,-52.73653197938484,16.53133441293994,-52.73653197938484,16.53133441293994,False,-52.73653197938484,16.53133441293994,-36.2051975664449,-41.6417069947946,5.436509428349694
eigenmike,task4,recording2,6255,-4.613728732483181,-3.108721765203045,1.5050069672801385,-3.108721765203045,1.5050069672801385,False,-3.108721765203045,1.5050069672801358,-4.613728732483181,-4.376101299870263,0.2376274326129248
eigenmike,task4,recording2,6619,-5.097352017251786,-2.6097079767936435,2.48764404045815,-2.6097079767936435,2.48764404045815,False,-2.6097079767936435,2.487644040458142,-5.097352017251786,-2.371667897831583,2.725684119420208
eigenmike,task4,recording2,7009,44.14001557137094,43.33050611514403,0.8095094562269196,43.33050611514403,0.8095094562269196,False,43.33050611514403,0.8095094562269054,44.14001557137094,44.60114452823297,0.4611289568620407
eigenmike,task4,recording2,7466,33.39988879558086,35.694525347244806,2.294636551663956,35.694525347244806,2.294636551663956,False,35.694525347244806,2.294636551663949,33.39988879558086,36.34326022470173,2.943371429120873
eigenmike,task4,recording2,7832,-6.138000582669218,3.815387965163055,9.953388547832276,3.815387965163055,9.953388547832276,False,3.815387965163055,9.953388547832272,-6.138000582669218,5.067332013250539,11.205332595919742
eigenmike,task4,recording3,240,-3.2959059059733318,28.97435614653048,32.270262052503824,28.97435614653048,32.270262052503824,False,28.97435614653048,32.27026205250381,-3.2959059059733318,6.085733147829199,9.38163905380253
eigenmike,task4,recording3,1085,-6.188160758693932,-1.015414510655995,5.1727462480379245,-1.015414510655995,5.1727462480379245,False,-1.015414510655995,5.172746248037937,-6.188160758693932,-1.1284470238966573,5.059713734797271
eigenmike,task4,recording3,1285,-40.3169114769424,-37.63000574064443,2.686905736297973,-37.63000574064443,2.686905736297973,False,-37.63000574064443,2.686905736297973,-40.3169114769424,-38.836438164947374,1.4804733119950129
eigenmike,task4,recording3,1962,35.62200807483995,38.10811408197953,2.486106007139597,38.10811408197953,2.486106007139597,False,38.10811408197953,2.4861060071395826,35.62200807483995,39.78058925714931,4.158581182309376
eigenmike,task4,recording3,2618,-41.53944358968819,-35.49937154015563,6.040072049532569,-35.49937154015563,6.040072049532569,False,-35.49937154015563,6.0400720495325615,-41.53944358968819,-35.7859760985126,5.753467491175599
eigenmike,task4,recording3,2886,-54.91463190789446,-61.110879020441146,6.1962471125467005,-61.110879020441146,6.1962471125467005,False,-61.110879020441146,6.196247112546686,-54.91463190789446,-62.45173235855416,7.537100450659693
eigenmike,task4,recording3,3564,-22.155115303224346,-14.821792616514209,7.333322686710147,-14.821792616514209,7.333322686710147,False,-14.821792616514209,7.333322686710137,-22.155115303224346,-17.70838791020745,4.446727393016886
eigenmike,task4,recording3,4310,-0.7857456343515725,0.4560825642486585,1.241828198600217,0.4560825642486585,1.241828198600217,False,0.4560825642486585,1.241828198600231,-0.7857456343515725,0.3588599686922545,1.1446056030438283
eigenmike,task4,recording3,4663,-0.8168858454174914,2.2422982092933443,3.0591840547108404,2.2422982092933443,3.0591840547108404,False,2.2422982092933443,3.059184054710836,-0.8168858454174914,3.5825983402816948,4.39948418569918
eigenmike,task4,recording3,4814,-44.02757156646428,-38.10141900824322,5.926152558221048,-38.10141900824322,5.926152558221048,False,-38.10141900824322,5.926152558221062,-44.02757156646428,-39.61981743897615,4.407754127488119
eigenmike,task4,recording3,5329,-3.4044556810805013,-0.748971959566079,2.655483721514429,-0.748971959566079,2.655483721514429,False,-0.748971959566079,2.6554837215144222,-3.4044556810805013,-0.3705543821900583,3.033901298890441
eigenmike,task4,recording3,5543,-44.697006902619535,-39.651546722076176,5.045460180543358,-39.651546722076176,5.045460180543358,False,-39.651546722076176,5.045460180543358,-44.697006902619535,-40.19898076705024,4.49802613556929
eigenmike,task4,recording3,5610,-44.73164698975268,-38.58517010336383,6.146476886388854,-38.58517010336383,6.146476886388854,False,-38.58517010336383,6.146476886388854,-44.73164698975268,-39.69881711245245,5.03282987730023
eigenmike,task4,recording3,5761,20.05024037829258,20.976710862509087,0.9264704842165088,20.976710862509087,0.9264704842165088,False,20.976710862509087,0.9264704842165052,20.05024037829258,21.776763649099763,1.7265232708071778
eigenmike,task4,recording3,5938,-26.55949668563713,-27.41452462832935,0.8550279426922316,-27.41452462832935,0.8550279426922316,False,-27.41452462832935,0.8550279426922209,-26.55949668563713,-28.758760270157183,2.199263584520054
eigenmike,task4,recording3,6318,30.84453505525404,29.18523408586815,1.659300969385896,29.18523408586815,1.659300969385896,False,29.18523408586815,1.659300969385889,30.84453505525404,33.63982384926662,2.7952887940125777
eigenmike,task4,recording3,6385,31.76905178829433,38.29613158900208,6.527079800707753,38.29613158900208,6.527079800707753,False,38.29613158900208,6.5270798007077495,31.76905178829433,43.25737198713922,11.488320198844889
eigenmike,task4,recording3,6781,34.54017342261365,66.05120410819244,31.51103068557879,66.05120410819244,31.51103068557879,False,66.05120410819244,31.51103068557879,34.54017342261365,66.37088489630717,31.83071147369353
eigenmike,task4,recording3,6847,34.69155395123923,59.49699149291905,24.805437541679822,59.49699149291905,24.805437541679822,False,59.49699149291905,24.805437541679822,34.69155395123923,59.84894407104673,25.157390119807506
eigenmike,task4,recording3,7314,-29.103518089923085,-23.023817573379343,6.079700516543738,-23.023817573379343,6.079700516543738,False,-23.023817573379343,6.079700516543742,-29.103518089923085,-23.841394075305253,5.262124014617825
eigenmike,task4,recording4,377,-33.739199481248264,-31.50599275278728,2.2332067284609707,-31.50599275278728,2.2332067284609707,False,-31.50599275278728,2.233206728460985,-33.739199481248264,-31.250629394011785,2.488570087236468
eigenmike,task4,recording4,783,-39.42693242866733,-33.51632024816394,5.910612180503392,-33.51632024816394,5.910612180503392,False,-33.51632024816394,5.910612180503385,-39.42693242866733,-33.85423913005506,5.572693298612251
eigenmike,task4,recording4,845,-42.005586039715695,-34.50363846151093,7.501947578204749,-34.50363846151093,7.501947578204749,False,-34.50363846151093,7.5019475782047635,-42.005586039715695,-34.70333225577685,7.302253783938852
eigenmike,task4,recording4,1179,-48.02584127286322,-41.220527777915706,6.805313494947512,-41.220527777915706,6.805313494947512,False,-41.220527777915706,6.805313494947512,-48.02584127286322,-42.40493257070244,5.62090870216079
eigenmike,task4,recording4,1802,-16.382688332169703,-16.85462799277801,0.4719396606083137,-16.85462799277801,0.4719396606083137,False,-16.85462799277801,0.4719396606083066,-16.382688332169703,-17.686407740128672,1.3037194079589651
eigenmike,task4,recording4,1864,-10.731025495016592,-11.587783285942647,0.8567577909260535,-11.587783285942647,0.8567577909260535,False,-11.587783285942647,0.8567577909260553,-10.731025495016592,-12.662781884486282,1.9317563894696832
eigenmike,task4,recording4,2261,19.72909670253335,33.24362906127834,13.514532358744988,33.24362906127834,13.514532358744988,False,33.24362906127834,13.51453235874499,19.72909670253335,27.06735886473671,7.338262162203364
eigenmike,task4,recording4,2778,50.01762493248238,49.49980651506415,0.5178184174182263,49.49980651506415,0.5178184174182263,False,49.49980651506415,0.5178184174182263,50.01762493248238,50.0732102688274,0.0555853363450182
eigenmike,task4,recording4,3054,16.357617429583865,24.919861243037808,8.562243813453932,24.919861243037808,8.562243813453932,False,24.919861243037808,8.562243813453943,16.357617429583865,25.38666130313896,9.02904387355511
eigenmike,task4,recording4,3740,-16.718196417140486,-7.709911969369924,9.008284447770563,-7.709911969369924,9.008284447770563,False,-7.709911969369924,9.008284447770563,-16.718196417140486,-6.940874339334006,9.777322077806474
eigenmike,task4,recording4,4163,-32.26006458395808,-28.688733203501616,3.5713313804564564,-28.688733203501616,3.5713313804564564,False,-28.688733203501616,3.571331380456467,-32.26006458395808,-28.912360036143337,3.347704547814743
eigenmike,task4,recording4,4225,-36.5735911406402,-25.93635060381428,10.637240536825914,-25.93635060381428,10.637240536825914,False,-25.93635060381428,10.637240536825917,-36.5735911406402,-26.397985468632577,10.175605672007634
eigenmike,task4,recording4,4744,16.91572226150522,44.08534063959083,27.1696183780856,44.08534063959083,27.1696183780856,False,44.08534063959083,27.169618378085612,16.91572226150522,43.38219618883336,26.46647392732814
eigenmike,task4,recording4,4890,-57.43053823601981,-44.79477930592329,12.635758930096529,-44.79477930592329,12.635758930096529,False,-44.79477930592329,12.635758930096515,-57.43053823601981,-45.74743989086726,11.68309834515253
eigenmike,task4,recording4,5209,-56.40590335979591,-30.76865706885688,25.637246290939032,-30.76865706885688,25.637246290939032,False,-30.76865706885688,25.63724629093903,-56.40590335979591,-29.385429122710487,27.02047423708541
eigenmike,task4,recording4,5271,-55.295628243731926,-19.150977862370542,36.14465038136137,-19.150977862370542,36.14465038136137,False,-19.150977862370542,36.14465038136139,-55.295628243731926,-23.24026804910661,32.05536019462531
eigenmike,task4,recording4,5425,12.124064898879997,15.728497793051355,3.6044328941713673,15.728497793051355,3.6044328941713673,False,15.728497793051355,3.6044328941713584,12.124064898879997,16.19252073561429,4.068455836734302
eigenmike,task4,recording4,6027,14.650047692376813,24.428567266394783,9.778519574017963,24.428567266394783,9.778519574017963,False,24.428567266394783,9.77851957401797,14.650047692376813,22.251315207753542,7.601267515376719
eigenmike,task4,recording4,6976,47.63323173423867,56.00769789438535,8.374466160146682,56.00769789438535,8.374466160146682,False,56.00769789438535,8.374466160146682,47.63323173423867,55.74236358027202,8.109131846033335
eigenmike,task4,recording4,7300,43.69579644440174,50.46792164981881,6.772125205417069,50.46792164981881,6.772125205417069,False,50.46792164981881,6.772125205417069,43.69579644440174,50.96813492899136,7.272338484589625
eigenmike,task4,recording5,307,-48.82868909783159,-43.02516266418737,5.803526433644208,-43.02516266418737,5.803526433644208,False,-43.02516266418737,5.8035264336442225,-48.82868909783159,-44.16769062815493,4.660998469676656
eigenmike,task4,recording5,351,-47.912870407674895,-42.47499646999839,5.4378739376765,-42.47499646999839,5.4378739376765,False,-42.47499646999839,5.437873937676507,-47.912870407674895,-43.465787935503776,4.447082472171132
eigenmike,task4,recording5,396,-46.42565790086801,-42.13983319014336,4.285824710724654,-42.13983319014336,4.285824710724654,False,-42.13983319014336,4.285824710724654,-46.42565790086801,-42.708761859194986,3.71689604167301
eigenmike,task4,recording5,440,-44.028859960988335,-41.56754093079753,2.461319030190793,-41.56754093079753,2.461319030190793,False,-41.56754093079753,2.4613190301908077,-44.028859960988335,-41.86114975158733,2.167710209401008
eigenmike,task4,recording5,484,-42.52843453868627,-38.35317732800035,4.175257210685913,-38.35317732800035,4.175257210685913,False,-38.35317732800035,4.1752572106859205,-42.52843453868627,-39.313525913085314,3.2149086256009696
eigenmike,task4,recording5,1052,14.322140720723253,14.434893606565486,0.1127528858422408,14.434893606565486,0.1127528858422408,False,14.434893606565486,0.11275288584223375,14.322140720723253,15.148872242645032,0.8267315219217721
eigenmike,task4,recording5,1096,19.92714394494069,21.71964571347559,1.7925017685348903,21.71964571347559,1.7925017685348903,False,21.71964571347559,1.7925017685349012,19.92714394494069,23.46951789292627,3.542373947985567
eigenmike,task4,recording5,2248,-38.16617393406815,-38.001355764791775,0.1648181692763728,-38.001355764791775,0.1648181692763728,False,-38.001355764791775,0.16481816927637283,-38.16617393406815,-38.87439598830168,0.7082220542335449
eigenmike,task4,recording5,2473,4.8974170674100295,26.101449775208213,21.204032707798177,26.101449775208213,21.204032707798177,False,26.101449775208213,21.204032707798184,4.8974170674100295,20.002817398918356,15.10540033150832
eigenmike,task4,recording5,4007,-19.163166490557472,79.99965486413433,99.1628213546918,79.99965486413433,99.1628213546918,False,79.99965486413433,99.1628213546918,-19.163166490557472,80.0,99.1631664905575
eigenmike,task4,recording5,4313,36.76723848069081,36.65509006923367,0.1121484114571558,36.65509006923367,0.1121484114571558,False,36.65509006923367,0.1121484114571345,36.76723848069081,38.40475251417492,1.6375140334841092
eigenmike,task4,recording5,4357,36.85997274895802,37.85361020085749,0.993637451899474,37.85361020085749,0.993637451899474,False,37.85361020085749,0.9936374518994668,36.85997274895802,39.45510587479205,2.5951331258340247
eigenmike,task4,recording5,4979,-13.81785077604836,-6.997891861800029,6.819958914248332,-6.997891861800029,6.819958914248332,False,-6.997891861800029,6.819958914248331,-13.81785077604836,-6.692808586458816,7.12504218958955
eigenmike,task4,recording5,5107,-25.35168864536281,-31.629440525496133,6.277751880133337,-31.629440525496133,6.277751880133337,False,-31.629440525496133,6.277751880133323,-25.35168864536281,-27.42321063720897,2.0715219918461685
eigenmike,task4,recording5,5151,-22.414787240749128,-14.43944721235288,7.975340028396259,-14.43944721235288,7.975340028396259,False,-14.43944721235288,7.975340028396248,-22.414787240749128,-18.071231895339636,4.343555345409499
eigenmike,task4,recording5,5662,-37.63314363246487,-34.9104058332644,2.7227377992004733,-34.9104058332644,2.7227377992004733,False,-34.9104058332644,2.7227377992004733,-37.63314363246487,-36.87858517695381,0.7545584555110452
eigenmike,task4,recording5,6210,26.304837912973998,39.5654915792706,13.260653666296603,39.5654915792706,13.260653666296603,False,39.5654915792706,13.260653666296601,26.304837912973998,37.54700126654028,11.242163353566298
eigenmike,task4,recording5,6717,17.89844616526163,25.23496006773717,7.336513902475531,25.23496006773717,7.336513902475531,False,25.23496006773717,7.3365139024755415,17.89844616526163,25.265184713674767,7.366738548413139
eigenmike,task4,recording5,7095,45.43974205230225,59.53003649908983,14.090294446787595,59.53003649908983,14.090294446787595,False,59.53003649908983,14.090294446787581,45.43974205230225,60.19402701154459,14.75428495924234
eigenmike,task4,recording5,7139,47.83251770935808,49.107233146346985,1.274715436988913,49.107233146346985,1.274715436988913,False,49.107233146346985,1.274715436988906,47.83251770935808,49.75282614982204,1.9203084404639696
robothead,task1,recording1,294,12.95920799588529,13.363741026506275,0.4045330306209962,13.363741026506275,0.4045330306209962,False,13.363741026506275,0.40453303062098556,12.95920799588529,13.050514286607516,0.0913062907222297
robothead,task1,recording1,307,12.95920799588529,13.38120078129622,0.4219927854109357,13.38120078129622,0.4219927854109357,False,13.38120078129622,0.42199278541093044,12.95920799588529,13.030440774245442,0.0712327783601551
robothead,task1,recording1,321,12.95920799588529,13.610318427222412,0.6511104313371163,13.610318427222412,0.6511104313371163,False,13.610318427222412,0.6511104313371217,12.95920799588529,12.96399355708527,0.0047855611999807
robothead,task1,recording1,334,12.95920799588529,13.296944657949377,0.3377366620640885,13.296944657949377,0.3377366620640885,False,13.296944657949377,0.3377366620640867,12.95920799588529,12.959451306653694,0.0002433107684112
robothead,task1,recording1,347,12.95920799588529,13.36151838586413,0.4023103899788509,13.36151838586413,0.4023103899788509,False,13.36151838586413,0.4023103899788403,12.95920799588529,12.996814728285768,0.0376067324004907
robothead,task1,recording1,360,12.95920799588529,13.532219020235088,0.5730110243497961,13.532219020235088,0.5730110243497961,False,13.532219020235088,0.5730110243497979,12.95920799588529,13.017496398245282,0.0582884023600058
robothead,task1,recording1,374,12.95920799588529,13.444950588254043,0.4857425923687515,13.444950588254043,0.4857425923687515,False,13.444950588254043,0.4857425923687533,12.95920799588529,13.071569916789628,0.112361920904334
robothead,task1,recording1,387,12.95920799588529,13.235211632905433,0.2760036370201533,13.235211632905433,0.2760036370201533,False,13.235211632905433,0.27600363702014263,12.95920799588529,12.907512942195554,0.0516950536897411
robothead,task1,recording1,400,12.95920799588529,13.337590307147076,0.3783823112617881,13.337590307147076,0.3783823112617881,False,13.337590307147076,0.37838231126178634,12.95920799588529,13.124342919586416,0.1651349237011175
robothead,task1,recording1,413,12.95920799588529,13.334750190379536,0.3755421944942441,13.334750190379536,0.3755421944942441,False,13.334750190379536,0.37554219449424586,12.95920799588529,13.27197534439964,0.3127673485143418
robothead,task1,recording1,555,12.95920799588529,13.466045800885365,0.5068378050000604,13.466045800885365,0.5068378050000604,False,13.466045800885365,0.5068378050000746,12.95920799588529,12.668057324082117,0.291150671803166
robothead,task1,recording1,568,12.95920799588529,13.173353427456886,0.2141454315716089,13.173353427456886,0.2141454315716089,False,13.173353427456886,0.2141454315715965,12.95920799588529,12.881182137844949,0.0780258580403483
robothead,task1,recording1,581,12.95920799588529,12.72642489453392,0.232783101351373,12.72642489453392,0.232783101351373,False,12.72642489453392,0.23278310135136948,12.95920799588529,12.425191165610787,0.5340168302745099
robothead,task1,recording1,594,12.95920799588529,13.236691944837396,0.2774839489520957,13.236691944837396,0.2774839489520957,False,13.236691944837396,0.2774839489521064,12.95920799588529,13.020195247017298,0.060987251132019
robothead,task1,recording1,608,12.95920799588529,13.20662450030972,0.2474165044244216,13.20662450030972,0.2474165044244216,False,13.20662450030972,0.24741650442443053,12.95920799588529,12.998978508060745,0.0397705121754654
robothead,task1,recording1,621,12.95920799588529,13.282639380308696,0.3234313844234009,13.282639380308696,0.3234313844234009,False,13.282639380308696,0.32343138442340624,12.95920799588529,13.006472890053312,0.0472648941680233
robothead,task1,recording1,634,12.95920799588529,13.33983687588906,0.3806288800037691,13.33983687588906,0.3806288800037691,False,13.33983687588906,0.38062888000377093,12.95920799588529,13.081804578010932,0.1225965821256522
robothead,task1,recording1,647,12.95920799588529,13.626741063693965,0.6675330678086766,13.626741063693965,0.6675330678086766,False,13.626741063693965,0.6675330678086748,12.95920799588529,13.576112523474448,0.6169045275891563
robothead,task1,recording1,661,12.95920799588529,13.35043809759769,0.3912301017124093,13.35043809759769,0.3912301017124093,False,13.35043809759769,0.39123010171240047,12.95920799588529,13.084939518370875,0.1257315224855801
robothead,task1,recording1,674,12.95920799588529,13.45406826306282,0.494860267177529,13.45406826306282,0.494860267177529,False,13.45406826306282,0.49486026717753084,12.95920799588529,13.248637515710248,0.2894295198249494
robothead,task1,recording10,91,-10.728892053035374,-10.270605600126974,0.4582864529083963,-10.270605600126974,0.4582864529083963,False,-10.270605600126974,0.45828645290839987,-10.728892053035374,-10.444202050210752,0.2846900028246182
robothead,task1,recording10,119,-10.728892053035374,-10.377821151727757,0.3510709013076223,-10.377821151727757,0.3510709013076223,False,-10.377821151727757,0.351070901307617,-10.728892053035374,-10.530457188596213,0.1984348644391502
robothead,task1,recording10,146,-10.728892053035374,-10.21624041799899,0.5126516350363772,-10.21624041799899,0.5126516350363772,False,-10.21624041799899,0.5126516350363843,-10.728892053035374,-10.273464526106466,0.4554275269289007
robothead,task1,recording10,174,-10.728892053035374,-10.174922047870972,0.5539700051643877,-10.174922047870972,0.5539700051643877,False,-10.174922047870972,0.5539700051644019,-10.728892053035374,-10.135735141086684,0.5931569119486824
robothead,task1,recording10,202,-10.728892053035374,-10.114089267363342,0.6148027856720262,-10.114089267363342,0.6148027856720262,False,-10.114089267363342,0.6148027856720315,-10.728892053035374,-10.180177764186803,0.5487142888485721
robothead,task1,recording10,229,-10.728892053035374,-10.18291369531101,0.5459783577243513,-10.18291369531101,0.5459783577243513,False,-10.18291369531101,0.5459783577243638,-10.728892053035374,-10.099096857496852,0.6297951955385201
robothead,task1,recording10,257,-10.728892053035374,-10.32234426489648,0.4065477881388801,-10.32234426489648,0.4065477881388801,False,-10.32234426489648,0.40654778813889436,-10.728892053035374,-10.474264914646149,0.2546271383892247
robothead,task1,recording10,328,-10.728892053035374,-10.15167267154446,0.5772193814909201,-10.15167267154446,0.5772193814909201,False,-10.15167267154446,0.577219381490913,-10.728892053035374,-10.02886010568077,0.7000319473546028
robothead,task1,recording10,356,-10.728892053035374,-10.201580147961064,0.5273119050742991,-10.201580147961064,0.5273119050742991,False,-10.201580147961064,0.5273119050743098,-10.728892053035374,-10.18384233306786,0.5450497199675226
robothead,task1,recording10,384,-10.728892053035374,-10.15755933087354,0.5713327221618272,-10.15755933087354,0.5713327221618272,False,-10.15755933087354,0.5713327221618343,-10.728892053035374,-10.079533450092857,0.6493586029425273
robothead,task1,recording10,411,-10.728892053035374,-10.13711574650092,0.5917763065344559,-10.13711574650092,0.5917763065344559,False,-10.13711574650092,0.5917763065344541,-10.728892053035374,-10.06549125516974,0.66340079786562
robothead,task1,recording10,439,-10.728892053035374,-9.899544959587852,0.8293470934475238,-9.899544959587852,0.8293470934475238,False,-9.899544959587852,0.829347093447522,-10.728892053035374,-9.652056194620648,1.0768358584147393
robothead,task1,recording10,467,-10.728892053035374,-10.195576111072011,0.533315941963366,-10.195576111072011,0.533315941963366,False,-10.195576111072011,0.5333159419633624,-10.728892053035374,-10.239287577460908,0.4896044755744526
robothead,task1,recording10,494,-10.728892053035374,-10.21824533256842,0.5106467204669514,-10.21824533256842,0.5106467204669514,False,-10.21824533256842,0.5106467204669531,-10.728892053035374,-10.42432183054796,0.3045702224874276
robothead,task1,recording10,522,-10.728892053035374,-10.378943754807649,0.34994829822773,-10.378943754807649,0.34994829822773,False,-10.378943754807649,0.34994829822772466,-10.728892053035374,-10.354956864826717,0.3739351882086623
robothead,task1,recording10,549,-10.728892053035374,-10.253443714269991,0.4754483387653749,-10.253443714269991,0.4754483387653749,False,-10.253443714269991,0.47544833876538206,-10.728892053035374,-10.264174151699228,0.4647179013361437
robothead,task1,recording10,577,-10.728892053035374,-10.150779958971876,0.5781120940634992,-10.150779958971876,0.5781120940634992,False,-10.150779958971876,0.5781120940634974,-10.728892053035374,-10.061608699900344,0.6672833531350193
robothead,task1,recording10,605,-10.728892053035374,-10.064054071509382,0.6648379815259773,-10.064054071509382,0.6648379815259773,False,-10.064054071509382,0.6648379815259915,-10.728892053035374,-9.92612936871228,0.8027626843230848
robothead,task1,recording10,632,-10.728892053035374,-10.126606289590452,0.602285763444911,-10.126606289590452,0.602285763444911,False,-10.126606289590452,0.6022857634449217,-10.728892053035374,-10.002058627438563,0.7268334255968227
robothead,task1,recording10,660,-10.728892053035374,-10.185920254990144,0.5429717980452438,-10.185920254990144,0.5429717980452438,False,-10.185920254990144,0.5429717980452295,-10.728892053035374,-10.16309475206664,0.5657973009687396
robothead,task1,recording11,107,49.17518968918761,49.30265743207295,0.1274677428853294,49.30265743207295,0.1274677428853294,False,49.30265743207295,0.12746774288533658,49.17518968918761,49.13328502604465,0.041904663142958
robothead,task1,recording11,128,49.17518968918761,49.64983474701826,0.4746450578306564,49.64983474701826,0.4746450578306564,False,49.64983474701826,0.47464505783064936,49.17518968918761,49.3279053513082,0.1527156621205847
robothead,task1,recording11,149,49.17518968918761,49.35940600852009,0.1842163193324779,49.35940600852009,0.1842163193324779,False,49.35940600852009,0.18421631933247795,49.17518968918761,49.1979737435169,0.0227840543292927
robothead,task1,recording11,171,49.17518968918761,49.44308314218853,0.2678934530009087,49.44308314218853,0.2678934530009087,False,49.44308314218853,0.2678934530009158,49.17518968918761,49.28573766974024,0.1105479805526385
robothead,task1,recording11,192,49.17518968918761,49.42742383010248,0.2522341409148794,49.42742383010248,0.2522341409148794,False,49.42742383010248,0.2522341409148652,49.17518968918761,49.25777880646989,0.0825891172822821
robothead,task1,recording11,213,49.17518968918761,49.48980487579221,0.3146151866046125,49.48980487579221,0.3146151866046125,False,49.48980487579221,0.3146151866045983,49.17518968918761,49.3381155165724,0.1629258273847824
robothead,task1,recording11,234,49.17518968918761,49.48152478799623,0.3063350988086313,49.48152478799623,0.3063350988086313,False,49.48152478799623,0.3063350988086171,49.17518968918761,49.25191344985267,0.076723760665061
robothead,task1,recording11,255,49.17518968918761,49.29528031151164,0.1200906223240281,49.29528031151164,0.1200906223240281,False,49.29528031151164,0.12009062232402812,49.17518968918761,49.15369682193641,0.0214928672511973
robothead,task1,recording11,277,49.17518968918761,49.36568015024881,0.1904904610611879,49.36568015024881,0.1904904610611879,False,49.36568015024881,0.19049046106119505,49.17518968918761,49.20835908144712,0.0331693922595093
robothead,task1,recording11,487,49.17518968918761,49.887631829744656,0.7124421405570445,49.887631829744656,0.7124421405570445,False,49.887631829744656,0.7124421405570445,49.17518968918761,49.49095751366867,0.3157678244810427
robothead,task1,recording11,508,49.17518968918761,49.917778596342025,0.7425889071544134,49.917778596342025,0.7425889071544134,False,49.917778596342025,0.7425889071544134,49.17518968918761,49.481109761853176,0.3059200726655717
robothead,task1,recording11,529,49.17518968918761,49.3799064372168,0.2047167480291705,49.3799064372168,0.2047167480291705,False,49.3799064372168,0.20471674802919182,49.17518968918761,49.20554800128016,0.0303583120925452
robothead,task1,recording11,551,49.17518968918761,49.440067831418624,0.264878142230998,49.440067831418624,0.264878142230998,False,49.440067831418624,0.26487814223101225,49.17518968918761,49.27285746668467,0.0976677774970653
robothead,task1,recording11,572,49.17518968918761,49.51574003489928,0.3405503457116765,49.51574003489928,0.3405503457116765,False,49.51574003489928,0.3405503457116694,49.17518968918761,49.30374092962251,0.1285512404348878
robothead,task1,recording11,593,49.17518968918761,49.48890632592653,0.313716636738917,49.48890632592653,0.313716636738917,False,49.48890632592653,0.31371663673891703,49.17518968918761,49.293498337290885,0.118308648103266
robothead,task1,recording11,614,49.17518968918761,49.463167197470526,0.2879775082829212,49.463167197470526,0.2879775082829212,False,49.463167197470526,0.28797750828291413,49.17518968918761,49.26622858526758,0.091038896079965
robothead,task1,recording11,635,49.17518968918761,49.37848545475983,0.2032957655722214,49.37848545475983,0.2032957655722214,False,49.37848545475983,0.2032957655722214,49.17518968918761,49.18301181633259,0.0078221271449763
robothead,task1,recording11,657,49.17518968918761,49.24736718426661,0.0721774950789893,49.24736718426661,0.0721774950789893,False,49.24736718426661,0.0721774950789964,49.17518968918761,49.06774129688012,0.1074483923075035
robothead,task1,recording11,678,49.17518968918761,49.19478602534858,0.0195963361609869,49.19478602534858,0.0195963361609869,False,49.19478602534858,0.019596336160965677,49.17518968918761,49.09594699717948,0.0792426920081368
robothead,task1,recording11,699,49.17518968918761,49.22776412289176,0.0525744337041373,49.22776412289176,0.0525744337041373,False,49.22776412289176,0.0525744337041516,49.17518968918761,49.13536841357139,0.0398212756162195
robothead,task1,recording12,182,-67.65799484036617,-65.47328040560652,2.1847144347596554,-65.47328040560652,2.1847144347596554,False,-65.47328040560652,2.1847144347596554,-67.65799484036617,-64.72525339583613,2.932741444530052
robothead,task1,recording12,209,-67.65799484036617,-64.89947708351717,2.7585177568490167,-64.89947708351717,2.7585177568490167,False,-64.89947708351717,2.7585177568490025,-67.65799484036617,-65.38057680733205,2.2774180330341096
robothead,task1,recording12,236,-67.65799484036617,-64.96339957635301,2.6945952640131736,-64.96339957635301,2.6945952640131736,False,-64.96339957635301,2.6945952640131594,-67.65799484036617,-65.38493635141141,2.273058488954746
robothead,task1,recording12,263,-67.65799484036617,-65.08663273967741,2.5713621006887597,-65.08663273967741,2.5713621006887597,False,-65.08663273967741,2.5713621006887593,-67.65799484036617,-65.58421313975693,2.0737817006092314
robothead,task1,recording12,290,-67.65799484036617,-64.93746868122624,2.720526159139922,-64.93746868122624,2.720526159139922,False,-64.93746868122624,2.7205261591399363,-67.65799484036617,-65.45279236235251,2.2052024780136605
robothead,task1,recording12,318,-67.65799484036617,-65.34886316979699,2.3091316705691725,-65.34886316979699,2.3091316705691725,False,-65.34886316979699,2.3091316705691867,-67.65799484036617,-65.6308009532242,2.0271938871419763
robothead,task1,recording12,345,-67.65799484036617,-65.0869994434082,2.570995396957983,-65.0869994434082,2.570995396957983,False,-65.0869994434082,2.5709953969579686,-67.65799484036617,-65.4627924882313,2.1952023521348565
robothead,task1,recording12,372,-67.65799484036617,-65.61430657258934,2.043688267776816,-65.61430657258934,2.043688267776816,False,-65.61430657258934,2.0436882677768295,-67.65799484036617,-65.09745100996751,2.560543830398672
robothead,task1,recording12,399,-67.65799484036617,-65.07244986023188,2.585544980134273,-65.07244986023188,2.585544980134273,False,-65.07244986023188,2.585544980134287,-67.65799484036617,-65.52668740218503,2.131307438181125
robothead,task1,recording12,426,-67.65799484036617,-64.75637980531216,2.901615035054021,-64.75637980531216,2.901615035054021,False,-64.75637980531216,2.9016150350540073,-67.65799484036617,-65.31616912506935,2.3418257152968067
robothead,task1,recording12,453,-67.65799484036617,-64.97781245389274,2.680182386473433,-64.97781245389274,2.680182386473433,False,-64.97781245389274,2.680182386473433,-67.65799484036617,-65.55826345786856,2.099731382497623
robothead,task1,recording12,480,-67.65799484036617,-64.97924367623814,2.678751164128016,-64.97924367623814,2.678751164128016,False,-64.97924367623814,2.6787511641280304,-67.65799484036617,-65.57057543183122,2.08741940853497
robothead,task1,recording12,572,-67.65799484036617,-64.94892339234515,2.7090714480210067,-64.94892339234515,2.7090714480210067,False,-64.94892339234515,2.709071448021021,-67.65799484036617,-65.51608923034327,2.1419056100228886
robothead,task1,recording12,599,-67.65799484036617,-65.03939170086802,2.618603139498134,-65.03939170086802,2.618603139498134,False,-65.03939170086802,2.6186031394981484,-67.65799484036617,-65.407430395329,2.2505644450371847
robothead,task1,recording12,626,-67.65799484036617,-65.15384515644283,2.5041496839233446,-65.15384515644283,2.5041496839233446,False,-65.15384515644283,2.5041496839233446,-67.65799484036617,-65.50362773636846,2.154367103997714
robothead,task1,recording12,654,-67.65799484036617,-65.00304353292212,2.654951307444037,-65.00304353292212,2.654951307444037,False,-65.00304353292212,2.654951307444051,-67.65799484036617,-65.51013508808283,2.1478597522833525
robothead,task1,recording12,681,-67.65799484036617,-65.29622310889994,2.3617717314662343,-65.29622310889994,2.3617717314662343,False,-65.29622310889994,2.3617717314662343,-67.65799484036617,-65.71591350763542,1.9420813327307656
robothead,task1,recording12,708,-67.65799484036617,-64.83512342300284,2.8228714173633307,-64.83512342300284,2.8228714173633307,False,-64.83512342300284,2.8228714173633307,-67.65799484036617,-65.36867594937394,2.2893188909922344
robothead,task1,recording12,735,-67.65799484036617,-64.99485598398702,2.6631388563791347,-64.99485598398702,2.6631388563791347,False,-64.99485598398702,2.663138856379149,-67.65799484036617,-65.5542729360471,2.103721904319059
robothead,task1,recording12,762,-67.65799484036617,-65.26985259657313,2.388142243793027,-65.26985259657313,2.388142243793027,False,-65.26985259657313,2.388142243793041,-67.65799484036617,-65.830735512385,1.827259327981153
robothead,task1,recording13,164,26.50336942706408,26.04475655249677,0.4586128745673079,26.04475655249677,0.4586128745673079,False,26.04475655249677,0.4586128745673079,26.50336942706408,25.86953984525705,0.6338295818070208
robothead,task1,recording13,190,26.50336942706408,25.96773198332105,0.5356374437430134,25.96773198332105,0.5356374437430134,False,25.96773198332105,0.5356374437430311,26.50336942706408,25.965479788533983,0.5378896385300891
robothead,task1,recording13,216,26.50336942706408,25.894523228776407,0.6088461982876652,25.894523228776407,0.6088461982876652,False,25.894523228776407,0.6088461982876723,26.50336942706408,25.866818392238844,0.6365510348252315
robothead,task1,recording13,242,26.50336942706408,25.87171746667921,0.6316519603848576,25.87171746667921,0.6316519603848576,False,25.87171746667921,0.6316519603848683,26.50336942706408,25.80889224325182,0.6944771838122676
robothead,task1,recording13,267,26.50336942706408,25.69254823180764,0.8108211952564375,25.69254823180764,0.8108211952564375,False,25.69254823180764,0.810821195256441,26.50336942706408,25.69354819161029,0.8098212354537964
robothead,task1,recording13,293,26.50336942706408,25.601364449214245,0.9020049778498276,25.601364449214245,0.9020049778498276,False,25.601364449214245,0.9020049778498347,26.50336942706408,25.452256670867,1.0511127561970852
robothead,task1,recording13,319,26.50336942706408,25.95530989112981,0.5480595359342715,25.95530989112981,0.5480595359342715,False,25.95530989112981,0.5480595359342679,26.50336942706408,25.91007163191545,0.5932977951486293
robothead,task1,recording13,345,26.50336942706408,26.03456698914271,0.4688024379213686,26.03456698914271,0.4688024379213686,False,26.03456698914271,0.46880243792136866,26.50336942706408,25.84688447051897,0.6564849565451141
robothead,task1,recording13,371,26.50336942706408,26.00606414613439,0.4973052809296803,26.00606414613439,0.4973052809296803,False,26.00606414613439,0.49730528092969095,26.50336942706408,25.928473871920684,0.5748955551433994
robothead,task1,recording13,397,26.50336942706408,25.92447917139219,0.5788902556718938,25.92447917139219,0.5788902556718938,False,25.92447917139219,0.5788902556718902,26.50336942706408,25.82956268959984,0.6738067374642469
robothead,task1,recording13,422,26.50336942706408,26.122648299884965,0.3807211271791004,26.122648299884965,0.3807211271791004,False,26.122648299884965,0.38072112717911466,26.50336942706408,26.10663922420521,0.3967302028588619
robothead,task1,recording13,448,26.50336942706408,25.99113554284096,0.5122338842231215,25.99113554284096,0.5122338842231215,False,25.99113554284096,0.512233884223118,26.50336942706408,25.978262317387603,0.525107109676469
robothead,task1,recording13,849,26.50336942706408,26.235773527955757,0.2675958991083291,26.235773527955757,0.2675958991083291,False,26.235773527955757,0.26759589910832204,26.50336942706408,26.033748014846545,0.4696214122175206
robothead,task1,recording13,875,26.50336942706408,26.020460530230064,0.4829088968340045,26.020460530230064,0.4829088968340045,False,26.020460530230064,0.48290889683401517,26.50336942706408,25.991617030906955,0.5117523961571351
robothead,task1,recording13,901,26.50336942706408,25.97687900749627,0.5264904195678071,25.97687900749627,0.5264904195678071,False,25.97687900749627,0.5264904195678106,26.50336942706408,25.91661953181005,0.5867498952540302
robothead,task1,recording13,927,26.50336942706408,26.20628418993888,0.2970852371252022,26.20628418993888,0.2970852371252022,False,26.20628418993888,0.29708523712519863,26.50336942706408,26.034587333362804,0.4687820937012645
robothead,task1,recording13,952,26.50336942706408,25.861999583384478,0.6413698436795983,25.861999583384478,0.6413698436795983,False,25.861999583384478,0.6413698436796018,26.50336942706408,25.965474689682544,0.5378947373815208
robothead,task1,recording13,978,26.50336942706408,26.50087062364556,0.0024988034185184,26.50087062364556,0.0024988034185184,False,26.50087062364556,0.0024988034185184915,26.50336942706408,26.28233653760033,0.2210328894637427
robothead,task1,recording13,1004,26.50336942706408,26.205853059642635,0.2975163674214514,26.205853059642635,0.2975163674214514,False,26.205853059642635,0.29751636742144427,26.50336942706408,26.001997700479027,0.5013717265850346
robothead,task1,recording13,1030,26.50336942706408,26.12380443837404,0.3795649886900492,26.12380443837404,0.3795649886900492,False,26.12380443837404,0.3795649886900385,26.50336942706408,25.94697351957178,0.5563959074922877
robothead,task1,recording2,117,36.37191346854593,35.77037921482417,0.6015342537217521,35.77037921482417,0.6015342537217521,False,35.77037921482417,0.6015342537217592,36.37191346854593,35.70569057658867,0.6662228919572613
robothead,task1,recording2,140,36.37191346854593,35.56311398116918,0.8087994873767457,35.56311398116918,0.8087994873767457,False,35.56311398116918,0.8087994873767457,36.37191346854593,35.61821392271354,0.7536995458323759
robothead,task1,recording2,163,36.37191346854593,35.864498524969555,0.5074149435763786,35.864498524969555,0.5074149435763786,False,35.864498524969555,0.5074149435763715,36.37191346854593,35.82412013257632,0.547793335969601
robothead,task1,recording2,186,36.37191346854593,35.44839200796575,0.9235214605801616,35.44839200796575,0.9235214605801616,False,35.44839200796575,0.9235214605801758,36.37191346854593,35.53900267581268,0.8329107927332302
robothead,task1,recording2,209,36.37191346854593,35.384319484168,0.9875939843779236,35.384319484168,0.9875939843779236,False,35.384319484168,0.9875939843779236,36.37191346854593,35.567933861704624,0.8039796068412954
robothead,task1,recording2,232,36.37191346854593,35.63462080336237,0.7372926651835598,35.63462080336237,0.7372926651835598,False,35.63462080336237,0.7372926651835598,36.37191346854593,35.68569322177992,0.6862202467659984
robothead,task1,recording2,255,36.37191346854593,35.60651281503425,0.7654006535116764,35.60651281503425,0.7654006535116764,False,35.60651281503425,0.7654006535116764,36.37191346854593,35.603912694420366,0.7680007741255679
robothead,task1,recording2,278,36.37191346854593,36.02720173166464,0.344711736881294,36.02720173166464,0.344711736881294,False,36.02720173166464,0.34471173688128687,36.37191346854593,35.913560851464524,0.4583526170814025
robothead,task1,recording2,301,36.37191346854593,35.68769235855979,0.6842211099861402,35.68769235855979,0.6842211099861402,False,35.68769235855979,0.6842211099861402,36.37191346854593,35.69666039053707,0.6752530780088648
robothead,task1,recording2,379,36.37191346854593,34.003721985084326,2.368191483461601,34.003721985084326,2.368191483461601,False,34.003721985084326,2.368191483461601,36.37191346854593,34.84547912398623,1.5264343445597035
robothead,task1,recording2,401,36.37191346854593,35.32892422623359,1.0429892423123306,35.32892422623359,1.0429892423123306,False,35.32892422623359,1.0429892423123377,36.37191346854593,35.454954735258255,0.9169587332876858
robothead,task1,recording2,424,36.37191346854593,35.67952041480497,0.6923930537409433,35.67952041480497,0.6923930537409433,False,35.67952041480497,0.6923930537409575,36.37191346854593,35.67265155225802,0.6992619162879237
robothead,task1,recording2,447,36.37191346854593,35.66706342293696,0.7048500456089641,35.66706342293696,0.7048500456089641,False,35.66706342293696,0.7048500456089641,36.37191346854593,35.6734949664891,0.6984185020568248
robothead,task1,recording2,470,36.37191346854593,35.186136864698526,1.185776603847387,35.186136864698526,1.185776603847387,False,35.186136864698526,1.1857766038474011,36.37191346854593,35.464264911507065,0.9076485570388684
robothead,task1,recording2,493,36.37191346854593,35.81098222282975,0.5609312457161764,35.81098222282975,0.5609312457161764,False,35.81098222282975,0.5609312457161764,36.37191346854593,35.732773295169665,0.639140173376262
robothead,task1,recording2,516,36.37191346854593,34.508811850871524,1.8631016176744024,34.508811850871524,1.8631016176744024,False,34.508811850871524,1.8631016176744026,36.37191346854593,35.1398382932202,1.2320751753257184
robothead,task1,recording2,539,36.37191346854593,35.42834763037225,0.9435658381736688,35.42834763037225,0.9435658381736688,False,35.42834763037225,0.9435658381736758,36.37191346854593,35.53869383865365,0.8332196298922838
robothead,task1,recording2,562,36.37191346854593,35.354769681693455,1.017143786852472,35.354769681693455,1.017143786852472,False,35.354769681693455,1.017143786852472,36.37191346854593,35.47060986891991,0.9013035996260328
robothead,task1,recording2,585,36.37191346854593,35.45996924041362,0.9119442281323132,35.45996924041362,0.9119442281323132,False,35.45996924041362,0.911944228132306,36.37191346854593,35.54979341064291,0.822120057903021
robothead,task1,recording2,608,36.37191346854593,35.24522009572108,1.1266933728248318,35.24522009572108,1.1266933728248318,False,35.24522009572108,1.126693372824846,36.37191346854593,35.335965685930795,1.0359477826151249
robothead,task1,recording3,126,-51.86773890552769,-49.73401254050479,2.133726365022909,-49.73401254050479,2.133726365022909,False,-49.73401254050479,2.133726365022895,-51.86773890552769,-49.40405382565115,2.463685079876541
robothead,task1,recording3,154,-51.86773890552769,-49.85098822434426,2.0167506811834244,-49.85098822434426,2.0167506811834244,False,-49.85098822434426,2.0167506811834244,-51.86773890552769,-49.49539546195375,2.372343443573925
robothead,task1,recording3,182,-51.86773890552769,-50.20812757914087,1.6596113263868233,-50.20812757914087,1.6596113263868233,False,-50.20812757914087,1.6596113263868162,-51.86773890552769,-49.77466578746969,2.093073118057987
robothead,task1,recording3,210,-51.86773890552769,-49.899758280856894,1.967980624670787,-49.899758280856894,1.967980624670787,False,-49.899758280856894,1.967980624670794,-51.86773890552769,-49.56627842393648,2.3014604815912207
robothead,task1,recording3,238,-51.86773890552769,-49.85689219233013,2.010846713197566,-49.85689219233013,2.010846713197566,False,-49.85689219233013,2.0108467131975587,-51.86773890552769,-49.52172176166516,2.346017143862525
robothead,task1,recording3,266,-51.86773890552769,-49.94211029653453,1.9256286089931507,-49.94211029653453,1.9256286089931507,False,-49.94211029653453,1.9256286089931578,-51.86773890552769,-49.57908017097055,2.2886587345571456
robothead,task1,recording3,294,-51.86773890552769,-49.787917088314025,2.079821817213656,-49.787917088314025,2.079821817213656,False,-49.787917088314025,2.079821817213663,-51.86773890552769,-49.45896340340597,2.408775502121728
robothead,task1,recording3,322,-51.86773890552769,-49.80003712803759,2.0677017774901003,-49.80003712803759,2.0677017774901003,False,-49.80003712803759,2.0677017774901003,-51.86773890552769,-49.4635321150897,2.404206790437996
robothead,task1,recording3,448,-51.86773890552769,-49.98085110656714,1.886887798960544,-49.98085110656714,1.886887798960544,False,-49.98085110656714,1.8868877989605508,-51.86773890552769,-49.68343514676542,2.184303758762269
robothead,task1,recording3,476,-51.86773890552769,-49.91692104415837,1.9508178613693303,-49.91692104415837,1.9508178613693303,False,-49.91692104415837,1.9508178613693161,-51.86773890552769,-49.58308131324376,2.284657592283935
robothead,task1,recording3,505,-51.86773890552769,-49.871751661655495,1.9959872438722075,-49.871751661655495,1.9959872438722075,False,-49.871751661655495,1.995987243872193,-51.86773890552769,-49.55987947564218,2.307859429885525
robothead,task1,recording3,533,-51.86773890552769,-49.85222636064936,2.0155125448783338,-49.85222636064936,2.0155125448783338,False,-49.85222636064936,2.0155125448783267,-51.86773890552769,-49.54160057082756,2.326138334700147
robothead,task1,recording3,561,-51.86773890552769,-49.864803031360594,2.0029358741670933,-49.864803031360594,2.0029358741670933,False,-49.864803031360594,2.0029358741670933,-51.86773890552769,-49.54550400509464,2.3222349004330454
robothead,task1,recording3,589,-51.86773890552769,-50.0146293608319,1.8531095446957977,-50.0146293608319,1.8531095446957977,False,-50.0146293608319,1.8531095446957906,-51.86773890552769,-49.65118423932767,2.216554666200011
robothead,task1,recording3,617,-51.86773890552769,-49.943678323074245,1.9240605824534496,-49.943678323074245,1.9240605824534496,False,-49.943678323074245,1.9240605824534427,-51.86773890552769,-49.604897803131145,2.26284110239655
robothead,task1,recording3,645,-51.86773890552769,-50.00997832785106,1.857760577676629,-50.00997832785106,1.857760577676629,False,-50.00997832785106,1.857760577676629,-51.86773890552769,-49.66140095396264,2.2063379515650468
robothead,task1,recording3,673,-51.86773890552769,-49.80639620847486,2.0613426970528224,-49.80639620847486,2.0613426970528224,False,-49.80639620847486,2.0613426970528295,-51.86773890552769,-49.47563497585124,2.392103929676466
robothead,task1,recording3,701,-51.86773890552769,-49.83744882838064,2.030290077147044,-49.83744882838064,2.030290077147044,False,-49.83744882838064,2.0302900771470505,-51.86773890552769,-49.47429920427366,2.3934397012540103
robothead,task1,recording3,729,-51.86773890552769,-49.922885149571925,1.9448537559557624,-49.922885149571925,1.9448537559557624,False,-49.922885149571925,1.9448537559557622,-51.86773890552769,-49.597019681493165,2.270719224034508
robothead,task1,recording3,757,-51.86773890552769,-49.70429823578437,2.1634406697433235,-49.70429823578437,2.1634406697433235,False,-49.70429823578437,2.1634406697433164,-51.86773890552769,-49.345159470844926,2.5225794346827684
robothead,task1,recording4,106,22.45565728126365,21.828462382169697,0.6271948990939507,21.828462382169697,0.6271948990939507,False,21.828462382169697,0.6271948990939542,22.45565728126365,21.49307793590841,0.9625793453552376
robothead,task1,recording4,135,22.45565728126365,22.14427888426257,0.3113783970010786,22.14427888426257,0.3113783970010786,False,22.14427888426257,0.31137839700108216,22.45565728126365,21.80869974188287,0.6469575393807929
robothead,task1,recording4,165,22.45565728126365,22.224101996235824,0.2315552850278379,22.224101996235824,0.2315552850278379,False,22.224101996235824,0.2315552850278273,22.45565728126365,21.814689704012256,0.6409675772513879
robothead,task1,recording4,194,22.45565728126365,22.18070119198886,0.2749560892747809,22.18070119198886,0.2749560892747809,False,22.18070119198886,0.27495608927479154,22.45565728126365,21.75608432129298,0.6995729599706806
robothead,task1,recording4,223,22.45565728126365,22.262740462510266,0.1929168187533889,22.262740462510266,0.1929168187533889,False,22.262740462510266,0.1929168187533854,22.45565728126365,21.94077203528193,0.5148852459817306
robothead,task1,recording4,253,22.45565728126365,22.17080114544361,0.2848561358200356,22.17080114544361,0.2848561358200356,False,22.17080114544361,0.28485613582004277,22.45565728126365,21.786576988675435,0.6690802925882053
robothead,task1,recording4,282,22.45565728126365,22.03893552358163,0.4167217576820121,22.03893552358163,0.4167217576820121,False,22.03893552358163,0.41672175768201924,22.45565728126365,21.953452701287205,0.5022045799764498
robothead,task1,recording4,442,22.45565728126365,22.27136494937372,0.1842923318899352,22.27136494937372,0.1842923318899352,False,22.27136494937372,0.18429233188993166,22.45565728126365,21.86606782106517,0.5895894601984821
robothead,task1,recording4,471,22.45565728126365,22.33469880952832,0.1209584717353209,22.33469880952832,0.1209584717353209,False,22.33469880952832,0.12095847173533159,22.45565728126365,21.89749107565258,0.5581662056110872
robothead,task1,recording4,500,22.45565728126365,22.262536194483427,0.1931210867802235,22.262536194483427,0.1931210867802235,False,22.262536194483427,0.19312108678022355,22.45565728126365,21.7901034695014,0.6655538117622655
robothead,task1,recording4,530,22.45565728126365,21.99933438322272,0.4563228980409235,21.99933438322272,0.4563228980409235,False,21.99933438322272,0.4563228980409306,22.45565728126365,21.52086774803432,0.934789533229349
robothead,task1,recording4,684,22.45565728126365,22.32434277980306,0.1313145014605936,22.32434277980306,0.1313145014605936,False,22.32434277980306,0.1313145014605901,22.45565728126365,21.85289176671916,0.602765514544501
robothead,task1,recording4,713,22.45565728126365,22.31579799108672,0.1398592901769291,22.31579799108672,0.1398592901769291,False,22.31579799108672,0.13985929017693266,22.45565728126365,21.90485300664856,0.5508042746151034
robothead,task1,recording4,743,22.45565728126365,22.278936326854463,0.176720954409177,22.278936326854463,0.176720954409177,False,22.278936326854463,0.17672095440918767,22.45565728126365,21.890639497186378,0.5650177840772699
robothead,task1,recording4,772,22.45565728126365,22.204442577532195,0.2512147037314491,22.204442577532195,0.2512147037314491,False,22.204442577532195,0.25121470373145627,22.45565728126365,21.882668898951387,0.5729883823122748
robothead,task1,recording4,802,22.45565728126365,22.24386347542497,0.2117938058386812,22.24386347542497,0.2117938058386812,False,22.24386347542497,0.21179380583868124,22.45565728126365,21.971290995328157,0.4843662859354936
robothead,task1,recording4,831,22.45565728126365,22.355093139416287,0.1005641418473715,22.355093139416287,0.1005641418473715,False,22.355093139416287,0.1005641418473644,22.45565728126365,21.985829628961326,0.4698276523023423
robothead,task1,recording4,860,22.45565728126365,22.27824272241698,0.1774145588466638,22.27824272241698,0.1774145588466638,False,22.27824272241698,0.1774145588466709,22.45565728126365,21.84694333806902,0.6087139431946298
robothead,task1,recording4,890,22.45565728126365,21.97662983865997,0.4790274426036944,21.97662983865997,0.4790274426036944,False,21.97662983865997,0.47902744260368024,22.45565728126365,21.529799390264078,0.9258578909995664
robothead,task1,recording4,919,22.45565728126365,22.141353569341533,0.3143037119221219,22.141353569341533,0.3143037119221219,False,22.141353569341533,0.31430371192211837,22.45565728126365,21.846338946860204,0.6093183344034401
robothead,task1,recording5,90,-27.069604071052936,-25.579972172358744,1.4896318986941992,-25.579972172358744,1.4896318986941992,False,-25.579972172358744,1.489631898694192,-27.069604071052936,-25.021590702703858,2.048013368349075
robothead,task1,recording5,121,-27.069604071052936,-25.54804862819492,1.5215554428580162,-25.54804862819492,1.5215554428580162,False,-25.54804862819492,1.5215554428580162,-27.069604071052936,-24.81144341259728,2.2581606584556653
robothead,task1,recording5,152,-27.069604071052936,-25.44935159670133,1.6202524743516165,-25.44935159670133,1.6202524743516165,False,-25.44935159670133,1.6202524743516058,-27.069604071052936,-24.728546905302107,2.34105716575084
robothead,task1,recording5,183,-27.069604071052936,-25.494273590892632,1.5753304801602894,-25.494273590892632,1.5753304801602894,False,-25.494273590892632,1.5753304801603036,-27.069604071052936,-24.74286565353551,2.3267384175174186
robothead,task1,recording5,214,-27.069604071052936,-25.204062475868504,1.8655415951844248,-25.204062475868504,1.8655415951844248,False,-25.204062475868504,1.8655415951844319,-27.069604071052936,-24.650756371886548,2.4188476991663777
robothead,task1,recording5,245,-27.069604071052936,-25.26800117047937,1.8016029005735843,-25.26800117047937,1.8016029005735843,False,-25.26800117047937,1.8016029005735668,-27.069604071052936,-24.627454920932323,2.442149150120599
robothead,task1,recording5,349,-27.069604071052936,-25.716426976960197,1.3531770940927572,-25.716426976960197,1.3531770940927572,False,-25.716426976960197,1.3531770940927395,-27.069604071052936,-25.20588415760697,1.8637199134459763
robothead,task1,recording5,380,-27.069604071052936,-25.559723023289244,1.5098810477636846,-25.559723023289244,1.5098810477636846,False,-25.559723023289244,1.5098810477636917,-27.069604071052936,-24.97163364070825,2.097970430344674
robothead,task1,recording5,411,-27.069604071052936,-25.42789279633061,1.6417112747223257,-25.42789279633061,1.6417112747223257,False,-25.42789279633061,1.6417112747223257,-27.069604071052936,-24.7609952370222,2.308608834030736
robothead,task1,recording5,442,-27.069604071052936,-25.48611990900376,1.5834841620491602,-25.48611990900376,1.5834841620491602,False,-25.48611990900376,1.5834841620491744,-27.069604071052936,-24.8153978219558,2.254206249097137
robothead,task1,recording5,473,-27.069604071052936,-25.35242785180766,1.7171762192452888,-25.35242785180766,1.7171762192452888,False,-25.35242785180766,1.7171762192452746,-27.069604071052936,-24.750403877296183,2.319200193756757
robothead,task1,recording5,504,-27.069604071052936,-25.38620454971603,1.683399521336895,-25.38620454971603,1.683399521336895,False,-25.38620454971603,1.6833995213369057,-27.069604071052936,-24.744083343698083,2.325520727354842
robothead,task1,recording5,535,-27.069604071052936,-25.33179747291888,1.737806598134057,-25.33179747291888,1.737806598134057,False,-25.33179747291888,1.737806598134057,-27.069604071052936,-24.711109616355625,2.358494454697308
robothead,task1,recording5,566,-27.069604071052936,-25.147990798813275,1.9216132722396535,-25.147990798813275,1.9216132722396535,False,-25.147990798813275,1.9216132722396608,-27.069604071052936,-24.527550813372745,2.5420532576801804
robothead,task1,recording5,597,-27.069604071052936,-25.25832369783052,1.8112803732224163,-25.25832369783052,1.8112803732224163,False,-25.25832369783052,1.8112803732224165,-27.069604071052936,-24.62625264825736,2.443351422795587
robothead,task1,recording5,693,-27.069604071052936,-25.37443238538006,1.6951716856728751,-25.37443238538006,1.6951716856728751,False,-25.37443238538006,1.6951716856728751,-27.069604071052936,-24.72398881195721,2.345615259095723
robothead,task1,recording5,724,-27.069604071052936,-25.33488357957673,1.734720491476196,-25.33488357957673,1.734720491476196,False,-25.33488357957673,1.7347204914762067,-27.069604071052936,-24.596504635658388,2.473099435394545
robothead,task1,recording5,755,-27.069604071052936,-25.345101632059627,1.724502438993312,-25.345101632059627,1.724502438993312,False,-25.345101632059627,1.7245024389933086,-27.069604071052936,-24.67480382078805,2.3948002502648933
robothead,task1,recording5,837,-27.069604071052936,-24.00101987243808,3.068584198614872,-24.00101987243808,3.068584198614872,False,-24.00101987243808,3.0685841986148574,-27.069604071052936,-23.85433782347769,3.215266247575244
robothead,task1,recording5,868,-27.069604071052936,-25.408391087561903,1.6612129834910263,-25.408391087561903,1.6612129834910263,False,-25.408391087561903,1.6612129834910334,-27.069604071052936,-24.68053223371376,2.389071837339173
robothead,task1,recording6,100,-12.772426148318964,-11.723081189393522,1.049344958925445,-11.723081189393522,1.049344958925445,False,-11.723081189393522,1.0493449589254418,-12.772426148318964,-10.849313680278431,1.9231124680405287
robothead,task1,recording6,128,-12.772426148318964,-11.874720799517718,0.897705348801253,-11.874720799517718,0.897705348801253,False,-11.874720799517718,0.8977053488012459,-12.772426148318964,-11.279537071654207,1.492889076664767
robothead,task1,recording6,157,-12.772426148318964,-12.216989899906622,0.5554362484123487,-12.216989899906622,0.5554362484123487,False,-12.216989899906622,0.5554362484123416,-12.772426148318964,-11.430018795172565,1.342407353146399
robothead,task1,recording6,185,-12.772426148318964,-11.754073446752924,1.0183527015660443,-11.754073446752924,1.0183527015660443,False,-11.754073446752924,1.0183527015660392,-12.772426148318964,-11.106909020382853,1.6655171279361127
robothead,task1,recording6,214,-12.772426148318964,-12.155296097609057,0.6171300507099033,-12.155296097609057,0.6171300507099033,False,-12.155296097609057,0.6171300507099069,-12.772426148318964,-11.408357106446614,1.364069041872341
robothead,task1,recording6,242,-12.772426148318964,-12.014391392946848,0.7580347553721083,-12.014391392946848,0.7580347553721083,False,-12.014391392946848,0.7580347553721154,-12.772426148318964,-11.331258844949948,1.4411673033690136
robothead,task1,recording6,271,-12.772426148318964,-11.687473681946251,1.0849524663727266,-11.687473681946251,1.0849524663727266,False,-11.687473681946251,1.0849524663727124,-12.772426148318964,-11.147476162014884,1.624949986304074
robothead,task1,recording6,299,-12.772426148318964,-11.707189308553732,1.065236839765248,-11.707189308553732,1.065236839765248,False,-11.707189308553732,1.065236839765232,-12.772426148318964,-11.13479852167267,1.6376276266462924
robothead,task1,recording6,542,-12.772426148318964,-11.2719470214052,1.500479126913774,-11.2719470214052,1.500479126913774,False,-11.2719470214052,1.5004791269137634,-12.772426148318964,-11.200313176777671,1.5721129715412872
robothead,task1,recording6,570,-12.772426148318964,-12.273864019228862,0.4985621290900894,-12.273864019228862,0.4985621290900894,False,-12.273864019228862,0.4985621290901019,-12.772426148318964,-11.566916194649629,1.205509953669349
robothead,task1,recording6,599,-12.772426148318964,-12.061728285303644,0.7106978630153264,-12.061728285303644,0.7106978630153264,False,-12.061728285303644,0.7106978630153193,-12.772426148318964,-11.43660451998404,1.3358216283349122
robothead,task1,recording6,627,-12.772426148318964,-12.18368276377542,0.5887433845435339,-12.18368276377542,0.5887433845435339,False,-12.18368276377542,0.5887433845435428,-12.772426148318964,-11.360677984341518,1.4117481639774496
robothead,task1,recording6,656,-12.772426148318964,-11.138493254178822,1.6339328941401448,-11.138493254178822,1.6339328941401448,False,-11.138493254178822,1.6339328941401412,-12.772426148318964,-11.175190650082724,1.5972354982362449
robothead,task1,recording6,684,-12.772426148318964,-12.11650612266843,0.6559200256505449,-12.11650612266843,0.6559200256505449,False,-12.11650612266843,0.6559200256505342,-12.772426148318964,-11.219206323015522,1.5532198253034435
robothead,task1,recording6,713,-12.772426148318964,-11.92309507619763,0.8493310721213447,-11.92309507619763,0.8493310721213447,False,-11.92309507619763,0.8493310721213341,-12.772426148318964,-11.267959065436948,1.50446708288203
robothead,task1,recording6,741,-12.772426148318964,-11.762893903528395,1.009532244790563,-11.762893903528395,1.009532244790563,False,-11.762893903528395,1.0095322447905684,-12.772426148318964,-11.15967569569809,1.6127504526208725
robothead,task1,recording6,770,-12.772426148318964,-12.017007375965695,0.7554187723532664,-12.017007375965695,0.7554187723532664,False,-12.017007375965695,0.7554187723532682,-12.772426148318964,-11.27273164865799,1.4996944996609614
robothead,task1,recording6,798,-12.772426148318964,-12.129967161236266,0.6424589870827049,-12.129967161236266,0.6424589870827049,False,-12.129967161236266,0.6424589870826978,-12.772426148318964,-11.289412651646217,1.4830134966727542
robothead,task1,recording6,827,-12.772426148318964,-11.154123753406644,1.6183023949123196,-11.154123753406644,1.6183023949123196,False,-11.154123753406644,1.6183023949123196,-12.772426148318964,-11.14005887335221,1.6323672749667535
robothead,task1,recording6,855,-12.772426148318964,-12.211183873810883,0.5612422745080892,-12.211183873810883,0.5612422745080892,False,-12.211183873810883,0.5612422745080803,-12.772426148318964,-11.2562328075822,1.516193340736777
robothead,task1,recording7,142,37.76665434133786,36.32392289743228,1.4427314439055865,36.32392289743228,1.4427314439055865,False,36.32392289743228,1.4427314439055792,37.76665434133786,36.16870658791444,1.5979477534234263
robothead,task1,recording7,166,37.76665434133786,36.8922149504825,0.8744393908553718,36.8922149504825,0.8744393908553718,False,36.8922149504825,0.8744393908553647,37.76665434133786,36.45633536255949,1.310318978778355
robothead,task1,recording7,189,37.76665434133786,36.88745267937679,0.8792016619610763,36.88745267937679,0.8792016619610763,False,36.88745267937679,0.8792016619610692,37.76665434133786,36.45875729416076,1.3078970471771072
robothead,task1,recording7,213,37.76665434133786,36.90919259245938,0.8574617488784781,36.90919259245938,0.8574617488784781,False,36.90919259245938,0.8574617488784853,37.76665434133786,36.4680583964276,1.2985959449102609
robothead,task1,recording7,237,37.76665434133786,36.68008587163688,1.0865684697009783,36.68008587163688,1.0865684697009783,False,36.68008587163688,1.0865684697009854,37.76665434133786,36.4042816211156,1.362372720222254
robothead,task1,recording7,435,37.76665434133786,36.61535803057082,1.151296310767037,36.61535803057082,1.151296310767037,False,36.61535803057082,1.1512963107670444,37.76665434133786,36.30989267681933,1.456761664518524
robothead,task1,recording7,459,37.76665434133786,36.73256157117071,1.034092770167149,36.73256157117071,1.034092770167149,False,36.73256157117071,1.034092770167149,37.76665434133786,36.3586970120941,1.4079573292437717
robothead,task1,recording7,483,37.76665434133786,36.82541524732226,0.9412390940156,36.82541524732226,0.9412390940156,False,36.82541524732226,0.9412390940156001,37.76665434133786,36.41563191062063,1.3510224307172225
robothead,task1,recording7,506,37.76665434133786,36.843438625155294,0.9232157161825684,36.843438625155294,0.9232157161825684,False,36.843438625155294,0.9232157161825683,37.76665434133786,36.4224941491128,1.344160192225047
robothead,task1,recording7,530,37.76665434133786,36.94856171078155,0.8180926305563219,36.94856171078155,0.8180926305563219,False,36.94856171078155,0.8180926305563148,37.76665434133786,36.469137325288735,1.2975170160491416
robothead,task1,recording7,554,37.76665434133786,36.64589803375031,1.1207563075875555,36.64589803375031,1.1207563075875555,False,36.64589803375031,1.1207563075875484,37.76665434133786,36.34429560172582,1.4223587396120363
robothead,task1,recording7,578,37.76665434133786,36.82073423982616,0.9459201015117172,36.82073423982616,0.9459201015117172,False,36.82073423982616,0.9459201015117031,37.76665434133786,36.37623180534197,1.3904225359958955
robothead,task1,recording7,601,37.76665434133786,36.8733158030005,0.8933385383373604,36.8733158030005,0.8933385383373604,False,36.8733158030005,0.8933385383373604,37.76665434133786,36.44628226470435,1.320372076633504
robothead,task1,recording7,625,37.76665434133786,36.89194093328581,0.8747134080520595,36.89194093328581,0.8747134080520595,False,36.89194093328581,0.8747134080520524,37.76665434133786,36.450728274440856,1.3159260668970203
robothead,task1,recording7,649,37.76665434133786,37.10078833142657,0.6658660099112979,37.10078833142657,0.6658660099112979,False,37.10078833142657,0.6658660099112907,37.76665434133786,36.65838539052159,1.1082689508162673
robothead,task1,recording7,672,37.76665434133786,36.95020509859576,0.8164492427420953,36.95020509859576,0.8164492427420953,False,36.95020509859576,0.8164492427421024,37.76665434133786,36.49186512409095,1.274789217246905
robothead,task1,recording7,696,37.76665434133786,36.51477195913024,1.2518823822076115,36.51477195913024,1.2518823822076115,False,36.51477195913024,1.2518823822076186,37.76665434133786,36.253831412351694,1.512822928986168
robothead,task1,recording7,720,37.76665434133786,36.87146498070061,0.8951893606372607,36.87146498070061,0.8951893606372607,False,36.87146498070061,0.8951893606372536,37.76665434133786,36.43929739963407,1.3273569417037834
robothead,task1,recording7,743,37.76665434133786,36.86261351212668,0.9040408292111692,36.86261351212668,0.9040408292111692,False,36.86261351212668,0.9040408292111834,37.76665434133786,36.41414106405496,1.3525132772828954
robothead,task1,recording7,767,37.76665434133786,36.89679533443531,0.8698590069025443,36.89679533443531,0.8698590069025443,False,36.89679533443531,0.8698590069025514,37.76665434133786,36.47391289840049,1.2927414429373698
robothead,task1,recording8,236,-45.86793436240954,-44.33894644813081,1.52898791427873,-44.33894644813081,1.52898791427873,False,-44.33894644813081,1.52898791427873,-45.86793436240954,-44.04727330627048,1.8206610561390733
robothead,task1,recording8,245,-45.86793436240954,-44.10223447997564,1.7656998824339212,-44.10223447997564,1.7656998824339212,False,-44.10223447997564,1.7656998824338999,-45.86793436240954,-43.87065231591223,1.997282046497304
robothead,task1,recording8,254,-45.86793436240954,-44.12029375933443,1.7476406030751264,-44.12029375933443,1.7476406030751264,False,-44.12029375933443,1.7476406030751122,-45.86793436240954,-43.89202067923823,1.9759136831713136
robothead,task1,recording8,263,-45.86793436240954,-44.07662781213811,1.791306550271429,-44.07662781213811,1.791306550271429,False,-44.07662781213811,1.791306550271429,-45.86793436240954,-43.87846860271664,1.989465759692905
robothead,task1,recording8,272,-45.86793436240954,-44.04736523482078,1.8205691275887543,-44.04736523482078,1.8205691275887543,False,-44.04736523482078,1.8205691275887617,-45.86793436240954,-43.87689738990965,1.9910369724998984
robothead,task1,recording8,282,-45.86793436240954,-44.12991928604366,1.7380150763658833,-44.12991928604366,1.7380150763658833,False,-44.12991928604366,1.7380150763658833,-45.86793436240954,-43.9141658051672,1.953768557242341
robothead,task1,recording8,291,-45.86793436240954,-44.12784905344399,1.740085308965547,-44.12784905344399,1.740085308965547,False,-44.12784905344399,1.7400853089655541,-45.86793436240954,-43.91952558298753,1.9484087794220104
robothead,task1,recording8,300,-45.86793436240954,-44.15145887886209,1.7164754835474696,-44.15145887886209,1.7164754835474696,False,-44.15145887886209,1.7164754835474554,-45.86793436240954,-43.97004119928145,1.8978931631280889
robothead,task1,recording8,309,-45.86793436240954,-44.04820181468951,1.8197325477200368,-44.04820181468951,1.8197325477200368,False,-44.04820181468951,1.8197325477200295,-45.86793436240954,-43.878993218654784,1.988941143754744
robothead,task1,recording8,318,-45.86793436240954,-44.08957586251421,1.7783584998953188,-44.08957586251421,1.7783584998953188,False,-44.08957586251421,1.778358499895333,-45.86793436240954,-43.9197735793537,1.9481607830558405
robothead,task1,recording8,327,-45.86793436240954,-43.9753776680347,1.892556694374832,-43.9753776680347,1.892556694374832,False,-43.9753776680347,1.8925566943748393,-45.86793436240954,-43.823061825853394,2.044872536556141
robothead,task1,recording8,336,-45.86793436240954,-44.07269726320714,1.79523709920241,-44.07269726320714,1.79523709920241,False,-44.07269726320714,1.795237099202403,-45.86793436240954,-43.91593953127534,1.9519948311341864
robothead,task1,recording8,345,-45.86793436240954,-43.65891172915773,2.2090226332518057,-43.65891172915773,2.2090226332518057,False,-43.65891172915773,2.209022633251813,-45.86793436240954,-43.61160234358957,2.2563320188199896
robothead,task1,recording8,354,-45.86793436240954,-44.00755739050906,1.8603769719004788,-44.00755739050906,1.8603769719004788,False,-44.00755739050906,1.860376971900486,-45.86793436240954,-43.90478330076568,1.963151061643856
robothead,task1,recording8,363,-45.86793436240954,-44.00487794564012,1.8630564167694388,-44.00487794564012,1.8630564167694388,False,-44.00487794564012,1.8630564167694246,-45.86793436240954,-43.86914160192426,1.998792760485287
robothead,task1,recording8,373,-45.86793436240954,-44.10613651070649,1.7617978517030508,-44.10613651070649,1.7617978517030508,False,-44.10613651070649,1.7617978517030508,-45.86793436240954,-43.92071589945329,1.9472184629562437
robothead,task1,recording8,382,-45.86793436240954,-44.02572145471512,1.842212907694432,-44.02572145471512,1.842212907694432,False,-44.02572145471512,1.8422129076944245,-45.86793436240954,-43.87719498283575,1.990739379573796
robothead,task1,recording8,391,-45.86793436240954,-44.27830776551846,1.589626596891094,-44.27830776551846,1.589626596891094,False,-44.27830776551846,1.5896265968910797,-45.86793436240954,-44.0424962010719,1.825438161337644
robothead,task1,recording8,400,-45.86793436240954,-43.83153789502769,2.0363964673818487,-43.83153789502769,2.0363964673818487,False,-43.83153789502769,2.0363964673818558,-45.86793436240954,-43.77316400701799,2.094770355391546
robothead,task1,recording8,409,-45.86793436240954,-43.65439435935714,2.213540003052401,-43.65439435935714,2.213540003052401,False,-43.65439435935714,2.213540003052401,-45.86793436240954,-43.54432841402929,2.323605948380248
robothead,task1,recording9,91,21.350522112519474,20.135551777059792,1.214970335459668,20.135551777059792,1.214970335459668,False,20.135551777059792,1.2149703354596824,21.350522112519474,19.22082528902792,2.1296968234915425
robothead,task1,recording9,116,21.350522112519474,20.18657725776673,1.1639448547527422,20.18657725776673,1.1639448547527422,False,20.18657725776673,1.1639448547527458,21.350522112519474,19.290987715811852,2.059534396707619
robothead,task1,recording9,140,21.350522112519474,20.250978148380003,1.0995439641394569,20.250978148380003,1.0995439641394569,False,20.250978148380003,1.099543964139471,21.350522112519474,19.28813959911604,2.062382513403435
robothead,task1,recording9,165,21.350522112519474,20.18854090748234,1.1619812050371363,20.18854090748234,1.1619812050371363,False,20.18854090748234,1.161981205037133,21.350522112519474,19.27074715361445,2.079774958905034
robothead,task1,recording9,189,21.350522112519474,20.325836810707425,1.024685301812042,20.325836810707425,1.024685301812042,False,20.325836810707425,1.024685301812049,21.350522112519474,19.476574242113085,1.873947870406397
robothead,task1,recording9,214,21.350522112519474,20.11953396529781,1.230988147221666,20.11953396529781,1.230988147221666,False,20.11953396529781,1.230988147221666,21.350522112519474,19.25941305409161,2.091109058427861
robothead,task1,recording9,238,21.350522112519474,20.33408504470004,1.0164370678194246,20.33408504470004,1.0164370678194246,False,20.33408504470004,1.0164370678194352,21.350522112519474,19.357410270064843,1.993111842454624
robothead,task1,recording9,263,21.350522112519474,20.405831812365523,0.9446903001539512,20.405831812365523,0.9446903001539512,False,20.405831812365523,0.9446903001539511,21.350522112519474,19.463777528978262,1.8867445835412011
robothead,task1,recording9,287,21.350522112519474,20.28126999541812,1.069252117101371,20.28126999541812,1.069252117101371,False,20.28126999541812,1.0692521171013532,21.350522112519474,19.329457928470266,2.0210641840492087
robothead,task1,recording9,312,21.350522112519474,20.347687084210172,1.0028350283093062,20.347687084210172,1.0028350283093062,False,20.347687084210172,1.0028350283093026,21.350522112519474,19.6255647635885,1.7249573489309853
robothead,task1,recording9,336,21.350522112519474,20.294504825526047,1.0560172869934377,20.294504825526047,1.0560172869934377,False,20.294504825526047,1.056017286993427,21.350522112519474,19.469108265904566,1.8814138466149188
robothead,task1,recording9,361,21.350522112519474,20.28179800429668,1.0687241082227956,20.28179800429668,1.0687241082227956,False,20.28179800429668,1.0687241082227956,21.350522112519474,19.36075562178673,1.989766490732734
robothead,task1,recording9,385,21.350522112519474,20.256646420177454,1.09387569234201,20.256646420177454,1.09387569234201,False,20.256646420177454,1.0938756923420208,21.350522112519474,19.357974996777845,1.9925471157416157
robothead,task1,recording9,410,21.350522112519474,19.74823435229604,1.602287760223419,19.74823435229604,1.602287760223419,False,19.74823435229604,1.602287760223433,21.350522112519474,18.827895504773515,2.5226266077459627
robothead,task1,recording9,480,21.350522112519474,20.307005261836665,1.0435168506828063,20.307005261836665,1.0435168506828063,False,20.307005261836665,1.0435168506828099,21.350522112519474,19.36755258082748,1.9829695316919924
robothead,task1,recording9,505,21.350522112519474,20.284187962578304,1.0663341499411558,20.284187962578304,1.0663341499411558,False,20.284187962578304,1.06633414994117,21.350522112519474,19.42884612052724,1.921675991992231
robothead,task1,recording9,529,21.350522112519474,20.31972784660025,1.0307942659192122,20.31972784660025,1.0307942659192122,False,20.31972784660025,1.0307942659192229,21.350522112519474,19.367964113466066,1.9825579990534263
robothead,task1,recording9,554,21.350522112519474,20.281260418866083,1.0692616936534023,20.281260418866083,1.0692616936534023,False,20.281260418866083,1.0692616936533916,21.350522112519474,19.360670050909903,1.9898520616095536
robothead,task1,recording9,578,21.350522112519474,20.34172527210815,1.0087968404113212,20.34172527210815,1.0087968404113212,False,20.34172527210815,1.0087968404113248,21.350522112519474,19.45805330988004,1.892468802639428
robothead,task1,recording9,603,21.350522112519474,20.263965524763183,1.0865565877562915,20.263965524763183,1.0865565877562915,False,20.263965524763183,1.0865565877562915,21.350522112519474,19.399296193588228,1.951225918931243
robothead,task2,recording10,738,-25.075060752975737,-20.283565609908667,4.791495143067067,-20.283565609908667,4.791495143067067,False,-20.283565609908667,4.7914951430670705,-25.075060752975737,-20.965791628812216,4.109269124163518
robothead,task2,recording10,746,-25.075060752975737,-21.827584119201003,3.2474766337747383,-21.827584119201003,3.2474766337747383,False,-21.827584119201003,3.2474766337747347,-25.075060752975737,-21.480328544528728,3.594732208446999
robothead,task2,recording10,753,-25.075060752975737,-21.63741325908366,3.4376474938920865,-21.63741325908366,3.4376474938920865,False,-21.63741325908366,3.437647493892076,-25.075060752975737,-21.36834340897202,3.706717344003721
robothead,task2,recording10,761,-25.075060752975737,-21.618750358446714,3.4563103945290266,-21.618750358446714,3.4563103945290266,False,-21.618750358446714,3.456310394529023,-25.075060752975737,-21.30077905641271,3.774281696563037
robothead,task2,recording10,769,-25.075060752975737,-21.474188987105386,3.600871765870352,-21.474188987105386,3.600871765870352,False,-21.474188987105386,3.6008717658703517,-25.075060752975737,-20.98800196623612,4.087058786739618
robothead,task2,recording10,776,-25.075060752975737,-21.46892421183357,3.6061365411421775,-21.46892421183357,3.6061365411421775,False,-21.46892421183357,3.606136541142167,-25.075060752975737,-20.97685383550076,4.0982069174749824
robothead,task2,recording10,784,-25.075060752975737,-21.52733400117826,3.547726751797484,-21.52733400117826,3.547726751797484,False,-21.52733400117826,3.5477267517974767,-25.075060752975737,-21.08310100949782,3.9919597434779055
robothead,task2,recording10,791,-25.075060752975737,-21.505652854819875,3.569407898155873,-21.505652854819875,3.569407898155873,False,-21.505652854819875,3.5694078981558626,-25.075060752975737,-21.005101595970263,4.069959157005485
robothead,task2,recording10,799,-25.075060752975737,-21.45283634708673,3.622224405889,-21.45283634708673,3.622224405889,False,-21.45283634708673,3.622224405889007,-25.075060752975737,-20.913630675329323,4.161430077646401
robothead,task2,recording10,807,-25.075060752975737,-21.45271690685557,3.622343846120174,-21.45271690685557,3.622343846120174,False,-21.45271690685557,3.6223438461201667,-25.075060752975737,-20.954472534096443,4.1205882188793055
robothead,task2,recording10,814,-25.075060752975737,-21.36220802056929,3.7128527324064464,-21.36220802056929,3.7128527324064464,False,-21.36220802056929,3.7128527324064464,-25.075060752975737,-20.825180700740766,4.249880052234971
robothead,task2,recording10,822,-25.075060752975737,-21.47510773804283,3.5999530149329075,-21.47510773804283,3.5999530149329075,False,-21.47510773804283,3.5999530149329075,-25.075060752975737,-21.019811649059267,4.055249103916481
robothead,task2,recording10,830,-25.075060752975737,-21.2606193851176,3.814441367858137,-21.2606193851176,3.814441367858137,False,-21.2606193851176,3.8144413678581373,-25.075060752975737,-20.792936133443376,4.282124619532368
robothead,task2,recording10,837,-25.075060752975737,-21.095777127226345,3.979283625749389,-21.095777127226345,3.979283625749389,False,-21.095777127226345,3.9792836257493924,-25.075060752975737,-20.45082470021412,4.624236052761631
robothead,task2,recording10,845,-25.075060752975737,-21.27444699726961,3.800613755706138,-21.27444699726961,3.800613755706138,False,-21.27444699726961,3.8006137557061273,-25.075060752975737,-21.15536699938559,3.9196937535901375
robothead,task2,recording10,852,-25.075060752975737,-17.840104241361356,7.234956511614371,-17.840104241361356,7.234956511614371,False,-17.840104241361356,7.2349565116143815,-25.075060752975737,-19.513661784882515,5.561398968093215
robothead,task2,recording10,860,-25.075060752975737,-20.136855126557386,4.938205626418352,-20.136855126557386,4.938205626418352,False,-20.136855126557386,4.938205626418352,-25.075060752975737,-20.26249120249861,4.8125695504771215
robothead,task2,recording10,868,-25.075060752975737,-21.46407865177502,3.6109821012007046,-21.46407865177502,3.6109821012007046,False,-21.46407865177502,3.610982101200719,-25.075060752975737,-21.120257721049512,3.954803031926218
robothead,task2,recording10,875,-25.075060752975737,-21.53918583499902,3.535874917976713,-21.53918583499902,3.535874917976713,False,-21.53918583499902,3.5358749179767166,-25.075060752975737,-21.113013896403885,3.962046856571845
robothead,task2,recording10,883,-25.075060752975737,-20.477440212771512,4.597620540204218,-20.477440212771512,4.597620540204218,False,-20.477440212771512,4.597620540204225,-25.075060752975737,-20.870330392028137,4.204730360947593
robothead,task2,recording11,91,-5.472921218947986,-3.5127081162144598,1.960213102733519,-3.5127081162144598,1.960213102733519,False,-3.5127081162144598,1.9602131027335266,-5.472921218947986,-3.684969280960112,1.7879519379878843
robothead,task2,recording11,93,-5.472921218947986,-3.2823122405485834,2.1906089783994105,-3.2823122405485834,2.1906089783994105,False,-3.2823122405485834,2.190608978399403,-5.472921218947986,-3.482638884394428,1.9902823345535692
robothead,task2,recording11,96,-5.472921218947986,-3.317086571539641,2.1558346474083407,-3.317086571539641,2.1558346474083407,False,-3.317086571539641,2.155834647408345,-5.472921218947986,-3.593891004974277,1.8790302139737207
robothead,task2,recording11,98,-5.472921218947986,-3.453484136960056,2.019437081987917,-3.453484136960056,2.019437081987917,False,-3.453484136960056,2.01943708198793,-5.472921218947986,-3.767291652163297,1.705629566784694
robothead,task2,recording11,101,-5.472921218947986,-3.393481493748411,2.0794397251995638,-3.393481493748411,2.0794397251995638,False,-3.393481493748411,2.0794397251995753,-5.472921218947986,-3.584769925156293,1.88815129379168
robothead,task2,recording11,103,-5.472921218947986,-3.3462632170486897,2.126658001899301,-3.3462632170486897,2.126658001899301,False,-3.3462632170486897,2.1266580018992967,-5.472921218947986,-3.56196472985981,1.9109564890881643
robothead,task2,recording11,106,-5.472921218947986,-3.3939012673845728,2.079019951563424,-3.3939012673845728,2.079019951563424,False,-3.3939012673845728,2.0790199515634136,-5.472921218947986,-3.603872898245263,1.869048320702717
robothead,task2,recording11,361,-5.472921218947986,-3.646944191631358,1.82597702731664,-3.646944191631358,1.82597702731664,False,-3.646944191631358,1.8259770273166285,-5.472921218947986,-3.900835777966194,1.5720854409817946
robothead,task2,recording11,364,-5.472921218947986,-4.1764068474149,1.2965143715330782,-4.1764068474149,1.2965143715330782,False,-4.1764068474149,1.2965143715330862,-5.472921218947986,-4.3626489955363015,1.1102722234116982
robothead,task2,recording11,366,-5.472921218947986,-3.945369321002592,1.5275518979453864,-3.945369321002592,1.5275518979453864,False,-3.945369321002592,1.5275518979453944,-5.472921218947986,-4.114788205143165,1.3581330138048315
robothead,task2,recording11,369,-5.472921218947986,-3.566184694050777,1.9067365248972123,-3.566184694050777,1.9067365248972123,False,-3.566184694050777,1.9067365248972092,-5.472921218947986,-3.692761706794865,1.7801595121531193
robothead,task2,recording11,371,-5.472921218947986,-3.596056258474622,1.8768649604733696,-3.596056258474622,1.8768649604733696,False,-3.596056258474622,1.8768649604733643,-5.472921218947986,-3.733368400376624,1.7395528185713545
robothead,task2,recording11,374,-5.472921218947986,-3.5593046635746446,1.913616555373352,-3.5593046635746446,1.913616555373352,False,-3.5593046635746446,1.9136165553733417,-5.472921218947986,-3.8056858314362847,1.6672353875117096
robothead,task2,recording11,376,-5.472921218947986,-3.337575014685873,2.135346204262106,-3.337575014685873,2.135346204262106,False,-3.337575014685873,2.135346204262113,-5.472921218947986,-3.611506028938319,1.8614151900096656
robothead,task2,recording11,379,-5.472921218947986,-3.4648677056292065,2.008053513318771,-3.4648677056292065,2.008053513318771,False,-3.4648677056292065,2.00805351331878,-5.472921218947986,-3.686516264380768,1.7864049545672174
robothead,task2,recording11,381,-5.472921218947986,-3.427065056563977,2.045856162384013,-3.427065056563977,2.045856162384013,False,-3.427065056563977,2.0458561623840095,-5.472921218947986,-3.672344171114649,1.8005770478333432
robothead,task2,recording11,384,-5.472921218947986,-3.3966544524888937,2.0762667664590992,-3.3966544524888937,2.0762667664590992,False,-3.3966544524888937,2.0762667664590926,-5.472921218947986,-3.675912064098247,1.7970091548497464
robothead,task2,recording11,386,-5.472921218947986,-3.447821350209808,2.025099868738181,-3.447821350209808,2.025099868738181,False,-3.447821350209808,2.0250998687381783,-5.472921218947986,-3.694739425923199,1.7781817930247996
robothead,task2,recording11,389,-5.472921218947986,-3.44002668555529,2.0328945333926924,-3.44002668555529,2.0328945333926924,False,-3.44002668555529,2.0328945333926964,-5.472921218947986,-3.70618444130615,1.7667367776418246
robothead,task2,recording11,391,-5.472921218947986,-3.458484244806832,2.014436974141148,-3.458484244806832,2.014436974141148,False,-3.458484244806832,2.0144369741411543,-5.472921218947986,-3.709670272619164,1.7632509463288102
robothead,task2,recording12,110,20.979147201342517,22.018364125414696,1.0392169240721785,22.018364125414696,1.0392169240721785,False,22.018364125414696,1.0392169240721785,20.979147201342517,21.476165792522732,0.4970185911802218
robothead,task2,recording12,114,20.979147201342517,21.760971720420564,0.7818245190780431,21.760971720420564,0.7818245190780431,False,21.760971720420564,0.7818245190780466,20.979147201342517,21.36420589855492,0.3850586972124006
robothead,task2,recording12,118,20.979147201342517,21.90371155820913,0.9245643568666252,21.90371155820913,0.9245643568666252,False,21.90371155820913,0.9245643568666146,20.979147201342517,21.404503649090437,0.4253564477479301
robothead,task2,recording12,122,20.979147201342517,21.248239733353333,0.2690925320108306,21.248239733353333,0.2690925320108306,False,21.248239733353333,0.2690925320108164,20.979147201342517,20.46726230748361,0.5118848938589053
robothead,task2,recording12,126,20.979147201342517,21.41347669505337,0.4343294937108624,21.41347669505337,0.4343294937108624,False,21.41347669505337,0.4343294937108517,20.979147201342517,20.661972642580665,0.3171745587618488
robothead,task2,recording12,130,20.979147201342517,21.46536596718393,0.4862187658414143,21.46536596718393,0.4862187658414143,False,21.46536596718393,0.4862187658414143,20.979147201342517,20.798326102102028,0.1808210992404895
robothead,task2,recording12,134,20.979147201342517,21.440732121739988,0.4615849203974846,21.440732121739988,0.4615849203974846,False,21.440732121739988,0.46158492039747046,20.979147201342517,20.90343011286153,0.0757170884809852
robothead,task2,recording12,425,20.979147201342517,21.80959239860599,0.8304451972634865,21.80959239860599,0.8304451972634865,False,21.80959239860599,0.8304451972634723,20.979147201342517,21.37975725334226,0.4006100519997346
robothead,task2,recording12,429,20.979147201342517,21.79796232056971,0.818815119227196,21.79796232056971,0.818815119227196,False,21.79796232056971,0.8188151192271924,20.979147201342517,21.32603056907058,0.3468833677280543
robothead,task2,recording12,433,20.979147201342517,21.79314634638933,0.8139991450468074,21.79314634638933,0.8139991450468074,False,21.79314634638933,0.8139991450468145,20.979147201342517,21.31603148320081,0.3368842818582891
robothead,task2,recording12,436,20.979147201342517,21.80189925581127,0.822752054468765,21.80189925581127,0.822752054468765,False,21.80189925581127,0.8227520544687543,20.979147201342517,21.307051824147266,0.3279046228047377
robothead,task2,recording12,716,-28.37478939121853,-25.33130543093001,3.0434839602885404,-25.33130543093001,3.0434839602885404,False,-25.33130543093001,3.0434839602885226,-28.37478939121853,-24.761805781493347,3.612983609725177
robothead,task2,recording12,720,-28.37478939121853,-25.356062477936767,3.018726913281768,-25.356062477936767,3.018726913281768,False,-25.356062477936767,3.018726913281764,-28.37478939121853,-24.73588467593232,3.6389047152862304
robothead,task2,recording12,724,-28.37478939121853,-25.45229300474996,2.9224963864685662,-25.45229300474996,2.9224963864685662,False,-25.45229300474996,2.92249638646857,-28.37478939121853,-24.83775546361753,3.537033927601016
robothead,task2,recording12,728,-28.37478939121853,-25.53259192103964,2.8421974701788884,-25.53259192103964,2.8421974701788884,False,-25.53259192103964,2.842197470178892,-28.37478939121853,-24.82676098599721,3.5480284052213165
robothead,task2,recording12,732,-28.37478939121853,-25.619794659266397,2.754994731952138,-25.619794659266397,2.754994731952138,False,-25.619794659266397,2.7549947319521344,-28.37478939121853,-24.90586775000556,3.4689216412129724
robothead,task2,recording12,736,-28.37478939121853,-25.5483819071822,2.826407484036338,-25.5483819071822,2.826407484036338,False,-25.5483819071822,2.8264074840363307,-28.37478939121853,-24.887812753331247,3.4869766378872957
robothead,task2,recording12,740,-28.37478939121853,-25.58143723729891,2.7933521539196136,-25.58143723729891,2.7933521539196136,False,-25.58143723729891,2.7933521539196207,-28.37478939121853,-24.87683592229745,3.4979534689210823
robothead,task2,recording12,744,-28.37478939121853,-25.506926854115616,2.8678625371029227,-25.506926854115616,2.8678625371029227,False,-25.506926854115616,2.8678625371029156,-28.37478939121853,-24.8497812622236,3.5250081289949264
robothead,task2,recording12,748,-28.37478939121853,-25.554132921038416,2.8206564701801256,-25.554132921038416,2.8206564701801256,False,-25.554132921038416,2.820656470180115,-28.37478939121853,-24.87572818207113,3.4990612091474134
robothead,task2,recording13,90,34.39444533386596,34.56145700569312,0.1670116718271685,34.56145700569312,0.1670116718271685,False,34.56145700569312,0.16701167182716148,34.39444533386596,34.85417273301144,0.4597273991454926
robothead,task2,recording13,98,34.39444533386596,34.53090296656957,0.1364576327036104,34.53090296656957,0.1364576327036104,False,34.53090296656957,0.13645763270361044,34.39444533386596,34.806336100696434,0.4118907668304814
robothead,task2,recording13,105,34.39444533386596,34.563128234769984,0.1686829009040309,34.563128234769984,0.1686829009040309,False,34.563128234769984,0.16868290090402382,34.39444533386596,34.82312371883462,0.4286783849686628
robothead,task2,recording13,113,34.39444533386596,34.60144645998703,0.2070011261210709,34.60144645998703,0.2070011261210709,False,34.60144645998703,0.2070011261210709,34.39444533386596,34.82439005387374,0.4299447200077679
robothead,task2,recording13,120,34.39444533386596,34.64448082622212,0.2500354923561758,34.64448082622212,0.2500354923561758,False,34.64448082622212,0.2500354923561616,34.39444533386596,34.88892150757849,0.4944761737125418
robothead,task2,recording13,128,34.39444533386596,34.62618482201454,0.2317394881485768,34.62618482201454,0.2317394881485768,False,34.62618482201454,0.2317394881485768,34.39444533386596,34.867944789137646,0.4734994552716784
robothead,task2,recording13,135,34.39444533386596,34.63147520172098,0.2370298678550284,34.63147520172098,0.2370298678550284,False,34.63147520172098,0.23702986785502134,34.39444533386596,34.87703877737665,0.4825934435106944
robothead,task2,recording13,143,34.39444533386596,34.627434002844545,0.232988668978578,34.627434002844545,0.232988668978578,False,34.627434002844545,0.23298866897858517,34.39444533386596,34.8694209444231,0.4749756105571237
robothead,task2,recording13,150,34.39444533386596,34.621418725547905,0.2269733916819518,34.621418725547905,0.2269733916819518,False,34.621418725547905,0.22697339168194475,34.39444533386596,34.85997590562364,0.4655305717576823
robothead,task2,recording13,158,34.39444533386596,34.68999638796211,0.2955510540961654,34.68999638796211,0.2955510540961654,False,34.68999638796211,0.29555105409615123,34.39444533386596,35.00548504456666,0.6110397107007088
robothead,task2,recording13,165,34.39444533386596,34.42616670081707,0.0317213669511033,34.42616670081707,0.0317213669511033,False,34.42616670081707,0.0317213669511105,34.39444533386596,35.06132295027896,0.6668776164129895
robothead,task2,recording13,173,34.39444533386596,34.48637043353811,0.091925099672153,34.48637043353811,0.091925099672153,False,34.48637043353811,0.09192509967215301,34.39444533386596,34.94764320338281,0.5531978695168505
robothead,task2,recording13,180,34.39444533386596,34.40086919504493,0.0064238611789733,34.40086919504493,0.0064238611789733,False,34.40086919504493,0.006423861178973311,34.39444533386596,34.751924904757644,0.3574795708916838
robothead,task2,recording13,188,34.39444533386596,34.57065751997047,0.1762121861045216,34.57065751997047,0.1762121861045216,False,34.57065751997047,0.1762121861045074,34.39444533386596,34.845492603399,0.451047269533035
robothead,task2,recording13,195,34.39444533386596,34.67958587497126,0.2851405411053065,34.67958587497126,0.2851405411053065,False,34.67958587497126,0.2851405411052994,34.39444533386596,34.88869900566008,0.4942536717941266
robothead,task2,recording13,203,34.39444533386596,34.80754686426482,0.4131015303988761,34.80754686426482,0.4131015303988761,False,34.80754686426482,0.4131015303988619,34.39444533386596,35.07576516466199,0.681319830796042
robothead,task2,recording13,345,13.159893789720629,14.244049139025424,1.0841553493048082,14.244049139025424,1.0841553493048082,False,14.244049139025424,1.0841553493047957,13.159893789720629,13.199723945792243,0.0398301560716163
robothead,task2,recording13,353,13.159893789720629,14.210881412743426,1.0509876230227917,14.210881412743426,1.0509876230227917,False,14.210881412743426,1.050987623022797,13.159893789720629,13.200045038683031,0.0401512489624167
robothead,task2,recording13,360,13.159893789720629,14.390665412593846,1.2307716228732204,14.390665412593846,1.2307716228732204,False,14.390665412593846,1.2307716228732168,13.159893789720629,13.35446832232054,0.1945745325999155
robothead,task2,recording13,368,13.159893789720629,14.454958951480082,1.295065161759453,14.454958951480082,1.295065161759453,False,14.454958951480082,1.295065161759453,13.159893789720629,13.363349026866011,0.2034552371453912
robothead,task2,recording7,108,-33.008515178394816,-29.020083882488,3.988431295906821,-29.020083882488,3.988431295906821,False,-29.020083882488,3.9884312959068176,-33.008515178394816,-25.12017266249449,7.888342515900319
robothead,task2,recording7,109,-33.008515178394816,-28.642256666375648,4.366258512019158,-28.642256666375648,4.366258512019158,False,-28.642256666375648,4.366258512019169,-33.008515178394816,-24.84918494527497,8.159330233119846
robothead,task2,recording7,110,-33.008515178394816,-28.352165901236184,4.6563492771586255,-28.352165901236184,4.6563492771586255,False,-28.352165901236184,4.656349277158633,-33.008515178394816,-24.817069781659598,8.191445396735219
robothead,task2,recording7,111,-33.008515178394816,-28.431366656735065,4.577148521659751,-28.431366656735065,4.577148521659751,False,-28.431366656735065,4.577148521659751,-33.008515178394816,-24.67969323333733,8.328821945057484
robothead,task2,recording7,112,-33.008515178394816,-29.93644310182476,3.072072076570066,-29.93644310182476,3.072072076570066,False,-29.93644310182476,3.0720720765700555,-33.008515178394816,-24.983350101745195,8.025165076649614
robothead,task2,recording7,113,-33.008515178394816,-29.22573107042832,3.7827841079665054,-29.22573107042832,3.7827841079665054,False,-29.22573107042832,3.7827841079664957,-33.008515178394816,-24.78883498823537,8.219680190159437
robothead,task2,recording7,114,-33.008515178394816,-28.62257629290424,4.385938885490589,-28.62257629290424,4.385938885490589,False,-28.62257629290424,4.3859388854905745,-33.008515178394816,-24.750944930594265,8.257570247800544
robothead,task2,recording7,115,-33.008515178394816,-28.04541702259043,4.963098155804374,-28.04541702259043,4.963098155804374,False,-28.04541702259043,4.963098155804385,-33.008515178394816,-24.75853853069748,8.249976647697338
robothead,task2,recording7,116,-33.008515178394816,-28.952568682960468,4.055946495434341,-28.952568682960468,4.055946495434341,False,-28.952568682960468,4.055946495434348,-33.008515178394816,-25.071733936157976,7.936781242236833
robothead,task2,recording7,117,-33.008515178394816,-27.762183440956523,5.2463317374382825,-27.762183440956523,5.2463317374382825,False,-27.762183440956523,5.246331737438293,-33.008515178394816,-25.075754478543114,7.932760699851713
robothead,task2,recording7,119,-33.008515178394816,-25.917185438214734,7.091329740180072,-25.917185438214734,7.091329740180072,False,-25.917185438214734,7.0913297401800826,-33.008515178394816,-24.752490284736133,8.25602489365869
robothead,task2,recording7,120,-33.008515178394816,-27.81593707973531,5.19257809865951,-27.81593707973531,5.19257809865951,False,-27.81593707973531,5.1925780986595065,-33.008515178394816,-25.049657968755124,7.958857209639689
robothead,task2,recording7,121,-33.008515178394816,-27.838619255487476,5.169895922907358,-27.838619255487476,5.169895922907358,False,-27.838619255487476,5.16989592290734,-33.008515178394816,-25.152980369064064,7.855534809330749
robothead,task2,recording7,122,-33.008515178394816,-28.57150079787417,4.437014380520651,-28.57150079787417,4.437014380520651,False,-28.57150079787417,4.4370143805206474,-33.008515178394816,-25.172428537829152,7.836086640565668
robothead,task2,recording7,123,-33.008515178394816,-28.0683613162256,4.940153862169211,-28.0683613162256,4.940153862169211,False,-28.0683613162256,4.940153862169215,-33.008515178394816,-25.325448423155247,7.683066755239565
robothead,task2,recording7,124,-33.008515178394816,-28.569536687282465,4.438978491112351,-28.569536687282465,4.438978491112351,False,-28.569536687282465,4.438978491112351,-33.008515178394816,-25.27461674540432,7.733898432990486
robothead,task2,recording7,125,-33.008515178394816,-28.681970186587066,4.3265449918077366,-28.681970186587066,4.3265449918077366,False,-28.681970186587066,4.326544991807751,-33.008515178394816,-25.295619256328887,7.71289592206594
robothead,task2,recording7,126,-33.008515178394816,-28.07466833411478,4.933846844280026,-28.07466833411478,4.933846844280026,False,-28.07466833411478,4.933846844280037,-33.008515178394816,-25.67916296569264,7.32935221270219
robothead,task2,recording7,127,-33.008515178394816,-28.877805973333533,4.130709205061294,-28.877805973333533,4.130709205061294,False,-28.877805973333533,4.130709205061283,-33.008515178394816,-27.00206789303588,6.006447285358945
robothead,task2,recording7,128,-33.008515178394816,-28.7615830047086,4.246932173686218,-28.7615830047086,4.246932173686218,False,-28.7615830047086,4.246932173686215,-33.008515178394816,-27.051751239825688,5.956763938569139
robothead,task2,recording8,254,-3.738604104698669,-1.9431368108671752,1.795467293831507,-1.9431368108671752,1.795467293831507,False,-1.9431368108671752,1.7954672938314937,-3.738604104698669,-1.985886928794396,1.75271717590428
robothead,task2,recording8,255,-3.738604104698669,-1.986344684989692,1.7522594197089632,-1.986344684989692,1.7522594197089632,False,-1.986344684989692,1.752259419708977,-3.738604104698669,-2.075732677036087,1.6628714276625942
robothead,task2,recording8,256,-3.738604104698669,-1.9731114659196056,1.765492638779051,-1.9731114659196056,1.765492638779051,False,-1.9731114659196056,1.7654926387790633,-3.738604104698669,-2.071981848977724,1.666622255720938
robothead,task2,recording8,257,-3.738604104698669,-1.9275762135891468,1.811027891109518,-1.9275762135891468,1.811027891109518,False,-1.9275762135891468,1.8110278911095221,-3.738604104698669,-2.081490745303087,1.657113359395595
robothead,task2,recording8,258,-3.738604104698669,-1.979581415362594,1.7590226893360636,-1.979581415362594,1.7590226893360636,False,-1.979581415362594,1.759022689336075,-3.738604104698669,-2.1740251932638968,1.5645789114347792
robothead,task2,recording8,259,-3.738604104698669,-1.977226463949855,1.7613776407488049,-1.977226463949855,1.7613776407488049,False,-1.977226463949855,1.761377640748814,-3.738604104698669,-2.183591113867572,1.555012990831102
robothead,task2,recording8,260,-3.738604104698669,-2.035340796223263,1.703263308475414,-2.035340796223263,1.703263308475414,False,-2.035340796223263,1.7032633084754059,-3.738604104698669,-2.277949853236557,1.4606542514621026
robothead,task2,recording8,261,-3.738604104698669,-2.015351744809159,1.7232523598895,-2.015351744809159,1.7232523598895,False,-2.015351744809159,1.7232523598895098,-3.738604104698669,-2.261073299531588,1.4775308051670777
robothead,task2,recording8,262,-3.738604104698669,-2.022851667350748,1.7157524373479305,-2.022851667350748,1.7157524373479305,False,-2.022851667350748,1.7157524373479207,-3.738604104698669,-2.2794633400448805,1.459140764653796
robothead,task2,recording8,263,-3.738604104698669,-1.8580392440113616,1.8805648606873149,-1.8580392440113616,1.8805648606873149,False,-1.8580392440113616,1.8805648606873073,-3.738604104698669,-2.136989070315001,1.6016150343836555
robothead,task2,recording8,264,-3.738604104698669,-1.7592267361294325,1.9793773685692315,-1.7592267361294325,1.9793773685692315,False,-1.7592267361294325,1.9793773685692364,-3.738604104698669,-2.191061514573093,1.5475425901255733
robothead,task2,recording8,265,-3.738604104698669,-1.6536000967069384,2.085004007991728,-1.6536000967069384,2.085004007991728,False,-1.6536000967069384,2.0850040079917305,-3.738604104698669,-2.1203049859368672,1.6182991187617972
robothead,task2,recording8,266,-3.738604104698669,-1.9995302554741727,1.7390738492244964,-1.9995302554741727,1.7390738492244964,False,-1.9995302554741727,1.7390738492244961,-3.738604104698669,-2.4314827090368607,1.3071213956617953
robothead,task2,recording8,267,-3.738604104698669,-1.9326355258947316,1.8059685788039417,-1.9326355258947316,1.8059685788039417,False,-1.9326355258947316,1.8059685788039372,-3.738604104698669,-2.024342625616976,1.7142614790816992
robothead,task2,recording8,268,-3.738604104698669,-1.529354459343823,2.209249645354845,-1.529354459343823,2.209249645354845,False,-1.529354459343823,2.209249645354846,-3.738604104698669,-1.914455526016168,1.8241485786824967
robothead,task2,recording8,269,-3.738604104698669,-1.816890073201216,1.9217140314974583,-1.816890073201216,1.9217140314974583,False,-1.816890073201216,1.9217140314974528,-3.738604104698669,-2.074312975033443,1.66429112966523
robothead,task3,recording1,358,25.267218565916803,27.37739732985427,2.110178763937455,27.37739732985427,2.110178763937455,False,27.37739732985427,2.1101787639374656,25.267218565916803,29.95874315921524,4.691524593298425
robothead,task3,recording1,451,25.51807664965853,27.60504526103784,2.0869686113793198,27.60504526103784,2.0869686113793198,False,27.60504526103784,2.086968611379312,25.51807664965853,31.28690075919853,5.768824109539992
robothead,task3,recording1,545,25.176936311972224,28.23591693134872,3.0589806193764844,28.23591693134872,3.0589806193764844,False,28.23591693134872,3.058980619376495,25.176936311972224,29.928442860671176,4.751506548698956
robothead,task3,recording1,695,28.422431004166494,30.33181582738146,1.909384823214964,30.33181582738146,1.909384823214964,False,30.33181582738146,1.9093848232149675,28.422431004166494,32.60729543178783,4.184864427621335
robothead,task3,recording1,789,27.752718272477598,30.103086817383183,2.350368544905592,30.103086817383183,2.350368544905592,False,30.103086817383183,2.350368544905585,27.752718272477598,30.775884195691056,3.023165923213469
robothead,task3,recording1,882,26.138997699327145,25.62837943734703,0.5106182619801132,25.62837943734703,0.5106182619801132,False,25.62837943734703,0.5106182619801167,26.138997699327145,25.952507505941668,0.186490193385481
robothead,task3,recording1,1048,26.063976190572262,26.852846048688956,0.7888698581166977,26.852846048688956,0.7888698581166977,False,26.852846048688956,0.7888698581166942,26.063976190572262,27.275795199878612,1.211819009306339
robothead,task3,recording1,1141,21.435415817167463,21.857591602028343,0.4221757848608831,21.857591602028343,0.4221757848608831,False,21.857591602028343,0.4221757848608796,21.435415817167463,22.18689477253552,0.751478955368043
robothead,task3,recording1,1235,20.59333662887446,20.17062512376243,0.4227115051120336,20.17062512376243,0.4227115051120336,False,20.17062512376243,0.42271150511203004,20.59333662887446,20.31761867362312,0.2757179552513378
robothead,task3,recording1,1431,-3.688453463013244,-1.010724930441622,2.6777285325716207,-1.010724930441622,2.6777285325716207,False,-1.010724930441622,2.6777285325716225,-3.688453463013244,-1.1599277916299249,2.5285256713833064
robothead,task3,recording1,1525,-19.10199427298864,-9.25693366131076,9.845060611677866,-9.25693366131076,9.845060611677866,False,-9.25693366131076,9.845060611677882,-19.10199427298864,-8.758374625118458,10.343619647870185
robothead,task3,recording1,1796,-36.66496964843192,-17.23218433592103,19.432785312510877,-17.23218433592103,19.432785312510877,False,-17.23218433592103,19.43278531251089,-36.66496964843192,-23.600551105559404,13.064418542872517
robothead,task3,recording1,1890,-22.45768336401336,-20.32362538552548,2.134057978487874,-20.32362538552548,2.134057978487874,False,-20.32362538552548,2.1340579784878777,-22.45768336401336,-22.498239139322123,0.0405557753087748
robothead,task3,recording1,1983,-16.28872715827669,-16.538069967166027,0.2493428088893381,-16.538069967166027,0.2493428088893381,False,-16.538069967166027,0.24934280888933813,-16.28872715827669,-16.957486834588813,0.6687596763121348
robothead,task3,recording1,2170,-6.774650964425426,15.70765216691257,22.482303131338,15.70765216691257,22.482303131338,False,15.70765216691257,22.482303131337996,-6.774650964425426,6.671962520628864,13.446613485054286
robothead,task3,recording1,2263,-11.680609874942798,-1.0969163678805705,10.583693507062236,-1.0969163678805705,10.583693507062236,False,-1.0969163678805705,10.583693507062227,-11.680609874942798,1.6650497189114342,13.345659593854236
robothead,task3,recording1,2357,-13.40438327987852,4.258376963804589,17.662760243683124,4.258376963804589,17.662760243683124,False,4.258376963804589,17.66276024368311,-13.40438327987852,2.845561489006742,16.249944768885257
robothead,task3,recording1,2450,-9.906222736989688,-8.670959414470284,1.2352633225194154,-8.670959414470284,1.2352633225194154,False,-8.670959414470284,1.2352633225194047,-9.906222736989688,-9.063773667150636,0.8424490698390628
robothead,task3,recording1,2640,-0.6403628354572207,-2.6594497229394816,2.019086887482274,-2.6594497229394816,2.019086887482274,False,-2.6594497229394816,2.0190868874822607,-0.6403628354572207,-2.762740017943764,2.122377182486531
robothead,task3,recording1,2733,6.550104888497225,4.006353881291308,2.5437510072059126,4.006353881291308,2.5437510072059126,False,4.006353881291308,2.543751007205917,6.550104888497225,5.603459938692605,0.9466449498046074
robothead,task3,recording2,359,9.814733611835347,9.394569768904,0.4201638429313448,9.394569768904,0.4201638429313448,False,9.394569768904,0.42016384293134657,9.814733611835347,9.547049090328104,0.267684521507249
robothead,task3,recording2,419,9.529668079083994,8.396194561825345,1.1334735172586363,8.396194561825345,1.1334735172586363,False,8.396194561825345,1.1334735172586488,9.529668079083994,8.096061213468149,1.4336068656158432
robothead,task3,recording2,479,9.542489968883554,5.65805407644146,3.8844358924420983,5.65805407644146,3.8844358924420983,False,5.65805407644146,3.8844358924420943,9.542489968883554,7.559736956229639,1.982753012653916
robothead,task3,recording2,538,9.349145923824391,8.180609298202905,1.168536625621499,8.180609298202905,1.168536625621499,False,8.180609298202905,1.1685366256214866,9.349145923824391,8.043844905314462,1.3053010185099367
robothead,task3,recording2,733,12.083223253116016,9.4843990950938,2.598824158022211,9.4843990950938,2.598824158022211,False,9.4843990950938,2.5988241580222162,12.083223253116016,8.42329513247936,3.659928120636664
robothead,task3,recording2,793,11.020280084834605,9.149907635611578,1.8703724492230265,9.149907635611578,1.8703724492230265,False,9.149907635611578,1.8703724492230265,11.020280084834605,8.055458246921875,2.964821837912723
robothead,task3,recording2,853,8.36470249547958,8.70042528104189,0.3357227855622966,8.70042528104189,0.3357227855622966,False,8.70042528104189,0.33572278556230906,8.36470249547958,8.198463334449452,0.1662391610301199
robothead,task3,recording2,1100,-2.030061609006077,2.4191029821157355,4.449164591121814,2.4191029821157355,4.449164591121814,False,2.4191029821157355,4.4491645911218125,-2.030061609006077,2.2204414423255177,4.250503051331606
robothead,task3,recording2,1159,-10.714201501447498,-2.713610657038776,8.00059084440872,-2.713610657038776,8.00059084440872,False,-2.713610657038776,8.000590844408721,-10.714201501447498,-2.2416411674528023,8.472560333994693
robothead,task3,recording2,1219,-12.690344579282131,-9.656822904358531,3.0335216749236054,-9.656822904358531,3.0335216749236054,False,-9.656822904358531,3.0335216749236,-12.690344579282131,-8.762778226017605,3.927566353264524
robothead,task3,recording2,1425,-8.12030180089971,-11.346774570704758,3.226472769805042,-11.346774570704758,3.226472769805042,False,-11.346774570704758,3.2264727698050475,-8.12030180089971,-10.739248969507852,2.6189471686081447
robothead,task3,recording2,1485,-0.0695205406948733,-8.47493843925991,8.405417898565048,-8.47493843925991,8.405417898565048,False,-8.47493843925991,8.405417898565037,-0.0695205406948733,-8.689678923801647,8.62015838310677
robothead,task3,recording2,1544,5.642496945799051,-0.3567313471367933,5.99922829293584,-0.3567313471367933,5.99922829293584,False,-0.3567313471367933,5.999228292935844,5.642496945799051,-1.31729916531981,6.959796111118862
robothead,task3,recording2,1604,13.91469084291695,6.245757723724757,7.668933119192189,6.245757723724757,7.668933119192189,False,6.245757723724757,7.668933119192194,13.91469084291695,6.740636485476118,7.174054357440838
robothead,task3,recording2,1849,40.119337401035786,55.0154752520858,14.896137851050014,55.0154752520858,14.896137851050014,False,55.0154752520858,14.896137851050014,40.119337401035786,56.01633820492768,15.8970008038919
robothead,task3,recording2,1909,45.1462617452173,52.256753845381205,7.110492100163896,52.256753845381205,7.110492100163896,False,52.256753845381205,7.110492100163903,45.1462617452173,56.86852769331579,11.722265948098482
robothead,task3,recording2,1969,50.01848460998298,65.68580327111931,15.667318661136337,65.68580327111931,15.667318661136337,False,65.68580327111931,15.667318661136335,50.01848460998298,63.86861745432697,13.850132844343989
robothead,task3,recording2,2028,50.055301935558056,65.92066408891192,15.865362153353855,65.92066408891192,15.865362153353855,False,65.92066408891192,15.865362153353864,50.055301935558056,65.8826521680616,15.827350232503534
robothead,task3,recording2,2425,21.818912104401186,20.41893142677355,1.399980677627639,20.41893142677355,1.399980677627639,False,20.41893142677355,1.3999806776276351,21.818912104401186,20.992604451249704,0.8263076531514741
robothead,task3,recording2,2485,19.17833615071448,20.07955273608193,0.9012165853674504,20.07955273608193,0.9012165853674504,False,20.07955273608193,0.9012165853674503,19.17833615071448,20.45115763666863,1.2728214859541538
robothead,task3,recording3,241,26.685559849686552,25.51039461031601,1.175165239370557,25.51039461031601,1.175165239370557,False,25.51039461031601,1.1751652393705427,26.685559849686552,25.83297587788421,0.8525839718023462
robothead,task3,recording3,340,30.641737178103863,25.5239745199534,5.117762658150468,25.5239745199534,5.117762658150468,False,25.5239745199534,5.117762658150465,30.641737178103863,25.812572829549044,4.829164348554826
robothead,task3,recording3,439,34.724787670160055,31.58350862677993,3.141279043380109,31.58350862677993,3.141279043380109,False,31.58350862677993,3.1412790433801234,34.724787670160055,32.32652260904304,2.3982650611170016
robothead,task3,recording3,603,45.29815997059536,39.542530707054254,5.755629263541096,39.542530707054254,5.755629263541096,False,39.542530707054254,5.755629263541103,45.29815997059536,39.56152777117273,5.736632199422616
robothead,task3,recording3,702,50.98753679539409,46.7778525869241,4.20968420846998,46.7778525869241,4.20968420846998,False,46.7778525869241,4.209684208469994,50.98753679539409,46.365491921404185,4.622044873989921
robothead,task3,recording3,801,39.92868817178936,44.69113718991204,4.76244901812268,44.69113718991204,4.76244901812268,False,44.69113718991204,4.76244901812268,39.92868817178936,44.74467185887828,4.815983687088931
robothead,task3,recording3,962,20.641038789758703,18.218511940065152,2.422526849693554,18.218511940065152,2.422526849693554,False,18.218511940065152,2.4225268496935506,20.641038789758703,17.826737543075918,2.8143012466827884
robothead,task3,recording3,1061,17.06118689845173,10.53809834544313,6.523088553008591,10.53809834544313,6.523088553008591,False,10.53809834544313,6.5230885530086,17.06118689845173,12.330365841498136,4.7308210569536016
robothead,task3,recording3,1161,13.357964682948184,11.587341520894372,1.7706231620538233,11.587341520894372,1.7706231620538233,False,11.587341520894372,1.7706231620538126,13.357964682948184,12.067916254116348,1.290048428831824
robothead,task3,recording3,1351,6.655014844427733,9.202715313116274,2.5477004686885323,9.202715313116274,2.5477004686885323,False,9.202715313116274,2.547700468688541,6.655014844427733,7.677792399591722,1.022777555163998
robothead,task3,recording3,1450,3.793540569882405,3.796159757873704,0.0026191879912857,3.796159757873704,0.0026191879912857,False,3.796159757873704,0.002619187991299121,3.793540569882405,3.0727801485978543,0.7207604212845524
robothead,task3,recording3,1668,-0.003850357754444,-1.2636167820555608,1.2597664243011195,-1.2636167820555608,1.2597664243011195,False,-1.2636167820555608,1.2597664243011168,-0.003850357754444,-0.5674587328727765,0.5636083751183207
robothead,task3,recording3,1768,2.1334138275916184,-0.3797939556836844,2.513207783275305,-0.3797939556836844,2.513207783275305,False,-0.3797939556836844,2.513207783275303,2.1334138275916184,-0.5043553066903463,2.637769134281968
robothead,task3,recording3,1913,-5.663042852546515,-4.279271711199423,1.383771141347097,-4.279271711199423,1.383771141347097,False,-4.279271711199423,1.3837711413470917,-5.663042852546515,-4.144931799340788,1.518111053205729
robothead,task3,recording3,2012,-16.9781067167558,-10.502744141349744,6.475362575406052,-10.502744141349744,6.475362575406052,False,-10.502744141349744,6.475362575406056,-16.9781067167558,-10.691776815202214,6.286329901553586
robothead,task3,recording3,2204,-14.603720169473675,-9.88524234629509,4.718477823178574,-9.88524234629509,4.718477823178574,False,-9.88524234629509,4.718477823178585,-14.603720169473675,-11.914979195786524,2.688740973687146
robothead,task3,recording3,2303,-12.362432560401162,-2.1498054184850472,10.21262714191613,-2.1498054184850472,10.21262714191613,False,-2.1498054184850472,10.212627141916116,-12.362432560401162,-4.998717980773825,7.363714579627327
robothead,task3,recording3,2475,-12.026784010254474,-11.95623263574249,0.0705513745119787,-11.95623263574249,0.0705513745119787,False,-11.95623263574249,0.07055137451198412,-12.026784010254474,-11.02689896695128,0.9998850433031804
robothead,task3,recording3,2574,-15.6736552258041,-12.846728826390873,2.8269263994132245,-12.846728826390873,2.8269263994132245,False,-12.846728826390873,2.826926399413228,-15.6736552258041,-15.358133699348237,0.3155215264558535
robothead,task3,recording3,2673,-18.08547328573156,-13.83569022379129,4.249783061940264,-13.83569022379129,4.249783061940264,False,-13.83569022379129,4.249783061940269,-18.08547328573156,-14.62961244771678,3.455860838014786
robothead,task3,recording4,298,-15.301632474170557,-15.725179214933704,0.4235467407631574,-15.725179214933704,0.4235467407631574,False,-15.725179214933704,0.4235467407631468,-15.301632474170557,-15.304539937035871,0.0029074628653233
robothead,task3,recording4,409,-8.699344948520022,-14.83133783605584,6.13199288753583,-14.83133783605584,6.13199288753583,False,-14.83133783605584,6.131992887535818,-8.699344948520022,-14.51251012098114,5.813165172461112
robothead,task3,recording4,560,7.1917674064983705,4.086118339028805,3.1056490674695567,4.086118339028805,3.1056490674695567,False,4.086118339028805,3.1056490674695656,7.1917674064983705,3.5868537752313423,3.6049136312670393
robothead,task3,recording4,670,4.463299850988599,5.048318395856051,0.5850185448674665,5.048318395856051,0.5850185448674665,False,5.048318395856051,0.5850185448674523,4.463299850988599,4.342670537228809,0.1206293137597924
robothead,task3,recording4,781,-1.1134355193553516,2.1364703797596207,3.249905899114964,2.1364703797596207,3.249905899114964,False,2.1364703797596207,3.2499058991149723,-1.1134355193553516,1.1492449319544868,2.262680451309848
robothead,task3,recording4,991,9.579412697162468,7.058714728318779,2.520697968843677,7.058714728318779,2.520697968843677,False,7.058714728318779,2.520697968843689,9.579412697162468,7.131914669441256,2.447498027721224
robothead,task3,recording4,1130,24.09718805882034,19.580009209592525,4.517178849227804,19.580009209592525,4.517178849227804,False,19.580009209592525,4.517178849227815,24.09718805882034,20.8719829933124,3.225205065507936
robothead,task3,recording4,1295,35.37866163927309,32.56962653251597,2.809035106757108,32.56962653251597,2.809035106757108,False,32.56962653251597,2.809035106757122,35.37866163927309,33.094729513239564,2.283932126033534
robothead,task3,recording4,1405,34.75645443890525,33.14621133744541,1.6102431014598435,33.14621133744541,1.6102431014598435,False,33.14621133744541,1.6102431014598437,34.75645443890525,33.689305240511274,1.0671491983939632
robothead,task3,recording4,1516,35.84031262482805,32.18016129594246,3.660151328885604,32.18016129594246,3.660151328885604,False,32.18016129594246,3.66015132888559,35.84031262482805,31.70543984122009,4.13487278360796
robothead,task3,recording4,1718,22.633207706111214,20.482086588667222,2.1511211174440064,20.482086588667222,2.1511211174440064,False,20.482086588667222,2.151121117443992,22.633207706111214,20.97939980327826,1.6538079028329662
robothead,task3,recording4,1829,0.9482042470828264,14.27867312963279,13.330468882549953,14.27867312963279,13.330468882549953,False,14.27867312963279,13.330468882549964,0.9482042470828264,14.17215753820038,13.22395329111754
robothead,task3,recording4,1939,-20.638986105809327,-10.05897043608901,10.580015669720323,-10.05897043608901,10.580015669720323,False,-10.05897043608901,10.580015669720316,-20.638986105809327,-9.498830600859662,11.14015550494966
robothead,task3,recording4,2096,-28.861315834564788,-25.552490215836126,3.3088256187286618,-25.552490215836126,3.3088256187286618,False,-25.552490215836126,3.3088256187286618,-28.861315834564788,-30.859009953319543,1.9976941187547648
robothead,task3,recording4,2207,-19.948697745026752,-13.65139147551991,6.297306269506834,-13.65139147551991,6.297306269506834,False,-13.65139147551991,6.2973062695068425,-19.948697745026752,-16.101482989584404,3.847214755442337
robothead,task3,recording4,2318,-12.56162874688622,-4.161151219815154,8.400477527071075,-4.161151219815154,8.400477527071075,False,-4.161151219815154,8.400477527071065,-12.56162874688622,-4.038123993940321,8.523504752945911
robothead,task3,recording4,2558,-12.53565102969931,-8.236640451026206,4.299010578673091,-8.236640451026206,4.299010578673091,False,-8.236640451026206,4.299010578673103,-12.53565102969931,-7.6528498455746385,4.8828011841246735
robothead,task3,recording4,2668,0.1397382689151719,-6.242983423304795,6.382721692219974,-6.242983423304795,6.382721692219974,False,-6.242983423304795,6.382721692219968,0.1397382689151719,-5.3965238787733565,5.536262147688518
robothead,task3,recording4,2870,19.9606482190254,14.189657481290723,5.770990737734678,14.189657481290723,5.770990737734678,False,14.189657481290723,5.770990737734678,19.9606482190254,13.637663847707564,6.32298437131783
robothead,task3,recording4,2981,31.05415165860017,24.193351890933183,6.860799767666975,24.193351890933183,6.860799767666975,False,24.193351890933183,6.860799767666986,31.05415165860017,24.99073576872009,6.063415889880076
robothead,task3,recording5,443,19.635288782518387,18.638858631520662,0.9964301509977248,18.638858631520662,0.9964301509977248,False,18.638858631520662,0.9964301509977247,19.635288782518387,18.40459173189272,1.230697050625679
robothead,task3,recording5,510,21.11663814560537,19.352602649286037,1.7640354963193374,19.352602649286037,1.7640354963193374,False,19.352602649286037,1.7640354963193339,21.11663814560537,18.96747144391625,2.1491667016891256
robothead,task3,recording5,576,23.76945524568086,21.356716023259654,2.4127392224212088,21.356716023259654,2.4127392224212088,False,21.356716023259654,2.412739222421205,23.76945524568086,21.10902800965175,2.660427236029108
robothead,task3,recording5,643,23.51997025143518,23.481952258447603,0.0380179929875907,23.481952258447603,0.0380179929875907,False,23.481952258447603,0.038017992987576577,23.51997025143518,23.41651992274869,0.1034503286864776
robothead,task3,recording5,808,24.146104995457847,21.42074088485334,2.725364110604517,21.42074088485334,2.725364110604517,False,21.42074088485334,2.725364110604506,24.146104995457847,21.236517497344504,2.9095874981133534
robothead,task3,recording5,874,25.496240228121327,22.566636731170725,2.929603496950591,22.566636731170725,2.929603496950591,False,22.566636731170725,2.9296034969506017,25.496240228121327,22.43174080018345,3.064499427937875
robothead,task3,recording5,941,21.99207099921971,23.279871013892286,1.2878000146725697,23.279871013892286,1.2878000146725697,False,23.279871013892286,1.2878000146725768,21.99207099921971,22.779656471620903,0.7875854724011901
robothead,task3,recording5,1007,16.306889619244057,18.282647998494323,1.9757583792502655,18.282647998494323,1.9757583792502655,False,18.282647998494323,1.9757583792502658,16.306889619244057,17.32605310030673,1.0191634810626624
robothead,task3,recording5,1074,17.139374412489733,15.472648169888965,1.6667262426007596,15.472648169888965,1.6667262426007596,False,15.472648169888965,1.6667262426007685,17.139374412489733,14.21381755956842,2.925556852921318
robothead,task3,recording5,1305,18.232728865625177,17.65997650899797,0.5727523566272055,17.65997650899797,0.5727523566272055,False,17.65997650899797,0.5727523566272055,18.232728865625177,16.323845719065794,1.9088831465593896
robothead,task3,recording5,1411,11.128642457001757,19.354101966249683,8.225459509247912,19.354101966249683,8.225459509247912,False,19.354101966249683,8.225459509247926,11.128642457001757,18.37326933366684,7.24462687666508
robothead,task3,recording5,1478,4.605129039487196,7.780339578551509,3.175210539064324,7.780339578551509,3.175210539064324,False,7.780339578551509,3.175210539064312,4.605129039487196,7.298126655473318,2.6929976159861155
robothead,task3,recording5,1763,-14.069108960873988,-15.969328802291775,1.900219841417794,-15.969328802291775,1.900219841417794,False,-15.969328802291775,1.9002198414177869,-14.069108960873988,-16.331780554495793,2.262671593621804
robothead,task3,recording5,1829,-15.722345664998404,-14.884566769039711,0.8377788959587065,-14.884566769039711,0.8377788959587065,False,-14.884566769039711,0.8377788959586923,-15.722345664998404,-14.716935611631186,1.0054100533672283
robothead,task3,recording5,2056,-16.194853803600243,-14.869476970726591,1.3253768328736442,-14.869476970726591,1.3253768328736442,False,-14.869476970726591,1.3253768328736513,-16.194853803600243,-16.79226834579679,0.5974145421965318
robothead,task3,recording5,2164,-11.04271784746968,-5.762632269066958,5.280085578402719,-5.762632269066958,5.280085578402719,False,-5.762632269066958,5.280085578402722,-11.04271784746968,-3.842207234841704,7.200510612627966
robothead,task3,recording5,2231,-9.526705532033468,-1.643682703417262,7.88302282861622,-1.643682703417262,7.88302282861622,False,-1.643682703417262,7.883022828616205,-9.526705532033468,-1.5034204021570017,8.023285129876456
robothead,task3,recording5,2298,-6.10712134567992,-4.011675000296091,2.0954463453838343,-4.011675000296091,2.0954463453838343,False,-4.011675000296091,2.095446345383829,-6.10712134567992,-4.497819673667472,1.6093016720124351
robothead,task3,recording5,2364,0.2702118153898949,-0.6280724571331096,0.898284272523,-0.6280724571331096,0.898284272523,False,-0.6280724571331096,0.8982842725230045,0.2702118153898949,-1.4953835427201003,1.765595358110005
robothead,task3,recording5,2431,4.517655399557556,3.722555562695665,0.7950998368618798,3.722555562695665,0.7950998368618798,False,3.722555562695665,0.7950998368618913,4.517655399557556,0.8292042107253065,3.6884511888322606
robothead,task4,recording1,253,-38.1098932966373,-38.333317948861655,0.2234246522243665,-38.333317948861655,0.2234246522243665,False,-38.333317948861655,0.22342465222435237,-38.1098932966373,-38.7872392935254,0.677345996888107
robothead,task4,recording1,302,-27.838078226603734,-35.81997891468705,7.9819006880833,-35.81997891468705,7.9819006880833,False,-35.81997891468705,7.981900688083314,-27.838078226603734,-35.843488548413,8.00541032180925
robothead,task4,recording1,549,21.081777763381,20.549214286230303,0.5325634771506884,20.549214286230303,0.5325634771506884,False,20.549214286230303,0.5325634771506991,21.081777763381,20.62403552651065,0.4577422368703594
robothead,task4,recording1,932,17.354177512544897,19.333858926780447,1.9796814142355568,19.333858926780447,1.9796814142355568,False,19.333858926780447,1.97968141423555,17.354177512544897,19.18205188722282,1.8278743746779185
robothead,task4,recording1,2389,17.958320225240257,22.38207622403175,4.423755998791478,22.38207622403175,4.423755998791478,False,22.38207622403175,4.423755998791492,17.958320225240257,20.586021673053803,2.627701447813536
robothead,task4,recording1,2555,-25.534515514018985,-22.390274414907925,3.1442410991110705,-22.390274414907925,3.1442410991110705,False,-22.390274414907925,3.14424109911106,-25.534515514018985,-22.359290522063446,3.175224991955531
robothead,task4,recording1,2853,31.51068520906445,31.573141205715167,0.0624559966507263,31.573141205715167,0.0624559966507263,False,31.573141205715167,0.06245599665071566,31.51068520906445,31.884081721325572,0.3733965122611096
robothead,task4,recording1,3386,9.128923386586832,7.276889831311712,1.8520335552751133,7.276889831311712,1.8520335552751133,False,7.276889831311712,1.8520335552751206,9.128923386586832,8.055432780467646,1.0734906061191791
robothead,task4,recording1,3793,25.89051420734451,28.569389175111557,2.678874967767058,28.569389175111557,2.678874967767058,False,28.569389175111557,2.6788749677670474,25.89051420734451,28.000035966814963,2.1095217594704536
robothead,task4,recording1,5113,-11.11991263051787,-5.9890779793063365,5.130834651211529,-5.9890779793063365,5.130834651211529,False,-5.9890779793063365,5.130834651211534,-11.11991263051787,-5.4108253312833385,5.70908729923454
robothead,task4,recording1,5163,-14.120520740319932,-10.012395362474406,4.108125377845539,-10.012395362474406,4.108125377845539,False,-10.012395362474406,4.108125377845527,-14.120520740319932,-10.579668287018707,3.540852453301227
robothead,task4,recording1,5687,-38.765997397713136,-33.02950350507417,5.736493892638976,-33.02950350507417,5.736493892638976,False,-33.02950350507417,5.736493892638968,-38.765997397713136,-33.09361365034556,5.672383747367576
robothead,task4,recording1,6004,-35.250344662494214,-34.782021887465376,0.4683227750288381,-34.782021887465376,0.4683227750288381,False,-34.782021887465376,0.4683227750288381,-35.250344662494214,-34.68598583454936,0.5643588279448579
robothead,task4,recording1,6464,20.15107363243904,32.041557277580985,11.890483645141956,32.041557277580985,11.890483645141956,False,32.041557277580985,11.890483645141945,20.15107363243904,26.313404605852018,6.162330973412992
robothead,task4,recording1,6514,21.486085077520706,28.4565372154767,6.970452137955988,28.4565372154767,6.970452137955988,False,28.4565372154767,6.970452137955995,21.486085077520706,34.72497639389698,13.238891316376282
robothead,task4,recording1,6563,23.95896532562845,25.9114897806728,1.9525244550443404,25.9114897806728,1.9525244550443404,False,25.9114897806728,1.9525244550443475,23.95896532562845,34.36533023760352,10.40636491197506
robothead,task4,recording1,6612,28.06628539941613,36.72303952330453,8.65675412388839,36.72303952330453,8.65675412388839,False,36.72303952330453,8.656754123888398,28.06628539941613,38.536739133499225,10.470453734083094
robothead,task4,recording1,7435,60.58441452886692,55.15724305462506,5.427171474241845,55.15724305462506,5.427171474241845,False,55.15724305462506,5.4271714742418595,60.58441452886692,55.57932873501864,5.005085793848281
robothead,task4,recording1,8205,3.1563219291655087,5.797053102776244,2.640731173610732,5.797053102776244,2.640731173610732,False,5.797053102776244,2.6407311736107357,3.1563219291655087,5.9095305721673785,2.7532086430018694
robothead,task4,recording1,8526,11.76317335429017,4.836132808066785,6.927040546223395,4.836132808066785,6.927040546223395,False,4.836132808066785,6.9270405462233855,11.76317335429017,4.982993682652442,6.78017967163774
robothead,task4,recording2,326,21.443127914227663,24.851599268525817,3.4084713542981437,24.851599268525817,3.4084713542981437,False,24.851599268525817,3.408471354298154,21.443127914227663,25.48655604639736,4.0434281321697085
robothead,task4,recording2,735,4.494520111595246,12.29213614655894,7.797616034963681,12.29213614655894,7.797616034963681,False,12.29213614655894,7.797616034963695,4.494520111595246,13.018766770639852,8.524246659044593
robothead,task4,recording2,1101,-27.19949610693488,-26.02367159897681,1.1758245079580547,-26.02367159897681,1.1758245079580547,False,-26.02367159897681,1.175824507958069,-27.19949610693488,-25.174842747940183,2.024653358994698
robothead,task4,recording2,1546,-55.401310509216,-34.94460526077003,20.456705248445985,-34.94460526077003,20.456705248445985,False,-34.94460526077003,20.45670524844597,-55.401310509216,-39.0274537841302,16.3738567250858
robothead,task4,recording2,1911,-33.07814198049877,-30.89948879764497,2.178653182853793,-30.89948879764497,2.178653182853793,False,-30.89948879764497,2.1786531828538003,-33.07814198049877,-31.23392368737201,1.8442182931267723
robothead,task4,recording2,2385,-25.393854059684408,-27.94263958408351,2.548785524399108,-27.94263958408351,2.548785524399108,False,-27.94263958408351,2.5487855243991007,-25.393854059684408,-28.191120731011665,2.7972666713272645
robothead,task4,recording2,2750,-33.26462208208419,-32.99023057690836,0.2743915051758279,-32.99023057690836,0.2743915051758279,False,-32.99023057690836,0.2743915051758279,-33.26462208208419,-33.56096745720788,0.2963453751236784
robothead,task4,recording2,3031,-32.28413888835651,-32.67913093483678,0.3949920464802687,-32.67913093483678,0.3949920464802687,False,-32.67913093483678,0.39499204648026875,-32.28413888835651,-33.17806005172947,0.8939211633729656
robothead,task4,recording2,3397,15.664897714762684,11.96495862241404,3.699939092348643,11.96495862241404,3.699939092348643,False,11.96495862241404,3.699939092348645,15.664897714762684,12.452014647993495,3.2128830667691943
robothead,task4,recording2,3859,30.7445189421326,34.38723671151246,3.642717769379857,34.38723671151246,3.642717769379857,False,34.38723671151246,3.642717769379857,30.7445189421326,34.857576632819296,4.113057690686702
robothead,task4,recording2,4237,8.360372529563941,11.28129055914401,2.920918029580065,11.28129055914401,2.920918029580065,False,11.28129055914401,2.9209180295800685,8.360372529563941,11.582091405400348,3.221718875836416
robothead,task4,recording2,4628,22.3190510289064,22.073709922120138,0.2453411067862703,22.073709922120138,0.2453411067862703,False,22.073709922120138,0.2453411067862632,22.3190510289064,22.134136868804266,0.1849141601021244
robothead,task4,recording2,5117,-20.307168930661703,-13.839529139089723,6.467639791571969,-13.839529139089723,6.467639791571969,False,-13.839529139089723,6.46763979157198,-20.307168930661703,-13.125217833586708,7.181951097075
robothead,task4,recording2,5496,-29.54170654573488,-19.7446070615033,9.79709948423158,-19.7446070615033,9.79709948423158,False,-19.7446070615033,9.79709948423158,-29.54170654573488,-24.005063235443043,5.536643310291822
robothead,task4,recording2,5861,-28.64585645407077,-27.882639838075573,0.7632166159951908,-27.882639838075573,0.7632166159951908,False,-27.882639838075573,0.7632166159951979,-28.64585645407077,-25.629096138256585,3.016760315814196
robothead,task4,recording2,6254,4.770486548000832,3.9653828889825498,0.8051036590182719,3.9653828889825498,0.8051036590182719,False,3.9653828889825498,0.8051036590182825,4.770486548000832,2.775977326225218,1.9945092217756155
robothead,task4,recording2,6618,10.527001551336475,9.345146745790258,1.1818548055462088,9.345146745790258,1.1818548055462088,False,9.345146745790258,1.1818548055462177,10.527001551336475,8.710698655844539,1.8163028954919296
robothead,task4,recording2,7009,52.61185677920001,49.3742536080166,3.237603171183423,49.3742536080166,3.237603171183423,False,49.3742536080166,3.237603171183409,52.61185677920001,49.37335186266319,3.23850491653684
robothead,task4,recording2,7466,43.564604409177726,45.16342017144842,1.5988157622707035,45.16342017144842,1.5988157622707035,False,45.16342017144842,1.5988157622706964,43.564604409177726,44.4170662720205,0.8524618628427731
robothead,task4,recording2,7832,5.673468556776552,10.196688403951423,4.523219847174886,10.196688403951423,4.523219847174886,False,10.196688403951423,4.523219847174872,5.673468556776552,10.39654453507691,4.723075978300358
robothead,task4,recording3,240,4.184164569547676,7.37117513258654,3.1870105630388537,7.37117513258654,3.1870105630388537,False,7.37117513258654,3.1870105630388643,4.184164569547676,7.958375649984632,3.7742110804369418
robothead,task4,recording3,1085,1.281021551992011,1.0976466401882214,0.1833749118037815,1.0976466401882214,0.1833749118037815,False,1.0976466401882214,0.1833749118037895,1.281021551992011,2.475250539917764,1.1942289879257544
robothead,task4,recording3,1286,-23.796990881065188,-28.675634100498755,4.87864321943357,-28.675634100498755,4.87864321943357,False,-28.675634100498755,4.878643219433567,-23.796990881065188,-28.20244006258144,4.405449181516246
robothead,task4,recording3,1962,46.16348760919152,51.97784245382064,5.814354844629122,51.97784245382064,5.814354844629122,False,51.97784245382064,5.814354844629122,46.16348760919152,52.603873538271365,6.440385929079838
robothead,task4,recording3,2617,-31.924581115418555,-27.44675715642139,4.477823958997163,-27.44675715642139,4.477823958997163,False,-27.44675715642139,4.477823958997163,-31.924581115418555,-27.621936555326837,4.302644560091721
robothead,task4,recording3,2885,-46.94690257412925,-44.51945160681636,2.427450967312893,-44.51945160681636,2.427450967312893,False,-44.51945160681636,2.427450967312886,-46.94690257412925,-44.12675408472776,2.820148489401504
robothead,task4,recording3,3564,-14.816048179487806,-9.223092369836298,5.5929558096515,-9.223092369836298,5.5929558096515,False,-9.223092369836298,5.592955809651508,-14.816048179487806,-19.640968377140567,4.824920197652773
robothead,task4,recording3,4310,15.231887613298468,14.124632653001722,1.107254960296757,14.124632653001722,1.107254960296757,False,14.124632653001722,1.1072549602967463,15.231887613298468,13.754789528132877,1.4770980851656077
robothead,task4,recording3,4662,8.845335394958482,10.459785142121191,1.6144497471627233,10.459785142121191,1.6144497471627233,False,10.459785142121191,1.614449747162709,8.845335394958482,8.243524480799596,0.6018109141588752
robothead,task4,recording3,4813,-28.96244043063156,-25.39960249819222,3.5628379324393507,-25.39960249819222,3.5628379324393507,False,-25.39960249819222,3.56283793243934,-28.96244043063156,-24.954963052503444,4.007477378128101
robothead,task4,recording3,5329,4.669533901012999,3.877205282199541,0.7923286188134568,3.877205282199541,0.7923286188134568,False,3.877205282199541,0.7923286188134577,4.669533901012999,5.30528373794191,0.635749836928909
robothead,task4,recording3,5543,-29.8009222596204,-26.416411953688765,3.3845103059316277,-26.416411953688765,3.3845103059316277,False,-26.416411953688765,3.3845103059316344,-29.8009222596204,-25.425524075114023,4.375398184506366
robothead,task4,recording3,5609,-29.97705463140836,-26.189637091711248,3.787417539697117,-26.189637091711248,3.787417539697117,False,-26.189637091711248,3.7874175396971133,-29.97705463140836,-25.45996228630873,4.517092345099627
robothead,task4,recording3,5760,28.095594338222963,26.665985419979467,1.4296089182435026,26.665985419979467,1.4296089182435026,False,26.665985419979467,1.4296089182434955,28.095594338222963,26.751480920260104,1.344113417962859
robothead,task4,recording3,5938,-6.49105732731868,-13.7502138059091,7.259156478590427,-13.7502138059091,7.259156478590427,False,-13.7502138059091,7.25915647859042,-6.49105732731868,-13.3333466082929,6.842289280974228
robothead,task4,recording3,6318,44.70821277129212,48.16539068867406,3.457177917381955,48.16539068867406,3.457177917381955,False,48.16539068867406,3.457177917381941,44.70821277129212,48.656120569541415,3.947907798249304
robothead,task4,recording3,6385,44.18756144076541,52.26313824627493,8.075576805509513,52.26313824627493,8.075576805509513,False,52.26313824627493,8.07557680550952,44.18756144076541,50.15015799661803,5.962596555852628
robothead,task4,recording3,6780,41.49363801741819,54.61945265072057,13.125814633302385,54.61945265072057,13.125814633302385,False,54.61945265072057,13.125814633302376,41.49363801741819,53.22136328198331,11.727725264565125
robothead,task4,recording3,6847,42.28707971396798,56.41881367664736,14.131733962679393,56.41881367664736,14.131733962679393,False,56.41881367664736,14.131733962679384,42.28707971396798,56.852596270206575,14.565516556238606
robothead,task4,recording3,7314,-21.32331405977421,-19.51846998964455,1.8048440701296613,-19.51846998964455,1.8048440701296613,False,-19.51846998964455,1.8048440701296578,-21.32331405977421,-18.96170864488842,2.361605414885787
robothead,task4,recording4,377,-28.001909649093488,-25.4296030864096,2.572306562683877,-25.4296030864096,2.572306562683877,False,-25.4296030864096,2.572306562683888,-28.001909649093488,-24.46275564125908,3.539154007834412
robothead,task4,recording4,783,-32.81051941658629,-28.409231132572696,4.401288284013589,-28.409231132572696,4.401288284013589,False,-28.409231132572696,4.401288284013592,-32.81051941658629,-29.396594275295158,3.413925141291145
robothead,task4,recording4,845,-35.414563803454776,-30.113184329256168,5.301379474198598,-30.113184329256168,5.301379474198598,False,-30.113184329256168,5.301379474198608,-35.414563803454776,-31.048605785149565,4.365958018305207
robothead,task4,recording4,1180,-39.54609182752486,-36.66288170826422,2.8832101192606387,-36.66288170826422,2.8832101192606387,False,-36.66288170826422,2.8832101192606387,-39.54609182752486,-37.31420296929266,2.231888858232196
robothead,task4,recording4,1804,0.5060032335449252,-0.5042385145372225,1.0102417480821373,-0.5042385145372225,1.0102417480821373,False,-0.5042385145372225,1.0102417480821475,0.5060032335449252,-2.6885397769809862,3.194543010525905
robothead,task4,recording4,1866,4.274393302690114,7.561623279157105,3.287229976466989,7.561623279157105,3.287229976466989,False,7.561623279157105,3.2872299764669917,4.274393302690114,6.324400149907799,2.0500068472176736
robothead,task4,recording4,2263,28.985571693059324,42.31757128254109,13.331999589481768,42.31757128254109,13.331999589481768,False,42.31757128254109,13.331999589481764,28.985571693059324,42.75471979443245,13.769148101373132
robothead,task4,recording4,2780,55.297518166117776,50.80391113127212,4.493607034845638,50.80391113127212,4.493607034845638,False,50.80391113127212,4.4936070348456525,55.297518166117776,50.60040391026893,4.697114255848845
robothead,task4,recording4,3178,35.741416573064626,40.555954158529815,4.814537585465189,40.555954158529815,4.814537585465189,False,40.555954158529815,4.814537585465189,35.741416573064626,40.56590797894639,4.824491405881759
robothead,task4,recording4,3742,-8.637773115305228,-7.586098552143404,1.0516745631618107,-7.586098552143404,1.0516745631618107,False,-7.586098552143404,1.051674563161824,-8.637773115305228,-7.945375902376315,0.6923972129289098
robothead,task4,recording4,4165,-25.75557132067821,-20.422088611515896,5.333482709162325,-20.422088611515896,5.333482709162325,False,-20.422088611515896,5.333482709162315,-25.75557132067821,-22.47016273890813,3.285408581770099
robothead,task4,recording4,4326,25.85013014771444,32.085954943904056,6.235824796189604,32.085954943904056,6.235824796189604,False,32.085954943904056,6.235824796189615,25.85013014771444,34.408579040774825,8.558448893060387
robothead,task4,recording4,4745,23.764569179150087,32.26650635017548,8.50193717102539,32.26650635017548,8.50193717102539,False,32.26650635017548,8.501937171025396,23.764569179150087,32.32407570104079,8.559506521890711
robothead,task4,recording4,4891,-47.1438628747857,-35.805816077012764,11.338046797772932,-35.805816077012764,11.338046797772932,False,-35.805816077012764,11.338046797772932,-47.1438628747857,-35.748001889514946,11.395860985270758
robothead,task4,recording4,5210,-48.51016102507899,-37.81561661379758,10.694544411281411,-37.81561661379758,10.694544411281411,False,-37.81561661379758,10.694544411281413,-48.51016102507899,-37.749048012236486,10.761113012842516
robothead,task4,recording4,5272,-48.47661849353277,-32.588865126724784,15.887753366808,-32.588865126724784,15.887753366808,False,-32.588865126724784,15.887753366807985,-48.47661849353277,-39.68606960431868,8.79054888921408
robothead,task4,recording4,5426,19.41695440129345,20.05402158115721,0.6370671798637488,20.05402158115721,0.6370671798637488,False,20.05402158115721,0.6370671798637595,19.41695440129345,21.1765769821398,1.7596225808463544
robothead,task4,recording4,6027,21.85857861774029,25.54262092630599,3.6840423085656937,25.54262092630599,3.6840423085656937,False,25.54262092630599,3.684042308565701,21.85857861774029,25.33660961375676,3.4780309960164573
robothead,task4,recording4,6976,56.28981637457666,56.24006194826802,0.0497544263086524,56.24006194826802,0.0497544263086524,False,56.24006194826802,0.049754426308638244,56.28981637457666,56.80904024540258,0.5192238708259254
robothead,task4,recording4,7300,49.94258538254181,45.95662164954133,3.98596373300046,45.95662164954133,3.98596373300046,False,45.95662164954133,3.9859637330004745,49.94258538254181,47.74701823768612,2.195567144855687
robothead,task4,recording5,307,-39.47693211676232,-37.65633811560813,1.820594001154177,-37.65633811560813,1.820594001154177,False,-37.65633811560813,1.8205940011541912,-39.47693211676232,-38.57371143228267,0.9032206844796632
robothead,task4,recording5,351,-38.34804749343023,-38.25609482008515,0.0919526733450766,-38.25609482008515,0.0919526733450766,False,-38.25609482008515,0.09195267334507662,-38.34804749343023,-38.8271274032997,0.4790799098694833
robothead,task4,recording5,396,-36.14328859975881,-37.383075014939976,1.2397864151811575,-37.383075014939976,1.2397864151811575,False,-37.383075014939976,1.2397864151811646,-36.14328859975881,-38.459375206044136,2.3160866062853245
robothead,task4,recording5,440,-32.15204007463716,-34.54064276778015,2.3886026931429853,-34.54064276778015,2.3886026931429853,False,-34.54064276778015,2.3886026931429853,-32.15204007463716,-34.390461168633415,2.2384210939962657
robothead,task4,recording5,484,-29.242486080089485,-31.080368769111463,1.837882689021967,-31.080368769111463,1.837882689021967,False,-31.080368769111463,1.8378826890219777,-29.242486080089485,-30.975954036163884,1.7334679560744064
robothead,task4,recording5,1052,28.647655893993694,33.923565557125414,5.275909663131728,33.923565557125414,5.275909663131728,False,33.923565557125414,5.275909663131721,28.647655893993694,35.29268820803068,6.645032314036996
robothead,task4,recording5,1096,33.20534888033776,40.042003540081325,6.836654659743573,40.042003540081325,6.836654659743573,False,40.042003540081325,6.836654659743566,33.20534888033776,39.47270127358603,6.267352393248274
robothead,task4,recording5,2248,-24.396707234445064,-22.74739670376112,1.6493105306839482,-22.74739670376112,1.6493105306839482,False,-22.74739670376112,1.6493105306839446,-24.396707234445064,-23.79180745851216,0.6048997759328927
robothead,task4,recording5,2473,13.706047314601529,17.602219531622232,3.896172217020706,17.602219531622232,3.896172217020706,False,17.602219531622232,3.8961722170207036,13.706047314601529,24.00504869402928,10.29900137942775
robothead,task4,recording5,4007,-11.206749954878797,59.47751232346232,70.68426227834112,59.47751232346232,70.68426227834112,False,59.47751232346232,70.68426227834112,-11.206749954878797,6.884189104335626,18.090939059214406
robothead,task4,recording5,4313,44.76398226876673,43.03229799422616,1.7316842745405552,43.03229799422616,1.7316842745405552,False,43.03229799422616,1.7316842745405694,44.76398226876673,42.73843593583921,2.0255463329275187
robothead,task4,recording5,4357,45.22139645354815,42.52693650499173,2.694459948556414,42.52693650499173,2.694459948556414,False,42.52693650499173,2.694459948556421,45.22139645354815,42.363007704625,2.858388748923147
robothead,task4,recording5,4979,3.70182489780273,5.809188976054849,2.107364078252118,5.809188976054849,2.107364078252118,False,5.809188976054849,2.107364078252119,3.70182489780273,5.879925611903819,2.178100714101077
robothead,task4,recording5,5107,-17.042118533695366,-12.89218345565208,4.149935078043285,-12.89218345565208,4.149935078043285,False,-12.89218345565208,4.149935078043285,-17.042118533695366,-13.104569625158785,3.93754890853657
robothead,task4,recording5,5151,-14.001876891329175,-9.94563683541726,4.056240055911928,-9.94563683541726,4.056240055911928,False,-9.94563683541726,4.056240055911916,-14.001876891329175,-11.75861959751019,2.243257293818999
robothead,task4,recording5,5662,-25.39112259501325,-24.812190981651675,0.5789316133615898,-24.812190981651675,0.5789316133615898,False,-24.812190981651675,0.5789316133615756,-25.39112259501325,-24.79983135445518,0.5912912405580641
robothead,task4,recording5,6210,33.33150660770937,38.80793908072332,5.476432473013944,38.80793908072332,5.476432473013944,False,38.80793908072332,5.476432473013951,33.33150660770937,41.23996646875417,7.908459861044804
robothead,task4,recording5,6717,25.568862637802617,22.928609296484705,2.640253341317901,22.928609296484705,2.640253341317901,False,22.928609296484705,2.640253341317912,25.568862637802617,24.786053858057432,0.7828087797451815
robothead,task4,recording5,7095,52.79571926139277,58.130111390486725,5.334392129093942,58.130111390486725,5.334392129093942,False,58.130111390486725,5.334392129093956,52.79571926139277,58.28702724073607,5.491307979343304
robothead,task4,recording5,7139,54.37904265283886,53.74863243441556,0.6304102184232931,53.74863243441556,0.6304102184232931,False,53.74863243441556,0.6304102184233003,54.37904265283886,53.87182158916744,0.507221063671409
