protocol_id,array_label,array_name,task,recording_name,required_time_row_index,selection_rank,active_source_index,true_azimuth_deg,estimated_azimuth_deg,signed_error_deg,absolute_error_deg,squared_error_deg2,runtime_s,truth_used_for_estimation,alpha,frequency_min_hz,frequency_max_hz,theta_min_deg,theta_max_deg,theta_step_deg,frozen_channel_count,frozen_channel_indices_json,full_pair_count,mst_edge_count,mst_edges_json
DOA-V5B-POSTFREEZE-MST-TDOA-YAMAOKA2023-20260913,dicit,dicit,task1,recording1,294,0,0,10.040582974456347,9.106437276572573,-0.9341456978837641,0.9341456978837641,0.8726281848747447,0.6829168000040227,False,1,350.0,3500.0,-80.0,80.0,1.0,15,"[0, 1, 2, 3, 4, 5, 6, 7, 8, 9, 10, 11, 12, 13, 14]",105,14,"[[0, 4], [4, 5], [5, 6], [6, 8], [8, 9], [3, 4], [9, 10], [10, 11], [2, 3], [3, 13], [11, 12], [5, 14], [1, 4], [0, 7]]"
DOA-V5B-POSTFREEZE-MST-TDOA-YAMAOKA2023-20260913,dicit,dicit,task1,recording1,307,1,0,10.040582974456347,9.06207971527383,-0.9785032591825029,0.9785032591825029,0.9574686282307805,0.7231429000021308,False,1,350.0,3500.0,-80.0,80.0,1.0,15,"[0, 1, 2, 3, 4, 5, 6, 7, 8, 9, 10, 11, 12, 13, 14]",105,14,"[[0, 1], [1, 4], [4, 5], [5, 6], [6, 8], [8, 9], [3, 4], [9, 10], [2, 3], [10, 11], [4, 13], [8, 12], [13, 14], [7, 12]]"
DOA-V5B-POSTFREEZE-MST-TDOA-YAMAOKA2023-20260913,dicit,dicit,task1,recording1,321,2,0,10.040582974456347,9.083143551516706,-0.9574394229396432,0.9574394229396432,0.9166902485989971,0.709252299995569,False,1,350.0,3500.0,-80.0,80.0,1.0,15,"[0, 1, 2, 3, 4, 5, 6, 7, 8, 9, 10, 11, 12, 13, 14]",105,14,"[[0, 1], [1, 4], [4, 5], [5, 6], [6, 8], [8, 9], [3, 4], [9, 10], [2, 3], [10, 11], [3, 13], [11, 12], [13, 14], [7, 12]]"
DOA-V5B-POSTFREEZE-MST-TDOA-YAMAOKA2023-20260913,dicit,dicit,task1,recording1,334,3,0,10.040582974456347,9.060668912460393,-0.9799140619959417,0.9799140619959417,0.9602315688973863,0.7174371000000974,False,1,350.0,3500.0,-80.0,80.0,1.0,15,"[0, 1, 2, 3, 4, 5, 6, 7, 8, 9, 10, 11, 12, 13, 14]",105,14,"[[0, 1], [1, 4], [4, 5], [5, 6], [6, 8], [8, 9], [3, 4], [9, 10], [10, 11], [2, 3], [4, 13], [11, 12], [4, 14], [7, 12]]"
DOA-V5B-POSTFREEZE-MST-TDOA-YAMAOKA2023-20260913,dicit,dicit,task1,recording1,347,4,0,10.040582974456347,8.996368315206944,-1.0442146592494055,1.0442146592494055,1.090384254591352,0.6882037000032142,False,1,350.0,3500.0,-80.0,80.0,1.0,15,"[0, 1, 2, 3, 4, 5, 6, 7, 8, 9, 10, 11, 12, 13, 14]",105,14,"[[0, 1], [1, 4], [4, 5], [5, 6], [6, 8], [8, 9], [3, 4], [9, 10], [10, 11], [2, 3], [4, 13], [8, 12], [4, 14], [0, 7]]"
DOA-V5B-POSTFREEZE-MST-TDOA-YAMAOKA2023-20260913,dicit,dicit,task1,recording1,360,5,0,10.040582974456347,9.054226526676244,-0.9863564477801106,0.9863564477801106,0.972899042077398,0.6922940000004019,False,1,350.0,3500.0,-80.0,80.0,1.0,15,"[0, 1, 2, 3, 4, 5, 6, 7, 8, 9, 10, 11, 12, 13, 14]",105,14,"[[0, 1], [1, 4], [4, 5], [5, 6], [6, 8], [8, 9], [3, 4], [9, 10], [10, 11], [2, 3], [4, 13], [8, 12], [4, 14], [7, 14]]"
DOA-V5B-POSTFREEZE-MST-TDOA-YAMAOKA2023-20260913,dicit,dicit,task1,recording1,374,6,0,10.040582974456347,8.992141401233132,-1.048441573223215,1.048441573223215,1.0992297324627702,0.6972027000010712,False,1,350.0,3500.0,-80.0,80.0,1.0,15,"[0, 1, 2, 3, 4, 5, 6, 7, 8, 9, 10, 11, 12, 13, 14]",105,14,"[[0, 1], [1, 4], [4, 5], [5, 6], [6, 8], [8, 9], [3, 4], [9, 10], [10, 11], [2, 3], [4, 13], [11, 12], [4, 14], [0, 7]]"
DOA-V5B-POSTFREEZE-MST-TDOA-YAMAOKA2023-20260913,dicit,dicit,task1,recording1,387,7,0,10.040582974456347,9.056541147372402,-0.9840418270839564,0.9840418270839564,0.9683383174507311,0.7181683000017074,False,1,350.0,3500.0,-80.0,80.0,1.0,15,"[0, 1, 2, 3, 4, 5, 6, 7, 8, 9, 10, 11, 12, 13, 14]",105,14,"[[0, 1], [1, 4], [4, 5], [5, 6], [6, 8], [8, 9], [3, 4], [9, 10], [2, 3], [10, 11], [4, 13], [8, 12], [4, 14], [7, 12]]"
DOA-V5B-POSTFREEZE-MST-TDOA-YAMAOKA2023-20260913,dicit,dicit,task1,recording1,400,8,0,10.040582974456347,8.942672909351023,-1.0979100651053386,1.0979100651053386,1.2054065110596088,0.6838113999983761,False,1,350.0,3500.0,-80.0,80.0,1.0,15,"[0, 1, 2, 3, 4, 5, 6, 7, 8, 9, 10, 11, 12, 13, 14]",105,14,"[[0, 1], [1, 4], [4, 5], [5, 6], [6, 8], [8, 9], [3, 4], [9, 10], [10, 11], [2, 3], [4, 13], [9, 12], [4, 14], [0, 7]]"
DOA-V5B-POSTFREEZE-MST-TDOA-YAMAOKA2023-20260913,dicit,dicit,task1,recording1,413,9,0,10.040582974456347,8.970607618637926,-1.0699753558184284,1.0699753558184284,1.1448472620587724,0.6966781000010087,False,1,350.0,3500.0,-80.0,80.0,1.0,15,"[0, 1, 2, 3, 4, 5, 6, 7, 8, 9, 10, 11, 12, 13, 14]",105,14,"[[0, 1], [1, 4], [4, 5], [5, 6], [6, 8], [8, 9], [3, 4], [9, 10], [10, 11], [2, 3], [4, 13], [11, 12], [8, 14], [0, 7]]"
DOA-V5B-POSTFREEZE-MST-TDOA-YAMAOKA2023-20260913,dicit,dicit,task1,recording1,555,10,0,10.040582974456347,9.089439911778994,-0.951143062677346,0.951143062677346,0.9046731256792419,0.7106429000050412,False,1,350.0,3500.0,-80.0,80.0,1.0,15,"[0, 1, 2, 3, 4, 5, 6, 7, 8, 9, 10, 11, 12, 13, 14]",105,14,"[[0, 7], [0, 4], [4, 5], [5, 6], [6, 8], [8, 9], [9, 10], [3, 4], [10, 11], [2, 3], [11, 12], [4, 13], [1, 4], [5, 14]]"
DOA-V5B-POSTFREEZE-MST-TDOA-YAMAOKA2023-20260913,dicit,dicit,task1,recording1,568,11,0,10.040582974456347,9.05052952776475,-0.9900534466916042,0.9900534466916042,0.9802058273059252,0.6806513999981689,False,1,350.0,3500.0,-80.0,80.0,1.0,15,"[0, 1, 2, 3, 4, 5, 6, 7, 8, 9, 10, 11, 12, 13, 14]",105,14,"[[0, 1], [1, 4], [4, 5], [5, 6], [6, 8], [8, 9], [3, 4], [9, 10], [2, 3], [10, 11], [11, 12], [9, 13], [6, 14], [4, 7]]"
DOA-V5B-POSTFREEZE-MST-TDOA-YAMAOKA2023-20260913,dicit,dicit,task1,recording1,581,12,0,10.040582974456347,9.047151662916729,-0.9934313115396094,0.9934313115396094,0.9869057707473085,0.6897430000026361,False,1,350.0,3500.0,-80.0,80.0,1.0,15,"[0, 1, 2, 3, 4, 5, 6, 7, 8, 9, 10, 11, 12, 13, 14]",105,14,"[[0, 1], [1, 4], [4, 5], [5, 6], [6, 8], [8, 9], [3, 4], [9, 10], [2, 3], [10, 11], [4, 13], [11, 12], [5, 14], [7, 14]]"
DOA-V5B-POSTFREEZE-MST-TDOA-YAMAOKA2023-20260913,dicit,dicit,task1,recording1,594,13,0,10.040582974456347,9.00474147250917,-1.035841501947175,1.035841501947175,1.0729676171561793,0.7187105999983032,False,1,350.0,3500.0,-80.0,80.0,1.0,15,"[0, 1, 2, 3, 4, 5, 6, 7, 8, 9, 10, 11, 12, 13, 14]",105,14,"[[0, 1], [1, 4], [4, 5], [5, 6], [6, 8], [8, 9], [3, 4], [9, 10], [10, 11], [2, 3], [4, 13], [11, 12], [4, 14], [0, 7]]"
DOA-V5B-POSTFREEZE-MST-TDOA-YAMAOKA2023-20260913,dicit,dicit,task1,recording1,608,14,0,10.040582974456347,8.972326227424507,-1.0682567470318531,1.0682567470318531,1.1411724775790766,0.7528152000013506,False,1,350.0,3500.0,-80.0,80.0,1.0,15,"[0, 1, 2, 3, 4, 5, 6, 7, 8, 9, 10, 11, 12, 13, 14]",105,14,"[[0, 1], [1, 4], [4, 5], [5, 6], [6, 8], [8, 9], [3, 4], [9, 10], [10, 11], [2, 3], [3, 13], [11, 12], [4, 14], [0, 7]]"
DOA-V5B-POSTFREEZE-MST-TDOA-YAMAOKA2023-20260913,dicit,dicit,task1,recording1,621,15,0,10.040582974456347,9.07052574985529,-0.9700572246010495,0.9700572246010495,0.941011019000691,0.7032928999979049,False,1,350.0,3500.0,-80.0,80.0,1.0,15,"[0, 1, 2, 3, 4, 5, 6, 7, 8, 9, 10, 11, 12, 13, 14]",105,14,"[[0, 1], [1, 4], [4, 5], [5, 6], [6, 8], [8, 9], [9, 10], [3, 4], [2, 3], [10, 11], [4, 13], [9, 12], [4, 14], [7, 12]]"
DOA-V5B-POSTFREEZE-MST-TDOA-YAMAOKA2023-20260913,dicit,dicit,task1,recording1,634,16,0,10.040582974456347,9.064022040433073,-0.9765609340232686,0.9765609340232686,0.9536712578603987,0.7178581999978633,False,1,350.0,3500.0,-80.0,80.0,1.0,15,"[0, 1, 2, 3, 4, 5, 6, 7, 8, 9, 10, 11, 12, 13, 14]",105,14,"[[0, 1], [1, 4], [4, 5], [5, 6], [6, 8], [8, 9], [3, 4], [9, 10], [2, 3], [10, 11], [4, 13], [8, 12], [8, 14], [7, 12]]"
DOA-V5B-POSTFREEZE-MST-TDOA-YAMAOKA2023-20260913,dicit,dicit,task1,recording1,647,17,0,10.040582974456347,9.076854903318859,-0.9637280711374956,0.9637280711374956,0.9287717950983978,0.6967760000043199,False,1,350.0,3500.0,-80.0,80.0,1.0,15,"[0, 1, 2, 3, 4, 5, 6, 7, 8, 9, 10, 11, 12, 13, 14]",105,14,"[[0, 1], [1, 8], [8, 9], [6, 8], [5, 6], [4, 5], [9, 10], [3, 4], [2, 3], [10, 11], [4, 13], [8, 12], [4, 14], [7, 12]]"
DOA-V5B-POSTFREEZE-MST-TDOA-YAMAOKA2023-20260913,dicit,dicit,task1,recording1,661,18,0,10.040582974456347,9.064174585832472,-0.9764083886238666,0.9764083886238666,0.9533733413750557,0.7100188999975217,False,1,350.0,3500.0,-80.0,80.0,1.0,15,"[0, 1, 2, 3, 4, 5, 6, 7, 8, 9, 10, 11, 12, 13, 14]",105,14,"[[0, 1], [1, 4], [4, 5], [5, 6], [6, 8], [8, 9], [3, 4], [9, 10], [2, 3], [10, 11], [4, 13], [9, 12], [6, 14], [7, 12]]"
DOA-V5B-POSTFREEZE-MST-TDOA-YAMAOKA2023-20260913,dicit,dicit,task1,recording1,674,19,0,10.040582974456347,9.042342758836096,-0.9982402156202568,0.9982402156202568,0.9964835280815767,0.6830468999978621,False,1,350.0,3500.0,-80.0,80.0,1.0,15,"[0, 1, 2, 3, 4, 5, 6, 7, 8, 9, 10, 11, 12, 13, 14]",105,14,"[[0, 1], [1, 4], [4, 5], [5, 6], [6, 8], [8, 9], [3, 4], [9, 10], [10, 11], [2, 3], [4, 13], [11, 12], [4, 14], [7, 12]]"
DOA-V5B-POSTFREEZE-MST-TDOA-YAMAOKA2023-20260913,dicit,dicit,task1,recording10,91,0,0,-22.942115735588654,-16.78574353291831,6.1563722026703545,6.1563722026703545,37.90091869781223,0.6913958000004641,False,1,350.0,3500.0,-80.0,80.0,1.0,15,"[0, 1, 2, 3, 4, 5, 6, 7, 8, 9, 10, 11, 12, 13, 14]",105,14,"[[0, 5], [5, 6], [4, 5], [6, 8], [8, 9], [3, 4], [9, 10], [2, 5], [1, 4], [4, 11], [4, 7], [8, 12], [8, 14], [4, 13]]"
DOA-V5B-POSTFREEZE-MST-TDOA-YAMAOKA2023-20260913,dicit,dicit,task1,recording10,119,1,0,-22.942115735588654,-16.70796720570968,6.234148529878979,6.234148529878979,38.86460789259224,0.7215183000007528,False,1,350.0,3500.0,-80.0,80.0,1.0,15,"[0, 1, 2, 3, 4, 5, 6, 7, 8, 9, 10, 11, 12, 13, 14]",105,14,"[[0, 9], [8, 9], [6, 8], [5, 6], [4, 5], [3, 4], [9, 10], [1, 4], [2, 8], [4, 11], [7, 8], [11, 12], [12, 14], [13, 14]]"
DOA-V5B-POSTFREEZE-MST-TDOA-YAMAOKA2023-20260913,dicit,dicit,task1,recording10,146,2,0,-22.942115735588654,-16.814255873203752,6.127859862384895,6.127859862384895,37.550666493027826,0.693441299998085,False,1,350.0,3500.0,-80.0,80.0,1.0,15,"[0, 1, 2, 3, 4, 5, 6, 7, 8, 9, 10, 11, 12, 13, 14]",105,14,"[[0, 5], [4, 5], [5, 6], [6, 8], [8, 9], [3, 4], [9, 10], [2, 3], [1, 4], [6, 11], [7, 8], [4, 12], [8, 14], [8, 13]]"
DOA-V5B-POSTFREEZE-MST-TDOA-YAMAOKA2023-20260913,dicit,dicit,task1,recording10,174,3,0,-22.942115735588654,-16.80061609434861,6.1414996412400455,6.1414996412400455,37.71801784335161,0.7024794000026304,False,1,350.0,3500.0,-80.0,80.0,1.0,15,"[0, 1, 2, 3, 4, 5, 6, 7, 8, 9, 10, 11, 12, 13, 14]",105,14,"[[0, 5], [4, 5], [5, 6], [6, 8], [8, 9], [3, 4], [9, 10], [2, 3], [1, 4], [6, 11], [7, 8], [8, 12], [8, 14], [8, 13]]"
DOA-V5B-POSTFREEZE-MST-TDOA-YAMAOKA2023-20260913,dicit,dicit,task1,recording10,202,4,0,-22.942115735588654,-16.70936407194248,6.232751663646184,6.232751663646184,38.84719330068427,0.687295499999891,False,1,350.0,3500.0,-80.0,80.0,1.0,15,"[0, 1, 2, 3, 4, 5, 6, 7, 8, 9, 10, 11, 12, 13, 14]",105,14,"[[0, 10], [9, 10], [8, 9], [6, 8], [5, 6], [4, 5], [3, 4], [2, 3], [1, 4], [10, 11], [7, 10], [10, 12], [10, 14], [13, 14]]"
DOA-V5B-POSTFREEZE-MST-TDOA-YAMAOKA2023-20260913,dicit,dicit,task1,recording10,229,5,0,-22.942115735588654,-16.751866787998676,6.190248947589964,6.190248947589964,38.31918203313866,0.7006857000014861,False,1,350.0,3500.0,-80.0,80.0,1.0,15,"[0, 1, 2, 3, 4, 5, 6, 7, 8, 9, 10, 11, 12, 13, 14]",105,14,"[[0, 5], [4, 5], [5, 6], [6, 8], [8, 9], [3, 4], [9, 10], [2, 3], [1, 4], [10, 11], [7, 8], [8, 12], [8, 14], [8, 13]]"
DOA-V5B-POSTFREEZE-MST-TDOA-YAMAOKA2023-20260913,dicit,dicit,task1,recording10,257,6,0,-22.942115735588654,-16.69675031903881,6.245365416549845,6.245365416549845,39.00458918623682,0.6931485000022803,False,1,350.0,3500.0,-80.0,80.0,1.0,15,"[0, 1, 2, 3, 4, 5, 6, 7, 8, 9, 10, 11, 12, 13, 14]",105,14,"[[0, 5], [4, 5], [5, 6], [6, 8], [8, 9], [3, 4], [9, 10], [2, 3], [1, 3], [9, 11], [7, 8], [4, 12], [4, 14], [9, 13]]"
DOA-V5B-POSTFREEZE-MST-TDOA-YAMAOKA2023-20260913,dicit,dicit,task1,recording10,328,7,0,-22.942115735588654,-16.68488266622879,6.25723306935987,6.25723306935987,39.15296568429074,0.7080500000010943,False,1,350.0,3500.0,-80.0,80.0,1.0,15,"[0, 1, 2, 3, 4, 5, 6, 7, 8, 9, 10, 11, 12, 13, 14]",105,14,"[[0, 10], [9, 10], [8, 9], [6, 8], [5, 6], [4, 5], [1, 5], [3, 4], [2, 3], [7, 10], [9, 11], [8, 12], [8, 14], [13, 14]]"
DOA-V5B-POSTFREEZE-MST-TDOA-YAMAOKA2023-20260913,dicit,dicit,task1,recording10,356,8,0,-22.942115735588654,-16.786274093324536,6.155841642264107,6.155841642264107,37.89438632463286,0.6981124000012642,False,1,350.0,3500.0,-80.0,80.0,1.0,15,"[0, 1, 2, 3, 4, 5, 6, 7, 8, 9, 10, 11, 12, 13, 14]",105,14,"[[0, 5], [5, 6], [4, 5], [6, 8], [8, 9], [3, 4], [9, 10], [1, 4], [2, 3], [6, 11], [7, 8], [5, 12], [8, 14], [8, 13]]"
DOA-V5B-POSTFREEZE-MST-TDOA-YAMAOKA2023-20260913,dicit,dicit,task1,recording10,384,9,0,-22.942115735588654,-16.75831956225212,6.183796173336532,6.183796173336532,38.23933511337153,0.7207268999991356,False,1,350.0,3500.0,-80.0,80.0,1.0,15,"[0, 1, 2, 3, 4, 5, 6, 7, 8, 9, 10, 11, 12, 13, 14]",105,14,"[[0, 5], [4, 5], [5, 6], [6, 8], [8, 9], [9, 10], [3, 4], [1, 4], [2, 3], [6, 11], [7, 8], [8, 12], [8, 14], [8, 13]]"
DOA-V5B-POSTFREEZE-MST-TDOA-YAMAOKA2023-20260913,dicit,dicit,task1,recording10,411,10,0,-22.942115735588654,-16.800087183672908,6.142028551915757,6.142028551915757,37.72451473254838,0.7301855999976397,False,1,350.0,3500.0,-80.0,80.0,1.0,15,"[0, 1, 2, 3, 4, 5, 6, 7, 8, 9, 10, 11, 12, 13, 14]",105,14,"[[0, 5], [4, 5], [5, 6], [6, 8], [8, 9], [3, 4], [9, 10], [2, 4], [1, 4], [6, 11], [7, 8], [8, 12], [8, 14], [8, 13]]"
DOA-V5B-POSTFREEZE-MST-TDOA-YAMAOKA2023-20260913,dicit,dicit,task1,recording10,439,11,0,-22.942115735588654,-16.49089365826081,6.451222077327856,6.451222077327856,41.618266291002335,0.7002655000032973,False,1,350.0,3500.0,-80.0,80.0,1.0,15,"[0, 1, 2, 3, 4, 5, 6, 7, 8, 9, 10, 11, 12, 13, 14]",105,14,"[[0, 5], [4, 5], [5, 6], [6, 8], [8, 9], [3, 4], [9, 10], [1, 4], [2, 3], [9, 11], [7, 8], [9, 12], [10, 14], [13, 14]]"
DOA-V5B-POSTFREEZE-MST-TDOA-YAMAOKA2023-20260913,dicit,dicit,task1,recording10,467,12,0,-22.942115735588654,-16.785785862267094,6.1563298733215674,6.1563298733215674,37.900397509151546,0.6931180000028689,False,1,350.0,3500.0,-80.0,80.0,1.0,15,"[0, 1, 2, 3, 4, 5, 6, 7, 8, 9, 10, 11, 12, 13, 14]",105,14,"[[0, 5], [4, 5], [5, 6], [6, 8], [8, 9], [3, 4], [9, 10], [2, 4], [1, 4], [6, 11], [7, 8], [8, 12], [8, 14], [8, 13]]"
DOA-V5B-POSTFREEZE-MST-TDOA-YAMAOKA2023-20260913,dicit,dicit,task1,recording10,494,13,0,-22.942115735588654,-16.800511916313134,6.141603819275531,6.141603819275531,37.719297472939786,0.7069389999960549,False,1,350.0,3500.0,-80.0,80.0,1.0,15,"[0, 1, 2, 3, 4, 5, 6, 7, 8, 9, 10, 11, 12, 13, 14]",105,14,"[[0, 5], [5, 6], [4, 5], [6, 8], [8, 9], [3, 4], [9, 10], [2, 4], [1, 6], [6, 11], [4, 7], [4, 12], [8, 14], [4, 13]]"
DOA-V5B-POSTFREEZE-MST-TDOA-YAMAOKA2023-20260913,dicit,dicit,task1,recording10,522,14,0,-22.942115735588654,-16.826170730954637,6.115945004634028,6.115945004634028,37.40478329970792,0.7124461999992491,False,1,350.0,3500.0,-80.0,80.0,1.0,15,"[0, 1, 2, 3, 4, 5, 6, 7, 8, 9, 10, 11, 12, 13, 14]",105,14,"[[0, 10], [9, 10], [8, 9], [6, 8], [5, 6], [4, 5], [3, 4], [2, 5], [1, 4], [6, 11], [7, 8], [8, 12], [8, 14], [5, 13]]"
DOA-V5B-POSTFREEZE-MST-TDOA-YAMAOKA2023-20260913,dicit,dicit,task1,recording10,549,15,0,-22.942115735588654,-16.78846977639343,6.153645959195217,6.153645959195217,37.86735859111962,0.709609300000011,False,1,350.0,3500.0,-80.0,80.0,1.0,15,"[0, 1, 2, 3, 4, 5, 6, 7, 8, 9, 10, 11, 12, 13, 14]",105,14,"[[0, 5], [5, 6], [4, 5], [6, 8], [8, 9], [3, 4], [9, 10], [2, 3], [1, 4], [6, 11], [7, 8], [4, 12], [8, 14], [8, 13]]"
DOA-V5B-POSTFREEZE-MST-TDOA-YAMAOKA2023-20260913,dicit,dicit,task1,recording10,577,16,0,-22.942115735588654,-16.797815979652256,6.144299755936402,6.144299755936402,37.75241949080012,0.6799366999985068,False,1,350.0,3500.0,-80.0,80.0,1.0,15,"[0, 1, 2, 3, 4, 5, 6, 7, 8, 9, 10, 11, 12, 13, 14]",105,14,"[[0, 5], [4, 5], [5, 6], [6, 8], [8, 9], [3, 4], [9, 10], [2, 3], [1, 4], [6, 11], [7, 8], [8, 12], [8, 14], [2, 13]]"
DOA-V5B-POSTFREEZE-MST-TDOA-YAMAOKA2023-20260913,dicit,dicit,task1,recording10,605,17,0,-22.942115735588654,-16.772411955009943,6.169703780578715,6.169703780578715,38.06524474008729,0.699310100004368,False,1,350.0,3500.0,-80.0,80.0,1.0,15,"[0, 1, 2, 3, 4, 5, 6, 7, 8, 9, 10, 11, 12, 13, 14]",105,14,"[[0, 5], [5, 6], [4, 5], [6, 8], [8, 9], [3, 4], [9, 10], [2, 3], [1, 4], [6, 11], [7, 8], [8, 12], [8, 14], [5, 13]]"
DOA-V5B-POSTFREEZE-MST-TDOA-YAMAOKA2023-20260913,dicit,dicit,task1,recording10,632,18,0,-22.942115735588654,-16.789048404726543,6.153067330862115,6.153067330862115,37.86023757812263,0.6923003999982029,False,1,350.0,3500.0,-80.0,80.0,1.0,15,"[0, 1, 2, 3, 4, 5, 6, 7, 8, 9, 10, 11, 12, 13, 14]",105,14,"[[0, 5], [4, 5], [5, 6], [6, 8], [8, 9], [3, 4], [9, 10], [1, 4], [2, 3], [6, 11], [7, 8], [8, 12], [4, 14], [8, 13]]"
DOA-V5B-POSTFREEZE-MST-TDOA-YAMAOKA2023-20260913,dicit,dicit,task1,recording10,660,19,0,-22.942115735588654,-16.698639680768963,6.243476054819695,6.243476054819695,38.9809932471069,0.6928769999940414,False,1,350.0,3500.0,-80.0,80.0,1.0,15,"[0, 1, 2, 3, 4, 5, 6, 7, 8, 9, 10, 11, 12, 13, 14]",105,14,"[[0, 5], [5, 6], [4, 5], [6, 8], [8, 9], [3, 4], [9, 10], [2, 3], [1, 4], [9, 11], [7, 8], [8, 12], [6, 14], [13, 14]]"
DOA-V5B-POSTFREEZE-MST-TDOA-YAMAOKA2023-20260913,dicit,dicit,task1,recording11,107,0,0,47.69677805472093,43.668868252417646,-4.02790980230327,4.02790980230327,16.22405737549077,0.6977725000033388,False,1,350.0,3500.0,-80.0,80.0,1.0,15,"[0, 1, 2, 3, 4, 5, 6, 7, 8, 9, 10, 11, 12, 13, 14]",105,14,"[[0, 5], [4, 5], [5, 6], [6, 8], [8, 9], [3, 4], [9, 10], [5, 14], [11, 14], [5, 13], [12, 13], [2, 5], [5, 7], [1, 14]]"
DOA-V5B-POSTFREEZE-MST-TDOA-YAMAOKA2023-20260913,dicit,dicit,task1,recording11,128,1,0,47.69677805472093,43.643877040939444,-4.052901013781479,4.052901013781479,16.426006627510944,0.7188043999994989,False,1,350.0,3500.0,-80.0,80.0,1.0,15,"[0, 1, 2, 3, 4, 5, 6, 7, 8, 9, 10, 11, 12, 13, 14]",105,14,"[[0, 4], [4, 5], [5, 6], [6, 8], [8, 9], [9, 10], [3, 4], [5, 14], [13, 14], [12, 13], [5, 11], [2, 5], [4, 7], [1, 5]]"
DOA-V5B-POSTFREEZE-MST-TDOA-YAMAOKA2023-20260913,dicit,dicit,task1,recording11,149,2,0,47.69677805472093,43.731096968949366,-3.965681085771564,3.965681085771564,15.72662647404633,0.7148779999988619,False,1,350.0,3500.0,-80.0,80.0,1.0,15,"[0, 1, 2, 3, 4, 5, 6, 7, 8, 9, 10, 11, 12, 13, 14]",105,14,"[[0, 5], [4, 5], [5, 6], [6, 8], [8, 9], [9, 10], [3, 4], [5, 14], [5, 12], [5, 11], [13, 14], [2, 5], [5, 7], [1, 5]]"
DOA-V5B-POSTFREEZE-MST-TDOA-YAMAOKA2023-20260913,dicit,dicit,task1,recording11,171,3,0,47.69677805472093,43.74229059249885,-3.9544874622220902,3.9544874622220902,15.637971088871707,0.7065793000001577,False,1,350.0,3500.0,-80.0,80.0,1.0,15,"[0, 1, 2, 3, 4, 5, 6, 7, 8, 9, 10, 11, 12, 13, 14]",105,14,"[[0, 5], [5, 6], [4, 5], [6, 8], [8, 9], [3, 4], [5, 14], [9, 10], [4, 12], [5, 11], [4, 13], [2, 5], [4, 7], [1, 5]]"
DOA-V5B-POSTFREEZE-MST-TDOA-YAMAOKA2023-20260913,dicit,dicit,task1,recording11,192,4,0,47.69677805472093,43.733345530483135,-3.9634325242377884,3.9634325242377884,15.708797374185927,0.6823513999988791,False,1,350.0,3500.0,-80.0,80.0,1.0,15,"[0, 1, 2, 3, 4, 5, 6, 7, 8, 9, 10, 11, 12, 13, 14]",105,14,"[[0, 5], [5, 6], [4, 5], [6, 8], [8, 9], [9, 10], [3, 4], [5, 14], [4, 12], [5, 11], [12, 13], [2, 5], [4, 7], [1, 5]]"
DOA-V5B-POSTFREEZE-MST-TDOA-YAMAOKA2023-20260913,dicit,dicit,task1,recording11,213,5,0,47.69677805472093,43.72974180708085,-3.967036247640067,3.967036247640067,15.737376590090182,0.6893460999999661,False,1,350.0,3500.0,-80.0,80.0,1.0,15,"[0, 1, 2, 3, 4, 5, 6, 7, 8, 9, 10, 11, 12, 13, 14]",105,14,"[[0, 5], [4, 5], [5, 6], [6, 8], [8, 9], [9, 10], [3, 4], [5, 14], [4, 12], [5, 11], [12, 13], [2, 5], [4, 7], [1, 5]]"
DOA-V5B-POSTFREEZE-MST-TDOA-YAMAOKA2023-20260913,dicit,dicit,task1,recording11,234,6,0,47.69677805472093,43.698358186906,-3.998419867814931,3.998419867814931,15.987361439337171,0.7138102000026265,False,1,350.0,3500.0,-80.0,80.0,1.0,15,"[0, 1, 2, 3, 4, 5, 6, 7, 8, 9, 10, 11, 12, 13, 14]",105,14,"[[0, 4], [4, 5], [5, 6], [6, 8], [8, 9], [9, 10], [3, 4], [5, 14], [5, 12], [6, 11], [5, 13], [2, 5], [6, 7], [1, 14]]"
DOA-V5B-POSTFREEZE-MST-TDOA-YAMAOKA2023-20260913,dicit,dicit,task1,recording11,255,7,0,47.69677805472093,43.53464300492316,-4.162135049797769,4.162135049797769,17.323368172755075,0.7148995000025025,False,1,350.0,3500.0,-80.0,80.0,1.0,15,"[0, 1, 2, 3, 4, 5, 6, 7, 8, 9, 10, 11, 12, 13, 14]",105,14,"[[0, 14], [12, 14], [12, 13], [5, 14], [5, 6], [6, 8], [8, 9], [4, 5], [9, 10], [3, 6], [2, 14], [5, 11], [1, 14], [7, 14]]"
DOA-V5B-POSTFREEZE-MST-TDOA-YAMAOKA2023-20260913,dicit,dicit,task1,recording11,277,8,0,47.69677805472093,43.74061479616373,-3.956163258557183,3.956163258557183,15.651227728357787,0.6979493999970146,False,1,350.0,3500.0,-80.0,80.0,1.0,15,"[0, 1, 2, 3, 4, 5, 6, 7, 8, 9, 10, 11, 12, 13, 14]",105,14,"[[0, 5], [4, 5], [5, 6], [6, 8], [8, 9], [9, 10], [3, 4], [5, 14], [4, 12], [5, 11], [12, 13], [2, 5], [5, 7], [1, 5]]"
DOA-V5B-POSTFREEZE-MST-TDOA-YAMAOKA2023-20260913,dicit,dicit,task1,recording11,487,9,0,47.69677805472093,43.45481518231298,-4.241962872407953,4.241962872407953,17.994249010887533,0.6863214999975753,False,1,350.0,3500.0,-80.0,80.0,1.0,15,"[0, 1, 2, 3, 4, 5, 6, 7, 8, 9, 10, 11, 12, 13, 14]",105,14,"[[0, 7], [7, 14], [5, 14], [5, 6], [6, 8], [4, 5], [8, 9], [9, 10], [5, 11], [3, 4], [5, 13], [5, 12], [2, 3], [1, 5]]"
DOA-V5B-POSTFREEZE-MST-TDOA-YAMAOKA2023-20260913,dicit,dicit,task1,recording11,508,10,0,47.69677805472093,43.015987173301845,-4.680790881419085,4.680790881419085,21.909803275576056,0.7300280000054045,False,1,350.0,3500.0,-80.0,80.0,1.0,15,"[0, 1, 2, 3, 4, 5, 6, 7, 8, 9, 10, 11, 12, 13, 14]",105,14,"[[0, 5], [5, 6], [6, 8], [8, 9], [4, 5], [9, 10], [8, 11], [3, 4], [8, 14], [13, 14], [12, 13], [2, 3], [5, 7], [1, 5]]"
DOA-V5B-POSTFREEZE-MST-TDOA-YAMAOKA2023-20260913,dicit,dicit,task1,recording11,529,11,0,47.69677805472093,43.69324027029406,-4.003537784426868,4.003537784426868,16.028314791333596,0.7224275999979,False,1,350.0,3500.0,-80.0,80.0,1.0,15,"[0, 1, 2, 3, 4, 5, 6, 7, 8, 9, 10, 11, 12, 13, 14]",105,14,"[[0, 14], [5, 14], [5, 6], [6, 8], [8, 9], [4, 5], [9, 10], [3, 4], [5, 11], [5, 12], [12, 13], [2, 5], [4, 7], [1, 5]]"
DOA-V5B-POSTFREEZE-MST-TDOA-YAMAOKA2023-20260913,dicit,dicit,task1,recording11,551,12,0,47.69677805472093,43.688722174966784,-4.008055879754153,4.008055879754153,16.064511935231835,0.6999343999996199,False,1,350.0,3500.0,-80.0,80.0,1.0,15,"[0, 1, 2, 3, 4, 5, 6, 7, 8, 9, 10, 11, 12, 13, 14]",105,14,"[[0, 4], [4, 5], [5, 6], [6, 8], [8, 9], [3, 4], [9, 10], [5, 14], [4, 12], [5, 11], [6, 13], [2, 5], [5, 7], [1, 5]]"
DOA-V5B-POSTFREEZE-MST-TDOA-YAMAOKA2023-20260913,dicit,dicit,task1,recording11,572,13,0,47.69677805472093,43.74001097376528,-3.9567670809556432,3.9567670809556432,15.656005732934242,0.6933437999978196,False,1,350.0,3500.0,-80.0,80.0,1.0,15,"[0, 1, 2, 3, 4, 5, 6, 7, 8, 9, 10, 11, 12, 13, 14]",105,14,"[[0, 5], [4, 5], [5, 6], [6, 8], [8, 9], [3, 4], [9, 10], [5, 14], [4, 12], [4, 13], [5, 11], [2, 5], [4, 7], [1, 5]]"
DOA-V5B-POSTFREEZE-MST-TDOA-YAMAOKA2023-20260913,dicit,dicit,task1,recording11,593,14,0,47.69677805472093,43.6997713200468,-3.9970067346741303,3.9970067346741303,15.976062837030353,0.6979608000037842,False,1,350.0,3500.0,-80.0,80.0,1.0,15,"[0, 1, 2, 3, 4, 5, 6, 7, 8, 9, 10, 11, 12, 13, 14]",105,14,"[[0, 5], [4, 5], [5, 6], [6, 8], [8, 9], [9, 10], [3, 4], [5, 14], [5, 11], [5, 12], [5, 13], [2, 5], [4, 7], [1, 5]]"
DOA-V5B-POSTFREEZE-MST-TDOA-YAMAOKA2023-20260913,dicit,dicit,task1,recording11,614,15,0,47.69677805472093,43.69727614852872,-3.999501906192222,3.999501906192222,15.996015497635218,0.6930225000032806,False,1,350.0,3500.0,-80.0,80.0,1.0,15,"[0, 1, 2, 3, 4, 5, 6, 7, 8, 9, 10, 11, 12, 13, 14]",105,14,"[[0, 14], [5, 14], [5, 6], [6, 8], [8, 9], [4, 5], [9, 10], [3, 4], [5, 11], [5, 13], [12, 13], [2, 5], [5, 7], [1, 5]]"
DOA-V5B-POSTFREEZE-MST-TDOA-YAMAOKA2023-20260913,dicit,dicit,task1,recording11,635,16,0,47.69677805472093,43.71084463250345,-3.985933422217471,3.985933422217471,15.887665246350279,0.68446390000463,False,1,350.0,3500.0,-80.0,80.0,1.0,15,"[0, 1, 2, 3, 4, 5, 6, 7, 8, 9, 10, 11, 12, 13, 14]",105,14,"[[0, 5], [5, 6], [4, 5], [6, 8], [8, 9], [3, 4], [5, 11], [5, 14], [9, 10], [4, 12], [12, 13], [2, 6], [4, 7], [1, 5]]"
DOA-V5B-POSTFREEZE-MST-TDOA-YAMAOKA2023-20260913,dicit,dicit,task1,recording11,657,17,0,47.69677805472093,42.987230836997874,-4.70954721772307,4.70954721772307,22.179834995963112,0.693720300005225,False,1,350.0,3500.0,-80.0,80.0,1.0,15,"[0, 1, 2, 3, 4, 5, 6, 7, 8, 9, 10, 11, 12, 13, 14]",105,14,"[[0, 14], [12, 14], [12, 13], [5, 12], [5, 6], [6, 8], [8, 9], [4, 5], [9, 10], [3, 4], [10, 11], [2, 3], [7, 12], [1, 14]]"
DOA-V5B-POSTFREEZE-MST-TDOA-YAMAOKA2023-20260913,dicit,dicit,task1,recording11,678,18,0,47.69677805472093,43.620541061344774,-4.076236993376142,4.076236993376142,16.61570802616817,0.6895835000032093,False,1,350.0,3500.0,-80.0,80.0,1.0,15,"[0, 1, 2, 3, 4, 5, 6, 7, 8, 9, 10, 11, 12, 13, 14]",105,14,"[[0, 12], [12, 13], [4, 12], [4, 5], [5, 6], [6, 8], [8, 9], [9, 10], [3, 6], [5, 14], [5, 11], [2, 6], [4, 7], [1, 14]]"
DOA-V5B-POSTFREEZE-MST-TDOA-YAMAOKA2023-20260913,dicit,dicit,task1,recording11,699,19,0,47.69677805472093,43.77378316315153,-3.9229948915694024,3.9229948915694024,15.389888919279628,0.7137006999982987,False,1,350.0,3500.0,-80.0,80.0,1.0,15,"[0, 1, 2, 3, 4, 5, 6, 7, 8, 9, 10, 11, 12, 13, 14]",105,14,"[[0, 5], [5, 6], [6, 8], [8, 9], [4, 5], [9, 10], [5, 14], [3, 4], [5, 11], [4, 12], [12, 13], [2, 6], [5, 7], [1, 5]]"
DOA-V5B-POSTFREEZE-MST-TDOA-YAMAOKA2023-20260913,dicit,dicit,task1,recording12,182,0,0,-71.49112097276506,-26.900127656883313,44.59099331588175,44.59099331588175,1988.3566848970106,0.6991453000009642,False,1,350.0,3500.0,-80.0,80.0,1.0,15,"[0, 1, 2, 3, 4, 5, 6, 7, 8, 9, 10, 11, 12, 13, 14]",105,14,"[[0, 1], [1, 7], [1, 9], [8, 9], [6, 8], [5, 6], [4, 5], [4, 10], [3, 5], [2, 4], [10, 13], [13, 14], [5, 12], [0, 11]]"
DOA-V5B-POSTFREEZE-MST-TDOA-YAMAOKA2023-20260913,dicit,dicit,task1,recording12,209,1,0,-71.49112097276506,-67.88333518928272,3.607785783482342,3.607785783482342,13.016118259497295,0.691691300002276,False,1,350.0,3500.0,-80.0,80.0,1.0,15,"[0, 1, 2, 3, 4, 5, 6, 7, 8, 9, 10, 11, 12, 13, 14]",105,14,"[[0, 7], [1, 7], [0, 5], [4, 5], [5, 6], [6, 8], [8, 9], [2, 7], [0, 3], [7, 11], [0, 10], [1, 12], [7, 13], [0, 14]]"
DOA-V5B-POSTFREEZE-MST-TDOA-YAMAOKA2023-20260913,dicit,dicit,task1,recording12,236,2,0,-71.49112097276506,-67.88718312538435,3.603937847380706,3.603937847380706,12.988368007783079,0.7060072000022046,False,1,350.0,3500.0,-80.0,80.0,1.0,15,"[0, 1, 2, 3, 4, 5, 6, 7, 8, 9, 10, 11, 12, 13, 14]",105,14,"[[0, 7], [1, 7], [0, 5], [5, 6], [6, 8], [4, 5], [8, 9], [0, 2], [0, 3], [7, 10], [7, 11], [1, 12], [7, 14], [0, 13]]"
DOA-V5B-POSTFREEZE-MST-TDOA-YAMAOKA2023-20260913,dicit,dicit,task1,recording12,263,3,0,-71.49112097276506,-67.96558323032299,3.5255377424420544,3.5255377424420544,12.429416373383418,0.6873402999990503,False,1,350.0,3500.0,-80.0,80.0,1.0,15,"[0, 1, 2, 3, 4, 5, 6, 7, 8, 9, 10, 11, 12, 13, 14]",105,14,"[[0, 7], [1, 7], [0, 3], [1, 9], [8, 9], [6, 8], [5, 6], [4, 5], [0, 2], [7, 10], [7, 11], [1, 12], [7, 14], [7, 13]]"
DOA-V5B-POSTFREEZE-MST-TDOA-YAMAOKA2023-20260913,dicit,dicit,task1,recording12,290,4,0,-71.49112097276506,-67.92332672814396,3.5677942446210977,3.5677942446210977,12.72915577195143,0.6840207999994163,False,1,350.0,3500.0,-80.0,80.0,1.0,15,"[0, 1, 2, 3, 4, 5, 6, 7, 8, 9, 10, 11, 12, 13, 14]",105,14,"[[0, 7], [1, 7], [2, 7], [4, 7], [4, 5], [5, 6], [6, 8], [8, 9], [3, 7], [7, 11], [7, 10], [7, 12], [7, 14], [7, 13]]"
DOA-V5B-POSTFREEZE-MST-TDOA-YAMAOKA2023-20260913,dicit,dicit,task1,recording12,318,5,0,-71.49112097276506,-67.89836378035844,3.592757192406623,3.592757192406623,12.907904243589519,0.7146309000017936,False,1,350.0,3500.0,-80.0,80.0,1.0,15,"[0, 1, 2, 3, 4, 5, 6, 7, 8, 9, 10, 11, 12, 13, 14]",105,14,"[[0, 7], [1, 7], [0, 3], [0, 2], [3, 4], [4, 5], [5, 6], [6, 8], [8, 9], [7, 11], [0, 10], [7, 14], [1, 12], [7, 13]]"
DOA-V5B-POSTFREEZE-MST-TDOA-YAMAOKA2023-20260913,dicit,dicit,task1,recording12,345,6,0,-71.49112097276506,-68.00139977489157,3.489721197873507,3.489721197873507,12.178154038887707,0.7254861999972491,False,1,350.0,3500.0,-80.0,80.0,1.0,15,"[0, 1, 2, 3, 4, 5, 6, 7, 8, 9, 10, 11, 12, 13, 14]",105,14,"[[0, 7], [1, 7], [1, 2], [1, 6], [6, 8], [5, 6], [4, 5], [8, 9], [1, 3], [7, 11], [1, 12], [7, 10], [7, 13], [13, 14]]"
DOA-V5B-POSTFREEZE-MST-TDOA-YAMAOKA2023-20260913,dicit,dicit,task1,recording12,372,7,0,-71.49112097276506,-67.76766447525556,3.723456497509517,3.723456497509517,13.864128288845839,0.6997207000022172,False,1,350.0,3500.0,-80.0,80.0,1.0,15,"[0, 1, 2, 3, 4, 5, 6, 7, 8, 9, 10, 11, 12, 13, 14]",105,14,"[[0, 7], [0, 2], [0, 9], [8, 9], [6, 8], [5, 6], [4, 5], [0, 10], [0, 1], [0, 12], [7, 11], [2, 3], [0, 13], [0, 14]]"
DOA-V5B-POSTFREEZE-MST-TDOA-YAMAOKA2023-20260913,dicit,dicit,task1,recording12,399,8,0,-71.49112097276506,-67.95527381929702,3.5358471534680405,3.5358471534680405,12.502215092688045,0.726004500000272,False,1,350.0,3500.0,-80.0,80.0,1.0,15,"[0, 1, 2, 3, 4, 5, 6, 7, 8, 9, 10, 11, 12, 13, 14]",105,14,"[[0, 7], [1, 7], [0, 2], [0, 3], [0, 4], [4, 5], [5, 6], [6, 8], [8, 9], [7, 11], [7, 10], [1, 12], [7, 14], [7, 13]]"
DOA-V5B-POSTFREEZE-MST-TDOA-YAMAOKA2023-20260913,dicit,dicit,task1,recording12,426,9,0,-71.49112097276506,-67.92045667110274,3.5706643016623048,3.5706643016623048,12.749643555165555,0.7024184000038076,False,1,350.0,3500.0,-80.0,80.0,1.0,15,"[0, 1, 2, 3, 4, 5, 6, 7, 8, 9, 10, 11, 12, 13, 14]",105,14,"[[0, 7], [1, 7], [0, 2], [0, 3], [0, 5], [4, 5], [5, 6], [6, 8], [8, 9], [7, 11], [1, 12], [7, 10], [7, 14], [7, 13]]"
DOA-V5B-POSTFREEZE-MST-TDOA-YAMAOKA2023-20260913,dicit,dicit,task1,recording12,453,10,0,-71.49112097276506,-67.89981618852366,3.5913047842414016,3.5913047842414016,12.89747005331518,0.6958823000022676,False,1,350.0,3500.0,-80.0,80.0,1.0,15,"[0, 1, 2, 3, 4, 5, 6, 7, 8, 9, 10, 11, 12, 13, 14]",105,14,"[[0, 7], [1, 7], [0, 5], [5, 6], [6, 8], [8, 9], [4, 5], [0, 2], [0, 3], [0, 10], [0, 11], [0, 12], [7, 14], [0, 13]]"
DOA-V5B-POSTFREEZE-MST-TDOA-YAMAOKA2023-20260913,dicit,dicit,task1,recording12,480,11,0,-71.49112097276506,-67.94587804342291,3.5452429293421517,3.5452429293421517,12.568747428050521,0.7107357999993837,False,1,350.0,3500.0,-80.0,80.0,1.0,15,"[0, 1, 2, 3, 4, 5, 6, 7, 8, 9, 10, 11, 12, 13, 14]",105,14,"[[0, 7], [1, 7], [0, 2], [0, 5], [5, 6], [6, 8], [8, 9], [4, 5], [0, 3], [7, 10], [7, 11], [1, 12], [7, 14], [0, 13]]"
DOA-V5B-POSTFREEZE-MST-TDOA-YAMAOKA2023-20260913,dicit,dicit,task1,recording12,572,12,0,-71.49112097276506,-67.69989397528451,3.7912269974805497,3.7912269974805497,14.373402146425384,0.7066166999939014,False,1,350.0,3500.0,-80.0,80.0,1.0,15,"[0, 1, 2, 3, 4, 5, 6, 7, 8, 9, 10, 11, 12, 13, 14]",105,14,"[[0, 7], [0, 1], [1, 2], [2, 5], [4, 5], [5, 6], [6, 8], [8, 9], [3, 4], [9, 10], [3, 11], [1, 12], [5, 13], [5, 14]]"
DOA-V5B-POSTFREEZE-MST-TDOA-YAMAOKA2023-20260913,dicit,dicit,task1,recording12,599,13,0,-71.49112097276506,-67.7127092945975,3.778411678167572,3.778411678167572,14.276394809713087,0.7314623999991454,False,1,350.0,3500.0,-80.0,80.0,1.0,15,"[0, 1, 2, 3, 4, 5, 6, 7, 8, 9, 10, 11, 12, 13, 14]",105,14,"[[0, 7], [0, 1], [0, 2], [0, 3], [0, 5], [4, 5], [5, 6], [6, 8], [8, 9], [7, 11], [0, 10], [1, 12], [0, 14], [0, 13]]"
DOA-V5B-POSTFREEZE-MST-TDOA-YAMAOKA2023-20260913,dicit,dicit,task1,recording12,626,14,0,-71.49112097276506,-67.95031112754876,3.5408098452163017,3.5408098452163017,12.53733435998069,0.6991500000003725,False,1,350.0,3500.0,-80.0,80.0,1.0,15,"[0, 1, 2, 3, 4, 5, 6, 7, 8, 9, 10, 11, 12, 13, 14]",105,14,"[[0, 7], [1, 7], [0, 5], [4, 5], [5, 6], [6, 8], [8, 9], [0, 3], [0, 2], [7, 11], [9, 10], [1, 12], [7, 14], [7, 13]]"
DOA-V5B-POSTFREEZE-MST-TDOA-YAMAOKA2023-20260913,dicit,dicit,task1,recording12,654,15,0,-71.49112097276506,-67.94202352325985,3.5490974495052114,3.5490974495052114,12.596092706084397,0.7016241000019363,False,1,350.0,3500.0,-80.0,80.0,1.0,15,"[0, 1, 2, 3, 4, 5, 6, 7, 8, 9, 10, 11, 12, 13, 14]",105,14,"[[0, 7], [1, 7], [0, 5], [5, 6], [6, 8], [8, 9], [4, 5], [0, 3], [0, 2], [0, 10], [7, 11], [7, 12], [7, 13], [7, 14]]"
DOA-V5B-POSTFREEZE-MST-TDOA-YAMAOKA2023-20260913,dicit,dicit,task1,recording12,681,16,0,-71.49112097276506,-67.90905935444455,3.5820616183204947,3.5820616183204947,12.831165437444842,0.7153035999945132,False,1,350.0,3500.0,-80.0,80.0,1.0,15,"[0, 1, 2, 3, 4, 5, 6, 7, 8, 9, 10, 11, 12, 13, 14]",105,14,"[[0, 7], [1, 7], [0, 2], [0, 3], [0, 5], [5, 6], [6, 8], [4, 5], [8, 9], [7, 11], [0, 10], [0, 12], [7, 14], [0, 13]]"
DOA-V5B-POSTFREEZE-MST-TDOA-YAMAOKA2023-20260913,dicit,dicit,task1,recording12,708,17,0,-71.49112097276506,-67.88318405250978,3.60793692025527,3.60793692025527,13.01720882054108,0.677728599999682,False,1,350.0,3500.0,-80.0,80.0,1.0,15,"[0, 1, 2, 3, 4, 5, 6, 7, 8, 9, 10, 11, 12, 13, 14]",105,14,"[[0, 7], [1, 7], [0, 9], [8, 9], [6, 8], [5, 6], [4, 5], [0, 2], [0, 3], [0, 10], [0, 11], [1, 12], [7, 14], [7, 13]]"
DOA-V5B-POSTFREEZE-MST-TDOA-YAMAOKA2023-20260913,dicit,dicit,task1,recording12,735,18,0,-71.49112097276506,-67.94214113136728,3.548979841397795,3.548979841397795,12.595257914647918,0.7026885000013863,False,1,350.0,3500.0,-80.0,80.0,1.0,15,"[0, 1, 2, 3, 4, 5, 6, 7, 8, 9, 10, 11, 12, 13, 14]",105,14,"[[0, 7], [1, 7], [0, 5], [5, 6], [4, 5], [6, 8], [8, 9], [0, 2], [0, 3], [0, 10], [7, 11], [1, 12], [7, 14], [7, 13]]"
DOA-V5B-POSTFREEZE-MST-TDOA-YAMAOKA2023-20260913,dicit,dicit,task1,recording12,762,19,0,-71.49112097276506,-67.86136479689532,3.629756175869744,3.629756175869744,13.175129896264549,0.7542738999982248,False,1,350.0,3500.0,-80.0,80.0,1.0,15,"[0, 1, 2, 3, 4, 5, 6, 7, 8, 9, 10, 11, 12, 13, 14]",105,14,"[[0, 7], [1, 7], [0, 4], [4, 5], [5, 6], [6, 8], [8, 9], [0, 2], [0, 3], [0, 10], [7, 11], [0, 12], [7, 13], [0, 14]]"
DOA-V5B-POSTFREEZE-MST-TDOA-YAMAOKA2023-20260913,dicit,dicit,task1,recording13,164,0,0,24.10765843979893,22.56072471844091,-1.546933721358016,1.546933721358016,2.39300393827456,0.6759590000001481,False,1,350.0,3500.0,-80.0,80.0,1.0,15,"[0, 1, 2, 3, 4, 5, 6, 7, 8, 9, 10, 11, 12, 13, 14]",105,14,"[[0, 11], [9, 11], [8, 9], [6, 8], [5, 6], [4, 5], [9, 10], [3, 4], [11, 12], [9, 14], [12, 13], [2, 5], [1, 9], [7, 11]]"
DOA-V5B-POSTFREEZE-MST-TDOA-YAMAOKA2023-20260913,dicit,dicit,task1,recording13,190,1,0,24.10765843979893,22.566768762590808,-1.5408896772081278,1.5408896772081278,2.374340997326568,0.7239543000032427,False,1,350.0,3500.0,-80.0,80.0,1.0,15,"[0, 1, 2, 3, 4, 5, 6, 7, 8, 9, 10, 11, 12, 13, 14]",105,14,"[[0, 11], [10, 11], [9, 10], [8, 9], [6, 8], [5, 6], [4, 5], [3, 4], [11, 12], [12, 13], [2, 3], [9, 14], [1, 9], [7, 11]]"
DOA-V5B-POSTFREEZE-MST-TDOA-YAMAOKA2023-20260913,dicit,dicit,task1,recording13,216,2,0,24.10765843979893,22.50390809235915,-1.6037503474397852,1.6037503474397852,2.5720151769132316,0.714467899997544,False,1,350.0,3500.0,-80.0,80.0,1.0,15,"[0, 1, 2, 3, 4, 5, 6, 7, 8, 9, 10, 11, 12, 13, 14]",105,14,"[[0, 11], [10, 11], [9, 10], [8, 9], [6, 8], [5, 6], [4, 5], [3, 4], [2, 3], [11, 12], [12, 13], [1, 8], [13, 14], [7, 12]]"
DOA-V5B-POSTFREEZE-MST-TDOA-YAMAOKA2023-20260913,dicit,dicit,task1,recording13,242,3,0,24.10765843979893,22.49497687166655,-1.6126815681323876,1.6126815681323876,2.600741840193937,0.698728100003791,False,1,350.0,3500.0,-80.0,80.0,1.0,15,"[0, 1, 2, 3, 4, 5, 6, 7, 8, 9, 10, 11, 12, 13, 14]",105,14,"[[0, 14], [11, 14], [10, 11], [9, 10], [8, 9], [6, 8], [5, 6], [4, 5], [3, 4], [11, 12], [12, 13], [2, 3], [1, 14], [7, 12]]"
DOA-V5B-POSTFREEZE-MST-TDOA-YAMAOKA2023-20260913,dicit,dicit,task1,recording13,267,4,0,24.10765843979893,22.69885116534037,-1.4088072744585531,1.4088072744585531,1.984737936567337,0.7062710000027437,False,1,350.0,3500.0,-80.0,80.0,1.0,15,"[0, 1, 2, 3, 4, 5, 6, 7, 8, 9, 10, 11, 12, 13, 14]",105,14,"[[0, 1], [1, 8], [8, 9], [6, 8], [5, 6], [4, 5], [9, 10], [3, 4], [10, 11], [2, 4], [8, 13], [12, 13], [4, 14], [7, 11]]"
DOA-V5B-POSTFREEZE-MST-TDOA-YAMAOKA2023-20260913,dicit,dicit,task1,recording13,293,5,0,24.10765843979893,22.443259513057207,-1.6643989267417112,1.6643989267417112,2.77022378733896,0.6779797000053804,False,1,350.0,3500.0,-80.0,80.0,1.0,15,"[0, 1, 2, 3, 4, 5, 6, 7, 8, 9, 10, 11, 12, 13, 14]",105,14,"[[0, 11], [8, 11], [6, 8], [8, 9], [5, 6], [4, 5], [3, 4], [9, 10], [2, 6], [9, 13], [12, 13], [13, 14], [1, 6], [7, 11]]"
DOA-V5B-POSTFREEZE-MST-TDOA-YAMAOKA2023-20260913,dicit,dicit,task1,recording13,319,6,0,24.10765843979893,22.72938303341888,-1.3782754063800553,1.3782754063800553,1.8996430958321067,0.7024920999974711,False,1,350.0,3500.0,-80.0,80.0,1.0,15,"[0, 1, 2, 3, 4, 5, 6, 7, 8, 9, 10, 11, 12, 13, 14]",105,14,"[[0, 11], [10, 11], [9, 10], [8, 9], [6, 8], [5, 6], [4, 5], [3, 4], [9, 13], [12, 13], [2, 3], [4, 14], [1, 13], [7, 11]]"
DOA-V5B-POSTFREEZE-MST-TDOA-YAMAOKA2023-20260913,dicit,dicit,task1,recording13,345,7,0,24.10765843979893,22.70226925700888,-1.40538918279006,1.40538918279006,1.9751187551033127,0.7042702000035206,False,1,350.0,3500.0,-80.0,80.0,1.0,15,"[0, 1, 2, 3, 4, 5, 6, 7, 8, 9, 10, 11, 12, 13, 14]",105,14,"[[0, 12], [11, 12], [10, 11], [9, 10], [8, 9], [6, 8], [5, 6], [4, 5], [3, 4], [2, 3], [9, 13], [4, 14], [1, 9], [7, 11]]"
DOA-V5B-POSTFREEZE-MST-TDOA-YAMAOKA2023-20260913,dicit,dicit,task1,recording13,371,8,0,24.10765843979893,22.558009587250563,-1.5496488525483585,1.5496488525483585,2.401411566204444,0.692634300001373,False,1,350.0,3500.0,-80.0,80.0,1.0,15,"[0, 1, 2, 3, 4, 5, 6, 7, 8, 9, 10, 11, 12, 13, 14]",105,14,"[[0, 12], [12, 13], [9, 13], [8, 9], [6, 8], [5, 6], [4, 5], [9, 10], [3, 4], [10, 11], [2, 4], [13, 14], [1, 9], [7, 12]]"
DOA-V5B-POSTFREEZE-MST-TDOA-YAMAOKA2023-20260913,dicit,dicit,task1,recording13,397,9,0,24.10765843979893,22.466046711414194,-1.6416117283847314,1.6416117283847314,2.694889066770305,0.6945697999981348,False,1,350.0,3500.0,-80.0,80.0,1.0,15,"[0, 1, 2, 3, 4, 5, 6, 7, 8, 9, 10, 11, 12, 13, 14]",105,14,"[[0, 1], [1, 6], [6, 8], [8, 9], [5, 6], [4, 5], [3, 4], [9, 10], [10, 11], [2, 6], [11, 12], [12, 13], [4, 14], [7, 8]]"
DOA-V5B-POSTFREEZE-MST-TDOA-YAMAOKA2023-20260913,dicit,dicit,task1,recording13,422,10,0,24.10765843979893,22.609569107405804,-1.4980893323931355,1.4980893323931355,2.2442716478301103,0.701976399999694,False,1,350.0,3500.0,-80.0,80.0,1.0,15,"[0, 1, 2, 3, 4, 5, 6, 7, 8, 9, 10, 11, 12, 13, 14]",105,14,"[[0, 11], [10, 11], [9, 10], [8, 9], [6, 8], [5, 6], [4, 5], [3, 4], [11, 12], [9, 13], [2, 6], [9, 14], [1, 6], [7, 11]]"
DOA-V5B-POSTFREEZE-MST-TDOA-YAMAOKA2023-20260913,dicit,dicit,task1,recording13,448,11,0,24.10765843979893,22.69178071335454,-1.4158777264443927,1.4158777264443927,2.0047097362413426,0.6859837000010884,False,1,350.0,3500.0,-80.0,80.0,1.0,15,"[0, 1, 2, 3, 4, 5, 6, 7, 8, 9, 10, 11, 12, 13, 14]",105,14,"[[0, 11], [10, 11], [9, 10], [8, 9], [6, 8], [5, 6], [4, 5], [3, 4], [2, 3], [9, 13], [12, 13], [4, 14], [1, 13], [7, 9]]"
DOA-V5B-POSTFREEZE-MST-TDOA-YAMAOKA2023-20260913,dicit,dicit,task1,recording13,849,12,0,24.10765843979893,22.489641730501265,-1.618016709297649,1.618016709297649,2.6179780715663927,0.7100324999992154,False,1,350.0,3500.0,-80.0,80.0,1.0,15,"[0, 1, 2, 3, 4, 5, 6, 7, 8, 9, 10, 11, 12, 13, 14]",105,14,"[[0, 12], [12, 13], [13, 14], [11, 12], [10, 11], [9, 10], [8, 9], [6, 8], [5, 6], [4, 5], [3, 4], [2, 4], [1, 6], [7, 12]]"
DOA-V5B-POSTFREEZE-MST-TDOA-YAMAOKA2023-20260913,dicit,dicit,task1,recording13,875,13,0,24.10765843979893,22.570911068976585,-1.5367473708223542,1.5367473708223542,2.3615924817294185,0.7039349999977276,False,1,350.0,3500.0,-80.0,80.0,1.0,15,"[0, 1, 2, 3, 4, 5, 6, 7, 8, 9, 10, 11, 12, 13, 14]",105,14,"[[0, 11], [10, 11], [9, 10], [8, 9], [6, 8], [5, 6], [4, 5], [3, 4], [2, 3], [9, 13], [12, 13], [13, 14], [1, 6], [7, 12]]"
DOA-V5B-POSTFREEZE-MST-TDOA-YAMAOKA2023-20260913,dicit,dicit,task1,recording13,901,14,0,24.10765843979893,22.55649811966076,-1.551160320138166,1.551160320138166,2.406098338771138,0.6954831000039121,False,1,350.0,3500.0,-80.0,80.0,1.0,15,"[0, 1, 2, 3, 4, 5, 6, 7, 8, 9, 10, 11, 12, 13, 14]",105,14,"[[0, 12], [12, 13], [9, 13], [8, 9], [6, 8], [5, 6], [4, 5], [9, 10], [3, 4], [10, 11], [2, 6], [13, 14], [1, 6], [7, 12]]"
DOA-V5B-POSTFREEZE-MST-TDOA-YAMAOKA2023-20260913,dicit,dicit,task1,recording13,927,15,0,24.10765843979893,22.472706541312743,-1.6349518984861788,1.6349518984861788,2.6730677103635605,0.7067335999963689,False,1,350.0,3500.0,-80.0,80.0,1.0,15,"[0, 1, 2, 3, 4, 5, 6, 7, 8, 9, 10, 11, 12, 13, 14]",105,14,"[[0, 1], [1, 6], [6, 8], [8, 9], [5, 6], [4, 5], [9, 10], [3, 4], [10, 11], [2, 3], [9, 13], [12, 13], [13, 14], [7, 11]]"
DOA-V5B-POSTFREEZE-MST-TDOA-YAMAOKA2023-20260913,dicit,dicit,task1,recording13,952,16,0,24.10765843979893,22.29373117072755,-1.813927269071371,1.813927269071371,3.290332137480722,0.7017580999963684,False,1,350.0,3500.0,-80.0,80.0,1.0,15,"[0, 1, 2, 3, 4, 5, 6, 7, 8, 9, 10, 11, 12, 13, 14]",105,14,"[[0, 11], [10, 11], [9, 10], [8, 9], [6, 8], [5, 6], [4, 5], [3, 4], [2, 3], [11, 12], [12, 13], [13, 14], [1, 3], [7, 8]]"
DOA-V5B-POSTFREEZE-MST-TDOA-YAMAOKA2023-20260913,dicit,dicit,task1,recording13,978,17,0,24.10765843979893,22.57385013544954,-1.5338083043493782,1.5338083043493782,2.352567914491115,0.7333177999971667,False,1,350.0,3500.0,-80.0,80.0,1.0,15,"[0, 1, 2, 3, 4, 5, 6, 7, 8, 9, 10, 11, 12, 13, 14]",105,14,"[[0, 11], [10, 11], [9, 10], [8, 9], [6, 8], [5, 6], [4, 5], [3, 4], [9, 13], [2, 6], [12, 13], [13, 14], [1, 6], [7, 8]]"
DOA-V5B-POSTFREEZE-MST-TDOA-YAMAOKA2023-20260913,dicit,dicit,task1,recording13,1004,18,0,24.10765843979893,22.444014167210643,-1.6636442725882716,1.6636442725882716,2.7677122657157596,0.7079974000007496,False,1,350.0,3500.0,-80.0,80.0,1.0,15,"[0, 1, 2, 3, 4, 5, 6, 7, 8, 9, 10, 11, 12, 13, 14]",105,14,"[[0, 4], [4, 5], [5, 6], [6, 8], [8, 9], [9, 10], [3, 4], [10, 11], [2, 3], [9, 13], [12, 13], [13, 14], [1, 6], [7, 9]]"
DOA-V5B-POSTFREEZE-MST-TDOA-YAMAOKA2023-20260913,dicit,dicit,task1,recording13,1030,19,0,24.10765843979893,22.52589209800034,-1.581766341798584,1.581766341798584,2.5019847600468754,0.6947968999957084,False,1,350.0,3500.0,-80.0,80.0,1.0,15,"[0, 1, 2, 3, 4, 5, 6, 7, 8, 9, 10, 11, 12, 13, 14]",105,14,"[[0, 1], [1, 6], [6, 8], [8, 9], [5, 6], [4, 5], [9, 10], [3, 4], [10, 11], [2, 4], [9, 13], [12, 13], [13, 14], [7, 11]]"
DOA-V5B-POSTFREEZE-MST-TDOA-YAMAOKA2023-20260913,dicit,dicit,task1,recording2,117,0,0,34.94418115740335,33.149658027691096,-1.7945231297122461,1.7945231297122461,3.220313263072235,0.6811154000024544,False,1,350.0,3500.0,-80.0,80.0,1.0,15,"[0, 1, 2, 3, 4, 5, 6, 7, 8, 9, 10, 11, 12, 13, 14]",105,14,"[[0, 7], [7, 12], [12, 13], [8, 13], [8, 9], [6, 8], [5, 6], [4, 5], [3, 4], [8, 10], [10, 11], [8, 14], [2, 3], [1, 8]]"
DOA-V5B-POSTFREEZE-MST-TDOA-YAMAOKA2023-20260913,dicit,dicit,task1,recording2,140,1,0,34.94418115740335,33.605472830591104,-1.3387083268122524,1.3387083268122524,1.7921399842764603,0.6908021999988705,False,1,350.0,3500.0,-80.0,80.0,1.0,15,"[0, 1, 2, 3, 4, 5, 6, 7, 8, 9, 10, 11, 12, 13, 14]",105,14,"[[0, 7], [7, 9], [6, 9], [5, 6], [4, 5], [6, 8], [3, 4], [9, 10], [9, 11], [5, 14], [13, 14], [12, 13], [2, 3], [1, 9]]"
DOA-V5B-POSTFREEZE-MST-TDOA-YAMAOKA2023-20260913,dicit,dicit,task1,recording2,163,2,0,34.94418115740335,33.2468606344934,-1.6973205229099335,1.6973205229099335,2.88089695749125,0.7323754000026383,False,1,350.0,3500.0,-80.0,80.0,1.0,15,"[0, 1, 2, 3, 4, 5, 6, 7, 8, 9, 10, 11, 12, 13, 14]",105,14,"[[0, 7], [7, 12], [12, 13], [13, 14], [5, 14], [4, 5], [5, 6], [6, 8], [8, 9], [3, 4], [9, 10], [2, 3], [9, 11], [1, 8]]"
DOA-V5B-POSTFREEZE-MST-TDOA-YAMAOKA2023-20260913,dicit,dicit,task1,recording2,186,3,0,34.94418115740335,33.69480225599021,-1.249378901413138,1.249378901413138,1.5609476392962995,0.6949253999991925,False,1,350.0,3500.0,-80.0,80.0,1.0,15,"[0, 1, 2, 3, 4, 5, 6, 7, 8, 9, 10, 11, 12, 13, 14]",105,14,"[[0, 7], [7, 11], [10, 11], [9, 10], [8, 9], [6, 8], [5, 6], [4, 5], [3, 4], [5, 14], [2, 3], [8, 13], [12, 13], [1, 8]]"
DOA-V5B-POSTFREEZE-MST-TDOA-YAMAOKA2023-20260913,dicit,dicit,task1,recording2,209,4,0,34.94418115740335,33.819612456426626,-1.124568700976738,1.124568700976738,1.264654763216508,0.7260330999997677,False,1,350.0,3500.0,-80.0,80.0,1.0,15,"[0, 1, 2, 3, 4, 5, 6, 7, 8, 9, 10, 11, 12, 13, 14]",105,14,"[[0, 7], [7, 11], [10, 11], [9, 10], [8, 9], [6, 8], [5, 6], [4, 5], [3, 4], [5, 14], [2, 3], [5, 13], [12, 13], [1, 4]]"
DOA-V5B-POSTFREEZE-MST-TDOA-YAMAOKA2023-20260913,dicit,dicit,task1,recording2,232,5,0,34.94418115740335,33.54502281620744,-1.399158341195914,1.399158341195914,1.9576440637381018,0.6800313999992795,False,1,350.0,3500.0,-80.0,80.0,1.0,15,"[0, 1, 2, 3, 4, 5, 6, 7, 8, 9, 10, 11, 12, 13, 14]",105,14,"[[0, 9], [8, 9], [6, 8], [5, 6], [4, 5], [3, 4], [9, 10], [10, 11], [5, 14], [2, 3], [4, 13], [12, 13], [1, 8], [7, 12]]"
DOA-V5B-POSTFREEZE-MST-TDOA-YAMAOKA2023-20260913,dicit,dicit,task1,recording2,255,6,0,34.94418115740335,33.848202976994976,-1.0959781804083661,1.0959781804083661,1.2011681719312333,0.7068289000017103,False,1,350.0,3500.0,-80.0,80.0,1.0,15,"[0, 1, 2, 3, 4, 5, 6, 7, 8, 9, 10, 11, 12, 13, 14]",105,14,"[[0, 7], [7, 11], [10, 11], [9, 10], [8, 9], [6, 8], [5, 6], [4, 5], [3, 4], [5, 14], [13, 14], [12, 13], [2, 3], [1, 13]]"
DOA-V5B-POSTFREEZE-MST-TDOA-YAMAOKA2023-20260913,dicit,dicit,task1,recording2,278,7,0,34.94418115740335,33.370789675358544,-1.5733914820447978,1.5733914820447978,2.4755607557711254,0.721191100004944,False,1,350.0,3500.0,-80.0,80.0,1.0,15,"[0, 1, 2, 3, 4, 5, 6, 7, 8, 9, 10, 11, 12, 13, 14]",105,14,"[[0, 7], [0, 14], [5, 14], [5, 6], [6, 8], [8, 9], [4, 5], [9, 10], [3, 4], [10, 11], [2, 4], [8, 13], [12, 13], [1, 13]]"
DOA-V5B-POSTFREEZE-MST-TDOA-YAMAOKA2023-20260913,dicit,dicit,task1,recording2,301,8,0,34.94418115740335,33.44022996937935,-1.50395118802399,1.50395118802399,2.261869175958771,0.6878809000045294,False,1,350.0,3500.0,-80.0,80.0,1.0,15,"[0, 1, 2, 3, 4, 5, 6, 7, 8, 9, 10, 11, 12, 13, 14]",105,14,"[[0, 7], [7, 9], [8, 9], [6, 8], [5, 6], [4, 5], [9, 10], [3, 4], [10, 11], [8, 14], [13, 14], [12, 13], [2, 4], [1, 9]]"
DOA-V5B-POSTFREEZE-MST-TDOA-YAMAOKA2023-20260913,dicit,dicit,task1,recording2,379,9,0,34.94418115740335,33.26923327027426,-1.6749478871290933,1.6749478871290933,2.805450424598214,0.7504232999999658,False,1,350.0,3500.0,-80.0,80.0,1.0,15,"[0, 1, 2, 3, 4, 5, 6, 7, 8, 9, 10, 11, 12, 13, 14]",105,14,"[[0, 14], [2, 14], [2, 3], [3, 4], [4, 5], [5, 6], [6, 8], [8, 9], [9, 10], [13, 14], [9, 11], [1, 8], [11, 12], [0, 7]]"
DOA-V5B-POSTFREEZE-MST-TDOA-YAMAOKA2023-20260913,dicit,dicit,task1,recording2,401,10,0,34.94418115740335,33.64469379600142,-1.2994873614019298,1.2994873614019298,1.6886674024433497,0.6851508999970974,False,1,350.0,3500.0,-80.0,80.0,1.0,15,"[0, 1, 2, 3, 4, 5, 6, 7, 8, 9, 10, 11, 12, 13, 14]",105,14,"[[0, 7], [7, 9], [8, 9], [6, 8], [5, 6], [4, 5], [3, 4], [9, 10], [9, 11], [5, 14], [4, 13], [2, 3], [12, 13], [1, 13]]"
DOA-V5B-POSTFREEZE-MST-TDOA-YAMAOKA2023-20260913,dicit,dicit,task1,recording2,424,11,0,34.94418115740335,33.57791184304957,-1.3662693143537865,1.3662693143537865,1.866691839344766,0.7283282999997027,False,1,350.0,3500.0,-80.0,80.0,1.0,15,"[0, 1, 2, 3, 4, 5, 6, 7, 8, 9, 10, 11, 12, 13, 14]",105,14,"[[0, 7], [0, 9], [8, 9], [6, 8], [5, 6], [4, 5], [9, 10], [3, 4], [10, 11], [5, 14], [2, 3], [6, 13], [11, 12], [1, 8]]"
DOA-V5B-POSTFREEZE-MST-TDOA-YAMAOKA2023-20260913,dicit,dicit,task1,recording2,447,12,0,34.94418115740335,33.71938749424633,-1.2247936631570155,1.2247936631570155,1.500119517309581,0.6907682000019122,False,1,350.0,3500.0,-80.0,80.0,1.0,15,"[0, 1, 2, 3, 4, 5, 6, 7, 8, 9, 10, 11, 12, 13, 14]",105,14,"[[0, 7], [7, 11], [10, 11], [9, 10], [8, 9], [6, 8], [5, 6], [4, 5], [3, 4], [5, 14], [6, 13], [2, 4], [12, 13], [1, 13]]"
DOA-V5B-POSTFREEZE-MST-TDOA-YAMAOKA2023-20260913,dicit,dicit,task1,recording2,470,13,0,34.94418115740335,33.362003417093156,-1.5821777403101862,1.5821777403101862,2.503286401933047,0.7378501999992295,False,1,350.0,3500.0,-80.0,80.0,1.0,15,"[0, 1, 2, 3, 4, 5, 6, 7, 8, 9, 10, 11, 12, 13, 14]",105,14,"[[0, 7], [7, 9], [8, 9], [6, 8], [5, 6], [4, 5], [9, 10], [3, 4], [10, 11], [2, 4], [6, 13], [13, 14], [12, 13], [1, 13]]"
DOA-V5B-POSTFREEZE-MST-TDOA-YAMAOKA2023-20260913,dicit,dicit,task1,recording2,493,14,0,34.94418115740335,33.608448545665816,-1.3357326117375408,1.3357326117375408,1.7841816100591918,0.6971140999958152,False,1,350.0,3500.0,-80.0,80.0,1.0,15,"[0, 1, 2, 3, 4, 5, 6, 7, 8, 9, 10, 11, 12, 13, 14]",105,14,"[[0, 14], [5, 14], [4, 5], [5, 6], [6, 8], [8, 9], [9, 10], [3, 4], [10, 11], [2, 3], [6, 13], [12, 13], [1, 8], [7, 11]]"
DOA-V5B-POSTFREEZE-MST-TDOA-YAMAOKA2023-20260913,dicit,dicit,task1,recording2,516,15,0,34.94418115740335,33.50623875728688,-1.4379424001164693,1.4379424001164693,2.0676783460527126,0.7005930000013905,False,1,350.0,3500.0,-80.0,80.0,1.0,15,"[0, 1, 2, 3, 4, 5, 6, 7, 8, 9, 10, 11, 12, 13, 14]",105,14,"[[0, 11], [10, 11], [9, 10], [8, 9], [6, 8], [5, 6], [4, 5], [3, 4], [8, 13], [8, 14], [9, 12], [2, 11], [1, 8], [7, 9]]"
DOA-V5B-POSTFREEZE-MST-TDOA-YAMAOKA2023-20260913,dicit,dicit,task1,recording2,539,16,0,34.94418115740335,33.703954490516956,-1.2402266668864002,1.2402266668864002,1.5381621852561498,0.7254769999999553,False,1,350.0,3500.0,-80.0,80.0,1.0,15,"[0, 1, 2, 3, 4, 5, 6, 7, 8, 9, 10, 11, 12, 13, 14]",105,14,"[[0, 7], [7, 11], [10, 11], [9, 10], [8, 9], [6, 8], [5, 6], [4, 5], [3, 4], [5, 14], [8, 13], [2, 3], [12, 13], [1, 8]]"
DOA-V5B-POSTFREEZE-MST-TDOA-YAMAOKA2023-20260913,dicit,dicit,task1,recording2,562,17,0,34.94418115740335,33.70398989080425,-1.2401912665990835,1.2401912665990835,1.538074377748639,0.7066507999988971,False,1,350.0,3500.0,-80.0,80.0,1.0,15,"[0, 1, 2, 3, 4, 5, 6, 7, 8, 9, 10, 11, 12, 13, 14]",105,14,"[[0, 7], [7, 11], [10, 11], [9, 10], [8, 9], [6, 8], [5, 6], [4, 5], [3, 4], [5, 14], [2, 3], [8, 13], [12, 13], [1, 8]]"
DOA-V5B-POSTFREEZE-MST-TDOA-YAMAOKA2023-20260913,dicit,dicit,task1,recording2,585,18,0,34.94418115740335,33.75385238794804,-1.1903287694553057,1.1903287694553057,1.4168825793929825,0.6987941000043065,False,1,350.0,3500.0,-80.0,80.0,1.0,15,"[0, 1, 2, 3, 4, 5, 6, 7, 8, 9, 10, 11, 12, 13, 14]",105,14,"[[0, 7], [7, 11], [10, 11], [9, 10], [8, 9], [6, 8], [5, 6], [4, 5], [3, 4], [5, 14], [8, 13], [2, 4], [12, 13], [1, 8]]"
DOA-V5B-POSTFREEZE-MST-TDOA-YAMAOKA2023-20260913,dicit,dicit,task1,recording2,608,19,0,34.94418115740335,33.832500969543474,-1.1116801878598608,1.1116801878598608,1.2358328400801353,0.7026763000030769,False,1,350.0,3500.0,-80.0,80.0,1.0,15,"[0, 1, 2, 3, 4, 5, 6, 7, 8, 9, 10, 11, 12, 13, 14]",105,14,"[[0, 7], [7, 11], [9, 11], [8, 9], [6, 8], [5, 6], [4, 5], [3, 4], [9, 10], [5, 14], [13, 14], [12, 13], [2, 4], [1, 6]]"
DOA-V5B-POSTFREEZE-MST-TDOA-YAMAOKA2023-20260913,dicit,dicit,task1,recording3,126,0,0,-60.460166694655555,-33.557361411830584,26.90280528282497,26.90280528282497,723.7609320855952,0.6954612999979872,False,1,350.0,3500.0,-80.0,80.0,1.0,15,"[0, 1, 2, 3, 4, 5, 6, 7, 8, 9, 10, 11, 12, 13, 14]",105,14,"[[0, 10], [4, 10], [4, 5], [5, 6], [6, 8], [8, 9], [3, 4], [7, 9], [7, 14], [0, 1], [7, 11], [2, 3], [7, 13], [7, 12]]"
DOA-V5B-POSTFREEZE-MST-TDOA-YAMAOKA2023-20260913,dicit,dicit,task1,recording3,154,1,0,-60.460166694655555,-50.711887592639016,9.74827910201654,9.74827910201654,95.02894545081239,0.7267916000055266,False,1,350.0,3500.0,-80.0,80.0,1.0,15,"[0, 1, 2, 3, 4, 5, 6, 7, 8, 9, 10, 11, 12, 13, 14]",105,14,"[[0, 1], [1, 7], [5, 7], [4, 5], [5, 6], [7, 9], [6, 8], [3, 7], [2, 7], [7, 10], [7, 14], [7, 11], [7, 12], [7, 13]]"
DOA-V5B-POSTFREEZE-MST-TDOA-YAMAOKA2023-20260913,dicit,dicit,task1,recording3,182,2,0,-60.460166694655555,-50.79834729548361,9.661819399171947,9.661819399171947,93.35075410221535,0.6914135000042734,False,1,350.0,3500.0,-80.0,80.0,1.0,15,"[0, 1, 2, 3, 4, 5, 6, 7, 8, 9, 10, 11, 12, 13, 14]",105,14,"[[0, 1], [1, 7], [5, 7], [4, 5], [5, 6], [6, 8], [8, 9], [3, 5], [2, 5], [9, 10], [7, 11], [7, 14], [7, 12], [5, 13]]"
DOA-V5B-POSTFREEZE-MST-TDOA-YAMAOKA2023-20260913,dicit,dicit,task1,recording3,210,3,0,-60.460166694655555,-50.70637890109908,9.753787793556484,9.753787793556484,95.13637632173146,0.691129999999248,False,1,350.0,3500.0,-80.0,80.0,1.0,15,"[0, 1, 2, 3, 4, 5, 6, 7, 8, 9, 10, 11, 12, 13, 14]",105,14,"[[0, 1], [1, 7], [5, 7], [6, 7], [4, 5], [7, 8], [3, 7], [7, 9], [2, 7], [7, 10], [7, 11], [7, 14], [7, 12], [7, 13]]"
DOA-V5B-POSTFREEZE-MST-TDOA-YAMAOKA2023-20260913,dicit,dicit,task1,recording3,238,4,0,-60.460166694655555,-50.68368334629998,9.776483348355583,9.776483348355583,95.579626660674,0.7110918000034872,False,1,350.0,3500.0,-80.0,80.0,1.0,15,"[0, 1, 2, 3, 4, 5, 6, 7, 8, 9, 10, 11, 12, 13, 14]",105,14,"[[0, 1], [1, 7], [5, 7], [4, 5], [5, 6], [6, 8], [8, 9], [3, 7], [2, 7], [7, 10], [7, 11], [7, 14], [7, 12], [7, 13]]"
DOA-V5B-POSTFREEZE-MST-TDOA-YAMAOKA2023-20260913,dicit,dicit,task1,recording3,266,5,0,-60.460166694655555,-50.76702707200186,9.693139622653689,9.693139622653689,93.9569557442589,0.7174838000064483,False,1,350.0,3500.0,-80.0,80.0,1.0,15,"[0, 1, 2, 3, 4, 5, 6, 7, 8, 9, 10, 11, 12, 13, 14]",105,14,"[[0, 1], [0, 7], [6, 7], [5, 6], [4, 5], [6, 8], [8, 9], [2, 7], [3, 7], [7, 10], [7, 11], [7, 14], [7, 12], [7, 13]]"
DOA-V5B-POSTFREEZE-MST-TDOA-YAMAOKA2023-20260913,dicit,dicit,task1,recording3,294,6,0,-60.460166694655555,-50.73869011938593,9.721476575269634,9.721476575269634,94.50710680351621,0.7114527000012458,False,1,350.0,3500.0,-80.0,80.0,1.0,15,"[0, 1, 2, 3, 4, 5, 6, 7, 8, 9, 10, 11, 12, 13, 14]",105,14,"[[0, 1], [1, 7], [7, 8], [6, 8], [5, 6], [4, 5], [8, 9], [3, 7], [2, 7], [7, 10], [7, 11], [7, 12], [7, 13], [7, 14]]"
DOA-V5B-POSTFREEZE-MST-TDOA-YAMAOKA2023-20260913,dicit,dicit,task1,recording3,322,7,0,-60.460166694655555,-50.68707819377157,9.773088500884,9.773088500884,95.51325884611109,0.6979885999971884,False,1,350.0,3500.0,-80.0,80.0,1.0,15,"[0, 1, 2, 3, 4, 5, 6, 7, 8, 9, 10, 11, 12, 13, 14]",105,14,"[[0, 1], [1, 7], [7, 8], [8, 9], [6, 8], [5, 6], [4, 5], [2, 7], [7, 10], [3, 7], [7, 11], [7, 14], [7, 12], [7, 13]]"
DOA-V5B-POSTFREEZE-MST-TDOA-YAMAOKA2023-20260913,dicit,dicit,task1,recording3,448,8,0,-60.460166694655555,-50.83694545517318,9.623221239482376,9.623221239482376,92.60638702402473,0.7034029999995255,False,1,350.0,3500.0,-80.0,80.0,1.0,15,"[0, 1, 2, 3, 4, 5, 6, 7, 8, 9, 10, 11, 12, 13, 14]",105,14,"[[0, 7], [5, 7], [5, 6], [4, 5], [6, 8], [8, 9], [3, 4], [2, 7], [7, 10], [0, 1], [7, 11], [7, 14], [7, 12], [7, 13]]"
DOA-V5B-POSTFREEZE-MST-TDOA-YAMAOKA2023-20260913,dicit,dicit,task1,recording3,476,9,0,-60.460166694655555,-50.83269945072565,9.627467243929914,9.627467243929914,92.68812553294345,0.6909431000021868,False,1,350.0,3500.0,-80.0,80.0,1.0,15,"[0, 1, 2, 3, 4, 5, 6, 7, 8, 9, 10, 11, 12, 13, 14]",105,14,"[[0, 1], [0, 7], [6, 7], [5, 6], [4, 5], [6, 8], [8, 9], [3, 7], [7, 10], [7, 11], [2, 7], [7, 14], [7, 12], [7, 13]]"
DOA-V5B-POSTFREEZE-MST-TDOA-YAMAOKA2023-20260913,dicit,dicit,task1,recording3,505,10,0,-60.460166694655555,-50.738495744045196,9.72167095061036,9.72167095061036,94.51088607194134,0.7431139999971492,False,1,350.0,3500.0,-80.0,80.0,1.0,15,"[0, 1, 2, 3, 4, 5, 6, 7, 8, 9, 10, 11, 12, 13, 14]",105,14,"[[0, 1], [1, 7], [5, 7], [4, 5], [7, 8], [5, 6], [3, 7], [8, 9], [2, 7], [7, 10], [7, 11], [7, 14], [7, 12], [7, 13]]"
DOA-V5B-POSTFREEZE-MST-TDOA-YAMAOKA2023-20260913,dicit,dicit,task1,recording3,533,11,0,-60.460166694655555,-50.85158049678083,9.608586197874729,9.608586197874729,92.32492872198874,0.70436879999761,False,1,350.0,3500.0,-80.0,80.0,1.0,15,"[0, 1, 2, 3, 4, 5, 6, 7, 8, 9, 10, 11, 12, 13, 14]",105,14,"[[0, 1], [0, 7], [5, 7], [7, 8], [6, 7], [4, 5], [3, 7], [8, 9], [2, 7], [7, 10], [7, 11], [7, 14], [7, 12], [7, 13]]"
DOA-V5B-POSTFREEZE-MST-TDOA-YAMAOKA2023-20260913,dicit,dicit,task1,recording3,561,12,0,-60.460166694655555,-50.84935222307663,9.61081447157892,9.61081447157892,92.36775480711079,0.7179404999988037,False,1,350.0,3500.0,-80.0,80.0,1.0,15,"[0, 1, 2, 3, 4, 5, 6, 7, 8, 9, 10, 11, 12, 13, 14]",105,14,"[[0, 1], [0, 7], [5, 7], [4, 5], [5, 6], [7, 8], [8, 9], [3, 7], [2, 7], [7, 10], [7, 11], [7, 14], [7, 12], [7, 13]]"
DOA-V5B-POSTFREEZE-MST-TDOA-YAMAOKA2023-20260913,dicit,dicit,task1,recording3,589,13,0,-60.460166694655555,-50.51816676849293,9.941999926162623,9.941999926162623,98.8433625318176,0.6939659000054235,False,1,350.0,3500.0,-80.0,80.0,1.0,15,"[0, 1, 2, 3, 4, 5, 6, 7, 8, 9, 10, 11, 12, 13, 14]",105,14,"[[0, 1], [1, 7], [7, 8], [8, 9], [6, 8], [5, 6], [4, 5], [2, 7], [3, 6], [9, 10], [7, 11], [7, 14], [7, 13], [7, 12]]"
DOA-V5B-POSTFREEZE-MST-TDOA-YAMAOKA2023-20260913,dicit,dicit,task1,recording3,617,14,0,-60.460166694655555,-50.69988677294823,9.760279921707308,9.760279921707308,95.26306415008283,0.7173074000020279,False,1,350.0,3500.0,-80.0,80.0,1.0,15,"[0, 1, 2, 3, 4, 5, 6, 7, 8, 9, 10, 11, 12, 13, 14]",105,14,"[[0, 1], [1, 7], [6, 7], [5, 6], [6, 8], [4, 5], [8, 9], [3, 7], [2, 7], [7, 10], [7, 11], [7, 14], [7, 12], [7, 13]]"
DOA-V5B-POSTFREEZE-MST-TDOA-YAMAOKA2023-20260913,dicit,dicit,task1,recording3,645,15,0,-60.460166694655555,-50.69531965673445,9.7648470379211,9.7648470379211,95.35223767399648,0.7293837999968673,False,1,350.0,3500.0,-80.0,80.0,1.0,15,"[0, 1, 2, 3, 4, 5, 6, 7, 8, 9, 10, 11, 12, 13, 14]",105,14,"[[0, 1], [1, 7], [7, 8], [6, 8], [8, 9], [5, 6], [4, 5], [2, 7], [3, 7], [7, 11], [7, 10], [7, 12], [7, 14], [7, 13]]"
DOA-V5B-POSTFREEZE-MST-TDOA-YAMAOKA2023-20260913,dicit,dicit,task1,recording3,673,16,0,-60.460166694655555,-50.740188737812844,9.719977956842712,9.719977956842712,94.47797148150822,0.7117846000037389,False,1,350.0,3500.0,-80.0,80.0,1.0,15,"[0, 1, 2, 3, 4, 5, 6, 7, 8, 9, 10, 11, 12, 13, 14]",105,14,"[[0, 1], [1, 7], [7, 8], [6, 7], [8, 9], [5, 7], [4, 5], [2, 7], [3, 7], [7, 10], [7, 11], [7, 14], [7, 12], [7, 13]]"
DOA-V5B-POSTFREEZE-MST-TDOA-YAMAOKA2023-20260913,dicit,dicit,task1,recording3,701,17,0,-60.460166694655555,-50.69825408459718,9.761912610058374,9.761912610058374,95.2949378064167,0.7509148000026471,False,1,350.0,3500.0,-80.0,80.0,1.0,15,"[0, 1, 2, 3, 4, 5, 6, 7, 8, 9, 10, 11, 12, 13, 14]",105,14,"[[0, 1], [1, 7], [5, 7], [4, 5], [5, 6], [6, 8], [3, 7], [8, 9], [2, 7], [7, 10], [7, 11], [7, 14], [7, 13], [7, 12]]"
DOA-V5B-POSTFREEZE-MST-TDOA-YAMAOKA2023-20260913,dicit,dicit,task1,recording3,729,18,0,-60.460166694655555,-50.712143784723374,9.748022909932189,9.748022909932189,95.02395065256282,0.6850524000037694,False,1,350.0,3500.0,-80.0,80.0,1.0,15,"[0, 1, 2, 3, 4, 5, 6, 7, 8, 9, 10, 11, 12, 13, 14]",105,14,"[[0, 1], [1, 7], [5, 7], [6, 7], [7, 8], [4, 5], [3, 7], [7, 9], [2, 7], [7, 10], [7, 11], [7, 14], [7, 12], [7, 13]]"
DOA-V5B-POSTFREEZE-MST-TDOA-YAMAOKA2023-20260913,dicit,dicit,task1,recording3,757,19,0,-60.460166694655555,-50.69524110202262,9.764925592632949,9.764925592632949,95.35377182965794,0.73011889999907,False,1,350.0,3500.0,-80.0,80.0,1.0,15,"[0, 1, 2, 3, 4, 5, 6, 7, 8, 9, 10, 11, 12, 13, 14]",105,14,"[[0, 1], [1, 7], [7, 8], [6, 8], [5, 6], [4, 5], [8, 9], [3, 7], [7, 11], [7, 10], [2, 7], [7, 12], [7, 13], [7, 14]]"
DOA-V5B-POSTFREEZE-MST-TDOA-YAMAOKA2023-20260913,dicit,dicit,task1,recording4,106,0,0,18.93190026016986,17.128575806153275,-1.8033244540165754,1.8033244540165754,3.2519790864541798,0.8192761999962386,False,1,350.0,3500.0,-80.0,80.0,1.0,15,"[0, 1, 2, 3, 4, 5, 6, 7, 8, 9, 10, 11, 12, 13, 14]",105,14,"[[0, 12], [9, 12], [8, 9], [6, 8], [5, 6], [4, 5], [9, 10], [3, 4], [9, 11], [2, 3], [11, 13], [4, 14], [1, 9], [7, 9]]"
DOA-V5B-POSTFREEZE-MST-TDOA-YAMAOKA2023-20260913,dicit,dicit,task1,recording4,135,1,0,18.93190026016986,17.112763218102703,-1.8191370420671547,1.8191370420671547,3.309259577820837,0.7890942000012728,False,1,350.0,3500.0,-80.0,80.0,1.0,15,"[0, 1, 2, 3, 4, 5, 6, 7, 8, 9, 10, 11, 12, 13, 14]",105,14,"[[0, 4], [4, 5], [5, 6], [6, 8], [8, 9], [9, 10], [3, 4], [9, 11], [2, 3], [9, 12], [12, 13], [4, 14], [1, 9], [7, 11]]"
DOA-V5B-POSTFREEZE-MST-TDOA-YAMAOKA2023-20260913,dicit,dicit,task1,recording4,165,2,0,18.93190026016986,17.134599953016224,-1.7973003071536482,1.7973003071536482,3.230288394094598,0.7656397000027937,False,1,350.0,3500.0,-80.0,80.0,1.0,15,"[0, 1, 2, 3, 4, 5, 6, 7, 8, 9, 10, 11, 12, 13, 14]",105,14,"[[0, 12], [9, 12], [8, 9], [6, 8], [5, 6], [4, 5], [9, 10], [3, 4], [9, 11], [2, 3], [11, 13], [4, 14], [1, 9], [7, 11]]"
DOA-V5B-POSTFREEZE-MST-TDOA-YAMAOKA2023-20260913,dicit,dicit,task1,recording4,194,3,0,18.93190026016986,17.137104987263925,-1.7947952729059296,1.7947952729059296,3.22129007164547,0.6893545999992057,False,1,350.0,3500.0,-80.0,80.0,1.0,15,"[0, 1, 2, 3, 4, 5, 6, 7, 8, 9, 10, 11, 12, 13, 14]",105,14,"[[0, 12], [9, 12], [8, 9], [6, 8], [5, 6], [4, 5], [9, 10], [3, 4], [10, 11], [2, 3], [11, 13], [4, 14], [1, 9], [7, 11]]"
DOA-V5B-POSTFREEZE-MST-TDOA-YAMAOKA2023-20260913,dicit,dicit,task1,recording4,223,4,0,18.93190026016986,17.103452138063666,-1.828448122106181,1.828448122106181,3.34322253523362,0.6814913999987766,False,1,350.0,3500.0,-80.0,80.0,1.0,15,"[0, 1, 2, 3, 4, 5, 6, 7, 8, 9, 10, 11, 12, 13, 14]",105,14,"[[0, 4], [4, 5], [5, 6], [6, 8], [8, 9], [9, 10], [3, 4], [10, 11], [2, 3], [9, 12], [11, 13], [4, 14], [1, 9], [7, 11]]"
DOA-V5B-POSTFREEZE-MST-TDOA-YAMAOKA2023-20260913,dicit,dicit,task1,recording4,253,5,0,18.93190026016986,17.102090213021736,-1.8298100471481291,1.8298100471481291,3.3482048086442386,0.7074617000034777,False,1,350.0,3500.0,-80.0,80.0,1.0,15,"[0, 1, 2, 3, 4, 5, 6, 7, 8, 9, 10, 11, 12, 13, 14]",105,14,"[[0, 4], [4, 5], [5, 6], [6, 8], [8, 9], [9, 10], [3, 4], [10, 11], [2, 3], [9, 12], [9, 13], [4, 14], [1, 9], [7, 11]]"
DOA-V5B-POSTFREEZE-MST-TDOA-YAMAOKA2023-20260913,dicit,dicit,task1,recording4,282,6,0,18.93190026016986,16.940278356087607,-1.9916219040822511,1.9916219040822511,3.9665578088202116,0.69987140000012,False,1,350.0,3500.0,-80.0,80.0,1.0,15,"[0, 1, 2, 3, 4, 5, 6, 7, 8, 9, 10, 11, 12, 13, 14]",105,14,"[[0, 9], [8, 9], [6, 8], [5, 6], [4, 5], [9, 10], [3, 4], [10, 11], [11, 12], [2, 3], [9, 13], [11, 14], [1, 12], [5, 7]]"
DOA-V5B-POSTFREEZE-MST-TDOA-YAMAOKA2023-20260913,dicit,dicit,task1,recording4,442,7,0,18.93190026016986,17.062321495740555,-1.8695787644293205,1.8695787644293205,3.4953247564050645,0.7056911999970907,False,1,350.0,3500.0,-80.0,80.0,1.0,15,"[0, 1, 2, 3, 4, 5, 6, 7, 8, 9, 10, 11, 12, 13, 14]",105,14,"[[0, 4], [4, 5], [5, 6], [6, 8], [8, 9], [3, 4], [9, 10], [9, 11], [2, 3], [9, 12], [9, 13], [4, 14], [1, 4], [7, 12]]"
DOA-V5B-POSTFREEZE-MST-TDOA-YAMAOKA2023-20260913,dicit,dicit,task1,recording4,471,8,0,18.93190026016986,17.06682027995148,-1.8650799802183826,1.8650799802183826,3.4785233326114025,0.6898186999969766,False,1,350.0,3500.0,-80.0,80.0,1.0,15,"[0, 1, 2, 3, 4, 5, 6, 7, 8, 9, 10, 11, 12, 13, 14]",105,14,"[[0, 4], [4, 5], [5, 6], [6, 8], [8, 9], [9, 10], [3, 4], [10, 11], [2, 3], [9, 12], [9, 13], [4, 14], [1, 9], [5, 7]]"
DOA-V5B-POSTFREEZE-MST-TDOA-YAMAOKA2023-20260913,dicit,dicit,task1,recording4,500,9,0,18.93190026016986,17.09284681883395,-1.8390534413359205,1.8390534413359205,3.382117560089492,0.6946879000024637,False,1,350.0,3500.0,-80.0,80.0,1.0,15,"[0, 1, 2, 3, 4, 5, 6, 7, 8, 9, 10, 11, 12, 13, 14]",105,14,"[[0, 4], [4, 5], [5, 6], [6, 8], [8, 9], [9, 10], [3, 4], [9, 11], [2, 3], [9, 12], [9, 13], [4, 14], [1, 9], [7, 11]]"
DOA-V5B-POSTFREEZE-MST-TDOA-YAMAOKA2023-20260913,dicit,dicit,task1,recording4,530,10,0,18.93190026016986,17.20095991073553,-1.73094034943432,1.73094034943432,2.996154493299806,0.7114925999994739,False,1,350.0,3500.0,-80.0,80.0,1.0,15,"[0, 1, 2, 3, 4, 5, 6, 7, 8, 9, 10, 11, 12, 13, 14]",105,14,"[[0, 9], [8, 9], [6, 8], [5, 6], [4, 5], [9, 10], [3, 4], [10, 11], [8, 12], [9, 13], [2, 6], [1, 9], [4, 14], [7, 10]]"
DOA-V5B-POSTFREEZE-MST-TDOA-YAMAOKA2023-20260913,dicit,dicit,task1,recording4,684,11,0,18.93190026016986,17.102373382158223,-1.8295268780116487,1.8295268780116487,3.34716859736705,0.7492901000005077,False,1,350.0,3500.0,-80.0,80.0,1.0,15,"[0, 1, 2, 3, 4, 5, 6, 7, 8, 9, 10, 11, 12, 13, 14]",105,14,"[[0, 4], [4, 5], [5, 6], [6, 8], [8, 9], [9, 10], [3, 4], [9, 11], [2, 3], [4, 12], [9, 13], [4, 14], [1, 4], [7, 11]]"
DOA-V5B-POSTFREEZE-MST-TDOA-YAMAOKA2023-20260913,dicit,dicit,task1,recording4,713,12,0,18.93190026016986,17.099874758602443,-1.832025501567415,1.832025501567415,3.3563174383933383,0.7236830999972881,False,1,350.0,3500.0,-80.0,80.0,1.0,15,"[0, 1, 2, 3, 4, 5, 6, 7, 8, 9, 10, 11, 12, 13, 14]",105,14,"[[0, 4], [4, 5], [5, 6], [6, 8], [8, 9], [9, 10], [3, 4], [9, 11], [2, 3], [9, 12], [9, 13], [4, 14], [1, 9], [7, 11]]"
DOA-V5B-POSTFREEZE-MST-TDOA-YAMAOKA2023-20260913,dicit,dicit,task1,recording4,743,13,0,18.93190026016986,17.094407823448293,-1.8374924367215613,1.8374924367215613,3.3763784550089406,0.798295100001269,False,1,350.0,3500.0,-80.0,80.0,1.0,15,"[0, 1, 2, 3, 4, 5, 6, 7, 8, 9, 10, 11, 12, 13, 14]",105,14,"[[0, 4], [4, 5], [5, 6], [6, 8], [8, 9], [9, 10], [3, 4], [9, 11], [2, 3], [9, 12], [9, 13], [4, 14], [1, 9], [7, 11]]"
DOA-V5B-POSTFREEZE-MST-TDOA-YAMAOKA2023-20260913,dicit,dicit,task1,recording4,772,14,0,18.93190026016986,17.103827028754964,-1.8280732314148906,1.8280732314148906,3.3418517394156804,0.7684778999973787,False,1,350.0,3500.0,-80.0,80.0,1.0,15,"[0, 1, 2, 3, 4, 5, 6, 7, 8, 9, 10, 11, 12, 13, 14]",105,14,"[[0, 8], [6, 8], [8, 9], [5, 6], [4, 5], [9, 10], [3, 4], [10, 11], [2, 3], [9, 12], [9, 13], [5, 14], [1, 9], [7, 11]]"
DOA-V5B-POSTFREEZE-MST-TDOA-YAMAOKA2023-20260913,dicit,dicit,task1,recording4,802,15,0,18.93190026016986,17.079727686630253,-1.8521725735396046,1.8521725735396046,3.4305432421723223,0.7361691000041901,False,1,350.0,3500.0,-80.0,80.0,1.0,15,"[0, 1, 2, 3, 4, 5, 6, 7, 8, 9, 10, 11, 12, 13, 14]",105,14,"[[0, 6], [6, 8], [8, 9], [5, 6], [4, 5], [9, 10], [3, 4], [9, 11], [9, 12], [2, 3], [11, 13], [4, 14], [1, 4], [7, 11]]"
DOA-V5B-POSTFREEZE-MST-TDOA-YAMAOKA2023-20260913,dicit,dicit,task1,recording4,831,16,0,18.93190026016986,17.09914143829333,-1.8327588218765243,1.8327588218765243,3.359004899166225,0.68008440000267,False,1,350.0,3500.0,-80.0,80.0,1.0,15,"[0, 1, 2, 3, 4, 5, 6, 7, 8, 9, 10, 11, 12, 13, 14]",105,14,"[[0, 12], [9, 12], [8, 9], [6, 8], [5, 6], [4, 5], [9, 10], [3, 4], [9, 11], [2, 3], [9, 13], [1, 9], [11, 14], [7, 11]]"
DOA-V5B-POSTFREEZE-MST-TDOA-YAMAOKA2023-20260913,dicit,dicit,task1,recording4,860,17,0,18.93190026016986,17.126451290376366,-1.8054489697935026,1.8054489697935026,3.25964598252842,0.7055063000007067,False,1,350.0,3500.0,-80.0,80.0,1.0,15,"[0, 1, 2, 3, 4, 5, 6, 7, 8, 9, 10, 11, 12, 13, 14]",105,14,"[[0, 12], [9, 12], [8, 9], [6, 8], [5, 6], [4, 5], [9, 10], [3, 4], [9, 11], [2, 3], [9, 13], [1, 9], [5, 14], [7, 11]]"
DOA-V5B-POSTFREEZE-MST-TDOA-YAMAOKA2023-20260913,dicit,dicit,task1,recording4,890,18,0,18.93190026016986,17.025830413319383,-1.906069846850471,1.906069846850471,3.6331022610725783,0.7032744000025559,False,1,350.0,3500.0,-80.0,80.0,1.0,15,"[0, 1, 2, 3, 4, 5, 6, 7, 8, 9, 10, 11, 12, 13, 14]",105,14,"[[0, 4], [4, 5], [5, 6], [6, 8], [8, 9], [9, 10], [3, 4], [10, 11], [2, 3], [11, 12], [9, 13], [1, 9], [5, 14], [5, 7]]"
DOA-V5B-POSTFREEZE-MST-TDOA-YAMAOKA2023-20260913,dicit,dicit,task1,recording4,919,19,0,18.93190026016986,17.054034393586484,-1.8778658665833632,1.8778658665833632,3.5263802128788857,0.7108589999988908,False,1,350.0,3500.0,-80.0,80.0,1.0,15,"[0, 1, 2, 3, 4, 5, 6, 7, 8, 9, 10, 11, 12, 13, 14]",105,14,"[[0, 4], [4, 5], [5, 6], [6, 8], [8, 9], [9, 10], [3, 4], [9, 11], [9, 12], [2, 3], [9, 13], [1, 8], [4, 14], [7, 11]]"
DOA-V5B-POSTFREEZE-MST-TDOA-YAMAOKA2023-20260913,dicit,dicit,task1,recording5,90,0,0,-35.12496207631639,-16.391330496658494,18.733631579657896,18.733631579657896,350.94895216235557,0.7587920999940252,False,1,350.0,3500.0,-80.0,80.0,1.0,15,"[0, 1, 2, 3, 4, 5, 6, 7, 8, 9, 10, 11, 12, 13, 14]",105,14,"[[0, 1], [1, 5], [4, 5], [5, 6], [6, 8], [8, 9], [3, 4], [2, 5], [5, 7], [9, 10], [5, 11], [11, 12], [12, 13], [13, 14]]"
DOA-V5B-POSTFREEZE-MST-TDOA-YAMAOKA2023-20260913,dicit,dicit,task1,recording5,121,1,0,-35.12496207631639,-30.051947790821856,5.073014285494537,5.073014285494537,25.73547394083165,0.7206880000012461,False,1,350.0,3500.0,-80.0,80.0,1.0,15,"[0, 1, 2, 3, 4, 5, 6, 7, 8, 9, 10, 11, 12, 13, 14]",105,14,"[[0, 1], [1, 5], [5, 6], [4, 5], [6, 8], [8, 9], [3, 4], [7, 8], [2, 5], [9, 10], [7, 11], [7, 12], [7, 14], [7, 13]]"
DOA-V5B-POSTFREEZE-MST-TDOA-YAMAOKA2023-20260913,dicit,dicit,task1,recording5,152,2,0,-35.12496207631639,-30.153689350884083,4.9712727254323,4.9712727254323,24.713552510627085,0.7099929999967571,False,1,350.0,3500.0,-80.0,80.0,1.0,15,"[0, 1, 2, 3, 4, 5, 6, 7, 8, 9, 10, 11, 12, 13, 14]",105,14,"[[0, 1], [1, 5], [5, 6], [4, 5], [6, 8], [8, 9], [3, 4], [5, 7], [2, 5], [9, 10], [7, 11], [7, 12], [7, 14], [7, 13]]"
DOA-V5B-POSTFREEZE-MST-TDOA-YAMAOKA2023-20260913,dicit,dicit,task1,recording5,183,3,0,-35.12496207631639,-30.148469313932953,4.97649276238343,4.97649276238343,24.76548021405466,0.7085995000015828,False,1,350.0,3500.0,-80.0,80.0,1.0,15,"[0, 1, 2, 3, 4, 5, 6, 7, 8, 9, 10, 11, 12, 13, 14]",105,14,"[[0, 1], [1, 5], [5, 6], [4, 5], [6, 8], [8, 9], [3, 4], [5, 7], [2, 5], [9, 10], [7, 11], [7, 12], [7, 14], [7, 13]]"
DOA-V5B-POSTFREEZE-MST-TDOA-YAMAOKA2023-20260913,dicit,dicit,task1,recording5,214,4,0,-35.12496207631639,-30.19172636577993,4.933235710536451,4.933235710536451,24.33681457571208,0.7078590000019176,False,1,350.0,3500.0,-80.0,80.0,1.0,15,"[0, 1, 2, 3, 4, 5, 6, 7, 8, 9, 10, 11, 12, 13, 14]",105,14,"[[0, 1], [1, 7], [1, 5], [5, 6], [4, 5], [6, 8], [8, 9], [3, 4], [2, 5], [9, 10], [7, 11], [7, 12], [7, 14], [7, 13]]"
DOA-V5B-POSTFREEZE-MST-TDOA-YAMAOKA2023-20260913,dicit,dicit,task1,recording5,245,5,0,-35.12496207631639,-30.230522810916806,4.894439265399598,4.894439265399598,23.955535722685354,0.7399541999984649,False,1,350.0,3500.0,-80.0,80.0,1.0,15,"[0, 1, 2, 3, 4, 5, 6, 7, 8, 9, 10, 11, 12, 13, 14]",105,14,"[[0, 1], [1, 5], [4, 5], [5, 6], [6, 8], [8, 9], [9, 10], [3, 4], [2, 5], [7, 9], [5, 11], [11, 12], [5, 14], [5, 13]]"
DOA-V5B-POSTFREEZE-MST-TDOA-YAMAOKA2023-20260913,dicit,dicit,task1,recording5,349,6,0,-35.12496207631639,-29.853851870923638,5.271110205392745,5.271110205392745,27.784602797395543,0.7551849999945262,False,1,350.0,3500.0,-80.0,80.0,1.0,15,"[0, 1, 2, 3, 4, 5, 6, 7, 8, 9, 10, 11, 12, 13, 14]",105,14,"[[0, 1], [1, 7], [7, 9], [8, 9], [6, 8], [5, 6], [4, 5], [3, 4], [2, 7], [9, 10], [7, 11], [7, 12], [7, 14], [13, 14]]"
DOA-V5B-POSTFREEZE-MST-TDOA-YAMAOKA2023-20260913,dicit,dicit,task1,recording5,380,7,0,-35.12496207631639,-29.967131917303053,5.1578301590133435,5.1578301590133435,26.603211949227614,0.7133107999979984,False,1,350.0,3500.0,-80.0,80.0,1.0,15,"[0, 1, 2, 3, 4, 5, 6, 7, 8, 9, 10, 11, 12, 13, 14]",105,14,"[[0, 1], [1, 7], [5, 7], [4, 5], [5, 6], [6, 8], [8, 9], [3, 4], [9, 10], [2, 3], [7, 11], [7, 12], [7, 14], [13, 14]]"
DOA-V5B-POSTFREEZE-MST-TDOA-YAMAOKA2023-20260913,dicit,dicit,task1,recording5,411,8,0,-35.12496207631639,-30.18995171142077,4.935010364895618,4.935010364895618,24.35432730162718,0.730803400001605,False,1,350.0,3500.0,-80.0,80.0,1.0,15,"[0, 1, 2, 3, 4, 5, 6, 7, 8, 9, 10, 11, 12, 13, 14]",105,14,"[[0, 1], [1, 5], [4, 5], [5, 6], [6, 8], [8, 9], [3, 4], [1, 7], [2, 5], [9, 10], [7, 11], [7, 12], [7, 14], [7, 13]]"
DOA-V5B-POSTFREEZE-MST-TDOA-YAMAOKA2023-20260913,dicit,dicit,task1,recording5,442,9,0,-35.12496207631639,-30.164137913012464,4.960824163303926,4.960824163303926,24.609776379220094,0.7131344000008539,False,1,350.0,3500.0,-80.0,80.0,1.0,15,"[0, 1, 2, 3, 4, 5, 6, 7, 8, 9, 10, 11, 12, 13, 14]",105,14,"[[0, 1], [1, 7], [7, 9], [8, 9], [6, 8], [5, 6], [4, 5], [3, 4], [2, 7], [9, 10], [7, 11], [7, 12], [7, 14], [7, 13]]"
DOA-V5B-POSTFREEZE-MST-TDOA-YAMAOKA2023-20260913,dicit,dicit,task1,recording5,473,10,0,-35.12496207631639,-30.066386753410036,5.058575322906364,5.058575322906364,25.589184297517225,0.6909210000012536,False,1,350.0,3500.0,-80.0,80.0,1.0,15,"[0, 1, 2, 3, 4, 5, 6, 7, 8, 9, 10, 11, 12, 13, 14]",105,14,"[[0, 1], [0, 7], [7, 9], [8, 9], [6, 8], [5, 6], [4, 5], [3, 4], [9, 10], [2, 3], [2, 11], [9, 12], [7, 14], [13, 14]]"
DOA-V5B-POSTFREEZE-MST-TDOA-YAMAOKA2023-20260913,dicit,dicit,task1,recording5,504,11,0,-35.12496207631639,-29.87805259810144,5.2469094782149455,5.2469094782149455,27.53005907258183,0.6987993000002461,False,1,350.0,3500.0,-80.0,80.0,1.0,15,"[0, 1, 2, 3, 4, 5, 6, 7, 8, 9, 10, 11, 12, 13, 14]",105,14,"[[0, 1], [1, 5], [4, 5], [5, 6], [6, 8], [8, 9], [3, 4], [1, 7], [2, 7], [9, 10], [7, 11], [7, 12], [7, 14], [13, 14]]"
DOA-V5B-POSTFREEZE-MST-TDOA-YAMAOKA2023-20260913,dicit,dicit,task1,recording5,535,12,0,-35.12496207631639,-30.16098793058205,4.9639741457343405,4.9639741457343405,24.641039319518974,0.6847244999953546,False,1,350.0,3500.0,-80.0,80.0,1.0,15,"[0, 1, 2, 3, 4, 5, 6, 7, 8, 9, 10, 11, 12, 13, 14]",105,14,"[[0, 1], [1, 7], [7, 9], [8, 9], [6, 8], [5, 6], [4, 5], [3, 4], [2, 5], [9, 10], [7, 11], [7, 12], [7, 14], [7, 13]]"
DOA-V5B-POSTFREEZE-MST-TDOA-YAMAOKA2023-20260913,dicit,dicit,task1,recording5,566,13,0,-35.12496207631639,-29.981866520345744,5.14309555597066,5.14309555597066,26.451431897845158,0.6850115999986883,False,1,350.0,3500.0,-80.0,80.0,1.0,15,"[0, 1, 2, 3, 4, 5, 6, 7, 8, 9, 10, 11, 12, 13, 14]",105,14,"[[0, 1], [1, 5], [5, 6], [4, 5], [6, 8], [8, 9], [3, 4], [7, 8], [9, 10], [2, 7], [7, 11], [7, 12], [7, 14], [7, 13]]"
DOA-V5B-POSTFREEZE-MST-TDOA-YAMAOKA2023-20260913,dicit,dicit,task1,recording5,597,14,0,-35.12496207631639,-30.186375299010834,4.938586777305545,4.938586777305545,24.38963935697717,0.7268688999974984,False,1,350.0,3500.0,-80.0,80.0,1.0,15,"[0, 1, 2, 3, 4, 5, 6, 7, 8, 9, 10, 11, 12, 13, 14]",105,14,"[[0, 1], [1, 7], [7, 8], [6, 8], [5, 6], [4, 5], [8, 9], [3, 4], [2, 5], [9, 10], [7, 11], [7, 12], [7, 14], [7, 13]]"
DOA-V5B-POSTFREEZE-MST-TDOA-YAMAOKA2023-20260913,dicit,dicit,task1,recording5,693,15,0,-35.12496207631639,-30.18538739497187,4.9395746813445385,4.9395746813445385,24.39939803258,0.6838024000026053,False,1,350.0,3500.0,-80.0,80.0,1.0,15,"[0, 1, 2, 3, 4, 5, 6, 7, 8, 9, 10, 11, 12, 13, 14]",105,14,"[[0, 1], [1, 7], [7, 9], [8, 9], [6, 8], [5, 6], [4, 5], [3, 4], [9, 10], [1, 2], [7, 11], [7, 12], [7, 14], [7, 13]]"
DOA-V5B-POSTFREEZE-MST-TDOA-YAMAOKA2023-20260913,dicit,dicit,task1,recording5,724,16,0,-35.12496207631639,-30.053991080151416,5.070970996164988,5.070970996164988,25.71474684394653,0.7114086000001407,False,1,350.0,3500.0,-80.0,80.0,1.0,15,"[0, 1, 2, 3, 4, 5, 6, 7, 8, 9, 10, 11, 12, 13, 14]",105,14,"[[0, 1], [1, 5], [5, 6], [4, 5], [6, 8], [8, 9], [3, 4], [7, 9], [2, 7], [9, 10], [7, 11], [7, 12], [7, 13], [7, 14]]"
DOA-V5B-POSTFREEZE-MST-TDOA-YAMAOKA2023-20260913,dicit,dicit,task1,recording5,755,17,0,-35.12496207631639,-30.173708319269018,4.951253757047368,4.951253757047368,24.51491376667568,0.6938645999980508,False,1,350.0,3500.0,-80.0,80.0,1.0,15,"[0, 1, 2, 3, 4, 5, 6, 7, 8, 9, 10, 11, 12, 13, 14]",105,14,"[[0, 1], [1, 5], [4, 5], [5, 6], [6, 8], [8, 9], [3, 4], [5, 7], [2, 5], [9, 10], [7, 11], [7, 12], [7, 14], [7, 13]]"
DOA-V5B-POSTFREEZE-MST-TDOA-YAMAOKA2023-20260913,dicit,dicit,task1,recording5,837,18,0,-35.12496207631639,-29.96485419544549,5.160107880870896,5.160107880870896,26.62671334222593,0.8017214999999851,False,1,350.0,3500.0,-80.0,80.0,1.0,15,"[0, 1, 2, 3, 4, 5, 6, 7, 8, 9, 10, 11, 12, 13, 14]",105,14,"[[0, 1], [1, 7], [1, 3], [3, 4], [4, 5], [5, 6], [6, 8], [8, 9], [2, 7], [9, 10], [7, 11], [7, 14], [7, 13], [6, 12]]"
DOA-V5B-POSTFREEZE-MST-TDOA-YAMAOKA2023-20260913,dicit,dicit,task1,recording5,868,19,0,-35.12496207631639,-30.198336728046154,4.92662534827025,4.92662534827025,24.271637322218957,0.7037647999968613,False,1,350.0,3500.0,-80.0,80.0,1.0,15,"[0, 1, 2, 3, 4, 5, 6, 7, 8, 9, 10, 11, 12, 13, 14]",105,14,"[[0, 1], [1, 5], [4, 5], [5, 6], [6, 8], [8, 9], [1, 7], [3, 4], [2, 5], [7, 10], [7, 11], [7, 14], [7, 12], [7, 13]]"
DOA-V5B-POSTFREEZE-MST-TDOA-YAMAOKA2023-20260913,dicit,dicit,task1,recording6,100,0,0,-17.398963239119457,-16.92394691624239,0.4750163228770816,0.4750163228770816,0.22564050699966384,0.755959600006463,False,1,350.0,3500.0,-80.0,80.0,1.0,15,"[0, 1, 2, 3, 4, 5, 6, 7, 8, 9, 10, 11, 12, 13, 14]",105,14,"[[0, 1], [1, 9], [8, 9], [6, 8], [5, 6], [4, 5], [3, 4], [9, 10], [2, 3], [9, 11], [0, 7], [9, 12], [2, 14], [13, 14]]"
DOA-V5B-POSTFREEZE-MST-TDOA-YAMAOKA2023-20260913,dicit,dicit,task1,recording6,128,1,0,-17.398963239119457,-16.51684905754365,0.8821141815758153,0.8821141815758153,0.7781254293371705,0.7276312000030885,False,1,350.0,3500.0,-80.0,80.0,1.0,15,"[0, 1, 2, 3, 4, 5, 6, 7, 8, 9, 10, 11, 12, 13, 14]",105,14,"[[0, 1], [0, 2], [1, 3], [3, 4], [4, 5], [5, 6], [6, 8], [8, 9], [9, 10], [9, 11], [0, 7], [5, 12], [5, 14], [7, 13]]"
DOA-V5B-POSTFREEZE-MST-TDOA-YAMAOKA2023-20260913,dicit,dicit,task1,recording6,157,2,0,-17.398963239119457,-16.435257537794083,0.9637057013253809,0.9637057013253809,0.9287286787670442,0.7471483999979682,False,1,350.0,3500.0,-80.0,80.0,1.0,15,"[0, 1, 2, 3, 4, 5, 6, 7, 8, 9, 10, 11, 12, 13, 14]",105,14,"[[0, 1], [1, 2], [2, 3], [3, 4], [4, 5], [5, 6], [6, 8], [8, 9], [9, 10], [9, 11], [0, 7], [5, 12], [2, 14], [13, 14]]"
DOA-V5B-POSTFREEZE-MST-TDOA-YAMAOKA2023-20260913,dicit,dicit,task1,recording6,185,3,0,-17.398963239119457,-16.516943583056285,0.8820196560631643,0.8820196560631643,0.7779586736817827,0.7712382999961847,False,1,350.0,3500.0,-80.0,80.0,1.0,15,"[0, 1, 2, 3, 4, 5, 6, 7, 8, 9, 10, 11, 12, 13, 14]",105,14,"[[0, 1], [1, 3], [3, 4], [4, 5], [5, 6], [6, 8], [8, 9], [9, 10], [2, 3], [0, 7], [9, 11], [9, 12], [2, 14], [7, 13]]"
DOA-V5B-POSTFREEZE-MST-TDOA-YAMAOKA2023-20260913,dicit,dicit,task1,recording6,214,4,0,-17.398963239119457,-16.38181123363266,1.0171520054867926,1.0171520054867926,1.0345982022658042,0.7270044999968377,False,1,350.0,3500.0,-80.0,80.0,1.0,15,"[0, 1, 2, 3, 4, 5, 6, 7, 8, 9, 10, 11, 12, 13, 14]",105,14,"[[0, 1], [1, 3], [3, 4], [4, 5], [5, 6], [6, 8], [8, 9], [9, 10], [2, 4], [9, 11], [0, 7], [5, 12], [4, 14], [13, 14]]"
DOA-V5B-POSTFREEZE-MST-TDOA-YAMAOKA2023-20260913,dicit,dicit,task1,recording6,242,5,0,-17.398963239119457,-16.287782893959804,1.111180345159653,1.111180345159653,1.2347217594691253,0.7580492999986745,False,1,350.0,3500.0,-80.0,80.0,1.0,15,"[0, 1, 2, 3, 4, 5, 6, 7, 8, 9, 10, 11, 12, 13, 14]",105,14,"[[0, 1], [0, 2], [2, 3], [3, 4], [4, 5], [5, 6], [6, 8], [8, 9], [9, 10], [6, 11], [0, 7], [3, 12], [3, 14], [13, 14]]"
DOA-V5B-POSTFREEZE-MST-TDOA-YAMAOKA2023-20260913,dicit,dicit,task1,recording6,271,6,0,-17.398963239119457,-16.428649858051823,0.9703133810676263,0.9703133810676263,0.9415080574788887,0.7255260999954771,False,1,350.0,3500.0,-80.0,80.0,1.0,15,"[0, 1, 2, 3, 4, 5, 6, 7, 8, 9, 10, 11, 12, 13, 14]",105,14,"[[0, 1], [0, 2], [2, 3], [3, 4], [4, 5], [5, 6], [6, 8], [8, 9], [9, 10], [0, 7], [6, 11], [2, 12], [0, 14], [13, 14]]"
DOA-V5B-POSTFREEZE-MST-TDOA-YAMAOKA2023-20260913,dicit,dicit,task1,recording6,299,7,0,-17.398963239119457,-16.506572018648125,0.8923912204713247,0.8923912204713247,0.7963620903743004,0.7400162999983877,False,1,350.0,3500.0,-80.0,80.0,1.0,15,"[0, 1, 2, 3, 4, 5, 6, 7, 8, 9, 10, 11, 12, 13, 14]",105,14,"[[0, 1], [1, 2], [2, 5], [4, 5], [5, 6], [6, 8], [8, 9], [3, 4], [9, 10], [0, 7], [9, 11], [5, 12], [2, 14], [13, 14]]"
DOA-V5B-POSTFREEZE-MST-TDOA-YAMAOKA2023-20260913,dicit,dicit,task1,recording6,542,8,0,-17.398963239119457,-16.735542164270075,0.6634210748493956,0.6634210748493956,0.44012752255432736,0.7058206000001519,False,1,350.0,3500.0,-80.0,80.0,1.0,15,"[0, 1, 2, 3, 4, 5, 6, 7, 8, 9, 10, 11, 12, 13, 14]",105,14,"[[0, 2], [2, 3], [3, 4], [4, 5], [5, 6], [6, 8], [8, 9], [9, 10], [0, 1], [0, 7], [6, 11], [6, 12], [7, 13], [13, 14]]"
DOA-V5B-POSTFREEZE-MST-TDOA-YAMAOKA2023-20260913,dicit,dicit,task1,recording6,570,9,0,-17.398963239119457,-16.498880851899017,0.9000823872204364,0.9000823872204364,0.8101483037844397,0.7143731999967713,False,1,350.0,3500.0,-80.0,80.0,1.0,15,"[0, 1, 2, 3, 4, 5, 6, 7, 8, 9, 10, 11, 12, 13, 14]",105,14,"[[0, 1], [1, 2], [2, 3], [3, 4], [4, 5], [5, 6], [6, 8], [8, 9], [9, 10], [5, 11], [0, 7], [5, 12], [4, 14], [13, 14]]"
DOA-V5B-POSTFREEZE-MST-TDOA-YAMAOKA2023-20260913,dicit,dicit,task1,recording6,599,10,0,-17.398963239119457,-16.32114023088515,1.0778230082343043,1.0778230082343043,1.1617024370792453,0.7118173000053503,False,1,350.0,3500.0,-80.0,80.0,1.0,15,"[0, 1, 2, 3, 4, 5, 6, 7, 8, 9, 10, 11, 12, 13, 14]",105,14,"[[0, 1], [0, 2], [2, 3], [3, 4], [4, 5], [5, 6], [6, 8], [8, 9], [9, 10], [6, 11], [0, 7], [5, 12], [6, 14], [13, 14]]"
DOA-V5B-POSTFREEZE-MST-TDOA-YAMAOKA2023-20260913,dicit,dicit,task1,recording6,627,11,0,-17.398963239119457,-16.630485444903247,0.76847779421621,0.76847779421621,0.5905581202034116,0.695261600005324,False,1,350.0,3500.0,-80.0,80.0,1.0,15,"[0, 1, 2, 3, 4, 5, 6, 7, 8, 9, 10, 11, 12, 13, 14]",105,14,"[[0, 1], [1, 2], [2, 5], [5, 6], [6, 8], [4, 5], [8, 9], [3, 4], [9, 10], [6, 11], [0, 7], [5, 12], [2, 14], [7, 13]]"
DOA-V5B-POSTFREEZE-MST-TDOA-YAMAOKA2023-20260913,dicit,dicit,task1,recording6,656,12,0,-17.398963239119457,-16.597686858716465,0.8012763804029817,0.8012763804029817,0.6420438377917038,0.798927999996522,False,1,350.0,3500.0,-80.0,80.0,1.0,15,"[0, 1, 2, 3, 4, 5, 6, 7, 8, 9, 10, 11, 12, 13, 14]",105,14,"[[0, 1], [1, 3], [3, 4], [4, 5], [5, 6], [6, 8], [8, 9], [9, 10], [2, 3], [9, 11], [0, 7], [5, 12], [2, 14], [7, 13]]"
DOA-V5B-POSTFREEZE-MST-TDOA-YAMAOKA2023-20260913,dicit,dicit,task1,recording6,684,13,0,-17.398963239119457,-16.55883638463305,0.8401268544864138,0.8401268544864138,0.7058131316292359,0.7000445000012405,False,1,350.0,3500.0,-80.0,80.0,1.0,15,"[0, 1, 2, 3, 4, 5, 6, 7, 8, 9, 10, 11, 12, 13, 14]",105,14,"[[0, 2], [2, 3], [3, 4], [4, 5], [5, 6], [6, 8], [8, 9], [9, 10], [0, 1], [9, 11], [0, 7], [5, 12], [2, 14], [7, 13]]"
DOA-V5B-POSTFREEZE-MST-TDOA-YAMAOKA2023-20260913,dicit,dicit,task1,recording6,713,14,0,-17.398963239119457,-16.463665352174367,0.9352978869450794,0.9352978869450794,0.8747821373239306,0.6958321999991313,False,1,350.0,3500.0,-80.0,80.0,1.0,15,"[0, 1, 2, 3, 4, 5, 6, 7, 8, 9, 10, 11, 12, 13, 14]",105,14,"[[0, 1], [1, 2], [2, 3], [3, 4], [4, 5], [5, 6], [6, 8], [8, 9], [9, 10], [0, 7], [6, 11], [5, 12], [2, 14], [13, 14]]"
DOA-V5B-POSTFREEZE-MST-TDOA-YAMAOKA2023-20260913,dicit,dicit,task1,recording6,741,15,0,-17.398963239119457,-16.616020202964297,0.7829430361551601,0.7829430361551601,0.6129997978638604,0.6931981000016094,False,1,350.0,3500.0,-80.0,80.0,1.0,15,"[0, 1, 2, 3, 4, 5, 6, 7, 8, 9, 10, 11, 12, 13, 14]",105,14,"[[0, 1], [0, 2], [2, 4], [4, 5], [5, 6], [6, 8], [8, 9], [3, 4], [9, 10], [0, 7], [5, 11], [5, 12], [2, 14], [7, 13]]"
DOA-V5B-POSTFREEZE-MST-TDOA-YAMAOKA2023-20260913,dicit,dicit,task1,recording6,770,16,0,-17.398963239119457,-16.619407937017137,0.7795553021023238,0.7795553021023238,0.6077064690358454,0.6924044999977923,False,1,350.0,3500.0,-80.0,80.0,1.0,15,"[0, 1, 2, 3, 4, 5, 6, 7, 8, 9, 10, 11, 12, 13, 14]",105,14,"[[0, 1], [0, 2], [2, 3], [3, 4], [4, 5], [5, 6], [6, 8], [8, 9], [9, 10], [0, 7], [9, 11], [2, 12], [2, 14], [7, 13]]"
DOA-V5B-POSTFREEZE-MST-TDOA-YAMAOKA2023-20260913,dicit,dicit,task1,recording6,798,17,0,-17.398963239119457,-16.539449265857588,0.8595139732618691,0.8595139732618691,0.738764270232405,0.695997199996782,False,1,350.0,3500.0,-80.0,80.0,1.0,15,"[0, 1, 2, 3, 4, 5, 6, 7, 8, 9, 10, 11, 12, 13, 14]",105,14,"[[0, 1], [0, 2], [2, 3], [3, 4], [4, 5], [5, 6], [6, 8], [8, 9], [9, 10], [9, 11], [0, 7], [5, 12], [2, 14], [7, 13]]"
DOA-V5B-POSTFREEZE-MST-TDOA-YAMAOKA2023-20260913,dicit,dicit,task1,recording6,827,18,0,-17.398963239119457,-16.33140424574117,1.0675589933782987,1.0675589933782987,1.1396822043428865,0.7048088000010466,False,1,350.0,3500.0,-80.0,80.0,1.0,15,"[0, 1, 2, 3, 4, 5, 6, 7, 8, 9, 10, 11, 12, 13, 14]",105,14,"[[0, 2], [2, 3], [3, 4], [4, 5], [5, 6], [6, 8], [8, 9], [9, 10], [0, 1], [4, 7], [10, 11], [5, 12], [5, 14], [7, 13]]"
DOA-V5B-POSTFREEZE-MST-TDOA-YAMAOKA2023-20260913,dicit,dicit,task1,recording6,855,19,0,-17.398963239119457,-5.912889647151475,11.486073591967994,11.486073591967994,131.92988656010453,0.741775399998005,False,1,350.0,3500.0,-80.0,80.0,1.0,15,"[0, 1, 2, 3, 4, 5, 6, 7, 8, 9, 10, 11, 12, 13, 14]",105,14,"[[0, 1], [0, 2], [2, 3], [3, 4], [4, 5], [5, 6], [6, 8], [8, 9], [9, 10], [1, 7], [9, 11], [5, 12], [8, 14], [13, 14]]"
DOA-V5B-POSTFREEZE-MST-TDOA-YAMAOKA2023-20260913,dicit,dicit,task1,recording7,142,0,0,33.44914604355286,28.502048959085656,-4.947097084467202,4.947097084467202,24.473769563143893,0.696924099996977,False,1,350.0,3500.0,-80.0,80.0,1.0,15,"[0, 1, 2, 3, 4, 5, 6, 7, 8, 9, 10, 11, 12, 13, 14]",105,14,"[[0, 7], [1, 7], [1, 10], [9, 10], [8, 9], [6, 8], [5, 6], [4, 5], [3, 4], [9, 11], [2, 3], [9, 12], [12, 13], [13, 14]]"
DOA-V5B-POSTFREEZE-MST-TDOA-YAMAOKA2023-20260913,dicit,dicit,task1,recording7,166,1,0,33.44914604355286,28.73295075889445,-4.716195284658397,4.716195284658397,22.2424979630341,0.6878466999987722,False,1,350.0,3500.0,-80.0,80.0,1.0,15,"[0, 1, 2, 3, 4, 5, 6, 7, 8, 9, 10, 11, 12, 13, 14]",105,14,"[[0, 14], [9, 14], [8, 9], [6, 8], [5, 6], [4, 5], [9, 10], [3, 4], [8, 11], [9, 12], [9, 13], [2, 6], [1, 14], [7, 14]]"
DOA-V5B-POSTFREEZE-MST-TDOA-YAMAOKA2023-20260913,dicit,dicit,task1,recording7,189,2,0,33.44914604355286,28.66376068027012,-4.785385363282728,4.785385363282728,22.89991307512057,0.6865391000028467,False,1,350.0,3500.0,-80.0,80.0,1.0,15,"[0, 1, 2, 3, 4, 5, 6, 7, 8, 9, 10, 11, 12, 13, 14]",105,14,"[[0, 5], [4, 5], [5, 6], [6, 8], [8, 9], [9, 10], [3, 4], [5, 11], [9, 12], [5, 14], [12, 13], [2, 5], [1, 14], [4, 7]]"
DOA-V5B-POSTFREEZE-MST-TDOA-YAMAOKA2023-20260913,dicit,dicit,task1,recording7,213,3,0,33.44914604355286,28.70401236235099,-4.745133681201878,4.745133681201878,22.516293652476488,0.6945436000023619,False,1,350.0,3500.0,-80.0,80.0,1.0,15,"[0, 1, 2, 3, 4, 5, 6, 7, 8, 9, 10, 11, 12, 13, 14]",105,14,"[[0, 5], [4, 5], [5, 6], [6, 8], [8, 9], [9, 10], [3, 4], [9, 11], [9, 12], [9, 14], [12, 13], [2, 6], [1, 14], [7, 14]]"
DOA-V5B-POSTFREEZE-MST-TDOA-YAMAOKA2023-20260913,dicit,dicit,task1,recording7,237,4,0,33.44914604355286,28.580270740247034,-4.868875303305828,4.868875303305828,23.705946719141416,0.7053360999998404,False,1,350.0,3500.0,-80.0,80.0,1.0,15,"[0, 1, 2, 3, 4, 5, 6, 7, 8, 9, 10, 11, 12, 13, 14]",105,14,"[[0, 6], [6, 8], [8, 9], [5, 6], [4, 5], [9, 10], [3, 4], [5, 11], [11, 12], [9, 13], [11, 14], [2, 6], [1, 14], [4, 7]]"
DOA-V5B-POSTFREEZE-MST-TDOA-YAMAOKA2023-20260913,dicit,dicit,task1,recording7,435,5,0,33.44914604355286,28.64132338422264,-4.807822659330213,4.807822659330213,23.115158723569046,0.6927232000016375,False,1,350.0,3500.0,-80.0,80.0,1.0,15,"[0, 1, 2, 3, 4, 5, 6, 7, 8, 9, 10, 11, 12, 13, 14]",105,14,"[[0, 5], [4, 5], [5, 6], [6, 8], [8, 9], [9, 10], [3, 4], [8, 11], [5, 14], [9, 12], [12, 13], [2, 6], [1, 14], [4, 7]]"
DOA-V5B-POSTFREEZE-MST-TDOA-YAMAOKA2023-20260913,dicit,dicit,task1,recording7,459,6,0,33.44914604355286,28.570966251206418,-4.87817979234643,4.87817979234643,23.796638086457055,0.6824188000027789,False,1,350.0,3500.0,-80.0,80.0,1.0,15,"[0, 1, 2, 3, 4, 5, 6, 7, 8, 9, 10, 11, 12, 13, 14]",105,14,"[[0, 6], [6, 8], [8, 9], [5, 6], [4, 5], [9, 10], [3, 4], [9, 11], [9, 12], [9, 14], [13, 14], [2, 3], [4, 7], [1, 4]]"
DOA-V5B-POSTFREEZE-MST-TDOA-YAMAOKA2023-20260913,dicit,dicit,task1,recording7,483,7,0,33.44914604355286,28.744075813652984,-4.7050702298998885,4.7050702298998885,22.13768586829019,0.6933801999985008,False,1,350.0,3500.0,-80.0,80.0,1.0,15,"[0, 1, 2, 3, 4, 5, 6, 7, 8, 9, 10, 11, 12, 13, 14]",105,14,"[[0, 14], [9, 14], [8, 9], [6, 8], [5, 6], [4, 5], [9, 10], [3, 4], [9, 11], [9, 12], [12, 13], [2, 5], [1, 14], [7, 14]]"
DOA-V5B-POSTFREEZE-MST-TDOA-YAMAOKA2023-20260913,dicit,dicit,task1,recording7,506,8,0,33.44914604355286,28.744146305327046,-4.704999738225808,4.704999738225808,22.137022536704926,0.7099469999957364,False,1,350.0,3500.0,-80.0,80.0,1.0,15,"[0, 1, 2, 3, 4, 5, 6, 7, 8, 9, 10, 11, 12, 13, 14]",105,14,"[[0, 14], [9, 14], [8, 9], [6, 8], [5, 6], [4, 5], [9, 10], [3, 4], [9, 11], [9, 12], [12, 13], [2, 6], [1, 14], [7, 14]]"
DOA-V5B-POSTFREEZE-MST-TDOA-YAMAOKA2023-20260913,dicit,dicit,task1,recording7,530,9,0,33.44914604355286,28.751570056692863,-4.697575986859988,4.697575986859988,22.06722015232359,0.7177250000022468,False,1,350.0,3500.0,-80.0,80.0,1.0,15,"[0, 1, 2, 3, 4, 5, 6, 7, 8, 9, 10, 11, 12, 13, 14]",105,14,"[[0, 14], [9, 14], [8, 9], [6, 8], [5, 6], [4, 5], [9, 10], [3, 4], [9, 11], [11, 12], [12, 13], [2, 6], [1, 14], [7, 14]]"
DOA-V5B-POSTFREEZE-MST-TDOA-YAMAOKA2023-20260913,dicit,dicit,task1,recording7,554,10,0,33.44914604355286,28.29688156913828,-5.152264474414579,5.152264474414579,26.54582921431454,0.7027413999967393,False,1,350.0,3500.0,-80.0,80.0,1.0,15,"[0, 1, 2, 3, 4, 5, 6, 7, 8, 9, 10, 11, 12, 13, 14]",105,14,"[[0, 4], [4, 5], [5, 6], [6, 8], [8, 9], [9, 10], [3, 4], [9, 11], [11, 14], [11, 12], [12, 13], [2, 5], [1, 14], [5, 7]]"
DOA-V5B-POSTFREEZE-MST-TDOA-YAMAOKA2023-20260913,dicit,dicit,task1,recording7,578,11,0,33.44914604355286,28.647841182478636,-4.801304861074215,4.801304861074215,23.052528368974883,0.6931958999994094,False,1,350.0,3500.0,-80.0,80.0,1.0,15,"[0, 1, 2, 3, 4, 5, 6, 7, 8, 9, 10, 11, 12, 13, 14]",105,14,"[[0, 7], [7, 14], [9, 14], [8, 9], [6, 8], [5, 6], [4, 5], [9, 10], [3, 4], [9, 11], [9, 12], [13, 14], [2, 5], [1, 14]]"
DOA-V5B-POSTFREEZE-MST-TDOA-YAMAOKA2023-20260913,dicit,dicit,task1,recording7,601,12,0,33.44914604355286,28.731445236841076,-4.717700806711775,4.717700806711775,22.256700901648937,0.7180744000070263,False,1,350.0,3500.0,-80.0,80.0,1.0,15,"[0, 1, 2, 3, 4, 5, 6, 7, 8, 9, 10, 11, 12, 13, 14]",105,14,"[[0, 14], [9, 14], [8, 9], [6, 8], [5, 6], [4, 5], [9, 10], [3, 4], [9, 11], [9, 12], [12, 13], [2, 6], [1, 14], [7, 14]]"
DOA-V5B-POSTFREEZE-MST-TDOA-YAMAOKA2023-20260913,dicit,dicit,task1,recording7,625,13,0,33.44914604355286,28.68653538882818,-4.762610654724682,4.762610654724682,22.682460248497065,0.6988194000005024,False,1,350.0,3500.0,-80.0,80.0,1.0,15,"[0, 1, 2, 3, 4, 5, 6, 7, 8, 9, 10, 11, 12, 13, 14]",105,14,"[[0, 5], [4, 5], [5, 6], [6, 8], [8, 9], [9, 10], [3, 4], [9, 11], [9, 12], [9, 14], [12, 13], [2, 6], [1, 14], [7, 14]]"
DOA-V5B-POSTFREEZE-MST-TDOA-YAMAOKA2023-20260913,dicit,dicit,task1,recording7,649,14,0,33.44914604355286,28.71123364408383,-4.737912399469025,4.737912399469025,22.44781390504233,0.6961332999999286,False,1,350.0,3500.0,-80.0,80.0,1.0,15,"[0, 1, 2, 3, 4, 5, 6, 7, 8, 9, 10, 11, 12, 13, 14]",105,14,"[[0, 14], [9, 14], [8, 9], [6, 8], [5, 6], [4, 5], [9, 10], [3, 4], [10, 11], [9, 12], [12, 13], [2, 3], [1, 14], [7, 14]]"
DOA-V5B-POSTFREEZE-MST-TDOA-YAMAOKA2023-20260913,dicit,dicit,task1,recording7,672,15,0,33.44914604355286,28.61299952222877,-4.836146521324082,4.836146521324082,23.38831317571502,0.7080811999985599,False,1,350.0,3500.0,-80.0,80.0,1.0,15,"[0, 1, 2, 3, 4, 5, 6, 7, 8, 9, 10, 11, 12, 13, 14]",105,14,"[[0, 5], [4, 5], [5, 6], [6, 8], [8, 9], [9, 10], [3, 4], [9, 11], [9, 12], [12, 13], [9, 14], [2, 5], [1, 14], [7, 14]]"
DOA-V5B-POSTFREEZE-MST-TDOA-YAMAOKA2023-20260913,dicit,dicit,task1,recording7,696,16,0,33.44914604355286,28.445275425298455,-5.00387061825441,5.00387061825441,25.038721164229774,0.7168067999955383,False,1,350.0,3500.0,-80.0,80.0,1.0,15,"[0, 1, 2, 3, 4, 5, 6, 7, 8, 9, 10, 11, 12, 13, 14]",105,14,"[[0, 5], [5, 6], [6, 8], [8, 9], [4, 5], [9, 10], [3, 4], [10, 11], [11, 12], [12, 13], [9, 14], [2, 6], [1, 14], [3, 7]]"
DOA-V5B-POSTFREEZE-MST-TDOA-YAMAOKA2023-20260913,dicit,dicit,task1,recording7,720,17,0,33.44914604355286,28.68155489367814,-4.767591149874704,4.767591149874704,22.729925372363603,0.7325901999938651,False,1,350.0,3500.0,-80.0,80.0,1.0,15,"[0, 1, 2, 3, 4, 5, 6, 7, 8, 9, 10, 11, 12, 13, 14]",105,14,"[[0, 5], [5, 6], [6, 8], [8, 9], [4, 5], [9, 10], [3, 4], [9, 11], [9, 14], [8, 12], [12, 13], [2, 6], [1, 14], [7, 14]]"
DOA-V5B-POSTFREEZE-MST-TDOA-YAMAOKA2023-20260913,dicit,dicit,task1,recording7,743,18,0,33.44914604355286,28.01139896771653,-5.4377470758363415,5.4377470758363415,29.56909326076668,0.7048297000001185,False,1,350.0,3500.0,-80.0,80.0,1.0,15,"[0, 1, 2, 3, 4, 5, 6, 7, 8, 9, 10, 11, 12, 13, 14]",105,14,"[[0, 5], [5, 6], [6, 8], [8, 9], [4, 5], [9, 10], [3, 4], [10, 11], [11, 12], [12, 13], [11, 14], [2, 4], [3, 7], [1, 10]]"
DOA-V5B-POSTFREEZE-MST-TDOA-YAMAOKA2023-20260913,dicit,dicit,task1,recording7,767,19,0,33.44914604355286,28.619985851330263,-4.829160192222588,4.829160192222588,23.320788162147302,0.7247156999947038,False,1,350.0,3500.0,-80.0,80.0,1.0,15,"[0, 1, 2, 3, 4, 5, 6, 7, 8, 9, 10, 11, 12, 13, 14]",105,14,"[[0, 14], [9, 14], [8, 9], [6, 8], [5, 6], [4, 5], [9, 10], [3, 4], [9, 12], [9, 11], [12, 13], [2, 5], [4, 7], [1, 14]]"
DOA-V5B-POSTFREEZE-MST-TDOA-YAMAOKA2023-20260913,dicit,dicit,task1,recording8,236,0,0,-51.031847796624724,-48.068612507723685,2.9632352889010463,2.9632352889010463,8.780763377388467,0.7068303999985801,False,1,350.0,3500.0,-80.0,80.0,1.0,15,"[0, 1, 2, 3, 4, 5, 6, 7, 8, 9, 10, 11, 12, 13, 14]",105,14,"[[0, 7], [1, 7], [1, 6], [6, 8], [8, 9], [5, 6], [4, 5], [3, 4], [9, 10], [2, 9], [6, 11], [9, 12], [8, 14], [9, 13]]"
DOA-V5B-POSTFREEZE-MST-TDOA-YAMAOKA2023-20260913,dicit,dicit,task1,recording8,245,1,0,-51.031847796624724,-48.10512775064799,2.9267200459767366,2.9267200459767366,8.56569022752207,0.7145234999989043,False,1,350.0,3500.0,-80.0,80.0,1.0,15,"[0, 1, 2, 3, 4, 5, 6, 7, 8, 9, 10, 11, 12, 13, 14]",105,14,"[[0, 7], [1, 7], [0, 2], [2, 5], [5, 6], [6, 8], [8, 9], [4, 5], [3, 4], [9, 10], [9, 11], [0, 12], [8, 14], [4, 13]]"
DOA-V5B-POSTFREEZE-MST-TDOA-YAMAOKA2023-20260913,dicit,dicit,task1,recording8,254,2,0,-51.031847796624724,-48.05518881531802,2.976658981306713,2.976658981306713,8.860498690993918,0.687760500004515,False,1,350.0,3500.0,-80.0,80.0,1.0,15,"[0, 1, 2, 3, 4, 5, 6, 7, 8, 9, 10, 11, 12, 13, 14]",105,14,"[[0, 1], [0, 7], [0, 5], [5, 6], [6, 8], [8, 9], [4, 5], [9, 10], [3, 5], [0, 2], [5, 11], [0, 12], [5, 14], [13, 14]]"
DOA-V5B-POSTFREEZE-MST-TDOA-YAMAOKA2023-20260913,dicit,dicit,task1,recording8,263,3,0,-51.031847796624724,-48.263967250117645,2.7678805465070866,2.7678805465070866,7.661162719732368,0.7136020000034478,False,1,350.0,3500.0,-80.0,80.0,1.0,15,"[0, 1, 2, 3, 4, 5, 6, 7, 8, 9, 10, 11, 12, 13, 14]",105,14,"[[0, 7], [0, 8], [6, 8], [8, 9], [5, 6], [4, 5], [3, 4], [9, 10], [0, 1], [2, 8], [8, 11], [0, 12], [8, 14], [2, 13]]"
DOA-V5B-POSTFREEZE-MST-TDOA-YAMAOKA2023-20260913,dicit,dicit,task1,recording8,272,4,0,-51.031847796624724,-48.27865760706241,2.7531901895623037,2.7531901895623037,7.580056219902113,0.6896122000034666,False,1,350.0,3500.0,-80.0,80.0,1.0,15,"[0, 1, 2, 3, 4, 5, 6, 7, 8, 9, 10, 11, 12, 13, 14]",105,14,"[[0, 7], [0, 1], [0, 9], [8, 9], [6, 8], [5, 6], [4, 5], [0, 2], [3, 6], [9, 10], [6, 11], [0, 12], [1, 14], [0, 13]]"
DOA-V5B-POSTFREEZE-MST-TDOA-YAMAOKA2023-20260913,dicit,dicit,task1,recording8,282,5,0,-51.031847796624724,-48.26104610361294,2.7708016930117765,2.7708016930117765,7.677342021996926,0.7408861000003526,False,1,350.0,3500.0,-80.0,80.0,1.0,15,"[0, 1, 2, 3, 4, 5, 6, 7, 8, 9, 10, 11, 12, 13, 14]",105,14,"[[0, 7], [0, 1], [0, 8], [6, 8], [5, 6], [8, 9], [4, 5], [3, 4], [9, 10], [2, 7], [6, 11], [0, 12], [7, 14], [7, 13]]"
DOA-V5B-POSTFREEZE-MST-TDOA-YAMAOKA2023-20260913,dicit,dicit,task1,recording8,291,6,0,-51.031847796624724,-48.25242216285218,2.779425633772547,2.779425633772547,7.725206853671925,0.6859247999964282,False,1,350.0,3500.0,-80.0,80.0,1.0,15,"[0, 1, 2, 3, 4, 5, 6, 7, 8, 9, 10, 11, 12, 13, 14]",105,14,"[[0, 7], [0, 1], [0, 8], [6, 8], [8, 9], [5, 6], [4, 5], [3, 4], [9, 10], [0, 2], [6, 11], [0, 12], [0, 14], [7, 13]]"
DOA-V5B-POSTFREEZE-MST-TDOA-YAMAOKA2023-20260913,dicit,dicit,task1,recording8,300,7,0,-51.031847796624724,-48.25633742126755,2.7755103753571575,2.7755103753571575,7.7034578437152295,0.6867125000062515,False,1,350.0,3500.0,-80.0,80.0,1.0,15,"[0, 1, 2, 3, 4, 5, 6, 7, 8, 9, 10, 11, 12, 13, 14]",105,14,"[[0, 7], [0, 1], [0, 9], [8, 9], [6, 8], [5, 6], [4, 5], [3, 4], [9, 10], [0, 2], [6, 11], [0, 12], [1, 14], [1, 13]]"
DOA-V5B-POSTFREEZE-MST-TDOA-YAMAOKA2023-20260913,dicit,dicit,task1,recording8,309,8,0,-51.031847796624724,-48.277495997790034,2.754351798834705,2.754351798834705,7.586453831743975,0.6906999999991967,False,1,350.0,3500.0,-80.0,80.0,1.0,15,"[0, 1, 2, 3, 4, 5, 6, 7, 8, 9, 10, 11, 12, 13, 14]",105,14,"[[0, 7], [0, 1], [0, 9], [8, 9], [6, 8], [5, 6], [4, 5], [3, 4], [9, 10], [0, 2], [6, 11], [0, 12], [7, 14], [7, 13]]"
DOA-V5B-POSTFREEZE-MST-TDOA-YAMAOKA2023-20260913,dicit,dicit,task1,recording8,318,9,0,-51.031847796624724,-48.23832892677719,2.7935188698475315,2.7935188698475315,7.80374767619423,0.6782525000016904,False,1,350.0,3500.0,-80.0,80.0,1.0,15,"[0, 1, 2, 3, 4, 5, 6, 7, 8, 9, 10, 11, 12, 13, 14]",105,14,"[[0, 7], [0, 1], [0, 9], [8, 9], [6, 8], [5, 6], [4, 5], [3, 4], [9, 10], [0, 2], [6, 11], [0, 12], [7, 14], [10, 13]]"
DOA-V5B-POSTFREEZE-MST-TDOA-YAMAOKA2023-20260913,dicit,dicit,task1,recording8,327,10,0,-51.031847796624724,-48.22054118078024,2.811306615844501,2.811306615844501,7.90344488829106,0.6921204000027501,False,1,350.0,3500.0,-80.0,80.0,1.0,15,"[0, 1, 2, 3, 4, 5, 6, 7, 8, 9, 10, 11, 12, 13, 14]",105,14,"[[0, 7], [0, 1], [0, 9], [8, 9], [6, 8], [5, 6], [4, 5], [3, 4], [9, 10], [0, 2], [8, 11], [0, 12], [1, 14], [7, 13]]"
DOA-V5B-POSTFREEZE-MST-TDOA-YAMAOKA2023-20260913,dicit,dicit,task1,recording8,336,11,0,-51.031847796624724,-48.13357522555151,2.898272571073221,2.898272571073221,8.39998389623538,0.6991481000004569,False,1,350.0,3500.0,-80.0,80.0,1.0,15,"[0, 1, 2, 3, 4, 5, 6, 7, 8, 9, 10, 11, 12, 13, 14]",105,14,"[[0, 7], [0, 1], [0, 8], [6, 8], [8, 9], [5, 6], [4, 5], [9, 10], [3, 4], [2, 8], [0, 12], [6, 11], [0, 14], [10, 13]]"
DOA-V5B-POSTFREEZE-MST-TDOA-YAMAOKA2023-20260913,dicit,dicit,task1,recording8,345,12,0,-51.031847796624724,-48.174962596821935,2.8568851998027753,2.8568851998027753,8.161793044852143,0.6837997999973595,False,1,350.0,3500.0,-80.0,80.0,1.0,15,"[0, 1, 2, 3, 4, 5, 6, 7, 8, 9, 10, 11, 12, 13, 14]",105,14,"[[0, 7], [0, 9], [8, 9], [6, 8], [5, 6], [4, 5], [3, 5], [2, 7], [9, 10], [1, 7], [6, 11], [0, 12], [2, 14], [13, 14]]"
DOA-V5B-POSTFREEZE-MST-TDOA-YAMAOKA2023-20260913,dicit,dicit,task1,recording8,354,13,0,-51.031847796624724,-48.184981916815886,2.8468658798088313,2.8468658798088313,8.104645337619711,0.6993644999965909,False,1,350.0,3500.0,-80.0,80.0,1.0,15,"[0, 1, 2, 3, 4, 5, 6, 7, 8, 9, 10, 11, 12, 13, 14]",105,14,"[[0, 7], [0, 2], [2, 8], [6, 8], [8, 9], [5, 6], [4, 5], [9, 10], [3, 4], [1, 8], [6, 11], [8, 14], [0, 12], [7, 13]]"
DOA-V5B-POSTFREEZE-MST-TDOA-YAMAOKA2023-20260913,dicit,dicit,task1,recording8,363,14,0,-51.031847796624724,-48.282746699324775,2.749101097299956,2.749101097299956,7.557556843175822,0.6828909000032581,False,1,350.0,3500.0,-80.0,80.0,1.0,15,"[0, 1, 2, 3, 4, 5, 6, 7, 8, 9, 10, 11, 12, 13, 14]",105,14,"[[0, 7], [0, 1], [0, 9], [8, 9], [6, 8], [5, 6], [4, 5], [9, 10], [3, 4], [2, 6], [6, 11], [0, 12], [8, 14], [0, 13]]"
DOA-V5B-POSTFREEZE-MST-TDOA-YAMAOKA2023-20260913,dicit,dicit,task1,recording8,373,15,0,-51.031847796624724,-48.28880593374975,2.743041862874975,2.743041862874975,7.524278661484613,0.697050799994031,False,1,350.0,3500.0,-80.0,80.0,1.0,15,"[0, 1, 2, 3, 4, 5, 6, 7, 8, 9, 10, 11, 12, 13, 14]",105,14,"[[0, 7], [0, 1], [0, 9], [8, 9], [6, 8], [5, 6], [4, 5], [9, 10], [3, 5], [0, 2], [6, 11], [0, 12], [7, 14], [7, 13]]"
DOA-V5B-POSTFREEZE-MST-TDOA-YAMAOKA2023-20260913,dicit,dicit,task1,recording8,382,16,0,-51.031847796624724,-48.30006942488917,2.731778371735544,2.731778371735544,7.4626130722821,0.6947041000021272,False,1,350.0,3500.0,-80.0,80.0,1.0,15,"[0, 1, 2, 3, 4, 5, 6, 7, 8, 9, 10, 11, 12, 13, 14]",105,14,"[[0, 7], [0, 9], [8, 9], [6, 8], [5, 6], [4, 5], [9, 10], [3, 5], [0, 1], [2, 8], [6, 11], [0, 12], [10, 13], [5, 14]]"
DOA-V5B-POSTFREEZE-MST-TDOA-YAMAOKA2023-20260913,dicit,dicit,task1,recording8,391,17,0,-51.031847796624724,-47.97453637972922,3.0573114168955158,3.0573114168955158,9.347153099879666,0.6989313000012771,False,1,350.0,3500.0,-80.0,80.0,1.0,15,"[0, 1, 2, 3, 4, 5, 6, 7, 8, 9, 10, 11, 12, 13, 14]",105,14,"[[0, 7], [4, 7], [4, 5], [5, 6], [6, 8], [8, 9], [3, 4], [1, 5], [2, 8], [9, 10], [6, 11], [8, 14], [13, 14], [7, 12]]"
DOA-V5B-POSTFREEZE-MST-TDOA-YAMAOKA2023-20260913,dicit,dicit,task1,recording8,400,18,0,-51.031847796624724,-48.230866450301875,2.800981346322857,2.800981346322857,7.845496502448603,0.7144847999952617,False,1,350.0,3500.0,-80.0,80.0,1.0,15,"[0, 1, 2, 3, 4, 5, 6, 7, 8, 9, 10, 11, 12, 13, 14]",105,14,"[[0, 7], [1, 7], [0, 3], [1, 9], [8, 9], [6, 8], [5, 6], [4, 5], [9, 10], [2, 9], [9, 11], [7, 12], [7, 14], [7, 13]]"
DOA-V5B-POSTFREEZE-MST-TDOA-YAMAOKA2023-20260913,dicit,dicit,task1,recording8,409,19,0,-51.031847796624724,-48.14491852728026,2.8869292693444777,2.8869292693444777,8.33436060619784,0.7043306999985361,False,1,350.0,3500.0,-80.0,80.0,1.0,15,"[0, 1, 2, 3, 4, 5, 6, 7, 8, 9, 10, 11, 12, 13, 14]",105,14,"[[0, 7], [0, 1], [0, 9], [8, 9], [6, 8], [5, 6], [4, 5], [3, 4], [9, 10], [2, 8], [9, 11], [0, 12], [7, 14], [10, 13]]"
DOA-V5B-POSTFREEZE-MST-TDOA-YAMAOKA2023-20260913,dicit,dicit,task1,recording9,91,0,0,13.64255991470156,10.678242355106903,-2.9643175595946616,2.9643175595946616,8.78717859412125,0.7211137999984203,False,1,350.0,3500.0,-80.0,80.0,1.0,15,"[0, 1, 2, 3, 4, 5, 6, 7, 8, 9, 10, 11, 12, 13, 14]",105,14,"[[0, 8], [8, 9], [6, 8], [5, 6], [4, 5], [9, 10], [3, 4], [10, 11], [2, 5], [4, 12], [1, 8], [5, 13], [5, 14], [5, 7]]"
DOA-V5B-POSTFREEZE-MST-TDOA-YAMAOKA2023-20260913,dicit,dicit,task1,recording9,116,1,0,13.64255991470156,10.679314520113444,-2.963245394588114,2.963245394588114,8.780823268547667,0.7152236000038101,False,1,350.0,3500.0,-80.0,80.0,1.0,15,"[0, 1, 2, 3, 4, 5, 6, 7, 8, 9, 10, 11, 12, 13, 14]",105,14,"[[0, 6], [6, 8], [8, 9], [5, 6], [4, 5], [9, 10], [3, 4], [6, 11], [4, 12], [2, 6], [1, 6], [5, 13], [5, 14], [5, 7]]"
DOA-V5B-POSTFREEZE-MST-TDOA-YAMAOKA2023-20260913,dicit,dicit,task1,recording9,140,2,0,13.64255991470156,10.684762011265764,-2.9577979034357895,2.9577979034357895,8.748568437569151,0.7354150999963167,False,1,350.0,3500.0,-80.0,80.0,1.0,15,"[0, 1, 2, 3, 4, 5, 6, 7, 8, 9, 10, 11, 12, 13, 14]",105,14,"[[0, 8], [8, 9], [6, 8], [5, 6], [4, 5], [9, 10], [3, 4], [10, 11], [4, 12], [2, 3], [1, 8], [5, 13], [5, 7], [5, 14]]"
DOA-V5B-POSTFREEZE-MST-TDOA-YAMAOKA2023-20260913,dicit,dicit,task1,recording9,165,3,0,13.64255991470156,10.68862892625698,-2.9539309884445686,2.9539309884445686,8.725708284493106,0.7523961000042618,False,1,350.0,3500.0,-80.0,80.0,1.0,15,"[0, 1, 2, 3, 4, 5, 6, 7, 8, 9, 10, 11, 12, 13, 14]",105,14,"[[0, 8], [8, 9], [6, 8], [5, 6], [4, 5], [9, 10], [3, 4], [10, 11], [2, 3], [4, 12], [1, 8], [5, 13], [5, 7], [5, 14]]"
DOA-V5B-POSTFREEZE-MST-TDOA-YAMAOKA2023-20260913,dicit,dicit,task1,recording9,189,4,0,13.64255991470156,10.726066102936176,-2.9164938117653776,2.9164938117653776,8.505936154065742,0.7173172999973758,False,1,350.0,3500.0,-80.0,80.0,1.0,15,"[0, 1, 2, 3, 4, 5, 6, 7, 8, 9, 10, 11, 12, 13, 14]",105,14,"[[0, 5], [4, 5], [5, 6], [6, 8], [8, 9], [9, 10], [3, 4], [10, 11], [2, 3], [5, 12], [1, 6], [2, 13], [5, 14], [5, 7]]"
DOA-V5B-POSTFREEZE-MST-TDOA-YAMAOKA2023-20260913,dicit,dicit,task1,recording9,214,5,0,13.64255991470156,10.682815066652608,-2.959744848048956,2.959744848048956,8.760089565552338,0.712068899993028,False,1,350.0,3500.0,-80.0,80.0,1.0,15,"[0, 1, 2, 3, 4, 5, 6, 7, 8, 9, 10, 11, 12, 13, 14]",105,14,"[[0, 8], [8, 9], [6, 8], [5, 6], [4, 5], [9, 10], [3, 4], [10, 11], [5, 12], [2, 3], [2, 13], [1, 8], [5, 14], [4, 7]]"
DOA-V5B-POSTFREEZE-MST-TDOA-YAMAOKA2023-20260913,dicit,dicit,task1,recording9,238,6,0,13.64255991470156,10.6890435578366,-2.9535163568649523,2.9535163568649523,8.72325887026882,0.7106858999977703,False,1,350.0,3500.0,-80.0,80.0,1.0,15,"[0, 1, 2, 3, 4, 5, 6, 7, 8, 9, 10, 11, 12, 13, 14]",105,14,"[[0, 5], [4, 5], [5, 6], [6, 8], [8, 9], [9, 10], [3, 4], [10, 11], [5, 12], [2, 5], [1, 8], [2, 13], [5, 7], [5, 14]]"
DOA-V5B-POSTFREEZE-MST-TDOA-YAMAOKA2023-20260913,dicit,dicit,task1,recording9,263,7,0,13.64255991470156,10.688872962024277,-2.9536869526772875,2.9536869526772875,8.724266614416042,0.7159708999970462,False,1,350.0,3500.0,-80.0,80.0,1.0,15,"[0, 1, 2, 3, 4, 5, 6, 7, 8, 9, 10, 11, 12, 13, 14]",105,14,"[[0, 5], [4, 5], [5, 6], [6, 8], [8, 9], [9, 10], [3, 4], [10, 11], [2, 3], [5, 12], [1, 6], [4, 13], [5, 14], [5, 7]]"
DOA-V5B-POSTFREEZE-MST-TDOA-YAMAOKA2023-20260913,dicit,dicit,task1,recording9,287,8,0,13.64255991470156,10.685671206525875,-2.9568887081756827,2.9568887081756827,8.743190832536857,0.7277599000008195,False,1,350.0,3500.0,-80.0,80.0,1.0,15,"[0, 1, 2, 3, 4, 5, 6, 7, 8, 9, 10, 11, 12, 13, 14]",105,14,"[[0, 5], [4, 5], [5, 6], [6, 8], [8, 9], [9, 10], [3, 4], [10, 11], [2, 6], [4, 12], [1, 8], [5, 13], [5, 7], [5, 14]]"
DOA-V5B-POSTFREEZE-MST-TDOA-YAMAOKA2023-20260913,dicit,dicit,task1,recording9,312,9,0,13.64255991470156,10.703937019871006,-2.9386228948305586,2.9386228948305586,8.635504518022332,0.7342803999999887,False,1,350.0,3500.0,-80.0,80.0,1.0,15,"[0, 1, 2, 3, 4, 5, 6, 7, 8, 9, 10, 11, 12, 13, 14]",105,14,"[[0, 5], [4, 5], [5, 6], [6, 8], [8, 9], [3, 4], [9, 10], [6, 11], [2, 3], [4, 12], [2, 13], [1, 2], [5, 14], [5, 7]]"
DOA-V5B-POSTFREEZE-MST-TDOA-YAMAOKA2023-20260913,dicit,dicit,task1,recording9,336,10,0,13.64255991470156,10.700922510522924,-2.9416374041786355,2.9416374041786355,8.653230617662821,0.749187699999311,False,1,350.0,3500.0,-80.0,80.0,1.0,15,"[0, 1, 2, 3, 4, 5, 6, 7, 8, 9, 10, 11, 12, 13, 14]",105,14,"[[0, 6], [6, 8], [8, 9], [5, 6], [4, 5], [9, 10], [3, 4], [9, 11], [2, 3], [4, 12], [2, 13], [1, 6], [5, 14], [4, 7]]"
DOA-V5B-POSTFREEZE-MST-TDOA-YAMAOKA2023-20260913,dicit,dicit,task1,recording9,361,11,0,13.64255991470156,10.692396827955138,-2.9501630867464144,2.9501630867464144,8.703462238401132,0.7373165999961202,False,1,350.0,3500.0,-80.0,80.0,1.0,15,"[0, 1, 2, 3, 4, 5, 6, 7, 8, 9, 10, 11, 12, 13, 14]",105,14,"[[0, 6], [6, 8], [8, 9], [5, 6], [4, 5], [9, 10], [3, 4], [10, 11], [2, 3], [4, 12], [1, 10], [4, 13], [5, 14], [5, 7]]"
DOA-V5B-POSTFREEZE-MST-TDOA-YAMAOKA2023-20260913,dicit,dicit,task1,recording9,385,12,0,13.64255991470156,10.691498337807316,-2.951061576894233,2.951061576894233,8.708764430621477,0.7288764999975683,False,1,350.0,3500.0,-80.0,80.0,1.0,15,"[0, 1, 2, 3, 4, 5, 6, 7, 8, 9, 10, 11, 12, 13, 14]",105,14,"[[0, 5], [4, 5], [5, 6], [6, 8], [8, 9], [9, 10], [3, 4], [10, 11], [2, 3], [4, 12], [5, 13], [1, 9], [5, 14], [5, 7]]"
DOA-V5B-POSTFREEZE-MST-TDOA-YAMAOKA2023-20260913,dicit,dicit,task1,recording9,410,13,0,13.64255991470156,10.670716419024044,-2.9718434956775184,2.9718434956775184,8.831853762800773,0.7259866000022157,False,1,350.0,3500.0,-80.0,80.0,1.0,15,"[0, 1, 2, 3, 4, 5, 6, 7, 8, 9, 10, 11, 12, 13, 14]",105,14,"[[0, 5], [4, 5], [5, 6], [6, 8], [8, 9], [9, 10], [3, 4], [9, 11], [2, 3], [6, 12], [1, 9], [11, 13], [5, 7], [5, 14]]"
DOA-V5B-POSTFREEZE-MST-TDOA-YAMAOKA2023-20260913,dicit,dicit,task1,recording9,480,14,0,13.64255991470156,10.67787768738594,-2.9646822273156204,2.9646822273156204,8.789340708961108,0.7202598000003491,False,1,350.0,3500.0,-80.0,80.0,1.0,15,"[0, 1, 2, 3, 4, 5, 6, 7, 8, 9, 10, 11, 12, 13, 14]",105,14,"[[0, 5], [4, 5], [5, 6], [6, 8], [8, 9], [3, 4], [9, 10], [9, 11], [5, 12], [2, 3], [5, 13], [1, 4], [5, 14], [5, 7]]"
DOA-V5B-POSTFREEZE-MST-TDOA-YAMAOKA2023-20260913,dicit,dicit,task1,recording9,505,15,0,13.64255991470156,10.685537417196917,-2.957022497504653,2.957022497504653,8.743982050748654,0.7192327000011574,False,1,350.0,3500.0,-80.0,80.0,1.0,15,"[0, 1, 2, 3, 4, 5, 6, 7, 8, 9, 10, 11, 12, 13, 14]",105,14,"[[0, 5], [5, 6], [6, 8], [8, 9], [4, 5], [9, 10], [3, 4], [10, 11], [2, 3], [5, 12], [1, 6], [5, 13], [5, 14], [5, 7]]"
DOA-V5B-POSTFREEZE-MST-TDOA-YAMAOKA2023-20260913,dicit,dicit,task1,recording9,529,16,0,13.64255991470156,10.692333821943098,-2.95022609275847,2.95022609275847,8.70383399839291,0.7141862999997102,False,1,350.0,3500.0,-80.0,80.0,1.0,15,"[0, 1, 2, 3, 4, 5, 6, 7, 8, 9, 10, 11, 12, 13, 14]",105,14,"[[0, 5], [4, 5], [5, 6], [6, 8], [8, 9], [9, 10], [3, 4], [10, 11], [4, 12], [2, 3], [1, 10], [5, 13], [5, 14], [5, 7]]"
DOA-V5B-POSTFREEZE-MST-TDOA-YAMAOKA2023-20260913,dicit,dicit,task1,recording9,554,17,0,13.64255991470156,10.675414919612795,-2.9671449950887734,2.9671449950887734,8.803949421880358,0.7777000999994925,False,1,350.0,3500.0,-80.0,80.0,1.0,15,"[0, 1, 2, 3, 4, 5, 6, 7, 8, 9, 10, 11, 12, 13, 14]",105,14,"[[0, 8], [8, 9], [6, 8], [5, 6], [4, 5], [9, 10], [3, 4], [10, 11], [2, 3], [4, 12], [1, 6], [4, 13], [5, 7], [5, 14]]"
DOA-V5B-POSTFREEZE-MST-TDOA-YAMAOKA2023-20260913,dicit,dicit,task1,recording9,578,18,0,13.64255991470156,10.689471486843436,-2.9530884278581198,2.9530884278581198,8.720731262749542,0.6936762999976054,False,1,350.0,3500.0,-80.0,80.0,1.0,15,"[0, 1, 2, 3, 4, 5, 6, 7, 8, 9, 10, 11, 12, 13, 14]",105,14,"[[0, 8], [8, 9], [6, 8], [5, 6], [4, 5], [9, 10], [3, 4], [10, 11], [2, 3], [5, 12], [1, 6], [2, 13], [5, 7], [5, 14]]"
DOA-V5B-POSTFREEZE-MST-TDOA-YAMAOKA2023-20260913,dicit,dicit,task1,recording9,603,19,0,13.64255991470156,10.678046022721468,-2.96451389198009,2.96451389198009,8.788342615742941,0.7243646000060835,False,1,350.0,3500.0,-80.0,80.0,1.0,15,"[0, 1, 2, 3, 4, 5, 6, 7, 8, 9, 10, 11, 12, 13, 14]",105,14,"[[0, 8], [8, 9], [6, 8], [5, 6], [4, 5], [9, 10], [3, 4], [10, 11], [2, 5], [4, 12], [1, 8], [5, 13], [5, 7], [10, 14]]"
DOA-V5B-POSTFREEZE-MST-TDOA-YAMAOKA2023-20260913,dicit,dicit,task2,recording10,738,0,0,-23.664633144664933,-15.104017984631547,8.560615160033393,8.560615160033393,73.28413191819355,0.7373264999987441,False,1,350.0,3500.0,-80.0,80.0,1.0,15,"[0, 1, 2, 3, 4, 5, 6, 7, 8, 9, 10, 11, 12, 13, 14]",105,14,"[[0, 7], [0, 1], [3, 7], [3, 4], [4, 5], [5, 6], [6, 8], [8, 9], [9, 10], [10, 11], [2, 3], [11, 12], [12, 13], [13, 14]]"
DOA-V5B-POSTFREEZE-MST-TDOA-YAMAOKA2023-20260913,dicit,dicit,task2,recording10,746,1,0,-23.664633144664933,-22.6541549509725,1.0104781936924212,1.0104781936924212,1.0210661799278984,0.7519341000006534,False,1,350.0,3500.0,-80.0,80.0,1.0,15,"[0, 1, 2, 3, 4, 5, 6, 7, 8, 9, 10, 11, 12, 13, 14]",105,14,"[[0, 1], [1, 6], [6, 8], [5, 6], [4, 5], [8, 9], [3, 4], [9, 10], [2, 3], [0, 7], [10, 11], [0, 13], [0, 12], [13, 14]]"
DOA-V5B-POSTFREEZE-MST-TDOA-YAMAOKA2023-20260913,dicit,dicit,task2,recording10,753,2,0,-23.664633144664933,-22.64328194109229,1.0213512035726353,1.0213512035726353,1.0431582810392708,0.7060424000010244,False,1,350.0,3500.0,-80.0,80.0,1.0,15,"[0, 1, 2, 3, 4, 5, 6, 7, 8, 9, 10, 11, 12, 13, 14]",105,14,"[[0, 1], [1, 2], [2, 3], [3, 4], [4, 5], [5, 6], [6, 8], [8, 9], [9, 10], [2, 7], [10, 11], [7, 12], [7, 13], [13, 14]]"
DOA-V5B-POSTFREEZE-MST-TDOA-YAMAOKA2023-20260913,dicit,dicit,task2,recording10,761,3,0,-23.664633144664933,-22.604814302095235,1.0598188425697117,1.0598188425697117,1.1232159790658034,0.6788581000000704,False,1,350.0,3500.0,-80.0,80.0,1.0,15,"[0, 1, 2, 3, 4, 5, 6, 7, 8, 9, 10, 11, 12, 13, 14]",105,14,"[[0, 1], [1, 2], [2, 3], [3, 4], [4, 5], [5, 6], [6, 8], [8, 9], [9, 10], [0, 7], [10, 11], [2, 13], [13, 14], [7, 12]]"
DOA-V5B-POSTFREEZE-MST-TDOA-YAMAOKA2023-20260913,dicit,dicit,task2,recording10,769,4,0,-23.664633144664933,-22.598889441595535,1.065743703069387,1.065743703069387,1.1358096406320497,0.7014634000006481,False,1,350.0,3500.0,-80.0,80.0,1.0,15,"[0, 1, 2, 3, 4, 5, 6, 7, 8, 9, 10, 11, 12, 13, 14]",105,14,"[[0, 1], [1, 2], [2, 3], [3, 4], [4, 5], [5, 6], [6, 8], [8, 9], [9, 10], [0, 7], [6, 11], [5, 12], [7, 13], [13, 14]]"
DOA-V5B-POSTFREEZE-MST-TDOA-YAMAOKA2023-20260913,dicit,dicit,task2,recording10,776,5,0,-23.664633144664933,-22.610506554821253,1.0541265898436905,1.0541265898436905,1.111182867415488,0.7079049999956624,False,1,350.0,3500.0,-80.0,80.0,1.0,15,"[0, 1, 2, 3, 4, 5, 6, 7, 8, 9, 10, 11, 12, 13, 14]",105,14,"[[0, 1], [1, 2], [2, 3], [3, 4], [4, 5], [5, 6], [6, 8], [8, 9], [9, 10], [0, 7], [6, 11], [4, 12], [7, 13], [13, 14]]"
DOA-V5B-POSTFREEZE-MST-TDOA-YAMAOKA2023-20260913,dicit,dicit,task2,recording10,784,6,0,-23.664633144664933,-22.688571153070047,0.9760619915948894,0.9760619915948894,0.9526970114361819,0.724749699998938,False,1,350.0,3500.0,-80.0,80.0,1.0,15,"[0, 1, 2, 3, 4, 5, 6, 7, 8, 9, 10, 11, 12, 13, 14]",105,14,"[[0, 1], [1, 2], [2, 3], [3, 4], [4, 5], [5, 6], [6, 8], [8, 9], [9, 10], [0, 7], [6, 11], [7, 12], [7, 13], [13, 14]]"
DOA-V5B-POSTFREEZE-MST-TDOA-YAMAOKA2023-20260913,dicit,dicit,task2,recording10,791,7,0,-23.664633144664933,-22.643493186131327,1.0211399585336096,1.0211399585336096,1.0427268149140219,0.7109825000006822,False,1,350.0,3500.0,-80.0,80.0,1.0,15,"[0, 1, 2, 3, 4, 5, 6, 7, 8, 9, 10, 11, 12, 13, 14]",105,14,"[[0, 1], [1, 2], [2, 3], [3, 4], [4, 5], [5, 6], [6, 8], [8, 9], [9, 10], [0, 7], [9, 11], [7, 12], [0, 13], [13, 14]]"
DOA-V5B-POSTFREEZE-MST-TDOA-YAMAOKA2023-20260913,dicit,dicit,task2,recording10,799,8,0,-23.664633144664933,-22.566013233565926,1.0986199110990071,1.0986199110990071,1.2069657090631905,0.7809062000014819,False,1,350.0,3500.0,-80.0,80.0,1.0,15,"[0, 1, 2, 3, 4, 5, 6, 7, 8, 9, 10, 11, 12, 13, 14]",105,14,"[[0, 1], [1, 2], [2, 3], [3, 4], [4, 5], [5, 6], [6, 8], [8, 9], [9, 10], [0, 7], [9, 11], [4, 12], [0, 13], [13, 14]]"
DOA-V5B-POSTFREEZE-MST-TDOA-YAMAOKA2023-20260913,dicit,dicit,task2,recording10,807,9,0,-23.664633144664933,-22.58115593547562,1.0834772091893115,1.0834772091893115,1.173922862832659,0.7046927999981563,False,1,350.0,3500.0,-80.0,80.0,1.0,15,"[0, 1, 2, 3, 4, 5, 6, 7, 8, 9, 10, 11, 12, 13, 14]",105,14,"[[0, 1], [1, 2], [2, 3], [3, 4], [4, 5], [5, 6], [6, 8], [8, 9], [9, 10], [0, 7], [9, 11], [4, 12], [7, 13], [13, 14]]"
DOA-V5B-POSTFREEZE-MST-TDOA-YAMAOKA2023-20260913,dicit,dicit,task2,recording10,814,10,0,-23.664633144664933,-22.648834946274693,1.015798198390229,1.015798198390229,1.0318459798528348,0.7322856000027969,False,1,350.0,3500.0,-80.0,80.0,1.0,15,"[0, 1, 2, 3, 4, 5, 6, 7, 8, 9, 10, 11, 12, 13, 14]",105,14,"[[0, 1], [1, 2], [2, 3], [3, 4], [4, 5], [5, 6], [6, 8], [8, 9], [9, 10], [0, 7], [9, 11], [7, 12], [0, 13], [13, 14]]"
DOA-V5B-POSTFREEZE-MST-TDOA-YAMAOKA2023-20260913,dicit,dicit,task2,recording10,822,11,0,-23.664633144664933,-22.58485243775463,1.0797807069102987,1.0797807069102987,1.1659263750157043,0.7561207999970065,False,1,350.0,3500.0,-80.0,80.0,1.0,15,"[0, 1, 2, 3, 4, 5, 6, 7, 8, 9, 10, 11, 12, 13, 14]",105,14,"[[0, 1], [1, 2], [2, 3], [3, 4], [4, 5], [5, 6], [6, 8], [8, 9], [9, 10], [0, 7], [9, 11], [4, 12], [7, 13], [13, 14]]"
DOA-V5B-POSTFREEZE-MST-TDOA-YAMAOKA2023-20260913,dicit,dicit,task2,recording10,830,12,0,-23.664633144664933,-22.538450674747562,1.1261824699173815,1.1261824699173815,1.2682869555492138,0.7245202000049176,False,1,350.0,3500.0,-80.0,80.0,1.0,15,"[0, 1, 2, 3, 4, 5, 6, 7, 8, 9, 10, 11, 12, 13, 14]",105,14,"[[0, 1], [1, 2], [2, 3], [3, 4], [4, 5], [5, 6], [6, 8], [8, 9], [9, 10], [0, 7], [9, 11], [4, 12], [0, 13], [13, 14]]"
DOA-V5B-POSTFREEZE-MST-TDOA-YAMAOKA2023-20260913,dicit,dicit,task2,recording10,837,13,0,-23.664633144664933,-21.91913842669363,1.7454947179712974,1.7454947179712974,3.046751810465699,0.7354787000003853,False,1,350.0,3500.0,-80.0,80.0,1.0,15,"[0, 1, 2, 3, 4, 5, 6, 7, 8, 9, 10, 11, 12, 13, 14]",105,14,"[[0, 1], [1, 2], [2, 3], [3, 4], [4, 5], [5, 6], [6, 8], [8, 9], [9, 10], [0, 7], [9, 11], [5, 12], [9, 14], [13, 14]]"
DOA-V5B-POSTFREEZE-MST-TDOA-YAMAOKA2023-20260913,dicit,dicit,task2,recording10,845,14,0,-23.664633144664933,-22.44625799306819,1.2183751515967458,1.2183751515967458,1.4844380100283934,0.725792499993986,False,1,350.0,3500.0,-80.0,80.0,1.0,15,"[0, 1, 2, 3, 4, 5, 6, 7, 8, 9, 10, 11, 12, 13, 14]",105,14,"[[0, 1], [0, 7], [0, 3], [3, 4], [4, 5], [5, 6], [6, 8], [8, 9], [9, 10], [2, 6], [9, 11], [0, 13], [6, 12], [13, 14]]"
DOA-V5B-POSTFREEZE-MST-TDOA-YAMAOKA2023-20260913,dicit,dicit,task2,recording10,852,15,0,-23.664633144664933,-22.08602106702366,1.5786120776412815,1.5786120776412815,2.4920160916749237,0.7961389999982202,False,1,350.0,3500.0,-80.0,80.0,1.0,15,"[0, 1, 2, 3, 4, 5, 6, 7, 8, 9, 10, 11, 12, 13, 14]",105,14,"[[0, 1], [1, 2], [2, 3], [3, 4], [4, 5], [5, 6], [6, 8], [8, 9], [9, 10], [0, 7], [0, 11], [0, 12], [2, 13], [9, 14]]"
DOA-V5B-POSTFREEZE-MST-TDOA-YAMAOKA2023-20260913,dicit,dicit,task2,recording10,860,16,0,-23.664633144664933,-22.52353957937569,1.1410935652892533,1.1410935652892533,1.3020945247445395,0.7159813000034774,False,1,350.0,3500.0,-80.0,80.0,1.0,15,"[0, 1, 2, 3, 4, 5, 6, 7, 8, 9, 10, 11, 12, 13, 14]",105,14,"[[0, 1], [0, 3], [3, 4], [4, 5], [5, 6], [6, 8], [8, 9], [9, 10], [2, 3], [0, 11], [1, 7], [4, 12], [0, 13], [13, 14]]"
DOA-V5B-POSTFREEZE-MST-TDOA-YAMAOKA2023-20260913,dicit,dicit,task2,recording10,868,17,0,-23.664633144664933,-22.53840041083804,1.126232733826896,1.126232733826896,1.268400170743204,0.7279507000057492,False,1,350.0,3500.0,-80.0,80.0,1.0,15,"[0, 1, 2, 3, 4, 5, 6, 7, 8, 9, 10, 11, 12, 13, 14]",105,14,"[[0, 1], [1, 2], [2, 3], [3, 4], [4, 5], [5, 6], [6, 8], [8, 9], [9, 10], [2, 7], [9, 11], [0, 13], [5, 12], [13, 14]]"
DOA-V5B-POSTFREEZE-MST-TDOA-YAMAOKA2023-20260913,dicit,dicit,task2,recording10,875,18,0,-23.664633144664933,-22.50953122093221,1.1551019237327296,1.1551019237327296,1.3342604542110525,0.7345419999983278,False,1,350.0,3500.0,-80.0,80.0,1.0,15,"[0, 1, 2, 3, 4, 5, 6, 7, 8, 9, 10, 11, 12, 13, 14]",105,14,"[[0, 1], [1, 2], [2, 3], [3, 4], [4, 5], [5, 6], [6, 8], [8, 9], [9, 10], [0, 7], [9, 11], [4, 12], [0, 13], [13, 14]]"
DOA-V5B-POSTFREEZE-MST-TDOA-YAMAOKA2023-20260913,dicit,dicit,task2,recording10,883,19,0,-23.664633144664933,-22.539637360119695,1.1249957845452343,1.1249957845452343,1.2656155152445472,0.7136429999954998,False,1,350.0,3500.0,-80.0,80.0,1.0,15,"[0, 1, 2, 3, 4, 5, 6, 7, 8, 9, 10, 11, 12, 13, 14]",105,14,"[[0, 1], [1, 2], [2, 3], [3, 4], [4, 5], [5, 6], [6, 8], [8, 9], [9, 10], [0, 7], [10, 11], [7, 13], [13, 14], [5, 12]]"
DOA-V5B-POSTFREEZE-MST-TDOA-YAMAOKA2023-20260913,dicit,dicit,task2,recording11,91,0,1,-5.788189611405541,-5.463922667074448,0.32426694433110015,0.32426694433110015,0.1051490511858288,0.7421818000002531,False,1,350.0,3500.0,-80.0,80.0,1.0,15,"[0, 1, 2, 3, 4, 5, 6, 7, 8, 9, 10, 11, 12, 13, 14]",105,14,"[[0, 9], [8, 9], [6, 8], [5, 6], [4, 5], [3, 4], [9, 10], [2, 4], [1, 9], [5, 11], [7, 8], [2, 12], [8, 14], [9, 13]]"
DOA-V5B-POSTFREEZE-MST-TDOA-YAMAOKA2023-20260913,dicit,dicit,task2,recording11,93,1,1,-5.788189611405541,-5.443234150138475,0.34495546126706245,0.34495546126706245,0.11899427025797182,0.7379512999978033,False,1,350.0,3500.0,-80.0,80.0,1.0,15,"[0, 1, 2, 3, 4, 5, 6, 7, 8, 9, 10, 11, 12, 13, 14]",105,14,"[[0, 5], [5, 6], [4, 5], [6, 8], [8, 9], [3, 4], [9, 10], [2, 4], [1, 5], [5, 11], [5, 12], [4, 7], [8, 14], [5, 13]]"
DOA-V5B-POSTFREEZE-MST-TDOA-YAMAOKA2023-20260913,dicit,dicit,task2,recording11,96,2,1,-5.788189611405541,-5.442675600344895,0.3455140110606578,0.3455140110606578,0.11937993183922438,0.7063846000019112,False,1,350.0,3500.0,-80.0,80.0,1.0,15,"[0, 1, 2, 3, 4, 5, 6, 7, 8, 9, 10, 11, 12, 13, 14]",105,14,"[[0, 9], [8, 9], [6, 8], [5, 6], [4, 5], [3, 4], [9, 10], [2, 3], [1, 5], [5, 11], [4, 7], [5, 12], [8, 14], [9, 13]]"
DOA-V5B-POSTFREEZE-MST-TDOA-YAMAOKA2023-20260913,dicit,dicit,task2,recording11,98,3,1,-5.788189611405541,-5.434764276378033,0.3534253350275094,0.3534253350275094,0.12490946743930725,0.7463366000010865,False,1,350.0,3500.0,-80.0,80.0,1.0,15,"[0, 1, 2, 3, 4, 5, 6, 7, 8, 9, 10, 11, 12, 13, 14]",105,14,"[[0, 9], [8, 9], [6, 8], [5, 6], [4, 5], [3, 4], [9, 10], [2, 4], [1, 5], [9, 11], [1, 12], [4, 7], [8, 14], [0, 13]]"
DOA-V5B-POSTFREEZE-MST-TDOA-YAMAOKA2023-20260913,dicit,dicit,task2,recording11,101,4,1,-5.788189611405541,-5.439417752561106,0.3487718588444295,0.3487718588444295,0.12164180952179866,0.7006722000005539,False,1,350.0,3500.0,-80.0,80.0,1.0,15,"[0, 1, 2, 3, 4, 5, 6, 7, 8, 9, 10, 11, 12, 13, 14]",105,14,"[[0, 9], [8, 9], [6, 8], [5, 6], [4, 5], [3, 4], [9, 10], [2, 4], [1, 5], [5, 11], [5, 7], [5, 12], [8, 14], [9, 13]]"
DOA-V5B-POSTFREEZE-MST-TDOA-YAMAOKA2023-20260913,dicit,dicit,task2,recording11,103,5,1,-5.788189611405541,-5.461936149993782,0.3262534614117669,0.3262534614117669,0.10644132108315929,0.7728508000000147,False,1,350.0,3500.0,-80.0,80.0,1.0,15,"[0, 1, 2, 3, 4, 5, 6, 7, 8, 9, 10, 11, 12, 13, 14]",105,14,"[[0, 9], [8, 9], [6, 8], [5, 6], [4, 5], [3, 4], [9, 10], [2, 4], [1, 5], [5, 11], [5, 12], [5, 7], [8, 14], [5, 13]]"
DOA-V5B-POSTFREEZE-MST-TDOA-YAMAOKA2023-20260913,dicit,dicit,task2,recording11,106,6,1,-5.788189611405541,-5.474148459339551,0.3140411520659825,0.3140411520659825,0.09862184519092954,0.7773379000063869,False,1,350.0,3500.0,-80.0,80.0,1.0,15,"[0, 1, 2, 3, 4, 5, 6, 7, 8, 9, 10, 11, 12, 13, 14]",105,14,"[[0, 9], [8, 9], [6, 8], [5, 6], [4, 5], [3, 4], [9, 10], [2, 4], [1, 5], [5, 11], [5, 12], [5, 7], [5, 14], [5, 13]]"
DOA-V5B-POSTFREEZE-MST-TDOA-YAMAOKA2023-20260913,dicit,dicit,task2,recording11,361,7,1,-5.788189611405541,-5.477727852594923,0.310461758810618,0.310461758810618,0.09638650368378233,0.737744300000486,False,1,350.0,3500.0,-80.0,80.0,1.0,15,"[0, 1, 2, 3, 4, 5, 6, 7, 8, 9, 10, 11, 12, 13, 14]",105,14,"[[0, 2], [2, 3], [3, 4], [4, 5], [5, 6], [6, 8], [8, 9], [9, 10], [1, 5], [2, 11], [4, 7], [0, 12], [0, 13], [8, 14]]"
DOA-V5B-POSTFREEZE-MST-TDOA-YAMAOKA2023-20260913,dicit,dicit,task2,recording11,364,8,1,-5.788189611405541,-5.4887429723779,0.29944663902765,0.29944663902765,0.08966828962495572,0.7982871999993222,False,1,350.0,3500.0,-80.0,80.0,1.0,15,"[0, 1, 2, 3, 4, 5, 6, 7, 8, 9, 10, 11, 12, 13, 14]",105,14,"[[0, 11], [2, 11], [2, 3], [3, 4], [4, 5], [5, 6], [6, 8], [8, 9], [9, 10], [1, 5], [4, 7], [4, 12], [5, 14], [2, 13]]"
DOA-V5B-POSTFREEZE-MST-TDOA-YAMAOKA2023-20260913,dicit,dicit,task2,recording11,366,9,1,-5.788189611405541,-5.493148114232117,0.295041497173429,0.295041497173429,0.0870494850543385,0.717130899996846,False,1,350.0,3500.0,-80.0,80.0,1.0,15,"[0, 1, 2, 3, 4, 5, 6, 7, 8, 9, 10, 11, 12, 13, 14]",105,14,"[[0, 2], [2, 3], [3, 4], [4, 5], [5, 6], [6, 8], [8, 9], [9, 10], [1, 5], [2, 11], [6, 7], [4, 12], [2, 13], [8, 14]]"
DOA-V5B-POSTFREEZE-MST-TDOA-YAMAOKA2023-20260913,dicit,dicit,task2,recording11,369,10,1,-5.788189611405541,-5.459821264390163,0.32836834701538464,0.32836834701538464,0.10782577132161607,0.7129843000002438,False,1,350.0,3500.0,-80.0,80.0,1.0,15,"[0, 1, 2, 3, 4, 5, 6, 7, 8, 9, 10, 11, 12, 13, 14]",105,14,"[[0, 9], [8, 9], [6, 8], [5, 6], [4, 5], [9, 10], [3, 4], [1, 5], [2, 3], [10, 11], [4, 12], [7, 10], [5, 14], [0, 13]]"
DOA-V5B-POSTFREEZE-MST-TDOA-YAMAOKA2023-20260913,dicit,dicit,task2,recording11,371,11,1,-5.788189611405541,-5.474762750326755,0.3134268610787956,0.3134268610787956,0.09823639724570662,0.7062788999974146,False,1,350.0,3500.0,-80.0,80.0,1.0,15,"[0, 1, 2, 3, 4, 5, 6, 7, 8, 9, 10, 11, 12, 13, 14]",105,14,"[[0, 2], [2, 3], [3, 4], [4, 5], [5, 6], [6, 8], [8, 9], [9, 10], [1, 5], [9, 11], [5, 12], [5, 7], [2, 13], [7, 14]]"
DOA-V5B-POSTFREEZE-MST-TDOA-YAMAOKA2023-20260913,dicit,dicit,task2,recording11,374,12,1,-5.788189611405541,-5.458738960941941,0.329450650463599,0.329450650463599,0.10853773109088849,0.7126000999996904,False,1,350.0,3500.0,-80.0,80.0,1.0,15,"[0, 1, 2, 3, 4, 5, 6, 7, 8, 9, 10, 11, 12, 13, 14]",105,14,"[[0, 9], [8, 9], [6, 8], [5, 6], [4, 5], [3, 4], [9, 10], [2, 4], [1, 5], [9, 11], [5, 12], [5, 7], [8, 14], [9, 13]]"
DOA-V5B-POSTFREEZE-MST-TDOA-YAMAOKA2023-20260913,dicit,dicit,task2,recording11,376,13,1,-5.788189611405541,-5.494061120052506,0.2941284913530353,0.2941284913530353,0.08651156942561257,0.7133491999993566,False,1,350.0,3500.0,-80.0,80.0,1.0,15,"[0, 1, 2, 3, 4, 5, 6, 7, 8, 9, 10, 11, 12, 13, 14]",105,14,"[[0, 4], [4, 5], [5, 6], [6, 8], [8, 9], [3, 4], [9, 10], [2, 4], [1, 5], [5, 11], [5, 12], [5, 7], [4, 13], [5, 14]]"
DOA-V5B-POSTFREEZE-MST-TDOA-YAMAOKA2023-20260913,dicit,dicit,task2,recording11,379,14,1,-5.788189611405541,-5.469416133437778,0.3187734779677669,0.3187734779677669,0.10161653025566636,0.7621848999988288,False,1,350.0,3500.0,-80.0,80.0,1.0,15,"[0, 1, 2, 3, 4, 5, 6, 7, 8, 9, 10, 11, 12, 13, 14]",105,14,"[[0, 5], [5, 6], [4, 5], [6, 8], [8, 9], [3, 4], [9, 10], [2, 5], [1, 5], [5, 11], [5, 12], [5, 7], [8, 14], [5, 13]]"
DOA-V5B-POSTFREEZE-MST-TDOA-YAMAOKA2023-20260913,dicit,dicit,task2,recording11,381,15,1,-5.788189611405541,-5.469441492275468,0.3187481191300776,0.3187481191300776,0.10160036344896214,0.7461350999947172,False,1,350.0,3500.0,-80.0,80.0,1.0,15,"[0, 1, 2, 3, 4, 5, 6, 7, 8, 9, 10, 11, 12, 13, 14]",105,14,"[[0, 5], [5, 6], [4, 5], [6, 8], [8, 9], [3, 4], [9, 10], [2, 4], [1, 5], [5, 11], [5, 12], [5, 7], [5, 13], [5, 14]]"
DOA-V5B-POSTFREEZE-MST-TDOA-YAMAOKA2023-20260913,dicit,dicit,task2,recording11,384,16,1,-5.788189611405541,-5.465301353250349,0.3228882581551886,0.3228882581551886,0.10425682725449173,0.7438253000000259,False,1,350.0,3500.0,-80.0,80.0,1.0,15,"[0, 1, 2, 3, 4, 5, 6, 7, 8, 9, 10, 11, 12, 13, 14]",105,14,"[[0, 5], [5, 6], [4, 5], [6, 8], [8, 9], [3, 4], [9, 10], [2, 4], [1, 5], [5, 11], [5, 12], [5, 7], [5, 13], [5, 14]]"
DOA-V5B-POSTFREEZE-MST-TDOA-YAMAOKA2023-20260913,dicit,dicit,task2,recording11,386,17,1,-5.788189611405541,-5.459135794614331,0.3290538167912018,0.3290538167912018,0.10827641434485781,0.8093404999963241,False,1,350.0,3500.0,-80.0,80.0,1.0,15,"[0, 1, 2, 3, 4, 5, 6, 7, 8, 9, 10, 11, 12, 13, 14]",105,14,"[[0, 5], [5, 6], [4, 5], [6, 8], [8, 9], [3, 4], [9, 10], [2, 4], [1, 5], [5, 11], [5, 12], [5, 7], [5, 13], [8, 14]]"
DOA-V5B-POSTFREEZE-MST-TDOA-YAMAOKA2023-20260913,dicit,dicit,task2,recording11,389,18,1,-5.788189611405541,-5.484282302168298,0.3039073092372462,0.3039073092372462,0.09235965260782318,0.7077583999998751,False,1,350.0,3500.0,-80.0,80.0,1.0,15,"[0, 1, 2, 3, 4, 5, 6, 7, 8, 9, 10, 11, 12, 13, 14]",105,14,"[[0, 9], [8, 9], [6, 8], [5, 6], [4, 5], [3, 4], [9, 10], [2, 4], [1, 5], [5, 11], [5, 12], [5, 7], [8, 14], [4, 13]]"
DOA-V5B-POSTFREEZE-MST-TDOA-YAMAOKA2023-20260913,dicit,dicit,task2,recording11,391,19,1,-5.788189611405541,-5.472650068315596,0.3155395430899546,0.3155395430899546,0.0995652032534173,0.7304526000007172,False,1,350.0,3500.0,-80.0,80.0,1.0,15,"[0, 1, 2, 3, 4, 5, 6, 7, 8, 9, 10, 11, 12, 13, 14]",105,14,"[[0, 9], [8, 9], [6, 8], [5, 6], [4, 5], [3, 4], [9, 10], [2, 4], [1, 5], [5, 11], [5, 12], [5, 7], [8, 14], [5, 13]]"
DOA-V5B-POSTFREEZE-MST-TDOA-YAMAOKA2023-20260913,dicit,dicit,task2,recording12,110,0,1,20.6836508457986,17.576829361151407,-3.1068214846471847,3.1068214846471847,9.652339737465336,0.7143611999999848,False,1,350.0,3500.0,-80.0,80.0,1.0,15,"[0, 1, 2, 3, 4, 5, 6, 7, 8, 9, 10, 11, 12, 13, 14]",105,14,"[[0, 3], [3, 4], [4, 5], [5, 6], [6, 8], [8, 9], [9, 10], [10, 11], [11, 12], [2, 3], [10, 13], [1, 4], [5, 14], [5, 7]]"
DOA-V5B-POSTFREEZE-MST-TDOA-YAMAOKA2023-20260913,dicit,dicit,task2,recording12,114,1,1,20.6836508457986,17.649046966016535,-3.034603879782054,3.034603879782054,9.208820707188295,0.7589757000023383,False,1,350.0,3500.0,-80.0,80.0,1.0,15,"[0, 1, 2, 3, 4, 5, 6, 7, 8, 9, 10, 11, 12, 13, 14]",105,14,"[[0, 7], [6, 7], [6, 8], [8, 9], [5, 6], [4, 5], [9, 10], [3, 4], [10, 11], [9, 12], [2, 3], [6, 13], [5, 14], [1, 4]]"
DOA-V5B-POSTFREEZE-MST-TDOA-YAMAOKA2023-20260913,dicit,dicit,task2,recording12,118,2,1,20.6836508457986,17.60773042823355,-3.075920417565044,3.075920417565044,9.461286415193515,0.7494135000015376,False,1,350.0,3500.0,-80.0,80.0,1.0,15,"[0, 1, 2, 3, 4, 5, 6, 7, 8, 9, 10, 11, 12, 13, 14]",105,14,"[[0, 5], [5, 6], [6, 8], [8, 9], [4, 5], [9, 10], [3, 4], [10, 11], [9, 13], [9, 12], [2, 12], [1, 12], [9, 14], [5, 7]]"
DOA-V5B-POSTFREEZE-MST-TDOA-YAMAOKA2023-20260913,dicit,dicit,task2,recording12,122,3,1,20.6836508457986,17.452071914822437,-3.2315789309761556,3.2315789309761556,10.443102387128992,0.7581687999991118,False,1,350.0,3500.0,-80.0,80.0,1.0,15,"[0, 1, 2, 3, 4, 5, 6, 7, 8, 9, 10, 11, 12, 13, 14]",105,14,"[[0, 7], [0, 3], [3, 4], [4, 5], [5, 6], [6, 8], [8, 9], [9, 10], [10, 11], [11, 12], [9, 13], [2, 6], [1, 12], [11, 14]]"
DOA-V5B-POSTFREEZE-MST-TDOA-YAMAOKA2023-20260913,dicit,dicit,task2,recording12,126,4,1,20.6836508457986,17.538929093989392,-3.1447217518092145,3.1447217518092145,9.889274896302014,0.7259167000011075,False,1,350.0,3500.0,-80.0,80.0,1.0,15,"[0, 1, 2, 3, 4, 5, 6, 7, 8, 9, 10, 11, 12, 13, 14]",105,14,"[[0, 5], [4, 5], [5, 6], [6, 8], [8, 9], [9, 10], [3, 4], [10, 11], [8, 12], [8, 13], [2, 3], [1, 4], [4, 7], [13, 14]]"
DOA-V5B-POSTFREEZE-MST-TDOA-YAMAOKA2023-20260913,dicit,dicit,task2,recording12,130,5,1,20.6836508457986,17.581767583841767,-3.1018832619568286,3.1018832619568286,9.621679770807935,0.7275141000063741,False,1,350.0,3500.0,-80.0,80.0,1.0,15,"[0, 1, 2, 3, 4, 5, 6, 7, 8, 9, 10, 11, 12, 13, 14]",105,14,"[[0, 8], [8, 9], [6, 8], [5, 6], [4, 5], [9, 10], [3, 4], [9, 13], [10, 11], [11, 12], [2, 9], [5, 14], [7, 9], [1, 13]]"
DOA-V5B-POSTFREEZE-MST-TDOA-YAMAOKA2023-20260913,dicit,dicit,task2,recording12,134,6,1,20.6836508457986,17.261841821110195,-3.4218090246884003,3.4218090246884003,11.708777001438982,0.70537680000416,False,1,350.0,3500.0,-80.0,80.0,1.0,15,"[0, 1, 2, 3, 4, 5, 6, 7, 8, 9, 10, 11, 12, 13, 14]",105,14,"[[0, 3], [3, 4], [4, 5], [5, 6], [6, 8], [8, 9], [9, 10], [10, 11], [10, 13], [2, 3], [11, 12], [13, 14], [1, 4], [5, 7]]"
DOA-V5B-POSTFREEZE-MST-TDOA-YAMAOKA2023-20260913,dicit,dicit,task2,recording12,425,7,1,20.6836508457986,17.670866800971943,-3.0127840448266454,3.0127840448266454,9.076867700762001,0.7364372000010917,False,1,350.0,3500.0,-80.0,80.0,1.0,15,"[0, 1, 2, 3, 4, 5, 6, 7, 8, 9, 10, 11, 12, 13, 14]",105,14,"[[0, 5], [4, 5], [5, 6], [6, 8], [8, 9], [9, 10], [3, 4], [10, 11], [9, 12], [8, 13], [2, 3], [1, 12], [5, 14], [5, 7]]"
DOA-V5B-POSTFREEZE-MST-TDOA-YAMAOKA2023-20260913,dicit,dicit,task2,recording12,429,8,1,20.6836508457986,17.688739768458063,-2.9949110773405323,2.9949110773405323,8.969492361177029,0.7525597999992897,False,1,350.0,3500.0,-80.0,80.0,1.0,15,"[0, 1, 2, 3, 4, 5, 6, 7, 8, 9, 10, 11, 12, 13, 14]",105,14,"[[0, 5], [4, 5], [5, 6], [6, 8], [8, 9], [9, 10], [3, 4], [10, 11], [8, 12], [2, 3], [9, 13], [1, 5], [5, 14], [5, 7]]"
DOA-V5B-POSTFREEZE-MST-TDOA-YAMAOKA2023-20260913,dicit,dicit,task2,recording12,433,9,1,20.6836508457986,17.69216822057677,-2.9914826252218347,2.9914826252218347,8.94896829700412,0.7522878000017954,False,1,350.0,3500.0,-80.0,80.0,1.0,15,"[0, 1, 2, 3, 4, 5, 6, 7, 8, 9, 10, 11, 12, 13, 14]",105,14,"[[0, 4], [4, 5], [5, 6], [6, 8], [8, 9], [9, 10], [3, 4], [10, 11], [8, 12], [2, 3], [9, 13], [1, 5], [5, 14], [5, 7]]"
DOA-V5B-POSTFREEZE-MST-TDOA-YAMAOKA2023-20260913,dicit,dicit,task2,recording12,436,10,1,20.6836508457986,17.69094063862761,-2.992710207171001,2.992710207171001,8.956314384105495,0.7668483999950695,False,1,350.0,3500.0,-80.0,80.0,1.0,15,"[0, 1, 2, 3, 4, 5, 6, 7, 8, 9, 10, 11, 12, 13, 14]",105,14,"[[0, 5], [4, 5], [5, 6], [6, 8], [8, 9], [9, 10], [3, 4], [10, 11], [9, 12], [2, 3], [9, 13], [1, 5], [5, 14], [5, 7]]"
DOA-V5B-POSTFREEZE-MST-TDOA-YAMAOKA2023-20260913,dicit,dicit,task2,recording12,716,11,0,-29.153199388626685,-26.666336831296668,2.486862557330028,2.486862557330028,6.184485379050046,0.7322688999993261,False,1,350.0,3500.0,-80.0,80.0,1.0,15,"[0, 1, 2, 3, 4, 5, 6, 7, 8, 9, 10, 11, 12, 13, 14]",105,14,"[[0, 5], [5, 6], [4, 5], [6, 8], [8, 9], [3, 4], [9, 10], [5, 7], [1, 6], [2, 5], [5, 11], [8, 12], [7, 13], [5, 14]]"
DOA-V5B-POSTFREEZE-MST-TDOA-YAMAOKA2023-20260913,dicit,dicit,task2,recording12,720,12,0,-29.153199388626685,-26.565644254257403,2.5875551343692678,2.5875551343692678,6.6954415734007595,0.761586399996304,False,1,350.0,3500.0,-80.0,80.0,1.0,15,"[0, 1, 2, 3, 4, 5, 6, 7, 8, 9, 10, 11, 12, 13, 14]",105,14,"[[0, 1], [1, 6], [5, 6], [4, 5], [6, 8], [8, 9], [3, 4], [5, 7], [2, 5], [9, 10], [5, 11], [7, 14], [8, 12], [7, 13]]"
DOA-V5B-POSTFREEZE-MST-TDOA-YAMAOKA2023-20260913,dicit,dicit,task2,recording12,724,13,0,-29.153199388626685,-26.64068922677458,2.5125101618521057,2.5125101618521057,6.312707313410095,0.738816199998837,False,1,350.0,3500.0,-80.0,80.0,1.0,15,"[0, 1, 2, 3, 4, 5, 6, 7, 8, 9, 10, 11, 12, 13, 14]",105,14,"[[0, 1], [1, 6], [5, 6], [4, 5], [6, 8], [8, 9], [5, 7], [2, 5], [3, 4], [5, 10], [9, 11], [7, 14], [7, 13], [7, 12]]"
DOA-V5B-POSTFREEZE-MST-TDOA-YAMAOKA2023-20260913,dicit,dicit,task2,recording12,728,14,0,-29.153199388626685,-26.59101629861108,2.562183090015594,2.562183090015594,6.5647821867618585,0.7829217999969842,False,1,350.0,3500.0,-80.0,80.0,1.0,15,"[0, 1, 2, 3, 4, 5, 6, 7, 8, 9, 10, 11, 12, 13, 14]",105,14,"[[0, 5], [5, 6], [4, 5], [6, 8], [8, 9], [9, 10], [3, 4], [5, 7], [1, 6], [2, 5], [10, 11], [8, 12], [7, 14], [7, 13]]"
DOA-V5B-POSTFREEZE-MST-TDOA-YAMAOKA2023-20260913,dicit,dicit,task2,recording12,732,15,0,-29.153199388626685,-26.788936170713008,2.364263217913674,2.364263217913674,5.589740563579521,0.7320131000014953,False,1,350.0,3500.0,-80.0,80.0,1.0,15,"[0, 1, 2, 3, 4, 5, 6, 7, 8, 9, 10, 11, 12, 13, 14]",105,14,"[[0, 5], [5, 6], [4, 5], [6, 8], [8, 9], [5, 7], [3, 4], [2, 5], [1, 8], [9, 10], [7, 12], [3, 11], [7, 14], [7, 13]]"
DOA-V5B-POSTFREEZE-MST-TDOA-YAMAOKA2023-20260913,dicit,dicit,task2,recording12,736,16,0,-29.153199388626685,-26.477760976057223,2.675438412569463,2.675438412569463,7.157970699452207,0.7578324999994948,False,1,350.0,3500.0,-80.0,80.0,1.0,15,"[0, 1, 2, 3, 4, 5, 6, 7, 8, 9, 10, 11, 12, 13, 14]",105,14,"[[0, 1], [1, 4], [4, 5], [5, 6], [6, 8], [8, 9], [3, 4], [9, 10], [5, 7], [2, 3], [8, 11], [8, 12], [7, 13], [7, 14]]"
DOA-V5B-POSTFREEZE-MST-TDOA-YAMAOKA2023-20260913,dicit,dicit,task2,recording12,740,17,0,-29.153199388626685,-26.607912440730132,2.5452869478965567,2.5452869478965567,6.478485647132569,0.7484211999981198,False,1,350.0,3500.0,-80.0,80.0,1.0,15,"[0, 1, 2, 3, 4, 5, 6, 7, 8, 9, 10, 11, 12, 13, 14]",105,14,"[[0, 1], [1, 6], [5, 6], [4, 5], [6, 8], [8, 9], [3, 4], [9, 10], [2, 3], [5, 7], [10, 11], [8, 12], [7, 13], [7, 14]]"
DOA-V5B-POSTFREEZE-MST-TDOA-YAMAOKA2023-20260913,dicit,dicit,task2,recording12,744,18,0,-29.153199388626685,-26.513499444669428,2.639699943957254,2.639699943957254,6.96801579412793,0.7379484000048251,False,1,350.0,3500.0,-80.0,80.0,1.0,15,"[0, 1, 2, 3, 4, 5, 6, 7, 8, 9, 10, 11, 12, 13, 14]",105,14,"[[0, 1], [1, 6], [5, 6], [4, 5], [6, 8], [8, 9], [5, 7], [3, 4], [2, 5], [9, 10], [9, 11], [7, 14], [8, 12], [7, 13]]"
DOA-V5B-POSTFREEZE-MST-TDOA-YAMAOKA2023-20260913,dicit,dicit,task2,recording12,748,19,0,-29.153199388626685,-26.61001156999921,2.543187818627473,2.543187818627473,6.467804280815164,0.7252999999982421,False,1,350.0,3500.0,-80.0,80.0,1.0,15,"[0, 1, 2, 3, 4, 5, 6, 7, 8, 9, 10, 11, 12, 13, 14]",105,14,"[[0, 1], [1, 6], [5, 6], [4, 5], [6, 8], [8, 9], [3, 4], [5, 7], [9, 10], [2, 5], [6, 11], [9, 12], [7, 14], [7, 13]]"
DOA-V5B-POSTFREEZE-MST-TDOA-YAMAOKA2023-20260913,dicit,dicit,task2,recording13,90,0,0,37.09329749424703,34.68494553653996,-2.4083519577070547,2.4083519577070547,5.800159152191403,0.742677399997774,False,1,350.0,3500.0,-80.0,80.0,1.0,15,"[0, 1, 2, 3, 4, 5, 6, 7, 8, 9, 10, 11, 12, 13, 14]",105,14,"[[0, 8], [8, 9], [6, 8], [5, 6], [4, 5], [9, 10], [3, 4], [5, 12], [10, 11], [12, 13], [13, 14], [2, 12], [7, 9], [1, 3]]"
DOA-V5B-POSTFREEZE-MST-TDOA-YAMAOKA2023-20260913,dicit,dicit,task2,recording13,98,1,0,37.09329749424703,34.68685439517777,-2.4064430990692642,2.4064430990692642,5.790968389058085,0.7315200000011828,False,1,350.0,3500.0,-80.0,80.0,1.0,15,"[0, 1, 2, 3, 4, 5, 6, 7, 8, 9, 10, 11, 12, 13, 14]",105,14,"[[0, 6], [5, 6], [4, 5], [6, 8], [8, 9], [9, 10], [3, 4], [6, 12], [12, 13], [9, 11], [13, 14], [2, 13], [7, 9], [1, 13]]"
DOA-V5B-POSTFREEZE-MST-TDOA-YAMAOKA2023-20260913,dicit,dicit,task2,recording13,105,2,0,37.09329749424703,34.59551946367674,-2.497778030570288,2.497778030570288,6.238895089999586,0.7547166000003926,False,1,350.0,3500.0,-80.0,80.0,1.0,15,"[0, 1, 2, 3, 4, 5, 6, 7, 8, 9, 10, 11, 12, 13, 14]",105,14,"[[0, 8], [8, 9], [6, 8], [5, 6], [4, 5], [9, 10], [3, 4], [8, 12], [12, 13], [10, 11], [13, 14], [2, 3], [7, 9], [1, 8]]"
DOA-V5B-POSTFREEZE-MST-TDOA-YAMAOKA2023-20260913,dicit,dicit,task2,recording13,113,3,0,37.09329749424703,34.61825986108425,-2.475037633162799,2.475037633162799,6.12581128557211,0.7301886999994167,False,1,350.0,3500.0,-80.0,80.0,1.0,15,"[0, 1, 2, 3, 4, 5, 6, 7, 8, 9, 10, 11, 12, 13, 14]",105,14,"[[0, 8], [8, 9], [6, 8], [5, 6], [4, 5], [9, 10], [3, 4], [8, 12], [10, 11], [12, 13], [13, 14], [2, 3], [7, 9], [1, 13]]"
DOA-V5B-POSTFREEZE-MST-TDOA-YAMAOKA2023-20260913,dicit,dicit,task2,recording13,120,4,0,37.09329749424703,34.618943985002446,-2.474353509244594,2.474353509244594,6.122425288711036,0.7154536000016378,False,1,350.0,3500.0,-80.0,80.0,1.0,15,"[0, 1, 2, 3, 4, 5, 6, 7, 8, 9, 10, 11, 12, 13, 14]",105,14,"[[0, 8], [8, 9], [6, 8], [5, 6], [4, 5], [9, 10], [3, 4], [8, 12], [10, 11], [12, 13], [13, 14], [2, 3], [7, 9], [1, 13]]"
DOA-V5B-POSTFREEZE-MST-TDOA-YAMAOKA2023-20260913,dicit,dicit,task2,recording13,128,5,0,37.09329749424703,34.62265549602287,-2.4706419982241528,2.4706419982241528,6.104071883389034,0.7551352000009501,False,1,350.0,3500.0,-80.0,80.0,1.0,15,"[0, 1, 2, 3, 4, 5, 6, 7, 8, 9, 10, 11, 12, 13, 14]",105,14,"[[0, 8], [8, 9], [6, 8], [5, 6], [4, 5], [9, 10], [3, 4], [8, 12], [10, 11], [12, 13], [5, 14], [2, 3], [7, 9], [1, 14]]"
DOA-V5B-POSTFREEZE-MST-TDOA-YAMAOKA2023-20260913,dicit,dicit,task2,recording13,135,6,0,37.09329749424703,34.60445869980911,-2.4888387944379247,2.4888387944379247,6.194318544699223,0.7712376999988919,False,1,350.0,3500.0,-80.0,80.0,1.0,15,"[0, 1, 2, 3, 4, 5, 6, 7, 8, 9, 10, 11, 12, 13, 14]",105,14,"[[0, 8], [8, 9], [6, 8], [5, 6], [4, 5], [9, 10], [3, 4], [8, 12], [12, 13], [10, 11], [4, 14], [2, 3], [7, 9], [1, 3]]"
DOA-V5B-POSTFREEZE-MST-TDOA-YAMAOKA2023-20260913,dicit,dicit,task2,recording13,143,7,0,37.09329749424703,34.646398798537994,-2.4468986957090237,2.4468986957090237,5.987313227062522,0.7212173000007169,False,1,350.0,3500.0,-80.0,80.0,1.0,15,"[0, 1, 2, 3, 4, 5, 6, 7, 8, 9, 10, 11, 12, 13, 14]",105,14,"[[0, 8], [8, 9], [6, 8], [5, 6], [4, 5], [9, 10], [3, 4], [9, 12], [12, 13], [9, 11], [5, 14], [2, 12], [7, 9], [1, 14]]"
DOA-V5B-POSTFREEZE-MST-TDOA-YAMAOKA2023-20260913,dicit,dicit,task2,recording13,150,8,0,37.09329749424703,34.60749320011868,-2.485804294128343,2.485804294128343,6.1792229887069094,0.7233529000004637,False,1,350.0,3500.0,-80.0,80.0,1.0,15,"[0, 1, 2, 3, 4, 5, 6, 7, 8, 9, 10, 11, 12, 13, 14]",105,14,"[[0, 8], [8, 9], [6, 8], [5, 6], [4, 5], [9, 10], [3, 4], [8, 12], [10, 11], [12, 13], [5, 14], [2, 12], [7, 9], [1, 3]]"
DOA-V5B-POSTFREEZE-MST-TDOA-YAMAOKA2023-20260913,dicit,dicit,task2,recording13,158,9,0,37.09329749424703,34.65098761507259,-2.442309879174445,2.442309879174445,5.964877545913093,0.7238785000008647,False,1,350.0,3500.0,-80.0,80.0,1.0,15,"[0, 1, 2, 3, 4, 5, 6, 7, 8, 9, 10, 11, 12, 13, 14]",105,14,"[[0, 8], [8, 9], [6, 8], [5, 6], [4, 5], [9, 10], [3, 4], [8, 12], [8, 11], [12, 13], [5, 14], [2, 3], [7, 9], [1, 14]]"
DOA-V5B-POSTFREEZE-MST-TDOA-YAMAOKA2023-20260913,dicit,dicit,task2,recording13,165,10,0,37.09329749424703,33.10771465896186,-3.985582835285186,3.985582835285186,15.884870536919902,0.7055738999988534,False,1,350.0,3500.0,-80.0,80.0,1.0,15,"[0, 1, 2, 3, 4, 5, 6, 7, 8, 9, 10, 11, 12, 13, 14]",105,14,"[[0, 5], [4, 5], [5, 6], [6, 8], [8, 9], [9, 10], [3, 4], [10, 11], [11, 12], [12, 13], [13, 14], [2, 13], [1, 2], [7, 8]]"
DOA-V5B-POSTFREEZE-MST-TDOA-YAMAOKA2023-20260913,dicit,dicit,task2,recording13,173,11,0,37.09329749424703,34.08128804028036,-3.0120094539666695,3.0120094539666695,9.072200950784595,0.69312550000177,False,1,350.0,3500.0,-80.0,80.0,1.0,15,"[0, 1, 2, 3, 4, 5, 6, 7, 8, 9, 10, 11, 12, 13, 14]",105,14,"[[0, 6], [6, 8], [8, 9], [5, 6], [4, 5], [9, 10], [3, 4], [10, 11], [11, 12], [12, 13], [2, 3], [12, 14], [1, 9], [7, 9]]"
DOA-V5B-POSTFREEZE-MST-TDOA-YAMAOKA2023-20260913,dicit,dicit,task2,recording13,180,12,0,37.09329749424703,35.01527780022978,-2.0780196940172573,2.0780196940172573,4.3181658487235755,0.6862302999943495,False,1,350.0,3500.0,-80.0,80.0,1.0,15,"[0, 1, 2, 3, 4, 5, 6, 7, 8, 9, 10, 11, 12, 13, 14]",105,14,"[[0, 6], [6, 8], [8, 9], [5, 6], [4, 5], [9, 10], [3, 4], [5, 12], [6, 11], [4, 13], [13, 14], [2, 12], [7, 9], [1, 12]]"
DOA-V5B-POSTFREEZE-MST-TDOA-YAMAOKA2023-20260913,dicit,dicit,task2,recording13,188,13,0,37.09329749424703,34.70675209586852,-2.38654539837853,2.38654539837853,5.695598938521737,0.7132559999954537,False,1,350.0,3500.0,-80.0,80.0,1.0,15,"[0, 1, 2, 3, 4, 5, 6, 7, 8, 9, 10, 11, 12, 13, 14]",105,14,"[[0, 6], [5, 6], [4, 5], [6, 8], [8, 9], [3, 4], [9, 10], [6, 12], [9, 11], [12, 13], [13, 14], [2, 13], [1, 13], [7, 9]]"
DOA-V5B-POSTFREEZE-MST-TDOA-YAMAOKA2023-20260913,dicit,dicit,task2,recording13,195,14,0,37.09329749424703,34.562220022875636,-2.5310774713713897,2.5310774713713897,6.406353166083788,0.75383320000401,False,1,350.0,3500.0,-80.0,80.0,1.0,15,"[0, 1, 2, 3, 4, 5, 6, 7, 8, 9, 10, 11, 12, 13, 14]",105,14,"[[0, 9], [8, 9], [6, 8], [5, 6], [4, 5], [9, 10], [3, 4], [9, 12], [12, 13], [10, 11], [13, 14], [2, 13], [1, 9], [7, 9]]"
DOA-V5B-POSTFREEZE-MST-TDOA-YAMAOKA2023-20260913,dicit,dicit,task2,recording13,203,15,0,37.09329749424703,34.67511681916055,-2.4181806750864894,2.4181806750864894,5.84759777736175,0.7342807000022731,False,1,350.0,3500.0,-80.0,80.0,1.0,15,"[0, 1, 2, 3, 4, 5, 6, 7, 8, 9, 10, 11, 12, 13, 14]",105,14,"[[0, 8], [8, 9], [6, 8], [5, 6], [4, 5], [9, 10], [3, 4], [10, 11], [8, 12], [12, 13], [13, 14], [2, 13], [7, 9], [1, 8]]"
DOA-V5B-POSTFREEZE-MST-TDOA-YAMAOKA2023-20260913,dicit,dicit,task2,recording13,345,16,1,13.660333597581072,12.015397018540995,-1.6449365790400634,1.6449365790400634,2.7058163490640266,0.7322298000071896,False,1,350.0,3500.0,-80.0,80.0,1.0,15,"[0, 1, 2, 3, 4, 5, 6, 7, 8, 9, 10, 11, 12, 13, 14]",105,14,"[[0, 6], [5, 6], [4, 5], [6, 8], [8, 9], [3, 4], [9, 10], [10, 11], [2, 3], [11, 12], [8, 13], [1, 6], [5, 14], [5, 7]]"
DOA-V5B-POSTFREEZE-MST-TDOA-YAMAOKA2023-20260913,dicit,dicit,task2,recording13,353,17,1,13.660333597581072,12.022638499412801,-1.6376950981682796,1.6376950981682796,2.682045234564411,0.7233731000014814,False,1,350.0,3500.0,-80.0,80.0,1.0,15,"[0, 1, 2, 3, 4, 5, 6, 7, 8, 9, 10, 11, 12, 13, 14]",105,14,"[[0, 4], [4, 5], [5, 6], [6, 8], [8, 9], [9, 10], [3, 4], [10, 11], [2, 3], [9, 12], [8, 13], [1, 6], [5, 14], [5, 7]]"
DOA-V5B-POSTFREEZE-MST-TDOA-YAMAOKA2023-20260913,dicit,dicit,task2,recording13,360,18,1,13.660333597581072,12.046985874310007,-1.6133477232710618,1.6133477232710618,2.6028908761839187,0.7390386000042781,False,1,350.0,3500.0,-80.0,80.0,1.0,15,"[0, 1, 2, 3, 4, 5, 6, 7, 8, 9, 10, 11, 12, 13, 14]",105,14,"[[0, 6], [6, 8], [8, 9], [5, 6], [4, 5], [9, 10], [3, 4], [10, 11], [2, 3], [10, 12], [8, 13], [1, 8], [4, 14], [5, 7]]"
DOA-V5B-POSTFREEZE-MST-TDOA-YAMAOKA2023-20260913,dicit,dicit,task2,recording13,368,19,1,13.660333597581072,12.0361747149575,-1.6241588826235613,1.6241588826235613,2.6378920760050155,0.724452200003725,False,1,350.0,3500.0,-80.0,80.0,1.0,15,"[0, 1, 2, 3, 4, 5, 6, 7, 8, 9, 10, 11, 12, 13, 14]",105,14,"[[0, 4], [4, 5], [5, 6], [6, 8], [8, 9], [9, 10], [3, 4], [10, 11], [2, 3], [9, 12], [8, 13], [1, 8], [5, 14], [4, 7]]"
DOA-V5B-POSTFREEZE-MST-TDOA-YAMAOKA2023-20260913,dicit,dicit,task2,recording7,108,0,0,-31.964655412220033,-21.167026238292156,10.797629173927874,10.797629173927874,116.58879577765833,0.709236199996667,False,1,350.0,3500.0,-80.0,80.0,1.0,15,"[0, 1, 2, 3, 4, 5, 6, 7, 8, 9, 10, 11, 12, 13, 14]",105,14,"[[0, 7], [0, 1], [0, 3], [3, 8], [6, 8], [5, 6], [8, 9], [4, 5], [2, 3], [6, 10], [9, 11], [3, 12], [4, 14], [13, 14]]"
DOA-V5B-POSTFREEZE-MST-TDOA-YAMAOKA2023-20260913,dicit,dicit,task2,recording7,109,1,0,-31.964655412220033,-13.206737489073257,18.757917923146778,18.757917923146778,351.8594848115111,0.7163712000037776,False,1,350.0,3500.0,-80.0,80.0,1.0,15,"[0, 1, 2, 3, 4, 5, 6, 7, 8, 9, 10, 11, 12, 13, 14]",105,14,"[[0, 7], [7, 9], [8, 9], [6, 8], [5, 6], [4, 5], [3, 8], [5, 10], [9, 11], [2, 3], [1, 5], [9, 12], [12, 13], [13, 14]]"
DOA-V5B-POSTFREEZE-MST-TDOA-YAMAOKA2023-20260913,dicit,dicit,task2,recording7,110,2,0,-31.964655412220033,-9.815533916312384,22.14912149590765,22.14912149590765,490.58358304047835,0.6962316999997711,False,1,350.0,3500.0,-80.0,80.0,1.0,15,"[0, 1, 2, 3, 4, 5, 6, 7, 8, 9, 10, 11, 12, 13, 14]",105,14,"[[0, 7], [0, 3], [3, 8], [8, 9], [6, 8], [5, 6], [4, 5], [9, 11], [10, 11], [2, 5], [1, 5], [11, 12], [12, 13], [13, 14]]"
DOA-V5B-POSTFREEZE-MST-TDOA-YAMAOKA2023-20260913,dicit,dicit,task2,recording7,111,3,0,-31.964655412220033,-9.19595884132324,22.768696570896793,22.768696570896793,518.4135435375674,0.7193097999988822,False,1,350.0,3500.0,-80.0,80.0,1.0,15,"[0, 1, 2, 3, 4, 5, 6, 7, 8, 9, 10, 11, 12, 13, 14]",105,14,"[[0, 7], [0, 3], [3, 8], [6, 8], [5, 6], [8, 9], [4, 5], [5, 10], [9, 11], [2, 3], [1, 4], [11, 12], [12, 13], [13, 14]]"
DOA-V5B-POSTFREEZE-MST-TDOA-YAMAOKA2023-20260913,dicit,dicit,task2,recording7,112,4,0,-31.964655412220033,-12.328517610149751,19.636137802070266,19.636137802070266,385.5779077818929,0.730368799995631,False,1,350.0,3500.0,-80.0,80.0,1.0,15,"[0, 1, 2, 3, 4, 5, 6, 7, 8, 9, 10, 11, 12, 13, 14]",105,14,"[[0, 7], [7, 9], [8, 9], [6, 8], [5, 6], [4, 5], [5, 10], [9, 11], [3, 8], [2, 3], [2, 13], [11, 12], [13, 14], [1, 5]]"
DOA-V5B-POSTFREEZE-MST-TDOA-YAMAOKA2023-20260913,dicit,dicit,task2,recording7,113,5,0,-31.964655412220033,-9.064015987679198,22.900639424540827,22.900639424540827,524.4392860528336,0.7214485999938915,False,1,350.0,3500.0,-80.0,80.0,1.0,15,"[0, 1, 2, 3, 4, 5, 6, 7, 8, 9, 10, 11, 12, 13, 14]",105,14,"[[0, 7], [0, 3], [3, 8], [6, 8], [5, 6], [8, 9], [4, 5], [5, 10], [9, 11], [2, 3], [11, 12], [12, 13], [13, 14], [1, 4]]"
DOA-V5B-POSTFREEZE-MST-TDOA-YAMAOKA2023-20260913,dicit,dicit,task2,recording7,114,6,0,-31.964655412220033,-9.080385564519334,22.884269847700693,22.884269847700693,523.6898064623831,0.7183243000035873,False,1,350.0,3500.0,-80.0,80.0,1.0,15,"[0, 1, 2, 3, 4, 5, 6, 7, 8, 9, 10, 11, 12, 13, 14]",105,14,"[[0, 7], [0, 3], [3, 8], [6, 8], [5, 6], [8, 9], [4, 5], [6, 10], [9, 11], [2, 3], [11, 12], [12, 13], [13, 14], [1, 4]]"
DOA-V5B-POSTFREEZE-MST-TDOA-YAMAOKA2023-20260913,dicit,dicit,task2,recording7,115,7,0,-31.964655412220033,-9.077637473566902,22.887017938653116,22.887017938653116,523.8155901242295,0.73808700000518,False,1,350.0,3500.0,-80.0,80.0,1.0,15,"[0, 1, 2, 3, 4, 5, 6, 7, 8, 9, 10, 11, 12, 13, 14]",105,14,"[[0, 7], [0, 3], [3, 8], [6, 8], [5, 6], [8, 9], [4, 5], [5, 10], [9, 11], [2, 3], [11, 12], [12, 13], [13, 14], [1, 4]]"
DOA-V5B-POSTFREEZE-MST-TDOA-YAMAOKA2023-20260913,dicit,dicit,task2,recording7,116,8,0,-31.964655412220033,-9.105184939714556,22.85947047250548,22.85947047250548,522.5553902833499,0.728467199995066,False,1,350.0,3500.0,-80.0,80.0,1.0,15,"[0, 1, 2, 3, 4, 5, 6, 7, 8, 9, 10, 11, 12, 13, 14]",105,14,"[[0, 7], [0, 3], [3, 8], [8, 9], [6, 8], [5, 6], [4, 5], [5, 10], [9, 11], [2, 3], [11, 12], [12, 13], [13, 14], [1, 4]]"
DOA-V5B-POSTFREEZE-MST-TDOA-YAMAOKA2023-20260913,dicit,dicit,task2,recording7,117,9,0,-31.964655412220033,-11.571364331918444,20.393291080301594,20.393291080301594,415.88632108590855,0.7714701000004425,False,1,350.0,3500.0,-80.0,80.0,1.0,15,"[0, 1, 2, 3, 4, 5, 6, 7, 8, 9, 10, 11, 12, 13, 14]",105,14,"[[0, 7], [0, 3], [3, 6], [5, 6], [6, 8], [8, 9], [4, 5], [5, 10], [9, 11], [2, 3], [0, 1], [11, 12], [4, 13], [13, 14]]"
DOA-V5B-POSTFREEZE-MST-TDOA-YAMAOKA2023-20260913,dicit,dicit,task2,recording7,119,10,0,-31.964655412220033,-19.84192502271025,12.122730389509798,12.122730389509798,146.96059209674436,0.7223907000006875,False,1,350.0,3500.0,-80.0,80.0,1.0,15,"[0, 1, 2, 3, 4, 5, 6, 7, 8, 9, 10, 11, 12, 13, 14]",105,14,"[[0, 7], [0, 3], [3, 6], [5, 6], [6, 8], [8, 9], [4, 5], [2, 3], [6, 10], [6, 11], [1, 4], [11, 12], [12, 13], [13, 14]]"
DOA-V5B-POSTFREEZE-MST-TDOA-YAMAOKA2023-20260913,dicit,dicit,task2,recording7,120,11,0,-31.964655412220033,-6.5595911184046525,25.40506429381537,25.40506429381537,645.4172917728927,0.7177041999966605,False,1,350.0,3500.0,-80.0,80.0,1.0,15,"[0, 1, 2, 3, 4, 5, 6, 7, 8, 9, 10, 11, 12, 13, 14]",105,14,"[[0, 7], [7, 9], [8, 9], [6, 8], [5, 6], [4, 5], [6, 11], [3, 6], [6, 10], [2, 3], [2, 13], [13, 14], [1, 5], [12, 13]]"
DOA-V5B-POSTFREEZE-MST-TDOA-YAMAOKA2023-20260913,dicit,dicit,task2,recording7,121,12,0,-31.964655412220033,-19.787080631278233,12.177574780941796,12.177574780941796,148.29332754542963,0.7327379999987897,False,1,350.0,3500.0,-80.0,80.0,1.0,15,"[0, 1, 2, 3, 4, 5, 6, 7, 8, 9, 10, 11, 12, 13, 14]",105,14,"[[0, 7], [0, 3], [2, 3], [2, 5], [5, 6], [6, 8], [8, 9], [4, 5], [6, 10], [6, 11], [1, 5], [11, 12], [12, 13], [13, 14]]"
DOA-V5B-POSTFREEZE-MST-TDOA-YAMAOKA2023-20260913,dicit,dicit,task2,recording7,122,13,0,-31.964655412220033,-19.743914233155433,12.22074117906459,12.22074117906459,149.34651496568497,0.7097083000044222,False,1,350.0,3500.0,-80.0,80.0,1.0,15,"[0, 1, 2, 3, 4, 5, 6, 7, 8, 9, 10, 11, 12, 13, 14]",105,14,"[[0, 7], [0, 3], [2, 3], [2, 5], [5, 6], [6, 8], [8, 9], [4, 5], [6, 10], [6, 11], [1, 5], [11, 12], [12, 13], [13, 14]]"
DOA-V5B-POSTFREEZE-MST-TDOA-YAMAOKA2023-20260913,dicit,dicit,task2,recording7,123,14,0,-31.964655412220033,-10.570744385758783,21.39391102646124,21.39391102646124,457.6994290081398,0.7221523999978672,False,1,350.0,3500.0,-80.0,80.0,1.0,15,"[0, 1, 2, 3, 4, 5, 6, 7, 8, 9, 10, 11, 12, 13, 14]",105,14,"[[0, 7], [7, 9], [8, 9], [6, 8], [5, 6], [4, 5], [6, 10], [3, 6], [2, 3], [6, 11], [0, 1], [2, 13], [13, 14], [11, 12]]"
DOA-V5B-POSTFREEZE-MST-TDOA-YAMAOKA2023-20260913,dicit,dicit,task2,recording7,124,15,0,-31.964655412220033,-11.392578360609154,20.572077051610876,20.572077051610876,423.2103542174148,0.7130107000048156,False,1,350.0,3500.0,-80.0,80.0,1.0,15,"[0, 1, 2, 3, 4, 5, 6, 7, 8, 9, 10, 11, 12, 13, 14]",105,14,"[[0, 7], [0, 3], [3, 6], [5, 6], [6, 8], [8, 9], [4, 5], [6, 10], [9, 11], [2, 3], [1, 5], [11, 12], [4, 13], [13, 14]]"
DOA-V5B-POSTFREEZE-MST-TDOA-YAMAOKA2023-20260913,dicit,dicit,task2,recording7,125,16,0,-31.964655412220033,-19.86474267763405,12.099912734585985,12.099912734585985,146.4078881845961,0.726695600002131,False,1,350.0,3500.0,-80.0,80.0,1.0,15,"[0, 1, 2, 3, 4, 5, 6, 7, 8, 9, 10, 11, 12, 13, 14]",105,14,"[[0, 7], [0, 3], [3, 6], [5, 6], [6, 8], [8, 9], [4, 5], [2, 3], [6, 10], [6, 11], [1, 5], [11, 12], [12, 13], [13, 14]]"
DOA-V5B-POSTFREEZE-MST-TDOA-YAMAOKA2023-20260913,dicit,dicit,task2,recording7,126,17,0,-31.964655412220033,-12.774198177114027,19.19045723510601,19.19045723510601,368.2736488924326,0.7227109000014025,False,1,350.0,3500.0,-80.0,80.0,1.0,15,"[0, 1, 2, 3, 4, 5, 6, 7, 8, 9, 10, 11, 12, 13, 14]",105,14,"[[0, 7], [7, 9], [8, 9], [6, 8], [5, 6], [4, 5], [6, 10], [3, 6], [2, 3], [9, 11], [4, 13], [13, 14], [1, 9], [11, 12]]"
DOA-V5B-POSTFREEZE-MST-TDOA-YAMAOKA2023-20260913,dicit,dicit,task2,recording7,127,18,0,-31.964655412220033,-16.39631075740532,15.568344654814723,15.568344654814723,242.37335529109816,0.722711900001741,False,1,350.0,3500.0,-80.0,80.0,1.0,15,"[0, 1, 2, 3, 4, 5, 6, 7, 8, 9, 10, 11, 12, 13, 14]",105,14,"[[0, 7], [0, 1], [7, 9], [8, 9], [6, 8], [5, 6], [4, 5], [3, 6], [2, 3], [9, 10], [6, 11], [7, 12], [4, 13], [13, 14]]"
DOA-V5B-POSTFREEZE-MST-TDOA-YAMAOKA2023-20260913,dicit,dicit,task2,recording7,128,19,0,-31.964655412220033,-26.37995207600727,5.584703336212755,5.584703336212755,31.188911353505873,0.7738632999971742,False,1,350.0,3500.0,-80.0,80.0,1.0,15,"[0, 1, 2, 3, 4, 5, 6, 7, 8, 9, 10, 11, 12, 13, 14]",105,14,"[[0, 7], [3, 7], [3, 6], [5, 6], [6, 8], [8, 9], [4, 5], [2, 3], [3, 10], [1, 4], [6, 11], [7, 12], [12, 13], [13, 14]]"
DOA-V5B-POSTFREEZE-MST-TDOA-YAMAOKA2023-20260913,dicit,dicit,task2,recording8,254,0,2,-1.9294241797764795,-2.0604433709581316,-0.13101919118165029,0.13101919118165029,0.017166028457893827,0.3232748000009451,False,1,350.0,3500.0,-80.0,80.0,1.0,15,"[0, 1, 2, 3, 4, 5, 6, 7, 8, 9, 10, 11, 12, 13, 14]",105,14,"[[0, 1], [1, 4], [4, 5], [5, 6], [6, 8], [8, 9], [3, 4], [9, 10], [2, 4], [9, 11], [8, 12], [5, 7], [10, 13], [8, 14]]"
DOA-V5B-POSTFREEZE-MST-TDOA-YAMAOKA2023-20260913,dicit,dicit,task2,recording8,255,1,2,-1.9294241797764795,-2.1295622651108985,-0.20013808533443012,0.20013808533443012,0.04005525320133163,0.3196650000027148,False,1,350.0,3500.0,-80.0,80.0,1.0,15,"[0, 1, 2, 3, 4, 5, 6, 7, 8, 9, 10, 11, 12, 13, 14]",105,14,"[[0, 9], [8, 9], [6, 8], [5, 6], [4, 5], [3, 4], [9, 10], [2, 4], [9, 11], [1, 4], [8, 12], [5, 7], [4, 13], [8, 14]]"
DOA-V5B-POSTFREEZE-MST-TDOA-YAMAOKA2023-20260913,dicit,dicit,task2,recording8,256,2,2,-1.9294241797764795,-2.084121215538517,-0.15469703576204097,0.15469703576204097,0.02393117287356218,0.3156558999980916,False,1,350.0,3500.0,-80.0,80.0,1.0,15,"[0, 1, 2, 3, 4, 5, 6, 7, 8, 9, 10, 11, 12, 13, 14]",105,14,"[[0, 1], [1, 4], [4, 5], [5, 6], [6, 8], [8, 9], [3, 4], [9, 10], [2, 4], [9, 11], [4, 12], [5, 7], [0, 13], [7, 14]]"
DOA-V5B-POSTFREEZE-MST-TDOA-YAMAOKA2023-20260913,dicit,dicit,task2,recording8,257,3,2,-1.9294241797764795,-2.0745608029884344,-0.14513662321195397,0.14513662321195397,0.021064639397368697,0.3247628999961307,False,1,350.0,3500.0,-80.0,80.0,1.0,15,"[0, 1, 2, 3, 4, 5, 6, 7, 8, 9, 10, 11, 12, 13, 14]",105,14,"[[0, 1], [1, 4], [4, 5], [5, 6], [6, 8], [8, 9], [3, 4], [9, 10], [2, 4], [9, 11], [5, 12], [0, 13], [5, 7], [7, 14]]"
DOA-V5B-POSTFREEZE-MST-TDOA-YAMAOKA2023-20260913,dicit,dicit,task2,recording8,258,4,2,-1.9294241797764795,-2.101083090220285,-0.17165891044379578,0.17165891044379578,0.0294667815347511,0.3167704999941634,False,1,350.0,3500.0,-80.0,80.0,1.0,15,"[0, 1, 2, 3, 4, 5, 6, 7, 8, 9, 10, 11, 12, 13, 14]",105,14,"[[0, 1], [1, 4], [4, 5], [5, 6], [6, 8], [8, 9], [3, 4], [9, 10], [2, 4], [4, 11], [4, 12], [5, 7], [0, 13], [7, 14]]"
DOA-V5B-POSTFREEZE-MST-TDOA-YAMAOKA2023-20260913,dicit,dicit,task2,recording8,259,5,2,-1.9294241797764795,-2.1373927093373615,-0.20796852956087264,0.20796852956087264,0.04325090928771156,0.31065880000096513,False,1,350.0,3500.0,-80.0,80.0,1.0,15,"[0, 1, 2, 3, 4, 5, 6, 7, 8, 9, 10, 11, 12, 13, 14]",105,14,"[[0, 1], [1, 4], [4, 5], [5, 6], [6, 8], [8, 9], [3, 4], [9, 10], [2, 3], [4, 11], [4, 12], [5, 13], [5, 7], [7, 14]]"
DOA-V5B-POSTFREEZE-MST-TDOA-YAMAOKA2023-20260913,dicit,dicit,task2,recording8,260,6,2,-1.9294241797764795,-2.1359233350514097,-0.20649915527494045,0.20649915527494045,0.042641901129263964,0.3053197999979602,False,1,350.0,3500.0,-80.0,80.0,1.0,15,"[0, 1, 2, 3, 4, 5, 6, 7, 8, 9, 10, 11, 12, 13, 14]",105,14,"[[0, 1], [1, 4], [4, 5], [5, 6], [6, 8], [8, 9], [3, 4], [9, 10], [2, 4], [4, 11], [4, 12], [5, 7], [5, 13], [7, 14]]"
DOA-V5B-POSTFREEZE-MST-TDOA-YAMAOKA2023-20260913,dicit,dicit,task2,recording8,261,7,2,-1.9294241797764795,-2.137487053779374,-0.20806287400290557,0.20806287400290557,0.04329015953834896,0.3138911999994889,False,1,350.0,3500.0,-80.0,80.0,1.0,15,"[0, 1, 2, 3, 4, 5, 6, 7, 8, 9, 10, 11, 12, 13, 14]",105,14,"[[0, 1], [1, 4], [4, 5], [5, 6], [6, 8], [8, 9], [3, 4], [9, 10], [2, 4], [9, 11], [4, 12], [4, 13], [5, 7], [7, 14]]"
DOA-V5B-POSTFREEZE-MST-TDOA-YAMAOKA2023-20260913,dicit,dicit,task2,recording8,262,8,2,-1.9294241797764795,-2.1023625413518943,-0.17293836157540454,0.17293836157540454,0.02990767690438536,0.33529879999696277,False,1,350.0,3500.0,-80.0,80.0,1.0,15,"[0, 1, 2, 3, 4, 5, 6, 7, 8, 9, 10, 11, 12, 13, 14]",105,14,"[[0, 1], [1, 4], [4, 5], [5, 6], [6, 8], [8, 9], [3, 4], [9, 10], [2, 4], [9, 11], [4, 12], [9, 13], [5, 7], [7, 14]]"
DOA-V5B-POSTFREEZE-MST-TDOA-YAMAOKA2023-20260913,dicit,dicit,task2,recording8,263,9,2,-1.9294241797764795,-2.1026698028735415,-0.17324562309707403,0.17324562309707403,0.030014045922293432,0.33440819999668747,False,1,350.0,3500.0,-80.0,80.0,1.0,15,"[0, 1, 2, 3, 4, 5, 6, 7, 8, 9, 10, 11, 12, 13, 14]",105,14,"[[0, 1], [1, 4], [4, 5], [5, 6], [6, 8], [8, 9], [3, 4], [9, 10], [2, 4], [9, 11], [4, 12], [9, 13], [5, 7], [7, 14]]"
DOA-V5B-POSTFREEZE-MST-TDOA-YAMAOKA2023-20260913,dicit,dicit,task2,recording8,264,10,2,-1.9294241797764795,-2.1037453135372575,-0.1743211337607704,0.1743211337607704,0.03038785767564041,0.3410561999990023,False,1,350.0,3500.0,-80.0,80.0,1.0,15,"[0, 1, 2, 3, 4, 5, 6, 7, 8, 9, 10, 11, 12, 13, 14]",105,14,"[[0, 1], [1, 4], [4, 5], [5, 6], [6, 8], [8, 9], [3, 4], [9, 10], [2, 4], [9, 11], [4, 12], [9, 13], [5, 7], [7, 14]]"
DOA-V5B-POSTFREEZE-MST-TDOA-YAMAOKA2023-20260913,dicit,dicit,task2,recording8,265,11,2,-1.9294241797764795,-2.0800201507409977,-0.15059597096453103,0.15059597096453103,0.022679146470749874,0.338481499995396,False,1,350.0,3500.0,-80.0,80.0,1.0,15,"[0, 1, 2, 3, 4, 5, 6, 7, 8, 9, 10, 11, 12, 13, 14]",105,14,"[[0, 1], [1, 4], [4, 5], [5, 6], [6, 8], [8, 9], [3, 4], [9, 10], [2, 4], [9, 11], [4, 12], [0, 13], [5, 7], [7, 14]]"
DOA-V5B-POSTFREEZE-MST-TDOA-YAMAOKA2023-20260913,dicit,dicit,task2,recording8,266,12,2,-1.9294241797764795,-2.070250105987252,-0.14082592621076628,0.14082592621076628,0.01983194149312019,0.33990150000317954,False,1,350.0,3500.0,-80.0,80.0,1.0,15,"[0, 1, 2, 3, 4, 5, 6, 7, 8, 9, 10, 11, 12, 13, 14]",105,14,"[[0, 1], [1, 4], [4, 5], [5, 6], [6, 8], [8, 9], [3, 4], [9, 10], [2, 4], [9, 11], [4, 12], [10, 13], [5, 7], [7, 14]]"
DOA-V5B-POSTFREEZE-MST-TDOA-YAMAOKA2023-20260913,dicit,dicit,task2,recording8,267,13,2,-1.9294241797764795,-2.081274398556971,-0.15185021878048133,0.15185021878048133,0.023058488943680042,0.34474950000003446,False,1,350.0,3500.0,-80.0,80.0,1.0,15,"[0, 1, 2, 3, 4, 5, 6, 7, 8, 9, 10, 11, 12, 13, 14]",105,14,"[[0, 1], [1, 4], [4, 5], [5, 6], [6, 8], [8, 9], [3, 4], [9, 10], [2, 4], [9, 11], [4, 12], [5, 7], [10, 13], [7, 14]]"
DOA-V5B-POSTFREEZE-MST-TDOA-YAMAOKA2023-20260913,dicit,dicit,task2,recording8,268,14,2,-1.9294241797764795,-2.086702643180975,-0.15727846340450924,0.15727846340450924,0.02473651505088355,0.3373183000003337,False,1,350.0,3500.0,-80.0,80.0,1.0,15,"[0, 1, 2, 3, 4, 5, 6, 7, 8, 9, 10, 11, 12, 13, 14]",105,14,"[[0, 1], [1, 4], [4, 5], [5, 6], [6, 8], [8, 9], [3, 4], [9, 10], [2, 3], [4, 11], [4, 12], [0, 13], [1, 7], [7, 14]]"
DOA-V5B-POSTFREEZE-MST-TDOA-YAMAOKA2023-20260913,dicit,dicit,task2,recording8,269,15,2,-1.9294241797764795,-2.1630954381073475,-0.23367125833087243,0.23367125833087243,0.05460225696993332,0.3399667000048794,False,1,350.0,3500.0,-80.0,80.0,1.0,15,"[0, 1, 2, 3, 4, 5, 6, 7, 8, 9, 10, 11, 12, 13, 14]",105,14,"[[0, 4], [4, 5], [5, 6], [6, 8], [8, 9], [3, 4], [9, 10], [2, 4], [4, 11], [1, 4], [1, 12], [4, 13], [5, 7], [1, 14]]"
DOA-V5B-POSTFREEZE-MST-TDOA-YAMAOKA2023-20260913,dicit,dicit,task3,recording1,358,0,0,23.30944395565854,15.855934595971808,-7.453509359686734,7.453509359686734,55.55480177493775,0.3356058999997913,False,1,350.0,3500.0,-80.0,80.0,1.0,15,"[0, 1, 2, 3, 4, 5, 6, 7, 8, 9, 10, 11, 12, 13, 14]",105,14,"[[0, 9], [8, 9], [6, 8], [5, 6], [4, 5], [9, 10], [3, 4], [9, 11], [2, 4], [11, 12], [12, 13], [9, 14], [1, 11], [3, 7]]"
DOA-V5B-POSTFREEZE-MST-TDOA-YAMAOKA2023-20260913,dicit,dicit,task3,recording1,451,1,0,23.487736612759672,21.402211701127978,-2.085524911631694,2.085524911631694,4.349414157036385,0.33790399999998044,False,1,350.0,3500.0,-80.0,80.0,1.0,15,"[0, 1, 2, 3, 4, 5, 6, 7, 8, 9, 10, 11, 12, 13, 14]",105,14,"[[0, 10], [9, 10], [8, 9], [6, 8], [5, 6], [4, 5], [3, 4], [10, 11], [11, 12], [12, 13], [2, 4], [9, 14], [3, 7], [1, 13]]"
DOA-V5B-POSTFREEZE-MST-TDOA-YAMAOKA2023-20260913,dicit,dicit,task3,recording1,544,2,0,23.041718740482548,21.273755280969215,-1.7679634595133393,1.7679634595133393,3.125694794174375,0.3417189999963739,False,1,350.0,3500.0,-80.0,80.0,1.0,15,"[0, 1, 2, 3, 4, 5, 6, 7, 8, 9, 10, 11, 12, 13, 14]",105,14,"[[0, 1], [1, 14], [9, 14], [8, 9], [6, 8], [5, 6], [4, 5], [9, 10], [3, 4], [10, 11], [2, 3], [11, 12], [12, 13], [3, 7]]"
DOA-V5B-POSTFREEZE-MST-TDOA-YAMAOKA2023-20260913,dicit,dicit,task3,recording1,694,3,0,26.359738128062272,22.144654644499205,-4.215083483563063,4.215083483563063,17.76692877340613,0.3382123000046704,False,1,350.0,3500.0,-80.0,80.0,1.0,15,"[0, 1, 2, 3, 4, 5, 6, 7, 8, 9, 10, 11, 12, 13, 14]",105,14,"[[0, 7], [7, 13], [12, 13], [13, 14], [11, 12], [10, 11], [9, 10], [8, 9], [6, 8], [5, 6], [4, 5], [3, 4], [2, 4], [1, 10]]"
DOA-V5B-POSTFREEZE-MST-TDOA-YAMAOKA2023-20260913,dicit,dicit,task3,recording1,786,4,0,25.55229228150559,24.55269493585774,-0.9995973456478566,0.9995973456478566,0.9991948534262406,0.33649460000015097,False,1,350.0,3500.0,-80.0,80.0,1.0,15,"[0, 1, 2, 3, 4, 5, 6, 7, 8, 9, 10, 11, 12, 13, 14]",105,14,"[[0, 7], [6, 7], [6, 8], [8, 9], [5, 6], [4, 5], [9, 10], [3, 4], [10, 11], [6, 13], [12, 13], [13, 14], [2, 3], [1, 9]]"
DOA-V5B-POSTFREEZE-MST-TDOA-YAMAOKA2023-20260913,dicit,dicit,task3,recording1,879,5,0,23.303329574215752,20.455802858786747,-2.8475267154290123,2.8475267154290123,8.10840839508194,0.3382063999961247,False,1,350.0,3500.0,-80.0,80.0,1.0,15,"[0, 1, 2, 3, 4, 5, 6, 7, 8, 9, 10, 11, 12, 13, 14]",105,14,"[[0, 4], [4, 5], [5, 6], [6, 8], [8, 9], [3, 4], [9, 10], [10, 11], [2, 3], [11, 12], [12, 13], [4, 7], [13, 14], [1, 6]]"
DOA-V5B-POSTFREEZE-MST-TDOA-YAMAOKA2023-20260913,dicit,dicit,task3,recording1,1045,6,0,22.38925431929911,20.430845775436154,-1.9584085438629586,1.9584085438629586,3.835364024675434,0.3433697000000393,False,1,350.0,3500.0,-80.0,80.0,1.0,15,"[0, 1, 2, 3, 4, 5, 6, 7, 8, 9, 10, 11, 12, 13, 14]",105,14,"[[0, 1], [1, 3], [3, 4], [4, 5], [5, 6], [6, 8], [8, 9], [9, 10], [10, 11], [2, 3], [11, 12], [12, 13], [13, 14], [7, 9]]"
DOA-V5B-POSTFREEZE-MST-TDOA-YAMAOKA2023-20260913,dicit,dicit,task3,recording1,1138,7,0,16.601608265096722,15.837140681129144,-0.764467583967587,0.764467583967587,0.5844106869372396,0.35052659999928437,False,1,350.0,3500.0,-80.0,80.0,1.0,15,"[0, 1, 2, 3, 4, 5, 6, 7, 8, 9, 10, 11, 12, 13, 14]",105,14,"[[0, 2], [2, 3], [3, 4], [4, 5], [5, 6], [6, 8], [8, 9], [9, 10], [10, 11], [1, 4], [0, 7], [11, 12], [12, 14], [13, 14]]"
DOA-V5B-POSTFREEZE-MST-TDOA-YAMAOKA2023-20260913,dicit,dicit,task3,recording1,1231,8,0,14.483857411648644,13.563424989680488,-0.9204324219681439,0.9204324219681439,0.8471958434101433,0.3381015999984811,False,1,350.0,3500.0,-80.0,80.0,1.0,15,"[0, 1, 2, 3, 4, 5, 6, 7, 8, 9, 10, 11, 12, 13, 14]",105,14,"[[0, 7], [0, 11], [10, 11], [9, 10], [8, 9], [6, 8], [5, 6], [4, 5], [3, 4], [11, 12], [2, 3], [12, 13], [13, 14], [1, 4]]"
DOA-V5B-POSTFREEZE-MST-TDOA-YAMAOKA2023-20260913,dicit,dicit,task3,recording1,1427,9,0,-13.149341655957025,0.7766881348323835,13.926029790789414,13.926029790789414,193.93430573395426,0.33738760000414914,False,1,350.0,3500.0,-80.0,80.0,1.0,15,"[0, 1, 2, 3, 4, 5, 6, 7, 8, 9, 10, 11, 12, 13, 14]",105,14,"[[0, 1], [1, 9], [8, 9], [6, 8], [5, 6], [4, 5], [3, 4], [2, 3], [9, 10], [6, 11], [1, 7], [10, 14], [13, 14], [4, 12]]"
DOA-V5B-POSTFREEZE-MST-TDOA-YAMAOKA2023-20260913,dicit,dicit,task3,recording1,1519,10,0,-29.684368333362492,-12.292755431949297,17.391612901413197,17.391612901413197,302.46819931260194,0.34051399999589194,False,1,350.0,3500.0,-80.0,80.0,1.0,15,"[0, 1, 2, 3, 4, 5, 6, 7, 8, 9, 10, 11, 12, 13, 14]",105,14,"[[0, 7], [4, 7], [4, 5], [5, 6], [6, 8], [8, 9], [3, 4], [9, 10], [2, 3], [1, 2], [10, 11], [5, 14], [13, 14], [4, 12]]"
DOA-V5B-POSTFREEZE-MST-TDOA-YAMAOKA2023-20260913,dicit,dicit,task3,recording1,1791,11,0,-45.694445756815604,-21.611668871981795,24.082776884833805,24.082776884833805,579.9801424846854,0.3454368000020622,False,1,350.0,3500.0,-80.0,80.0,1.0,15,"[0, 1, 2, 3, 4, 5, 6, 7, 8, 9, 10, 11, 12, 13, 14]",105,14,"[[0, 7], [0, 1], [0, 10], [8, 10], [8, 9], [6, 8], [5, 6], [4, 5], [3, 4], [2, 3], [10, 11], [3, 13], [9, 12], [13, 14]]"
DOA-V5B-POSTFREEZE-MST-TDOA-YAMAOKA2023-20260913,dicit,dicit,task3,recording1,1884,12,0,-32.13436773713757,-19.876923163625047,12.257444573512515,12.257444573512515,150.2449474727314,0.3359342999974615,False,1,350.0,3500.0,-80.0,80.0,1.0,15,"[0, 1, 2, 3, 4, 5, 6, 7, 8, 9, 10, 11, 12, 13, 14]",105,14,"[[0, 2], [0, 10], [9, 10], [8, 9], [6, 8], [5, 6], [4, 5], [3, 4], [0, 1], [10, 11], [5, 12], [0, 7], [12, 14], [13, 14]]"
DOA-V5B-POSTFREEZE-MST-TDOA-YAMAOKA2023-20260913,dicit,dicit,task3,recording1,1977,13,0,-24.210315805021686,-13.730040255114952,10.480275549906736,10.480275549906736,109.83617560197294,0.3398056999940309,False,1,350.0,3500.0,-80.0,80.0,1.0,15,"[0, 1, 2, 3, 4, 5, 6, 7, 8, 9, 10, 11, 12, 13, 14]",105,14,"[[0, 3], [3, 4], [4, 5], [5, 6], [6, 8], [8, 9], [9, 10], [0, 1], [1, 2], [10, 11], [2, 7], [3, 12], [10, 14], [13, 14]]"
DOA-V5B-POSTFREEZE-MST-TDOA-YAMAOKA2023-20260913,dicit,dicit,task3,recording1,2171,14,0,-12.059894548916171,0.21709411241244242,12.276988661328602,12.276988661328602,150.72445059039106,0.33828010000434006,False,1,350.0,3500.0,-80.0,80.0,1.0,15,"[0, 1, 2, 3, 4, 5, 6, 7, 8, 9, 10, 11, 12, 13, 14]",105,14,"[[0, 1], [1, 2], [2, 3], [3, 4], [4, 5], [5, 6], [6, 8], [8, 9], [9, 10], [4, 14], [13, 14], [10, 11], [12, 14], [4, 7]]"
DOA-V5B-POSTFREEZE-MST-TDOA-YAMAOKA2023-20260913,dicit,dicit,task3,recording1,2264,15,0,-16.306695984835557,-1.7048317665246417,14.601864218310908,14.601864218310908,213.21443864998844,0.3398084000000381,False,1,350.0,3500.0,-80.0,80.0,1.0,15,"[0, 1, 2, 3, 4, 5, 6, 7, 8, 9, 10, 11, 12, 13, 14]",105,14,"[[0, 4], [4, 5], [5, 6], [6, 8], [8, 9], [3, 4], [9, 10], [2, 3], [10, 11], [1, 2], [0, 7], [11, 12], [9, 13], [13, 14]]"
DOA-V5B-POSTFREEZE-MST-TDOA-YAMAOKA2023-20260913,dicit,dicit,task3,recording1,2356,16,0,-17.900441352578895,-3.2684696918312923,14.63197166074761,14.63197166074761,214.09459468092115,0.33912770000461023,False,1,350.0,3500.0,-80.0,80.0,1.0,15,"[0, 1, 2, 3, 4, 5, 6, 7, 8, 9, 10, 11, 12, 13, 14]",105,14,"[[0, 1], [0, 7], [0, 2], [2, 8], [8, 9], [6, 8], [5, 6], [4, 5], [3, 4], [9, 10], [10, 11], [11, 12], [12, 13], [13, 14]]"
DOA-V5B-POSTFREEZE-MST-TDOA-YAMAOKA2023-20260913,dicit,dicit,task3,recording1,2449,17,0,-14.12428893404409,-3.8175518027192377,10.306737131324837,10.306737131324837,106.22883029423014,0.33850340000208234,False,1,350.0,3500.0,-80.0,80.0,1.0,15,"[0, 1, 2, 3, 4, 5, 6, 7, 8, 9, 10, 11, 12, 13, 14]",105,14,"[[0, 1], [0, 2], [2, 3], [3, 4], [4, 5], [5, 6], [6, 8], [8, 9], [9, 10], [0, 7], [10, 11], [11, 12], [12, 13], [13, 14]]"
DOA-V5B-POSTFREEZE-MST-TDOA-YAMAOKA2023-20260913,dicit,dicit,task3,recording1,2640,18,0,-4.731932124420674,-6.371733044823234,-1.639800920402564,1.639800920402564,2.6889470585530963,0.3376968000011402,False,1,350.0,3500.0,-80.0,80.0,1.0,15,"[0, 1, 2, 3, 4, 5, 6, 7, 8, 9, 10, 11, 12, 13, 14]",105,14,"[[0, 7], [0, 1], [1, 2], [2, 4], [4, 5], [5, 6], [6, 8], [8, 9], [3, 4], [9, 10], [10, 11], [11, 12], [10, 14], [13, 14]]"
DOA-V5B-POSTFREEZE-MST-TDOA-YAMAOKA2023-20260913,dicit,dicit,task3,recording1,2733,19,0,2.8336509933475433,-1.8010400303959084,-4.634691023743443,4.634691023743443,21.480360885568043,0.3393988000025274,False,1,350.0,3500.0,-80.0,80.0,1.0,15,"[0, 1, 2, 3, 4, 5, 6, 7, 8, 9, 10, 11, 12, 13, 14]",105,14,"[[0, 1], [1, 2], [2, 3], [3, 4], [4, 5], [5, 6], [6, 8], [8, 9], [9, 10], [10, 11], [11, 12], [1, 7], [12, 14], [13, 14]]"
DOA-V5B-POSTFREEZE-MST-TDOA-YAMAOKA2023-20260913,dicit,dicit,task3,recording2,359,0,0,5.429482193438225,4.191821297824796,-1.2376608956134305,1.2376608956134305,1.5318044925306389,0.33936050000193063,False,1,350.0,3500.0,-80.0,80.0,1.0,15,"[0, 1, 2, 3, 4, 5, 6, 7, 8, 9, 10, 11, 12, 13, 14]",105,14,"[[0, 11], [10, 11], [8, 10], [8, 9], [6, 8], [5, 6], [4, 5], [3, 4], [2, 3], [11, 12], [1, 2], [12, 13], [3, 14], [7, 13]]"
DOA-V5B-POSTFREEZE-MST-TDOA-YAMAOKA2023-20260913,dicit,dicit,task3,recording2,419,1,0,5.14138954635075,4.313604589167419,-0.8277849571833258,0.8277849571833258,0.6852279353390005,0.34246469999925466,False,1,350.0,3500.0,-80.0,80.0,1.0,15,"[0, 1, 2, 3, 4, 5, 6, 7, 8, 9, 10, 11, 12, 13, 14]",105,14,"[[0, 11], [9, 11], [8, 9], [6, 8], [5, 6], [4, 5], [9, 10], [3, 4], [2, 5], [9, 12], [1, 5], [1, 13], [9, 14], [0, 7]]"
DOA-V5B-POSTFREEZE-MST-TDOA-YAMAOKA2023-20260913,dicit,dicit,task3,recording2,479,2,0,5.170767781565449,4.06176632147952,-1.1090014600859206,1.1090014600859206,1.2298842384727038,0.341938300000038,False,1,350.0,3500.0,-80.0,80.0,1.0,15,"[0, 1, 2, 3, 4, 5, 6, 7, 8, 9, 10, 11, 12, 13, 14]",105,14,"[[0, 9], [8, 9], [6, 8], [5, 6], [4, 5], [9, 10], [3, 4], [10, 11], [2, 3], [9, 12], [1, 5], [1, 13], [4, 7], [3, 14]]"
DOA-V5B-POSTFREEZE-MST-TDOA-YAMAOKA2023-20260913,dicit,dicit,task3,recording2,538,3,0,4.976400169525039,4.199859772541111,-0.7765403969839326,0.7765403969839326,0.6030149881479637,0.33876450000389013,False,1,350.0,3500.0,-80.0,80.0,1.0,15,"[0, 1, 2, 3, 4, 5, 6, 7, 8, 9, 10, 11, 12, 13, 14]",105,14,"[[0, 4], [4, 5], [5, 6], [6, 8], [8, 9], [9, 10], [3, 4], [10, 11], [2, 3], [3, 12], [1, 5], [1, 13], [3, 14], [4, 7]]"
DOA-V5B-POSTFREEZE-MST-TDOA-YAMAOKA2023-20260913,dicit,dicit,task3,recording2,733,4,0,7.597926414537593,6.170926986042997,-1.4269994284945824,1.4269994284945824,2.036327368923865,0.3391117999999551,False,1,350.0,3500.0,-80.0,80.0,1.0,15,"[0, 1, 2, 3, 4, 5, 6, 7, 8, 9, 10, 11, 12, 13, 14]",105,14,"[[0, 1], [1, 9], [8, 9], [6, 8], [5, 6], [4, 5], [3, 4], [9, 10], [2, 3], [5, 11], [11, 12], [12, 13], [6, 14], [6, 7]]"
DOA-V5B-POSTFREEZE-MST-TDOA-YAMAOKA2023-20260913,dicit,dicit,task3,recording2,793,5,0,6.232937600484915,5.091944657750804,-1.1409929427341012,1.1409929427341012,1.301864895369024,0.3373850999996648,False,1,350.0,3500.0,-80.0,80.0,1.0,15,"[0, 1, 2, 3, 4, 5, 6, 7, 8, 9, 10, 11, 12, 13, 14]",105,14,"[[0, 3], [3, 4], [4, 5], [5, 6], [6, 8], [8, 9], [9, 10], [10, 11], [2, 3], [4, 12], [1, 3], [1, 13], [4, 7], [8, 14]]"
DOA-V5B-POSTFREEZE-MST-TDOA-YAMAOKA2023-20260913,dicit,dicit,task3,recording2,853,6,0,2.9176360244790307,4.6664885970819725,1.7488525726029422,1.7488525726029422,3.0584853206999294,0.33656429999973625,False,1,350.0,3500.0,-80.0,80.0,1.0,15,"[0, 1, 2, 3, 4, 5, 6, 7, 8, 9, 10, 11, 12, 13, 14]",105,14,"[[0, 2], [2, 3], [3, 4], [4, 5], [5, 6], [6, 8], [8, 9], [9, 10], [10, 11], [11, 12], [1, 3], [4, 7], [12, 13], [13, 14]]"
DOA-V5B-POSTFREEZE-MST-TDOA-YAMAOKA2023-20260913,dicit,dicit,task3,recording2,1100,7,0,-10.457721290574508,-4.773433211934737,5.684288078639781,5.684288078639781,32.31113096096634,0.3416125000003376,False,1,350.0,3500.0,-80.0,80.0,1.0,15,"[0, 1, 2, 3, 4, 5, 6, 7, 8, 9, 10, 11, 12, 13, 14]",105,14,"[[0, 7], [0, 2], [2, 3], [3, 4], [4, 5], [5, 6], [6, 8], [8, 9], [9, 10], [9, 11], [1, 2], [9, 12], [11, 13], [12, 14]]"
DOA-V5B-POSTFREEZE-MST-TDOA-YAMAOKA2023-20260913,dicit,dicit,task3,recording2,1159,8,0,-18.87657706717608,-13.298173159635311,5.578403907540775,5.578403907540775,31.118590155666183,0.33966569999756757,False,1,350.0,3500.0,-80.0,80.0,1.0,15,"[0, 1, 2, 3, 4, 5, 6, 7, 8, 9, 10, 11, 12, 13, 14]",105,14,"[[0, 7], [0, 2], [2, 3], [3, 4], [4, 5], [5, 6], [6, 8], [8, 9], [9, 10], [10, 11], [1, 9], [4, 14], [13, 14], [2, 12]]"
DOA-V5B-POSTFREEZE-MST-TDOA-YAMAOKA2023-20260913,dicit,dicit,task3,recording2,1219,9,0,-20.69953896839223,-14.451298545083066,6.24824042330917,6.24824042330917,39.04050838747475,0.33621280000079423,False,1,350.0,3500.0,-80.0,80.0,1.0,15,"[0, 1, 2, 3, 4, 5, 6, 7, 8, 9, 10, 11, 12, 13, 14]",105,14,"[[0, 1], [1, 2], [2, 3], [3, 4], [4, 5], [5, 6], [6, 8], [8, 9], [9, 10], [10, 11], [1, 7], [9, 12], [11, 14], [13, 14]]"
DOA-V5B-POSTFREEZE-MST-TDOA-YAMAOKA2023-20260913,dicit,dicit,task3,recording2,1425,10,0,-16.63944764445062,-16.352321576490045,0.28712606796057116,0.28712606796057116,0.08244137890249853,0.3397028999970644,False,1,350.0,3500.0,-80.0,80.0,1.0,15,"[0, 1, 2, 3, 4, 5, 6, 7, 8, 9, 10, 11, 12, 13, 14]",105,14,"[[0, 1], [1, 2], [2, 3], [3, 4], [4, 5], [5, 6], [6, 8], [8, 9], [9, 10], [10, 11], [1, 7], [10, 12], [4, 14], [6, 13]]"
DOA-V5B-POSTFREEZE-MST-TDOA-YAMAOKA2023-20260913,dicit,dicit,task3,recording2,1485,11,0,-8.743381343023302,-13.386705836121248,-4.643324493097936,4.643324493097936,21.5604623482032,0.33755419999943115,False,1,350.0,3500.0,-80.0,80.0,1.0,15,"[0, 1, 2, 3, 4, 5, 6, 7, 8, 9, 10, 11, 12, 13, 14]",105,14,"[[0, 7], [1, 7], [1, 2], [2, 3], [3, 4], [4, 5], [5, 6], [6, 8], [8, 9], [9, 10], [10, 11], [10, 12], [11, 14], [12, 13]]"
DOA-V5B-POSTFREEZE-MST-TDOA-YAMAOKA2023-20260913,dicit,dicit,task3,recording2,1544,12,0,-2.7662171528038737,-5.246035143551073,-2.4798179907471933,2.4798179907471933,6.149497267233447,0.3373161000054097,False,1,350.0,3500.0,-80.0,80.0,1.0,15,"[0, 1, 2, 3, 4, 5, 6, 7, 8, 9, 10, 11, 12, 13, 14]",105,14,"[[0, 2], [2, 3], [3, 4], [4, 5], [5, 6], [6, 8], [8, 9], [9, 10], [10, 11], [1, 11], [1, 7], [11, 12], [12, 14], [13, 14]]"
DOA-V5B-POSTFREEZE-MST-TDOA-YAMAOKA2023-20260913,dicit,dicit,task3,recording2,1604,13,0,6.23946829893194,-1.490935632972699,-7.730403931904647,7.730403931904647,59.75914495040682,0.34288359999482054,False,1,350.0,3500.0,-80.0,80.0,1.0,15,"[0, 1, 2, 3, 4, 5, 6, 7, 8, 9, 10, 11, 12, 13, 14]",105,14,"[[0, 7], [1, 7], [1, 2], [2, 3], [3, 4], [4, 5], [5, 6], [6, 8], [8, 9], [9, 10], [10, 11], [11, 12], [12, 13], [13, 14]]"
DOA-V5B-POSTFREEZE-MST-TDOA-YAMAOKA2023-20260913,dicit,dicit,task3,recording2,1849,14,0,36.543878759725864,29.8933391234665,-6.650539636259367,6.650539636259367,44.22967745345687,0.3406214999995427,False,1,350.0,3500.0,-80.0,80.0,1.0,15,"[0, 1, 2, 3, 4, 5, 6, 7, 8, 9, 10, 11, 12, 13, 14]",105,14,"[[0, 3], [3, 4], [4, 5], [5, 6], [6, 8], [8, 9], [9, 10], [10, 14], [13, 14], [12, 13], [11, 14], [2, 3], [1, 6], [7, 13]]"
DOA-V5B-POSTFREEZE-MST-TDOA-YAMAOKA2023-20260913,dicit,dicit,task3,recording2,1909,15,0,42.30630358355827,29.865084314959866,-12.441219268598388,12.441219268598388,154.7839368893438,0.34178410000458825,False,1,350.0,3500.0,-80.0,80.0,1.0,15,"[0, 1, 2, 3, 4, 5, 6, 7, 8, 9, 10, 11, 12, 13, 14]",105,14,"[[0, 3], [3, 4], [4, 5], [5, 6], [6, 8], [8, 9], [9, 10], [10, 14], [13, 14], [12, 13], [10, 11], [2, 3], [1, 8], [7, 10]]"
DOA-V5B-POSTFREEZE-MST-TDOA-YAMAOKA2023-20260913,dicit,dicit,task3,recording2,1969,16,0,47.916443396749585,31.935781159212052,-15.98066223753753,15.98066223753753,255.38156555025802,0.34118849999504164,False,1,350.0,3500.0,-80.0,80.0,1.0,15,"[0, 1, 2, 3, 4, 5, 6, 7, 8, 9, 10, 11, 12, 13, 14]",105,14,"[[0, 4], [4, 5], [5, 6], [6, 8], [8, 9], [9, 10], [3, 4], [10, 11], [11, 12], [12, 14], [13, 14], [2, 3], [1, 2], [6, 7]]"
DOA-V5B-POSTFREEZE-MST-TDOA-YAMAOKA2023-20260913,dicit,dicit,task3,recording2,2028,17,0,48.12274722196784,37.05057228190397,-11.07217494006386,11.07217494006386,122.59305790337814,0.3362524999974994,False,1,350.0,3500.0,-80.0,80.0,1.0,15,"[0, 1, 2, 3, 4, 5, 6, 7, 8, 9, 10, 11, 12, 13, 14]",105,14,"[[0, 4], [4, 5], [5, 6], [6, 8], [8, 9], [9, 10], [3, 4], [10, 11], [2, 3], [1, 2], [11, 14], [13, 14], [12, 14], [1, 7]]"
DOA-V5B-POSTFREEZE-MST-TDOA-YAMAOKA2023-20260913,dicit,dicit,task3,recording2,2425,18,0,18.04316853580004,15.302635487820767,-2.7405330479792838,2.7405330479792838,7.510521387066623,0.33913729999767384,False,1,350.0,3500.0,-80.0,80.0,1.0,15,"[0, 1, 2, 3, 4, 5, 6, 7, 8, 9, 10, 11, 12, 13, 14]",105,14,"[[0, 7], [1, 7], [3, 7], [3, 4], [4, 5], [5, 6], [6, 8], [8, 9], [9, 10], [10, 11], [2, 3], [11, 13], [12, 13], [12, 14]]"
DOA-V5B-POSTFREEZE-MST-TDOA-YAMAOKA2023-20260913,dicit,dicit,task3,recording2,2485,19,0,15.25712005353441,14.514425557485342,-0.7426944960490687,0.7426944960490687,0.55159511446158,0.33854750000318745,False,1,350.0,3500.0,-80.0,80.0,1.0,15,"[0, 1, 2, 3, 4, 5, 6, 7, 8, 9, 10, 11, 12, 13, 14]",105,14,"[[0, 7], [3, 7], [3, 4], [4, 5], [5, 6], [6, 8], [8, 9], [9, 10], [10, 11], [2, 3], [11, 12], [11, 13], [1, 7], [12, 14]]"
DOA-V5B-POSTFREEZE-MST-TDOA-YAMAOKA2023-20260913,dicit,dicit,task3,recording3,241,0,0,23.99060679521791,21.174130559827113,-2.816476235390809,2.816476235390809,7.932538384521183,0.3369364999962272,False,1,350.0,3500.0,-80.0,80.0,1.0,15,"[0, 1, 2, 3, 4, 5, 6, 7, 8, 9, 10, 11, 12, 13, 14]",105,14,"[[0, 7], [0, 1], [1, 11], [10, 11], [9, 10], [8, 9], [6, 8], [5, 6], [4, 5], [3, 4], [11, 12], [12, 13], [13, 14], [2, 3]]"
DOA-V5B-POSTFREEZE-MST-TDOA-YAMAOKA2023-20260913,dicit,dicit,task3,recording3,341,1,0,27.92244023539982,22.115094365514665,-5.807345869885154,5.807345869885154,33.72526605247216,0.33775169999717036,False,1,350.0,3500.0,-80.0,80.0,1.0,15,"[0, 1, 2, 3, 4, 5, 6, 7, 8, 9, 10, 11, 12, 13, 14]",105,14,"[[0, 7], [7, 13], [12, 13], [11, 12], [10, 11], [9, 10], [8, 9], [6, 8], [5, 6], [4, 5], [3, 4], [13, 14], [2, 3], [1, 10]]"
DOA-V5B-POSTFREEZE-MST-TDOA-YAMAOKA2023-20260913,dicit,dicit,task3,recording3,441,2,0,31.95846888121074,26.77581237605205,-5.18265650515869,5.18265650515869,26.859928450463684,0.3389831999957096,False,1,350.0,3500.0,-80.0,80.0,1.0,15,"[0, 1, 2, 3, 4, 5, 6, 7, 8, 9, 10, 11, 12, 13, 14]",105,14,"[[0, 11], [10, 11], [9, 10], [8, 9], [6, 8], [5, 6], [4, 5], [3, 4], [11, 12], [12, 13], [13, 14], [2, 3], [1, 6], [7, 9]]"
DOA-V5B-POSTFREEZE-MST-TDOA-YAMAOKA2023-20260913,dicit,dicit,task3,recording3,605,3,0,42.92381453997815,33.47472234921331,-9.449092190764844,9.449092190764844,89.28534322957316,0.33860850000201026,False,1,350.0,3500.0,-80.0,80.0,1.0,15,"[0, 1, 2, 3, 4, 5, 6, 7, 8, 9, 10, 11, 12, 13, 14]",105,14,"[[0, 6], [6, 8], [8, 9], [5, 6], [4, 5], [9, 10], [3, 4], [10, 11], [9, 12], [12, 13], [13, 14], [2, 3], [1, 2], [4, 7]]"
DOA-V5B-POSTFREEZE-MST-TDOA-YAMAOKA2023-20260913,dicit,dicit,task3,recording3,705,4,0,48.35378967651029,42.06288043622562,-6.2909092402846625,6.2909092402846625,39.57553906949895,0.3424285000000964,False,1,350.0,3500.0,-80.0,80.0,1.0,15,"[0, 1, 2, 3, 4, 5, 6, 7, 8, 9, 10, 11, 12, 13, 14]",105,14,"[[0, 8], [8, 9], [6, 8], [5, 6], [4, 5], [9, 10], [3, 4], [6, 12], [12, 13], [13, 14], [11, 12], [2, 12], [1, 5], [5, 7]]"
DOA-V5B-POSTFREEZE-MST-TDOA-YAMAOKA2023-20260913,dicit,dicit,task3,recording3,806,5,0,34.80215279037082,37.696970563411234,2.8948177730404154,2.8948177730404154,8.379969939110671,0.33717060000344645,False,1,350.0,3500.0,-80.0,80.0,1.0,15,"[0, 1, 2, 3, 4, 5, 6, 7, 8, 9, 10, 11, 12, 13, 14]",105,14,"[[0, 1], [1, 5], [5, 6], [6, 8], [8, 9], [4, 5], [9, 10], [3, 4], [2, 8], [6, 11], [8, 12], [3, 7], [11, 13], [13, 14]]"
DOA-V5B-POSTFREEZE-MST-TDOA-YAMAOKA2023-20260913,dicit,dicit,task3,recording3,968,6,0,14.341775696464131,8.690152235763373,-5.651623460700762,5.651623460700762,31.940847741543255,0.339969700005895,False,1,350.0,3500.0,-80.0,80.0,1.0,15,"[0, 1, 2, 3, 4, 5, 6, 7, 8, 9, 10, 11, 12, 13, 14]",105,14,"[[0, 7], [0, 1], [1, 8], [6, 8], [8, 9], [5, 6], [4, 5], [9, 10], [3, 4], [10, 11], [2, 3], [11, 12], [12, 13], [13, 14]]"
DOA-V5B-POSTFREEZE-MST-TDOA-YAMAOKA2023-20260913,dicit,dicit,task3,recording3,1068,7,0,12.156938612343923,3.6911650375132985,-8.46577357483062,8.46577357483062,71.66932222030043,0.3449508000048809,False,1,350.0,3500.0,-80.0,80.0,1.0,15,"[0, 1, 2, 3, 4, 5, 6, 7, 8, 9, 10, 11, 12, 13, 14]",105,14,"[[0, 7], [0, 1], [1, 2], [2, 3], [3, 4], [4, 5], [5, 6], [6, 8], [8, 9], [9, 10], [10, 11], [5, 12], [6, 13], [13, 14]]"
DOA-V5B-POSTFREEZE-MST-TDOA-YAMAOKA2023-20260913,dicit,dicit,task3,recording3,1168,8,0,8.918654891526709,4.730340935698596,-4.188313955828107,4.188313955828107,17.54197379258449,0.33841759999631904,False,1,350.0,3500.0,-80.0,80.0,1.0,15,"[0, 1, 2, 3, 4, 5, 6, 7, 8, 9, 10, 11, 12, 13, 14]",105,14,"[[0, 7], [0, 1], [1, 4], [4, 5], [5, 6], [6, 8], [8, 9], [9, 10], [3, 4], [10, 11], [2, 3], [5, 12], [2, 13], [13, 14]]"
DOA-V5B-POSTFREEZE-MST-TDOA-YAMAOKA2023-20260913,dicit,dicit,task3,recording3,1343,9,0,3.427663586737819,3.9537576706859654,0.526094083948152,0.526094083948152,0.27677498516524524,0.3610631999981706,False,1,350.0,3500.0,-80.0,80.0,1.0,15,"[0, 1, 2, 3, 4, 5, 6, 7, 8, 9, 10, 11, 12, 13, 14]",105,14,"[[0, 4], [4, 5], [5, 6], [6, 8], [8, 9], [9, 10], [3, 4], [10, 11], [2, 4], [11, 12], [1, 2], [0, 7], [1, 13], [13, 14]]"
DOA-V5B-POSTFREEZE-MST-TDOA-YAMAOKA2023-20260913,dicit,dicit,task3,recording3,1443,10,0,-0.09565725697015906,3.6991141842800386,3.794771441250191,3.794771441250191,14.400290291328051,0.3487766000034753,False,1,350.0,3500.0,-80.0,80.0,1.0,15,"[0, 1, 2, 3, 4, 5, 6, 7, 8, 9, 10, 11, 12, 13, 14]",105,14,"[[0, 1], [1, 9], [8, 9], [6, 8], [5, 6], [4, 5], [9, 10], [3, 4], [2, 3], [10, 11], [11, 12], [1, 7], [1, 13], [13, 14]]"
DOA-V5B-POSTFREEZE-MST-TDOA-YAMAOKA2023-20260913,dicit,dicit,task3,recording3,1662,11,0,-6.203883432185801,-5.555071600035349,0.648811832150443,0.648811832150443,0.42095679353841464,0.34728200000245124,False,1,350.0,3500.0,-80.0,80.0,1.0,15,"[0, 1, 2, 3, 4, 5, 6, 7, 8, 9, 10, 11, 12, 13, 14]",105,14,"[[0, 9], [8, 9], [6, 8], [5, 6], [4, 5], [3, 4], [9, 10], [2, 5], [1, 8], [9, 11], [11, 12], [7, 8], [6, 13], [13, 14]]"
DOA-V5B-POSTFREEZE-MST-TDOA-YAMAOKA2023-20260913,dicit,dicit,task3,recording3,1762,12,0,-5.526431205595317,-5.347872274546355,0.17855893104896836,0.17855893104896836,0.03188329185735024,0.34555140000156825,False,1,350.0,3500.0,-80.0,80.0,1.0,15,"[0, 1, 2, 3, 4, 5, 6, 7, 8, 9, 10, 11, 12, 13, 14]",105,14,"[[0, 7], [0, 12], [4, 12], [4, 5], [5, 6], [6, 8], [8, 9], [3, 4], [9, 10], [2, 3], [10, 11], [1, 5], [5, 13], [4, 14]]"
DOA-V5B-POSTFREEZE-MST-TDOA-YAMAOKA2023-20260913,dicit,dicit,task3,recording3,1907,13,0,-15.574502632779867,-9.710146568407298,5.864356064372572,5.864356064372572,34.390672049743365,0.34415550000267103,False,1,350.0,3500.0,-80.0,80.0,1.0,15,"[0, 1, 2, 3, 4, 5, 6, 7, 8, 9, 10, 11, 12, 13, 14]",105,14,"[[0, 1], [1, 2], [2, 3], [3, 4], [4, 5], [5, 6], [6, 8], [8, 9], [9, 10], [10, 11], [0, 7], [10, 12], [10, 14], [2, 13]]"
DOA-V5B-POSTFREEZE-MST-TDOA-YAMAOKA2023-20260913,dicit,dicit,task3,recording3,2007,14,0,-26.44130053775045,-17.434162587744648,9.007137950005813,9.007137950005813,81.12853405043492,0.33603169999696547,False,1,350.0,3500.0,-80.0,80.0,1.0,15,"[0, 1, 2, 3, 4, 5, 6, 7, 8, 9, 10, 11, 12, 13, 14]",105,14,"[[0, 7], [1, 7], [1, 2], [2, 3], [3, 4], [4, 5], [5, 6], [6, 8], [8, 9], [9, 10], [10, 11], [11, 14], [13, 14], [12, 14]]"
DOA-V5B-POSTFREEZE-MST-TDOA-YAMAOKA2023-20260913,dicit,dicit,task3,recording3,2201,15,0,-21.165932295157763,-15.947312908287415,5.218619386870358,5.218619386870358,27.233988305019153,0.3433517000012216,False,1,350.0,3500.0,-80.0,80.0,1.0,15,"[0, 1, 2, 3, 4, 5, 6, 7, 8, 9, 10, 11, 12, 13, 14]",105,14,"[[0, 1], [1, 2], [2, 3], [3, 4], [4, 5], [5, 6], [6, 8], [8, 9], [9, 10], [10, 11], [0, 7], [11, 12], [6, 14], [13, 14]]"
DOA-V5B-POSTFREEZE-MST-TDOA-YAMAOKA2023-20260913,dicit,dicit,task3,recording3,2301,16,0,-17.59667640425104,-9.184312103715072,8.412364300535955,8.412364300535955,70.7678731249318,0.3380618999945,False,1,350.0,3500.0,-80.0,80.0,1.0,15,"[0, 1, 2, 3, 4, 5, 6, 7, 8, 9, 10, 11, 12, 13, 14]",105,14,"[[0, 1], [0, 2], [2, 3], [3, 4], [4, 5], [5, 6], [6, 8], [8, 9], [9, 10], [10, 11], [0, 7], [11, 12], [7, 13], [13, 14]]"
DOA-V5B-POSTFREEZE-MST-TDOA-YAMAOKA2023-20260913,dicit,dicit,task3,recording3,2473,17,0,-16.127732888452552,-16.474729459572032,-0.3469965711194902,0.3469965711194902,0.12040662036868344,0.33253740000509424,False,1,350.0,3500.0,-80.0,80.0,1.0,15,"[0, 1, 2, 3, 4, 5, 6, 7, 8, 9, 10, 11, 12, 13, 14]",105,14,"[[0, 1], [0, 2], [2, 3], [3, 4], [4, 5], [5, 6], [6, 8], [8, 9], [9, 10], [0, 7], [10, 11], [4, 14], [13, 14], [0, 12]]"
DOA-V5B-POSTFREEZE-MST-TDOA-YAMAOKA2023-20260913,dicit,dicit,task3,recording3,2573,18,0,-20.30664727506696,-16.723348641459214,3.5832986336077397,3.5832986336077397,12.840029097615094,0.33322380000026897,False,1,350.0,3500.0,-80.0,80.0,1.0,15,"[0, 1, 2, 3, 4, 5, 6, 7, 8, 9, 10, 11, 12, 13, 14]",105,14,"[[0, 1], [1, 2], [2, 3], [3, 4], [4, 5], [5, 6], [6, 8], [8, 9], [9, 10], [0, 7], [10, 11], [1, 12], [3, 14], [13, 14]]"
DOA-V5B-POSTFREEZE-MST-TDOA-YAMAOKA2023-20260913,dicit,dicit,task3,recording3,2673,19,0,-23.33491159552897,-19.431269080389537,3.9036425151394383,3.9036425151394383,15.23842488600416,0.341943600004015,False,1,350.0,3500.0,-80.0,80.0,1.0,15,"[0, 1, 2, 3, 4, 5, 6, 7, 8, 9, 10, 11, 12, 13, 14]",105,14,"[[0, 1], [1, 2], [2, 3], [3, 4], [4, 5], [5, 6], [6, 8], [8, 9], [9, 10], [0, 7], [10, 11], [9, 12], [1, 14], [13, 14]]"
DOA-V5B-POSTFREEZE-MST-TDOA-YAMAOKA2023-20260913,dicit,dicit,task3,recording4,298,0,0,-20.767351465907172,-19.460428522881532,1.3069229430256541,1.3069229430256541,1.7080475790068372,0.3385901000001468,False,1,350.0,3500.0,-80.0,80.0,1.0,15,"[0, 1, 2, 3, 4, 5, 6, 7, 8, 9, 10, 11, 12, 13, 14]",105,14,"[[0, 2], [0, 1], [0, 3], [3, 4], [4, 5], [5, 6], [6, 8], [8, 9], [9, 10], [2, 7], [1, 11], [9, 12], [2, 14], [0, 13]]"
DOA-V5B-POSTFREEZE-MST-TDOA-YAMAOKA2023-20260913,dicit,dicit,task3,recording4,409,1,0,-14.643619169023166,-17.76504211267283,-3.1214229436496623,3.1214229436496623,9.743281193142524,0.3461349999997765,False,1,350.0,3500.0,-80.0,80.0,1.0,15,"[0, 1, 2, 3, 4, 5, 6, 7, 8, 9, 10, 11, 12, 13, 14]",105,14,"[[0, 1], [1, 2], [2, 3], [3, 4], [4, 5], [5, 6], [6, 8], [8, 9], [9, 10], [10, 11], [5, 12], [1, 7], [11, 14], [13, 14]]"
DOA-V5B-POSTFREEZE-MST-TDOA-YAMAOKA2023-20260913,dicit,dicit,task3,recording4,560,2,0,-0.5462826612814051,-1.9211563100597457,-1.3748736487783333,1.3748736487783333,1.8902775501050477,0.33994199999870034,False,1,350.0,3500.0,-80.0,80.0,1.0,15,"[0, 1, 2, 3, 4, 5, 6, 7, 8, 9, 10, 11, 12, 13, 14]",105,14,"[[0, 7], [0, 1], [1, 2], [2, 3], [3, 4], [4, 5], [5, 6], [6, 8], [8, 9], [9, 10], [5, 11], [5, 13], [1, 12], [8, 14]]"
DOA-V5B-POSTFREEZE-MST-TDOA-YAMAOKA2023-20260913,dicit,dicit,task3,recording4,671,3,0,-2.3970732209995513,-1.9558252413442172,0.4412479796553441,0.4412479796553441,0.19469977954992299,0.3413407000043662,False,1,350.0,3500.0,-80.0,80.0,1.0,15,"[0, 1, 2, 3, 4, 5, 6, 7, 8, 9, 10, 11, 12, 13, 14]",105,14,"[[0, 1], [1, 2], [2, 3], [3, 4], [4, 5], [5, 6], [6, 8], [8, 9], [9, 10], [10, 11], [5, 12], [8, 14], [5, 13], [0, 7]]"
DOA-V5B-POSTFREEZE-MST-TDOA-YAMAOKA2023-20260913,dicit,dicit,task3,recording4,782,4,0,-7.09216732994573,-3.818053149595943,3.274114180349784,3.274114180349784,10.719823665967537,0.33673629999975674,False,1,350.0,3500.0,-80.0,80.0,1.0,15,"[0, 1, 2, 3, 4, 5, 6, 7, 8, 9, 10, 11, 12, 13, 14]",105,14,"[[0, 7], [0, 1], [1, 3], [3, 4], [4, 5], [5, 6], [6, 8], [8, 9], [9, 10], [2, 3], [10, 11], [6, 12], [9, 13], [6, 14]]"
DOA-V5B-POSTFREEZE-MST-TDOA-YAMAOKA2023-20260913,dicit,dicit,task3,recording4,993,5,0,4.956399228846396,-0.8179383819130647,-5.77433761075946,5.77433761075946,33.34297484303127,0.34016780000092695,False,1,350.0,3500.0,-80.0,80.0,1.0,15,"[0, 1, 2, 3, 4, 5, 6, 7, 8, 9, 10, 11, 12, 13, 14]",105,14,"[[0, 7], [0, 1], [1, 2], [2, 3], [3, 4], [4, 5], [5, 6], [6, 8], [8, 9], [9, 10], [10, 11], [11, 12], [12, 13], [13, 14]]"
DOA-V5B-POSTFREEZE-MST-TDOA-YAMAOKA2023-20260913,dicit,dicit,task3,recording4,1132,6,0,19.484568284429027,14.283064687069144,-5.201503597359874,5.201503597359874,27.055639673347713,0.33609740000247257,False,1,350.0,3500.0,-80.0,80.0,1.0,15,"[0, 1, 2, 3, 4, 5, 6, 7, 8, 9, 10, 11, 12, 13, 14]",105,14,"[[0, 5], [4, 5], [5, 6], [6, 8], [8, 9], [9, 10], [3, 4], [10, 11], [11, 12], [2, 3], [12, 13], [13, 14], [1, 8], [1, 7]]"
DOA-V5B-POSTFREEZE-MST-TDOA-YAMAOKA2023-20260913,dicit,dicit,task3,recording4,1292,7,0,31.274689685876247,26.371562010732752,-4.90312767514348,4.90312767514348,24.04066099875791,0.3436253000036231,False,1,350.0,3500.0,-80.0,80.0,1.0,15,"[0, 1, 2, 3, 4, 5, 6, 7, 8, 9, 10, 11, 12, 13, 14]",105,14,"[[0, 7], [7, 8], [8, 9], [6, 8], [5, 6], [4, 5], [9, 10], [3, 4], [10, 11], [11, 13], [12, 13], [12, 14], [2, 3], [1, 13]]"
DOA-V5B-POSTFREEZE-MST-TDOA-YAMAOKA2023-20260913,dicit,dicit,task3,recording4,1403,8,0,30.457055363018057,26.803829829384636,-3.6532255336334174,3.6532255336334174,13.346056799591167,0.3420602000041981,False,1,350.0,3500.0,-80.0,80.0,1.0,15,"[0, 1, 2, 3, 4, 5, 6, 7, 8, 9, 10, 11, 12, 13, 14]",105,14,"[[0, 10], [9, 10], [8, 9], [6, 8], [5, 6], [4, 5], [3, 4], [10, 11], [8, 12], [12, 13], [12, 14], [2, 9], [7, 12], [1, 3]]"
DOA-V5B-POSTFREEZE-MST-TDOA-YAMAOKA2023-20260913,dicit,dicit,task3,recording4,1514,9,0,31.544431040731226,26.203993132135242,-5.340437908595987,5.340437908595987,28.520277055569085,0.3401386000041384,False,1,350.0,3500.0,-80.0,80.0,1.0,15,"[0, 1, 2, 3, 4, 5, 6, 7, 8, 9, 10, 11, 12, 13, 14]",105,14,"[[0, 1], [1, 9], [8, 9], [6, 8], [5, 6], [4, 5], [9, 10], [3, 4], [10, 11], [6, 12], [12, 13], [2, 9], [10, 14], [3, 7]]"
DOA-V5B-POSTFREEZE-MST-TDOA-YAMAOKA2023-20260913,dicit,dicit,task3,recording4,1716,10,0,15.2618395061555,13.63559732229405,-1.62624218386145,1.62624218386145,2.6446636405704584,0.3479607999979635,False,1,350.0,3500.0,-80.0,80.0,1.0,15,"[0, 1, 2, 3, 4, 5, 6, 7, 8, 9, 10, 11, 12, 13, 14]",105,14,"[[0, 1], [1, 2], [2, 3], [3, 4], [4, 5], [5, 6], [6, 8], [8, 9], [9, 10], [10, 11], [11, 12], [3, 14], [13, 14], [0, 7]]"
DOA-V5B-POSTFREEZE-MST-TDOA-YAMAOKA2023-20260913,dicit,dicit,task3,recording4,1827,11,0,-10.189469661124875,5.6675377683796375,15.857007429504506,15.857007429504506,251.4446846193611,0.3414120000015828,False,1,350.0,3500.0,-80.0,80.0,1.0,15,"[0, 1, 2, 3, 4, 5, 6, 7, 8, 9, 10, 11, 12, 13, 14]",105,14,"[[0, 1], [1, 2], [2, 3], [3, 4], [4, 5], [5, 6], [6, 8], [8, 9], [9, 10], [10, 11], [0, 7], [11, 12], [12, 14], [13, 14]]"
DOA-V5B-POSTFREEZE-MST-TDOA-YAMAOKA2023-20260913,dicit,dicit,task3,recording4,1938,12,0,-29.656411530019298,-18.398823830268583,11.25758769975073,11.25758769975073,126.73328081757892,0.3373403000005055,False,1,350.0,3500.0,-80.0,80.0,1.0,15,"[0, 1, 2, 3, 4, 5, 6, 7, 8, 9, 10, 11, 12, 13, 14]",105,14,"[[0, 7], [2, 7], [2, 3], [3, 4], [4, 5], [5, 6], [6, 8], [8, 9], [9, 10], [1, 2], [9, 11], [10, 12], [10, 14], [13, 14]]"
DOA-V5B-POSTFREEZE-MST-TDOA-YAMAOKA2023-20260913,dicit,dicit,task3,recording4,2095,13,0,-34.95564578913881,-25.16966456708269,9.785981222056137,9.785981222056137,95.76542847843531,0.354341199999908,False,1,350.0,3500.0,-80.0,80.0,1.0,15,"[0, 1, 2, 3, 4, 5, 6, 7, 8, 9, 10, 11, 12, 13, 14]",105,14,"[[0, 7], [1, 7], [7, 8], [6, 8], [8, 9], [5, 6], [4, 5], [3, 4], [9, 10], [0, 2], [10, 11], [4, 13], [13, 14], [8, 12]]"
DOA-V5B-POSTFREEZE-MST-TDOA-YAMAOKA2023-20260913,dicit,dicit,task3,recording4,2206,14,0,-25.046798689965872,-7.516481366321194,17.53031732364468,17.53031732364468,307.3120254676768,0.3508492000037222,False,1,350.0,3500.0,-80.0,80.0,1.0,15,"[0, 1, 2, 3, 4, 5, 6, 7, 8, 9, 10, 11, 12, 13, 14]",105,14,"[[0, 7], [0, 1], [0, 12], [11, 12], [10, 11], [9, 10], [8, 9], [6, 8], [5, 6], [4, 5], [3, 4], [2, 3], [12, 13], [13, 14]]"
DOA-V5B-POSTFREEZE-MST-TDOA-YAMAOKA2023-20260913,dicit,dicit,task3,recording4,2318,15,0,-16.765294586709352,-3.8766296933637223,12.888664893345634,12.888664893345634,166.11768273296022,0.3388942000019597,False,1,350.0,3500.0,-80.0,80.0,1.0,15,"[0, 1, 2, 3, 4, 5, 6, 7, 8, 9, 10, 11, 12, 13, 14]",105,14,"[[0, 1], [1, 2], [2, 3], [3, 4], [4, 5], [5, 6], [6, 8], [8, 9], [9, 10], [10, 11], [11, 12], [12, 13], [0, 7], [13, 14]]"
DOA-V5B-POSTFREEZE-MST-TDOA-YAMAOKA2023-20260913,dicit,dicit,task3,recording4,2557,16,0,-17.49708609338223,-1.7330553628761136,15.764030730506107,15.764030730506107,248.5046648723409,0.3378837000054773,False,1,350.0,3500.0,-80.0,80.0,1.0,15,"[0, 1, 2, 3, 4, 5, 6, 7, 8, 9, 10, 11, 12, 13, 14]",105,14,"[[0, 1], [1, 2], [2, 3], [3, 4], [4, 5], [5, 6], [6, 8], [8, 9], [9, 10], [0, 7], [4, 11], [4, 12], [0, 13], [13, 14]]"
DOA-V5B-POSTFREEZE-MST-TDOA-YAMAOKA2023-20260913,dicit,dicit,task3,recording4,2668,17,0,-4.88123808174895,-12.827877572086868,-7.94663949033793,7.94663949033793,63.14907918939827,0.33841750000283355,False,1,350.0,3500.0,-80.0,80.0,1.0,15,"[0, 1, 2, 3, 4, 5, 6, 7, 8, 9, 10, 11, 12, 13, 14]",105,14,"[[0, 1], [1, 2], [2, 3], [3, 4], [4, 5], [5, 6], [6, 8], [8, 9], [9, 10], [10, 11], [0, 7], [11, 12], [12, 13], [13, 14]]"
DOA-V5B-POSTFREEZE-MST-TDOA-YAMAOKA2023-20260913,dicit,dicit,task3,recording4,2870,18,0,15.1538757394944,9.225631239732186,-5.928244499762201,5.928244499762201,35.144082848960785,0.3362515999979223,False,1,350.0,3500.0,-80.0,80.0,1.0,15,"[0, 1, 2, 3, 4, 5, 6, 7, 8, 9, 10, 11, 12, 13, 14]",105,14,"[[0, 7], [0, 2], [2, 3], [3, 4], [4, 5], [5, 6], [6, 8], [8, 9], [9, 10], [10, 11], [10, 12], [12, 13], [13, 14], [1, 2]]"
DOA-V5B-POSTFREEZE-MST-TDOA-YAMAOKA2023-20260913,dicit,dicit,task3,recording4,2981,19,0,26.923271678406064,17.76830727530763,-9.154964403098433,9.154964403098433,83.81337322199944,0.33955219999916153,False,1,350.0,3500.0,-80.0,80.0,1.0,15,"[0, 1, 2, 3, 4, 5, 6, 7, 8, 9, 10, 11, 12, 13, 14]",105,14,"[[0, 7], [1, 7], [1, 2], [2, 3], [3, 4], [4, 5], [5, 6], [6, 8], [8, 9], [9, 10], [10, 11], [11, 12], [12, 13], [13, 14]]"
DOA-V5B-POSTFREEZE-MST-TDOA-YAMAOKA2023-20260913,dicit,dicit,task3,recording5,443,0,0,15.925257887664829,14.406501140258342,-1.518756747406485,1.518756747406485,2.3066220577927252,0.33474910000222735,False,1,350.0,3500.0,-80.0,80.0,1.0,15,"[0, 1, 2, 3, 4, 5, 6, 7, 8, 9, 10, 11, 12, 13, 14]",105,14,"[[0, 2], [2, 3], [3, 4], [4, 5], [5, 6], [6, 8], [8, 9], [9, 10], [10, 11], [11, 13], [12, 13], [9, 14], [1, 2], [3, 7]]"
DOA-V5B-POSTFREEZE-MST-TDOA-YAMAOKA2023-20260913,dicit,dicit,task3,recording5,509,1,0,17.15755946869858,14.733521787321509,-2.424037681377058,2.424037681377058,5.875958680735864,0.33771580000029644,False,1,350.0,3500.0,-80.0,80.0,1.0,15,"[0, 1, 2, 3, 4, 5, 6, 7, 8, 9, 10, 11, 12, 13, 14]",105,14,"[[0, 14], [4, 14], [4, 5], [5, 6], [6, 8], [8, 9], [3, 4], [9, 10], [10, 11], [11, 12], [2, 3], [12, 13], [4, 7], [1, 2]]"
DOA-V5B-POSTFREEZE-MST-TDOA-YAMAOKA2023-20260913,dicit,dicit,task3,recording5,576,2,0,19.62522824930615,16.21671424265778,-3.4085140066483746,3.4085140066483746,11.617967733518155,0.3380745999966166,False,1,350.0,3500.0,-80.0,80.0,1.0,15,"[0, 1, 2, 3, 4, 5, 6, 7, 8, 9, 10, 11, 12, 13, 14]",105,14,"[[0, 7], [7, 8], [6, 8], [8, 9], [5, 6], [4, 5], [9, 10], [3, 4], [10, 11], [2, 3], [11, 12], [12, 13], [13, 14], [1, 8]]"
DOA-V5B-POSTFREEZE-MST-TDOA-YAMAOKA2023-20260913,dicit,dicit,task3,recording5,642,3,0,18.873989238679282,17.783281333038918,-1.0907079056403575,1.0907079056403575,1.189643735426375,0.336632999998983,False,1,350.0,3500.0,-80.0,80.0,1.0,15,"[0, 1, 2, 3, 4, 5, 6, 7, 8, 9, 10, 11, 12, 13, 14]",105,14,"[[0, 4], [4, 5], [5, 6], [6, 8], [8, 9], [9, 10], [3, 4], [10, 11], [11, 12], [12, 13], [2, 3], [7, 9], [13, 14], [1, 4]]"
DOA-V5B-POSTFREEZE-MST-TDOA-YAMAOKA2023-20260913,dicit,dicit,task3,recording5,807,4,0,17.521360238837595,14.674000180157751,-2.8473600586798398,2.8473600586798398,8.10745930376526,0.3393761000043014,False,1,350.0,3500.0,-80.0,80.0,1.0,15,"[0, 1, 2, 3, 4, 5, 6, 7, 8, 9, 10, 11, 12, 13, 14]",105,14,"[[0, 11], [10, 11], [9, 10], [8, 9], [6, 8], [5, 6], [4, 5], [3, 4], [11, 12], [2, 3], [6, 13], [6, 7], [3, 14], [1, 2]]"
DOA-V5B-POSTFREEZE-MST-TDOA-YAMAOKA2023-20260913,dicit,dicit,task3,recording5,873,5,0,18.087462418267414,14.898047144567728,-3.1894152736996944,3.1894152736996944,10.172369788108897,0.3411871999996947,False,1,350.0,3500.0,-80.0,80.0,1.0,15,"[0, 1, 2, 3, 4, 5, 6, 7, 8, 9, 10, 11, 12, 13, 14]",105,14,"[[0, 8], [8, 9], [6, 8], [5, 6], [4, 5], [9, 10], [3, 4], [10, 11], [9, 12], [2, 3], [1, 2], [3, 13], [1, 14], [7, 13]]"
DOA-V5B-POSTFREEZE-MST-TDOA-YAMAOKA2023-20260913,dicit,dicit,task3,recording5,940,6,0,13.281521008860857,13.911173445549997,0.6296524366891276,0.6296524366891276,0.3964621910285559,0.33695219999935944,False,1,350.0,3500.0,-80.0,80.0,1.0,15,"[0, 1, 2, 3, 4, 5, 6, 7, 8, 9, 10, 11, 12, 13, 14]",105,14,"[[0, 6], [6, 8], [8, 9], [5, 6], [4, 5], [9, 10], [3, 4], [10, 11], [2, 3], [11, 12], [1, 6], [6, 7], [12, 13], [12, 14]]"
DOA-V5B-POSTFREEZE-MST-TDOA-YAMAOKA2023-20260913,dicit,dicit,task3,recording5,1006,7,0,5.847504515154769,8.525881999194272,2.6783774840395154,2.6783774840395154,7.173705947009845,0.337936300005822,False,1,350.0,3500.0,-80.0,80.0,1.0,15,"[0, 1, 2, 3, 4, 5, 6, 7, 8, 9, 10, 11, 12, 13, 14]",105,14,"[[0, 7], [2, 7], [2, 3], [3, 4], [4, 5], [5, 6], [6, 8], [8, 9], [9, 10], [10, 11], [1, 2], [11, 12], [12, 13], [13, 14]]"
DOA-V5B-POSTFREEZE-MST-TDOA-YAMAOKA2023-20260913,dicit,dicit,task3,recording5,1072,8,0,6.632895829374436,4.890558211453104,-1.7423376179213221,1.7423376179213221,3.0357403748237473,0.3396562999987509,False,1,350.0,3500.0,-80.0,80.0,1.0,15,"[0, 1, 2, 3, 4, 5, 6, 7, 8, 9, 10, 11, 12, 13, 14]",105,14,"[[0, 1], [1, 3], [3, 4], [4, 5], [5, 6], [6, 8], [8, 9], [9, 10], [8, 11], [2, 3], [2, 12], [5, 7], [12, 14], [13, 14]]"
DOA-V5B-POSTFREEZE-MST-TDOA-YAMAOKA2023-20260913,dicit,dicit,task3,recording5,1303,9,0,7.825676172167066,5.71985149406376,-2.1058246781033176,2.1058246781033176,4.434497574908941,0.34453030000440776,False,1,350.0,3500.0,-80.0,80.0,1.0,15,"[0, 1, 2, 3, 4, 5, 6, 7, 8, 9, 10, 11, 12, 13, 14]",105,14,"[[0, 5], [4, 5], [5, 6], [6, 8], [8, 9], [3, 4], [9, 10], [2, 3], [10, 11], [11, 12], [1, 6], [4, 7], [8, 14], [13, 14]]"
DOA-V5B-POSTFREEZE-MST-TDOA-YAMAOKA2023-20260913,dicit,dicit,task3,recording5,1409,10,0,2.054824540759884,7.816116127489583,5.761291586729698,5.761291586729698,33.1924807473224,0.33815409999806434,False,1,350.0,3500.0,-80.0,80.0,1.0,15,"[0, 1, 2, 3, 4, 5, 6, 7, 8, 9, 10, 11, 12, 13, 14]",105,14,"[[0, 4], [4, 5], [5, 6], [6, 8], [8, 9], [9, 10], [3, 4], [10, 11], [2, 3], [2, 12], [1, 2], [4, 14], [5, 13], [4, 7]]"
DOA-V5B-POSTFREEZE-MST-TDOA-YAMAOKA2023-20260913,dicit,dicit,task3,recording5,1476,11,0,-3.7152131069205696,-0.5163922706306244,3.19882083628994,3.19882083628994,10.232454742682672,0.3550662999987253,False,1,350.0,3500.0,-80.0,80.0,1.0,15,"[0, 1, 2, 3, 4, 5, 6, 7, 8, 9, 10, 11, 12, 13, 14]",105,14,"[[0, 7], [0, 1], [1, 2], [2, 3], [3, 4], [4, 5], [5, 6], [6, 8], [8, 9], [9, 10], [10, 11], [11, 12], [11, 13], [11, 14]]"
DOA-V5B-POSTFREEZE-MST-TDOA-YAMAOKA2023-20260913,dicit,dicit,task3,recording5,1764,12,0,-20.391247133412683,-18.265145169603542,2.126101963809134,2.126101963809134,4.5203095605130565,0.33774329999869224,False,1,350.0,3500.0,-80.0,80.0,1.0,15,"[0, 1, 2, 3, 4, 5, 6, 7, 8, 9, 10, 11, 12, 13, 14]",105,14,"[[0, 1], [1, 2], [0, 5], [4, 5], [5, 6], [6, 8], [8, 9], [3, 4], [9, 10], [0, 7], [10, 11], [1, 12], [3, 14], [7, 13]]"
DOA-V5B-POSTFREEZE-MST-TDOA-YAMAOKA2023-20260913,dicit,dicit,task3,recording5,1830,13,0,-21.74814484115797,-18.413672439797804,3.334472401360159,3.334472401360159,11.118706195432587,0.33807050000177696,False,1,350.0,3500.0,-80.0,80.0,1.0,15,"[0, 1, 2, 3, 4, 5, 6, 7, 8, 9, 10, 11, 12, 13, 14]",105,14,"[[0, 1], [1, 2], [0, 7], [2, 3], [3, 4], [4, 5], [5, 6], [6, 8], [8, 9], [9, 10], [10, 11], [1, 12], [5, 14], [13, 14]]"
DOA-V5B-POSTFREEZE-MST-TDOA-YAMAOKA2023-20260913,dicit,dicit,task3,recording5,2057,14,0,-21.28397125091087,-18.996092372028507,2.287878878882367,2.287878878882367,5.234389764436036,0.3387430000002496,False,1,350.0,3500.0,-80.0,80.0,1.0,15,"[0, 1, 2, 3, 4, 5, 6, 7, 8, 9, 10, 11, 12, 13, 14]",105,14,"[[0, 1], [0, 7], [1, 2], [0, 3], [3, 4], [4, 5], [5, 6], [6, 8], [8, 9], [9, 10], [9, 11], [9, 13], [13, 14], [0, 12]]"
DOA-V5B-POSTFREEZE-MST-TDOA-YAMAOKA2023-20260913,dicit,dicit,task3,recording5,2165,15,0,-15.878122665532961,24.26246225612038,40.14058492165333,40.14058492165333,1611.2665578524625,0.3384585000021616,False,1,350.0,3500.0,-80.0,80.0,1.0,15,"[0, 1, 2, 3, 4, 5, 6, 7, 8, 9, 10, 11, 12, 13, 14]",105,14,"[[0, 1], [1, 2], [2, 3], [3, 4], [4, 5], [5, 6], [6, 8], [8, 9], [9, 10], [10, 11], [0, 7], [0, 12], [2, 13], [13, 14]]"
DOA-V5B-POSTFREEZE-MST-TDOA-YAMAOKA2023-20260913,dicit,dicit,task3,recording5,2232,16,0,-14.05858330420452,-8.95455063645412,5.104032667750403,5.104032667750403,26.05114947346329,0.3506433000002289,False,1,350.0,3500.0,-80.0,80.0,1.0,15,"[0, 1, 2, 3, 4, 5, 6, 7, 8, 9, 10, 11, 12, 13, 14]",105,14,"[[0, 1], [1, 2], [2, 3], [3, 4], [4, 5], [5, 6], [6, 8], [8, 9], [9, 10], [10, 11], [8, 12], [2, 13], [13, 14], [3, 7]]"
DOA-V5B-POSTFREEZE-MST-TDOA-YAMAOKA2023-20260913,dicit,dicit,task3,recording5,2298,17,0,-10.579962646234538,-10.628221756530955,-0.04825911029641361,0.04825911029641361,0.002328941726601414,0.3384619999997085,False,1,350.0,3500.0,-80.0,80.0,1.0,15,"[0, 1, 2, 3, 4, 5, 6, 7, 8, 9, 10, 11, 12, 13, 14]",105,14,"[[0, 2], [2, 3], [3, 4], [4, 5], [5, 6], [6, 8], [8, 9], [9, 10], [10, 11], [1, 2], [6, 13], [13, 14], [12, 13], [0, 7]]"
DOA-V5B-POSTFREEZE-MST-TDOA-YAMAOKA2023-20260913,dicit,dicit,task3,recording5,2365,18,0,-4.052061107512094,-8.619786044924378,-4.567724937412294,4.567724937412294,20.864111103858143,0.3357296999965911,False,1,350.0,3500.0,-80.0,80.0,1.0,15,"[0, 1, 2, 3, 4, 5, 6, 7, 8, 9, 10, 11, 12, 13, 14]",105,14,"[[0, 3], [3, 4], [4, 5], [5, 6], [6, 8], [8, 9], [9, 10], [2, 3], [10, 11], [1, 4], [0, 7], [2, 13], [13, 14], [5, 12]]"
DOA-V5B-POSTFREEZE-MST-TDOA-YAMAOKA2023-20260913,dicit,dicit,task3,recording5,2431,19,0,0.16027494577491633,-2.638387599851112,-2.79866254562603,2.79866254562603,7.83251204428997,0.34313819999806583,False,1,350.0,3500.0,-80.0,80.0,1.0,15,"[0, 1, 2, 3, 4, 5, 6, 7, 8, 9, 10, 11, 12, 13, 14]",105,14,"[[0, 12], [11, 12], [10, 11], [9, 10], [8, 9], [6, 8], [5, 6], [4, 5], [3, 4], [2, 4], [1, 3], [6, 13], [13, 14], [0, 7]]"
DOA-V5B-POSTFREEZE-MST-TDOA-YAMAOKA2023-20260913,dicit,dicit,task4,recording1,253,0,0,-47.33849955502359,-42.778664041794514,4.559835513229075,4.559835513229075,20.79209990770506,0.5955609000011464,False,1,350.0,3500.0,-80.0,80.0,1.0,15,"[0, 1, 2, 3, 4, 5, 6, 7, 8, 9, 10, 11, 12, 13, 14]",105,14,"[[0, 7], [0, 1], [1, 3], [3, 4], [4, 5], [5, 6], [6, 8], [8, 9], [9, 10], [2, 3], [9, 11], [9, 12], [9, 13], [13, 14]]"
DOA-V5B-POSTFREEZE-MST-TDOA-YAMAOKA2023-20260913,dicit,dicit,task4,recording1,302,1,0,-37.77259951148342,-40.38506470814615,-2.6124651966627255,2.6124651966627255,6.8249744037740125,0.5751073000064935,False,1,350.0,3500.0,-80.0,80.0,1.0,15,"[0, 1, 2, 3, 4, 5, 6, 7, 8, 9, 10, 11, 12, 13, 14]",105,14,"[[0, 7], [0, 1], [1, 2], [2, 3], [3, 4], [4, 5], [5, 6], [6, 8], [8, 9], [9, 10], [8, 11], [6, 12], [11, 14], [9, 13]]"
DOA-V5B-POSTFREEZE-MST-TDOA-YAMAOKA2023-20260913,dicit,dicit,task4,recording1,549,2,1,19.86081256240433,17.50999408419273,-2.3508184782116075,2.3508184782116075,5.526347517501138,0.5555478000023868,False,1,350.0,3500.0,-80.0,80.0,1.0,15,"[0, 1, 2, 3, 4, 5, 6, 7, 8, 9, 10, 11, 12, 13, 14]",105,14,"[[0, 10], [9, 10], [8, 9], [6, 8], [5, 6], [4, 5], [3, 4], [10, 11], [2, 3], [11, 13], [12, 13], [13, 14], [1, 9], [7, 9]]"
DOA-V5B-POSTFREEZE-MST-TDOA-YAMAOKA2023-20260913,dicit,dicit,task4,recording1,933,3,1,15.8471321726711,14.244702924177895,-1.6024292484931948,1.6024292484931948,2.567779496426465,0.5466653999974369,False,1,350.0,3500.0,-80.0,80.0,1.0,15,"[0, 1, 2, 3, 4, 5, 6, 7, 8, 9, 10, 11, 12, 13, 14]",105,14,"[[0, 7], [0, 1], [0, 4], [4, 5], [5, 6], [6, 8], [8, 9], [3, 4], [9, 10], [10, 11], [2, 3], [11, 12], [12, 13], [12, 14]]"
DOA-V5B-POSTFREEZE-MST-TDOA-YAMAOKA2023-20260913,dicit,dicit,task4,recording1,2390,4,1,16.43249691855199,14.958298142802274,-1.474198775749727,1.474198775749727,2.173262030421994,0.5597782000040752,False,1,350.0,3500.0,-80.0,80.0,1.0,15,"[0, 1, 2, 3, 4, 5, 6, 7, 8, 9, 10, 11, 12, 13, 14]",105,14,"[[0, 6], [5, 6], [4, 5], [6, 8], [8, 9], [9, 10], [3, 4], [10, 11], [2, 3], [11, 12], [12, 13], [6, 14], [0, 7], [1, 2]]"
DOA-V5B-POSTFREEZE-MST-TDOA-YAMAOKA2023-20260913,dicit,dicit,task4,recording1,2557,5,0,-30.412575861545303,-26.36172887840177,4.050846983143543,4.050846983143543,16.409361280843147,0.5720458000068902,False,1,350.0,3500.0,-80.0,80.0,1.0,15,"[0, 1, 2, 3, 4, 5, 6, 7, 8, 9, 10, 11, 12, 13, 14]",105,14,"[[0, 1], [1, 2], [2, 3], [3, 4], [4, 5], [5, 6], [6, 8], [8, 9], [9, 10], [1, 7], [10, 11], [3, 12], [7, 13], [3, 14]]"
DOA-V5B-POSTFREEZE-MST-TDOA-YAMAOKA2023-20260913,dicit,dicit,task4,recording1,2855,6,1,31.18691908590207,12.113320877977738,-19.073598207924334,19.073598207924334,363.8021485973344,0.5509552999938023,False,1,350.0,3500.0,-80.0,80.0,1.0,15,"[0, 1, 2, 3, 4, 5, 6, 7, 8, 9, 10, 11, 12, 13, 14]",105,14,"[[0, 7], [0, 11], [10, 11], [9, 10], [8, 9], [6, 8], [5, 6], [4, 5], [3, 4], [2, 3], [2, 14], [13, 14], [12, 13], [1, 4]]"
DOA-V5B-POSTFREEZE-MST-TDOA-YAMAOKA2023-20260913,dicit,dicit,task4,recording1,3387,7,0,3.0849195342974816,-1.6102768104169152,-4.69519634471439,4.69519634471439,22.044868715419366,0.5413045000022976,False,1,350.0,3500.0,-80.0,80.0,1.0,15,"[0, 1, 2, 3, 4, 5, 6, 7, 8, 9, 10, 11, 12, 13, 14]",105,14,"[[0, 1], [1, 2], [2, 3], [3, 4], [4, 5], [5, 6], [6, 8], [8, 9], [9, 10], [10, 11], [11, 12], [12, 14], [13, 14], [1, 7]]"
DOA-V5B-POSTFREEZE-MST-TDOA-YAMAOKA2023-20260913,dicit,dicit,task4,recording1,3794,8,1,25.16620750287072,3.9238205143896834,-21.24238698848103,21.24238698848103,451.23900496838814,0.5477538999984972,False,1,350.0,3500.0,-80.0,80.0,1.0,15,"[0, 1, 2, 3, 4, 5, 6, 7, 8, 9, 10, 11, 12, 13, 14]",105,14,"[[0, 7], [0, 6], [6, 8], [8, 9], [5, 6], [4, 5], [9, 10], [3, 4], [10, 11], [2, 3], [7, 12], [6, 13], [1, 4], [2, 14]]"
DOA-V5B-POSTFREEZE-MST-TDOA-YAMAOKA2023-20260913,dicit,dicit,task4,recording1,5114,9,0,-15.858740576431563,-43.69660601992618,-27.83786544349462,27.83786544349462,774.946752450112,0.5599198999989312,False,1,350.0,3500.0,-80.0,80.0,1.0,15,"[0, 1, 2, 3, 4, 5, 6, 7, 8, 9, 10, 11, 12, 13, 14]",105,14,"[[0, 1], [1, 6], [5, 6], [6, 8], [8, 9], [4, 5], [3, 4], [9, 10], [2, 3], [10, 11], [0, 7], [1, 13], [13, 14], [12, 14]]"
DOA-V5B-POSTFREEZE-MST-TDOA-YAMAOKA2023-20260913,dicit,dicit,task4,recording1,5163,10,0,-18.806815473794792,-10.551882749637157,8.25493272415764,8.25493272415764,68.14391428036869,0.5556672000020626,False,1,350.0,3500.0,-80.0,80.0,1.0,15,"[0, 1, 2, 3, 4, 5, 6, 7, 8, 9, 10, 11, 12, 13, 14]",105,14,"[[0, 1], [1, 2], [2, 3], [3, 4], [4, 5], [5, 6], [6, 8], [8, 9], [9, 10], [10, 11], [0, 7], [10, 13], [12, 13], [11, 14]]"
DOA-V5B-POSTFREEZE-MST-TDOA-YAMAOKA2023-20260913,dicit,dicit,task4,recording1,5687,11,0,-44.85405455082676,-39.166362567547296,5.687691983279478,5.687691983279478,32.349840096661644,0.5502488999991328,False,1,350.0,3500.0,-80.0,80.0,1.0,15,"[0, 1, 2, 3, 4, 5, 6, 7, 8, 9, 10, 11, 12, 13, 14]",105,14,"[[0, 7], [0, 1], [0, 2], [1, 4], [4, 5], [5, 6], [6, 8], [8, 9], [3, 4], [9, 10], [2, 11], [8, 12], [11, 13], [13, 14]]"
DOA-V5B-POSTFREEZE-MST-TDOA-YAMAOKA2023-20260913,dicit,dicit,task4,recording1,6004,12,0,-47.51545405947756,-40.440245266064835,7.075208793412742,7.075208793412742,50.058579470384984,0.5656797999981791,False,1,350.0,3500.0,-80.0,80.0,1.0,15,"[0, 1, 2, 3, 4, 5, 6, 7, 8, 9, 10, 11, 12, 13, 14]",105,14,"[[0, 1], [1, 7], [1, 2], [2, 5], [5, 6], [4, 5], [6, 8], [8, 9], [3, 4], [5, 10], [3, 11], [4, 12], [8, 14], [4, 13]]"
DOA-V5B-POSTFREEZE-MST-TDOA-YAMAOKA2023-20260913,dicit,dicit,task4,recording1,6465,13,0,16.661226014073684,9.213930386187311,-7.447295627886376,7.447295627886376,55.46221216913553,0.5576835999963805,False,1,350.0,3500.0,-80.0,80.0,1.0,15,"[0, 1, 2, 3, 4, 5, 6, 7, 8, 9, 10, 11, 12, 13, 14]",105,14,"[[0, 7], [5, 7], [5, 6], [6, 8], [8, 9], [4, 5], [9, 10], [3, 4], [10, 11], [2, 3], [10, 12], [12, 13], [13, 14], [1, 3]]"
DOA-V5B-POSTFREEZE-MST-TDOA-YAMAOKA2023-20260913,dicit,dicit,task4,recording1,6514,14,0,18.475974843899966,16.58651814083244,-1.8894567030675375,1.8894567030675375,3.5700466327668487,0.5703380999984802,False,1,350.0,3500.0,-80.0,80.0,1.0,15,"[0, 1, 2, 3, 4, 5, 6, 7, 8, 9, 10, 11, 12, 13, 14]",105,14,"[[0, 8], [6, 8], [8, 9], [5, 6], [4, 5], [9, 10], [3, 4], [10, 11], [6, 13], [13, 14], [11, 12], [2, 4], [7, 14], [1, 10]]"
DOA-V5B-POSTFREEZE-MST-TDOA-YAMAOKA2023-20260913,dicit,dicit,task4,recording1,6563,15,0,21.59146815507735,14.174726517029535,-7.416741638047824,7.416741638047824,55.00805652555233,0.5643473000018275,False,1,350.0,3500.0,-80.0,80.0,1.0,15,"[0, 1, 2, 3, 4, 5, 6, 7, 8, 9, 10, 11, 12, 13, 14]",105,14,"[[0, 7], [7, 14], [13, 14], [12, 14], [11, 12], [10, 11], [9, 10], [8, 9], [6, 8], [5, 6], [4, 5], [3, 4], [2, 3], [1, 7]]"
DOA-V5B-POSTFREEZE-MST-TDOA-YAMAOKA2023-20260913,dicit,dicit,task4,recording1,6612,16,0,26.615539023162434,-3.160246804740928,-29.77578582790335,29.77578582790335,886.5974216691699,0.5690474000002723,False,1,350.0,3500.0,-80.0,80.0,1.0,15,"[0, 1, 2, 3, 4, 5, 6, 7, 8, 9, 10, 11, 12, 13, 14]",105,14,"[[0, 3], [3, 4], [4, 5], [5, 6], [6, 8], [8, 9], [9, 10], [2, 3], [10, 11], [11, 13], [13, 14], [11, 12], [0, 7], [1, 7]]"
DOA-V5B-POSTFREEZE-MST-TDOA-YAMAOKA2023-20260913,dicit,dicit,task4,recording1,7434,17,0,63.80647213329949,51.932347101754594,-11.874125031544907,11.874125031544907,140.99484526476132,0.5771502999996301,False,1,350.0,3500.0,-80.0,80.0,1.0,15,"[0, 1, 2, 3, 4, 5, 6, 7, 8, 9, 10, 11, 12, 13, 14]",105,14,"[[0, 1], [1, 4], [4, 5], [5, 6], [6, 8], [8, 9], [9, 10], [3, 4], [5, 11], [11, 12], [2, 3], [10, 13], [13, 14], [4, 7]]"
DOA-V5B-POSTFREEZE-MST-TDOA-YAMAOKA2023-20260913,dicit,dicit,task4,recording1,8205,18,1,0.7077612974787176,-0.10511478073123001,-0.8128760782099391,0.8128760782099391,0.660767518525971,0.5678315999975894,False,1,350.0,3500.0,-80.0,80.0,1.0,15,"[0, 1, 2, 3, 4, 5, 6, 7, 8, 9, 10, 11, 12, 13, 14]",105,14,"[[0, 1], [1, 3], [3, 4], [4, 5], [5, 6], [6, 8], [8, 9], [9, 10], [2, 3], [10, 11], [0, 7], [2, 12], [7, 14], [13, 14]]"
DOA-V5B-POSTFREEZE-MST-TDOA-YAMAOKA2023-20260913,dicit,dicit,task4,recording1,8525,19,1,9.790708363659363,-22.67148469338008,-32.46219305703943,32.46219305703943,1053.793978072499,0.5620114000048488,False,1,350.0,3500.0,-80.0,80.0,1.0,15,"[0, 1, 2, 3, 4, 5, 6, 7, 8, 9, 10, 11, 12, 13, 14]",105,14,"[[0, 7], [6, 7], [6, 8], [8, 9], [5, 6], [4, 5], [9, 10], [3, 4], [10, 11], [9, 12], [2, 3], [12, 13], [13, 14], [1, 2]]"
DOA-V5B-POSTFREEZE-MST-TDOA-YAMAOKA2023-20260913,dicit,dicit,task4,recording2,326,0,0,19.73653031068375,17.89697891524903,-1.839551395434711,1.839551395434711,3.383949336445792,0.558650500002841,False,1,350.0,3500.0,-80.0,80.0,1.0,15,"[0, 1, 2, 3, 4, 5, 6, 7, 8, 9, 10, 11, 12, 13, 14]",105,14,"[[0, 7], [0, 4], [4, 5], [5, 6], [6, 8], [8, 9], [3, 4], [9, 10], [10, 11], [2, 3], [11, 12], [12, 13], [13, 14], [1, 8]]"
DOA-V5B-POSTFREEZE-MST-TDOA-YAMAOKA2023-20260913,dicit,dicit,task4,recording2,735,1,1,-3.2903221236598306,6.043507503953361,9.333829627613198,9.333829627613198,87.12037551730994,0.5552476000011666,False,1,350.0,3500.0,-80.0,80.0,1.0,15,"[0, 1, 2, 3, 4, 5, 6, 7, 8, 9, 10, 11, 12, 13, 14]",105,14,"[[0, 7], [7, 10], [9, 10], [8, 9], [6, 8], [5, 6], [4, 5], [3, 4], [10, 11], [2, 3], [1, 10], [2, 12], [1, 14], [1, 13]]"
DOA-V5B-POSTFREEZE-MST-TDOA-YAMAOKA2023-20260913,dicit,dicit,task4,recording2,1101,2,0,-32.130115008213174,-28.663268248435177,3.466846759778008,3.466846759778008,12.019026455783273,0.5712485999974888,False,1,350.0,3500.0,-80.0,80.0,1.0,15,"[0, 1, 2, 3, 4, 5, 6, 7, 8, 9, 10, 11, 12, 13, 14]",105,14,"[[0, 7], [1, 7], [7, 10], [9, 10], [8, 9], [6, 8], [5, 6], [4, 5], [3, 4], [2, 3], [5, 11], [9, 12], [4, 14], [13, 14]]"
DOA-V5B-POSTFREEZE-MST-TDOA-YAMAOKA2023-20260913,dicit,dicit,task4,recording2,1545,3,1,-62.446456204951765,-27.43959952769712,35.00685667725463,35.00685667725463,1225.4800144218473,0.545547900001111,False,1,350.0,3500.0,-80.0,80.0,1.0,15,"[0, 1, 2, 3, 4, 5, 6, 7, 8, 9, 10, 11, 12, 13, 14]",105,14,"[[0, 7], [0, 4], [4, 5], [5, 6], [6, 8], [8, 9], [9, 10], [3, 4], [2, 6], [5, 11], [1, 5], [2, 12], [11, 13], [13, 14]]"
DOA-V5B-POSTFREEZE-MST-TDOA-YAMAOKA2023-20260913,dicit,dicit,task4,recording2,1910,4,0,-38.846446908396636,-36.49290340053616,2.353543507860479,2.353543507860479,5.53916704339221,0.545240699997521,False,1,350.0,3500.0,-80.0,80.0,1.0,15,"[0, 1, 2, 3, 4, 5, 6, 7, 8, 9, 10, 11, 12, 13, 14]",105,14,"[[0, 7], [0, 1], [2, 7], [1, 5], [4, 5], [5, 6], [6, 8], [8, 9], [3, 4], [9, 10], [0, 11], [0, 12], [1, 13], [13, 14]]"
DOA-V5B-POSTFREEZE-MST-TDOA-YAMAOKA2023-20260913,dicit,dicit,task4,recording2,2384,5,0,-33.289130038048434,-30.86462544276426,2.424504595284162,2.424504595284162,5.878222532554019,0.5554288999992423,False,1,350.0,3500.0,-80.0,80.0,1.0,15,"[0, 1, 2, 3, 4, 5, 6, 7, 8, 9, 10, 11, 12, 13, 14]",105,14,"[[0, 1], [1, 2], [2, 4], [4, 5], [5, 6], [6, 8], [8, 9], [3, 4], [9, 10], [8, 11], [1, 7], [4, 12], [11, 14], [10, 13]]"
DOA-V5B-POSTFREEZE-MST-TDOA-YAMAOKA2023-20260913,dicit,dicit,task4,recording2,2749,6,1,-50.46601374080748,-36.6392115579631,13.826802182844375,13.826802182844375,191.18045860350998,0.4015623000013875,False,1,350.0,3500.0,-80.0,80.0,1.0,15,"[0, 1, 2, 3, 4, 5, 6, 7, 8, 9, 10, 11, 12, 13, 14]",105,14,"[[0, 1], [1, 2], [2, 5], [5, 6], [4, 5], [6, 8], [8, 9], [2, 3], [9, 10], [1, 7], [10, 11], [4, 12], [3, 13], [3, 14]]"
DOA-V5B-POSTFREEZE-MST-TDOA-YAMAOKA2023-20260913,dicit,dicit,task4,recording2,3030,7,1,-48.81026405282268,-36.718160589770974,12.0921034630517,12.0921034630517,146.2189661611469,0.37065029999939725,False,1,350.0,3500.0,-80.0,80.0,1.0,15,"[0, 1, 2, 3, 4, 5, 6, 7, 8, 9, 10, 11, 12, 13, 14]",105,14,"[[0, 1], [1, 2], [2, 3], [3, 4], [4, 5], [5, 6], [6, 8], [8, 9], [9, 10], [1, 7], [10, 11], [9, 12], [3, 14], [4, 13]]"
DOA-V5B-POSTFREEZE-MST-TDOA-YAMAOKA2023-20260913,dicit,dicit,task4,recording2,3395,8,0,9.50532054245272,3.364656281392957,-6.140664261059754,6.140664261059754,37.70775756705654,0.3676551000025938,False,1,350.0,3500.0,-80.0,80.0,1.0,15,"[0, 1, 2, 3, 4, 5, 6, 7, 8, 9, 10, 11, 12, 13, 14]",105,14,"[[0, 3], [3, 4], [4, 5], [5, 6], [6, 8], [8, 9], [9, 10], [2, 3], [10, 11], [1, 5], [11, 12], [12, 14], [13, 14], [3, 7]]"
DOA-V5B-POSTFREEZE-MST-TDOA-YAMAOKA2023-20260913,dicit,dicit,task4,recording2,3856,9,0,29.457311001058955,28.326353194503092,-1.1309578065558696,1.1309578065558696,1.2790655602096639,0.38276890000270214,False,1,350.0,3500.0,-80.0,80.0,1.0,15,"[0, 1, 2, 3, 4, 5, 6, 7, 8, 9, 10, 11, 12, 13, 14]",105,14,"[[0, 8], [6, 8], [8, 9], [5, 6], [4, 5], [9, 10], [3, 4], [10, 11], [2, 3], [11, 12], [12, 13], [13, 14], [1, 5], [7, 8]]"
DOA-V5B-POSTFREEZE-MST-TDOA-YAMAOKA2023-20260913,dicit,dicit,task4,recording2,4235,10,1,5.195236901999126,6.09029707331858,0.895060171319443,0.895060171319443,0.8011327102823907,0.36322349999682046,False,1,350.0,3500.0,-80.0,80.0,1.0,15,"[0, 1, 2, 3, 4, 5, 6, 7, 8, 9, 10, 11, 12, 13, 14]",105,14,"[[0, 2], [2, 3], [3, 4], [4, 5], [5, 6], [6, 8], [8, 9], [9, 10], [10, 11], [9, 12], [4, 7], [4, 14], [1, 2], [13, 14]]"
DOA-V5B-POSTFREEZE-MST-TDOA-YAMAOKA2023-20260913,dicit,dicit,task4,recording2,4626,11,0,18.97981102341571,15.862791564183535,-3.117019459232182,3.117019459232182,9.715810309232085,0.44499119999818504,False,1,350.0,3500.0,-80.0,80.0,1.0,15,"[0, 1, 2, 3, 4, 5, 6, 7, 8, 9, 10, 11, 12, 13, 14]",105,14,"[[0, 7], [5, 7], [4, 5], [5, 6], [6, 8], [8, 9], [9, 10], [3, 4], [10, 11], [11, 12], [12, 14], [2, 4], [12, 13], [1, 5]]"
DOA-V5B-POSTFREEZE-MST-TDOA-YAMAOKA2023-20260913,dicit,dicit,task4,recording2,5114,12,0,-28.329302746264936,-22.962562846811288,5.366739899453648,5.366739899453648,28.801897148387756,0.36421700000209967,False,1,350.0,3500.0,-80.0,80.0,1.0,15,"[0, 1, 2, 3, 4, 5, 6, 7, 8, 9, 10, 11, 12, 13, 14]",105,14,"[[0, 1], [1, 2], [0, 7], [2, 3], [3, 4], [4, 5], [5, 6], [6, 8], [8, 9], [9, 10], [10, 11], [7, 14], [12, 14], [0, 13]]"
DOA-V5B-POSTFREEZE-MST-TDOA-YAMAOKA2023-20260913,dicit,dicit,task4,recording2,5497,13,1,-33.268509180746086,-0.23119364449335644,33.03731553625272,33.03731553625272,1091.4642178419253,0.3839852999954019,False,1,350.0,3500.0,-80.0,80.0,1.0,15,"[0, 1, 2, 3, 4, 5, 6, 7, 8, 9, 10, 11, 12, 13, 14]",105,14,"[[0, 7], [7, 8], [6, 8], [5, 6], [8, 9], [4, 5], [3, 4], [9, 10], [2, 3], [10, 11], [1, 9], [10, 14], [7, 13], [7, 12]]"
DOA-V5B-POSTFREEZE-MST-TDOA-YAMAOKA2023-20260913,dicit,dicit,task4,recording2,5862,14,0,-34.148835572390674,-31.37711671384508,2.771718858545597,2.771718858545597,7.682425430817308,0.3817921000008937,False,1,350.0,3500.0,-80.0,80.0,1.0,15,"[0, 1, 2, 3, 4, 5, 6, 7, 8, 9, 10, 11, 12, 13, 14]",105,14,"[[0, 1], [0, 7], [1, 2], [0, 4], [4, 5], [5, 6], [6, 8], [8, 9], [3, 4], [9, 10], [10, 11], [6, 13], [1, 12], [3, 14]]"
DOA-V5B-POSTFREEZE-MST-TDOA-YAMAOKA2023-20260913,dicit,dicit,task4,recording2,6255,15,1,1.2382972706561928,-1.4556665664580624,-2.693963837114268,2.693963837114268,7.257441155679429,0.4078987999964738,False,1,350.0,3500.0,-80.0,80.0,1.0,15,"[0, 1, 2, 3, 4, 5, 6, 7, 8, 9, 10, 11, 12, 13, 14]",105,14,"[[0, 7], [0, 1], [1, 2], [2, 3], [3, 4], [4, 5], [5, 6], [6, 8], [8, 9], [9, 10], [10, 11], [11, 12], [12, 13], [13, 14]]"
DOA-V5B-POSTFREEZE-MST-TDOA-YAMAOKA2023-20260913,dicit,dicit,task4,recording2,6619,16,0,4.569602103949561,1.5285762376105783,-3.0410258663389698,3.0410258663389698,9.247838319742682,0.35631199999625096,False,1,350.0,3500.0,-80.0,80.0,1.0,15,"[0, 1, 2, 3, 4, 5, 6, 7, 8, 9, 10, 11, 12, 13, 14]",105,14,"[[0, 7], [0, 4], [4, 5], [5, 6], [6, 8], [8, 9], [3, 4], [9, 10], [10, 11], [2, 3], [11, 12], [12, 13], [13, 14], [1, 9]]"
DOA-V5B-POSTFREEZE-MST-TDOA-YAMAOKA2023-20260913,dicit,dicit,task4,recording2,7009,17,1,54.89277976157099,45.425182065724364,-9.46759769584662,9.46759769584662,89.63540613040024,0.47346850000030827,False,1,350.0,3500.0,-80.0,80.0,1.0,15,"[0, 1, 2, 3, 4, 5, 6, 7, 8, 9, 10, 11, 12, 13, 14]",105,14,"[[0, 7], [2, 7], [2, 3], [3, 4], [4, 5], [5, 6], [6, 8], [8, 9], [9, 10], [6, 12], [12, 13], [13, 14], [11, 12], [1, 4]]"
DOA-V5B-POSTFREEZE-MST-TDOA-YAMAOKA2023-20260913,dicit,dicit,task4,recording2,7466,18,1,44.12387371200559,39.22023654688862,-4.903637165116976,4.903637165116976,24.04565744711645,0.40010150000307476,False,1,350.0,3500.0,-80.0,80.0,1.0,15,"[0, 1, 2, 3, 4, 5, 6, 7, 8, 9, 10, 11, 12, 13, 14]",105,14,"[[0, 3], [3, 4], [4, 5], [5, 6], [6, 8], [8, 9], [9, 10], [9, 11], [11, 12], [12, 14], [13, 14], [2, 3], [1, 8], [4, 7]]"
DOA-V5B-POSTFREEZE-MST-TDOA-YAMAOKA2023-20260913,dicit,dicit,task4,recording2,7832,19,0,0.7982488299724168,3.130122460056084,2.3318736300836633,2.3318736300836633,5.437634626679562,0.41097199999785516,False,1,350.0,3500.0,-80.0,80.0,1.0,15,"[0, 1, 2, 3, 4, 5, 6, 7, 8, 9, 10, 11, 12, 13, 14]",105,14,"[[0, 7], [0, 1], [1, 2], [2, 3], [3, 4], [4, 5], [5, 6], [6, 8], [8, 9], [9, 10], [9, 11], [11, 12], [12, 14], [13, 14]]"
DOA-V5B-POSTFREEZE-MST-TDOA-YAMAOKA2023-20260913,dicit,dicit,task4,recording3,240,0,0,1.652556336164354,0.8924666123865617,-0.7600897237777815,0.7600897237777815,0.5777363881925842,0.5383933000048273,False,1,350.0,3500.0,-80.0,80.0,1.0,15,"[0, 1, 2, 3, 4, 5, 6, 7, 8, 9, 10, 11, 12, 13, 14]",105,14,"[[0, 10], [8, 10], [8, 9], [6, 8], [5, 6], [4, 5], [3, 4], [10, 11], [2, 3], [11, 12], [10, 13], [10, 14], [7, 14], [1, 5]]"
DOA-V5B-POSTFREEZE-MST-TDOA-YAMAOKA2023-20260913,dicit,dicit,task4,recording3,1085,1,0,-1.43094259885781,-0.031137647709492233,1.399804951148326,1.399804951148326,1.959453901259367,0.537104700000782,False,1,350.0,3500.0,-80.0,80.0,1.0,15,"[0, 1, 2, 3, 4, 5, 6, 7, 8, 9, 10, 11, 12, 13, 14]",105,14,"[[0, 7], [0, 1], [1, 5], [4, 5], [5, 6], [6, 8], [8, 9], [9, 10], [3, 4], [2, 3], [10, 11], [11, 12], [12, 13], [13, 14]]"
DOA-V5B-POSTFREEZE-MST-TDOA-YAMAOKA2023-20260913,dicit,dicit,task4,recording3,1286,2,1,-36.31513719579913,-33.69454130674428,2.6205958890548686,2.6205958890548686,6.867522813731277,0.5311761999982991,False,1,350.0,3500.0,-80.0,80.0,1.0,15,"[0, 1, 2, 3, 4, 5, 6, 7, 8, 9, 10, 11, 12, 13, 14]",105,14,"[[0, 7], [0, 1], [1, 2], [2, 5], [5, 6], [4, 5], [6, 8], [8, 9], [3, 4], [9, 10], [8, 11], [8, 12], [11, 14], [6, 13]]"
DOA-V5B-POSTFREEZE-MST-TDOA-YAMAOKA2023-20260913,dicit,dicit,task4,recording3,1963,3,1,46.88699559621824,39.11948759194444,-7.767508004273793,7.767508004273793,60.33418059645744,0.5209461999984342,False,1,350.0,3500.0,-80.0,80.0,1.0,15,"[0, 1, 2, 3, 4, 5, 6, 7, 8, 9, 10, 11, 12, 13, 14]",105,14,"[[0, 9], [8, 9], [6, 8], [5, 6], [4, 5], [9, 10], [3, 4], [10, 11], [11, 12], [12, 13], [13, 14], [2, 3], [1, 5], [7, 13]]"
DOA-V5B-POSTFREEZE-MST-TDOA-YAMAOKA2023-20260913,dicit,dicit,task4,recording3,2619,4,0,-39.329870151274044,-33.2468211135343,6.083049037739727,6.083049037739727,37.003485595546216,0.5311029000004055,False,1,350.0,3500.0,-80.0,80.0,1.0,15,"[0, 1, 2, 3, 4, 5, 6, 7, 8, 9, 10, 11, 12, 13, 14]",105,14,"[[0, 1], [0, 7], [1, 5], [4, 5], [5, 6], [6, 8], [8, 9], [3, 4], [9, 10], [2, 3], [10, 11], [6, 14], [4, 12], [1, 13]]"
DOA-V5B-POSTFREEZE-MST-TDOA-YAMAOKA2023-20260913,dicit,dicit,task4,recording3,2886,5,0,-54.75914971225483,-20.486861592583104,34.272288119671714,34.272288119671714,1174.5897329577908,0.5354355999952531,False,1,350.0,3500.0,-80.0,80.0,1.0,15,"[0, 1, 2, 3, 4, 5, 6, 7, 8, 9, 10, 11, 12, 13, 14]",105,14,"[[0, 7], [0, 1], [0, 2], [2, 3], [3, 4], [4, 5], [5, 6], [6, 8], [8, 9], [9, 10], [7, 11], [7, 13], [11, 12], [3, 14]]"
DOA-V5B-POSTFREEZE-MST-TDOA-YAMAOKA2023-20260913,dicit,dicit,task4,recording3,3566,6,1,-18.612716893706153,-10.157418814453196,8.45529807925297,8.45529807925297,71.49206560901895,0.5300315999993472,False,1,350.0,3500.0,-80.0,80.0,1.0,15,"[0, 1, 2, 3, 4, 5, 6, 7, 8, 9, 10, 11, 12, 13, 14]",105,14,"[[0, 1], [1, 2], [2, 3], [3, 4], [4, 5], [5, 6], [6, 8], [8, 9], [9, 10], [10, 11], [9, 12], [0, 7], [9, 14], [13, 14]]"
DOA-V5B-POSTFREEZE-MST-TDOA-YAMAOKA2023-20260913,dicit,dicit,task4,recording3,4312,7,0,9.994974982085742,6.178446141499519,-3.8165288405862157,3.8165288405862157,14.565892391026363,0.5387046000032569,False,1,350.0,3500.0,-80.0,80.0,1.0,15,"[0, 1, 2, 3, 4, 5, 6, 7, 8, 9, 10, 11, 12, 13, 14]",105,14,"[[0, 7], [4, 7], [4, 5], [5, 6], [6, 8], [8, 9], [9, 10], [3, 4], [10, 11], [2, 3], [2, 12], [5, 14], [13, 14], [1, 13]]"
DOA-V5B-POSTFREEZE-MST-TDOA-YAMAOKA2023-20260913,dicit,dicit,task4,recording3,4663,8,0,5.5372353192175,5.3612791206456265,-0.17595619857186762,0.17595619857186762,0.030960583815862506,0.5404054999962682,False,1,350.0,3500.0,-80.0,80.0,1.0,15,"[0, 1, 2, 3, 4, 5, 6, 7, 8, 9, 10, 11, 12, 13, 14]",105,14,"[[0, 2], [2, 3], [3, 4], [4, 5], [5, 6], [6, 8], [8, 9], [9, 10], [10, 11], [4, 12], [1, 9], [1, 7], [5, 13], [3, 14]]"
DOA-V5B-POSTFREEZE-MST-TDOA-YAMAOKA2023-20260913,dicit,dicit,task4,recording3,4814,9,1,-41.21482287654715,-30.82075974673852,10.394063129808643,10.394063129808643,108.03654834644745,0.5352020999998786,False,1,350.0,3500.0,-80.0,80.0,1.0,15,"[0, 1, 2, 3, 4, 5, 6, 7, 8, 9, 10, 11, 12, 13, 14]",105,14,"[[0, 1], [0, 2], [1, 7], [0, 3], [3, 4], [4, 5], [5, 6], [6, 8], [8, 9], [9, 10], [9, 11], [0, 12], [5, 14], [7, 13]]"
DOA-V5B-POSTFREEZE-MST-TDOA-YAMAOKA2023-20260913,dicit,dicit,task4,recording3,5330,10,0,1.8759506715454763,-0.9695373470911701,-2.845488018636644,2.845488018636644,8.096802064204693,0.5341460999989067,False,1,350.0,3500.0,-80.0,80.0,1.0,15,"[0, 1, 2, 3, 4, 5, 6, 7, 8, 9, 10, 11, 12, 13, 14]",105,14,"[[0, 12], [11, 12], [10, 11], [9, 10], [8, 9], [6, 8], [5, 6], [4, 5], [3, 4], [2, 3], [1, 6], [12, 13], [13, 14], [3, 7]]"
DOA-V5B-POSTFREEZE-MST-TDOA-YAMAOKA2023-20260913,dicit,dicit,task4,recording3,5544,11,1,-42.06749245911241,-31.91731891392552,10.150173545186874,10.150173545186874,103.02602299741147,0.5388739999980316,False,1,350.0,3500.0,-80.0,80.0,1.0,15,"[0, 1, 2, 3, 4, 5, 6, 7, 8, 9, 10, 11, 12, 13, 14]",105,14,"[[0, 1], [1, 7], [1, 2], [0, 4], [4, 5], [5, 6], [6, 8], [8, 9], [3, 4], [9, 10], [0, 11], [0, 12], [5, 14], [3, 13]]"
DOA-V5B-POSTFREEZE-MST-TDOA-YAMAOKA2023-20260913,dicit,dicit,task4,recording3,5611,12,1,-42.11422656389105,-32.068464240169114,10.045762323721931,10.045762323721931,100.91734066471105,0.5511459999979706,False,1,350.0,3500.0,-80.0,80.0,1.0,15,"[0, 1, 2, 3, 4, 5, 6, 7, 8, 9, 10, 11, 12, 13, 14]",105,14,"[[0, 1], [1, 7], [1, 2], [1, 3], [3, 4], [4, 5], [5, 6], [6, 8], [8, 9], [9, 10], [0, 11], [7, 12], [5, 14], [7, 13]]"
DOA-V5B-POSTFREEZE-MST-TDOA-YAMAOKA2023-20260913,dicit,dicit,task4,recording3,5762,13,0,26.955053537982636,20.079541513211954,-6.875512024770671,6.875512024770671,47.2726656027661,0.5516672000012477,False,1,350.0,3500.0,-80.0,80.0,1.0,15,"[0, 1, 2, 3, 4, 5, 6, 7, 8, 9, 10, 11, 12, 13, 14]",105,14,"[[0, 7], [1, 7], [0, 3], [3, 4], [4, 5], [5, 6], [6, 8], [8, 9], [9, 10], [10, 11], [2, 3], [11, 12], [12, 13], [13, 14]]"
DOA-V5B-POSTFREEZE-MST-TDOA-YAMAOKA2023-20260913,dicit,dicit,task4,recording3,5938,14,1,-18.438602876645614,-19.949526641135783,-1.5109237644901725,1.5109237644901725,2.2828906221011542,0.5880248999965261,False,1,350.0,3500.0,-80.0,80.0,1.0,15,"[0, 1, 2, 3, 4, 5, 6, 7, 8, 9, 10, 11, 12, 13, 14]",105,14,"[[0, 7], [1, 7], [1, 2], [2, 3], [3, 4], [4, 5], [5, 6], [6, 8], [8, 9], [9, 10], [9, 11], [11, 12], [11, 14], [13, 14]]"
DOA-V5B-POSTFREEZE-MST-TDOA-YAMAOKA2023-20260913,dicit,dicit,task4,recording3,6319,15,1,44.88079217999501,35.14304360616648,-9.737748573828526,9.737748573828526,94.8237472870995,0.5602032000024337,False,1,350.0,3500.0,-80.0,80.0,1.0,15,"[0, 1, 2, 3, 4, 5, 6, 7, 8, 9, 10, 11, 12, 13, 14]",105,14,"[[0, 1], [1, 2], [2, 3], [3, 4], [4, 5], [5, 6], [6, 8], [8, 9], [9, 10], [10, 11], [11, 12], [12, 13], [13, 14], [1, 7]]"
DOA-V5B-POSTFREEZE-MST-TDOA-YAMAOKA2023-20260913,dicit,dicit,task4,recording3,6386,16,1,44.28461871650484,34.57420631169854,-9.710412404806306,9.710412404806306,94.29210907141618,0.570757000001322,False,1,350.0,3500.0,-80.0,80.0,1.0,15,"[0, 1, 2, 3, 4, 5, 6, 7, 8, 9, 10, 11, 12, 13, 14]",105,14,"[[0, 1], [1, 2], [2, 3], [3, 4], [4, 5], [5, 6], [6, 8], [8, 9], [9, 10], [10, 11], [11, 12], [12, 13], [13, 14], [5, 7]]"
DOA-V5B-POSTFREEZE-MST-TDOA-YAMAOKA2023-20260913,dicit,dicit,task4,recording3,6782,17,1,42.479338640526336,9.459041069556266,-33.02029757097006,33.02029757097006,1090.3400516754111,0.5582255000044825,False,1,350.0,3500.0,-80.0,80.0,1.0,15,"[0, 1, 2, 3, 4, 5, 6, 7, 8, 9, 10, 11, 12, 13, 14]",105,14,"[[0, 9], [8, 9], [6, 8], [5, 6], [4, 5], [9, 10], [3, 4], [2, 3], [10, 11], [11, 12], [12, 13], [1, 2], [7, 13], [12, 14]]"
DOA-V5B-POSTFREEZE-MST-TDOA-YAMAOKA2023-20260913,dicit,dicit,task4,recording3,6848,18,1,42.63538332070129,45.44577920962212,2.810395888920823,2.810395888920823,7.898325052463062,0.5608260000008158,False,1,350.0,3500.0,-80.0,80.0,1.0,15,"[0, 1, 2, 3, 4, 5, 6, 7, 8, 9, 10, 11, 12, 13, 14]",105,14,"[[0, 13], [13, 14], [12, 13], [11, 12], [10, 11], [9, 10], [8, 9], [6, 8], [5, 6], [4, 5], [3, 4], [2, 3], [1, 14], [7, 11]]"
DOA-V5B-POSTFREEZE-MST-TDOA-YAMAOKA2023-20260913,dicit,dicit,task4,recording3,7314,19,0,-25.938300051041047,-22.593379001709387,3.344921049331674,3.344921049331674,11.188496826262108,0.5432174000015948,False,1,350.0,3500.0,-80.0,80.0,1.0,15,"[0, 1, 2, 3, 4, 5, 6, 7, 8, 9, 10, 11, 12, 13, 14]",105,14,"[[0, 1], [1, 2], [2, 3], [3, 4], [4, 5], [5, 6], [6, 8], [8, 9], [9, 10], [10, 11], [0, 7], [2, 14], [13, 14], [9, 12]]"
DOA-V5B-POSTFREEZE-MST-TDOA-YAMAOKA2023-20260913,dicit,dicit,task4,recording4,377,0,0,-31.565701016955593,-28.78231297709432,2.783388039861279,2.783388039861279,7.747248980442814,0.5360664000036195,False,1,350.0,3500.0,-80.0,80.0,1.0,15,"[0, 1, 2, 3, 4, 5, 6, 7, 8, 9, 10, 11, 12, 13, 14]",105,14,"[[0, 7], [0, 1], [0, 5], [5, 6], [4, 5], [6, 8], [8, 9], [3, 4], [9, 10], [10, 11], [6, 12], [2, 3], [1, 14], [13, 14]]"
DOA-V5B-POSTFREEZE-MST-TDOA-YAMAOKA2023-20260913,dicit,dicit,task4,recording4,783,1,0,-37.54066969158138,-12.870729317501818,24.669940374079545,24.669940374079545,608.60595806064,0.5482587000005879,False,1,350.0,3500.0,-80.0,80.0,1.0,15,"[0, 1, 2, 3, 4, 5, 6, 7, 8, 9, 10, 11, 12, 13, 14]",105,14,"[[0, 7], [0, 1], [1, 2], [2, 3], [3, 4], [4, 5], [5, 6], [6, 8], [8, 9], [9, 10], [10, 11], [10, 14], [7, 12], [13, 14]]"
DOA-V5B-POSTFREEZE-MST-TDOA-YAMAOKA2023-20260913,dicit,dicit,task4,recording4,845,2,0,-40.34081098279542,-34.62104047169012,5.71977051110531,5.71977051110531,32.7157746997099,0.557823199997074,False,1,350.0,3500.0,-80.0,80.0,1.0,15,"[0, 1, 2, 3, 4, 5, 6, 7, 8, 9, 10, 11, 12, 13, 14]",105,14,"[[0, 7], [0, 1], [1, 4], [4, 5], [5, 6], [6, 8], [8, 9], [3, 4], [9, 10], [0, 2], [9, 11], [9, 14], [7, 12], [3, 13]]"
DOA-V5B-POSTFREEZE-MST-TDOA-YAMAOKA2023-20260913,dicit,dicit,task4,recording4,1180,3,0,-46.816337177455544,-41.61841964719888,5.19791753025666,5.19791753025666,27.0183466513495,0.5538343000007444,False,1,350.0,3500.0,-80.0,80.0,1.0,15,"[0, 1, 2, 3, 4, 5, 6, 7, 8, 9, 10, 11, 12, 13, 14]",105,14,"[[0, 7], [0, 8], [6, 8], [5, 6], [8, 9], [4, 5], [9, 10], [3, 4], [1, 7], [0, 2], [1, 11], [9, 14], [2, 13], [0, 12]]"
DOA-V5B-POSTFREEZE-MST-TDOA-YAMAOKA2023-20260913,dicit,dicit,task4,recording4,1804,4,0,-7.645501438764907,-12.056104700196574,-4.410603261431675,4.410603261431675,19.453421129751725,0.5543264000007184,False,1,350.0,3500.0,-80.0,80.0,1.0,15,"[0, 1, 2, 3, 4, 5, 6, 7, 8, 9, 10, 11, 12, 13, 14]",105,14,"[[0, 7], [0, 11], [10, 11], [9, 10], [8, 9], [6, 8], [5, 6], [4, 5], [3, 4], [2, 3], [1, 4], [11, 12], [12, 13], [13, 14]]"
DOA-V5B-POSTFREEZE-MST-TDOA-YAMAOKA2023-20260913,dicit,dicit,task4,recording4,1866,5,0,-2.1823674534855124,-7.356193857345976,-5.17382640386046,5.17382640386046,26.768479657283656,0.5400462000034167,False,1,350.0,3500.0,-80.0,80.0,1.0,15,"[0, 1, 2, 3, 4, 5, 6, 7, 8, 9, 10, 11, 12, 13, 14]",105,14,"[[0, 12], [5, 12], [4, 5], [5, 6], [6, 8], [8, 9], [3, 4], [9, 10], [2, 8], [10, 11], [5, 14], [13, 14], [1, 11], [0, 7]]"
DOA-V5B-POSTFREEZE-MST-TDOA-YAMAOKA2023-20260913,dicit,dicit,task4,recording4,2264,6,0,27.862703418971233,21.065453748658157,-6.797249670313079,6.797249670313079,46.20260308057126,0.5291145000010147,False,1,350.0,3500.0,-80.0,80.0,1.0,15,"[0, 1, 2, 3, 4, 5, 6, 7, 8, 9, 10, 11, 12, 13, 14]",105,14,"[[0, 7], [7, 10], [9, 10], [8, 9], [6, 8], [5, 6], [4, 5], [3, 4], [10, 11], [11, 12], [12, 13], [13, 14], [2, 3], [1, 9]]"
DOA-V5B-POSTFREEZE-MST-TDOA-YAMAOKA2023-20260913,dicit,dicit,task4,recording4,2780,7,0,57.81824522955524,46.40373206429611,-11.414513165259137,11.414513165259137,130.29111079987416,0.538915500001167,False,1,350.0,3500.0,-80.0,80.0,1.0,15,"[0, 1, 2, 3, 4, 5, 6, 7, 8, 9, 10, 11, 12, 13, 14]",105,14,"[[0, 3], [3, 4], [4, 5], [5, 6], [6, 8], [8, 9], [9, 10], [10, 11], [2, 3], [11, 12], [12, 13], [13, 14], [1, 8], [4, 7]]"
DOA-V5B-POSTFREEZE-MST-TDOA-YAMAOKA2023-20260913,dicit,dicit,task4,recording4,3178,8,0,34.89674724828235,34.33465920575121,-0.5620880425311441,0.5620880425311441,0.31594296755649326,0.5435667999990983,False,1,350.0,3500.0,-80.0,80.0,1.0,15,"[0, 1, 2, 3, 4, 5, 6, 7, 8, 9, 10, 11, 12, 13, 14]",105,14,"[[0, 7], [0, 1], [1, 4], [4, 5], [5, 6], [6, 8], [8, 9], [9, 10], [3, 4], [10, 11], [2, 4], [10, 12], [12, 13], [13, 14]]"
DOA-V5B-POSTFREEZE-MST-TDOA-YAMAOKA2023-20260913,dicit,dicit,task4,recording4,3742,9,0,-12.49354036356959,-12.490444753559185,0.0030956100104049256,0.0030956100104049256,9.582801336519183e-06,0.5607529999979306,False,1,350.0,3500.0,-80.0,80.0,1.0,15,"[0, 1, 2, 3, 4, 5, 6, 7, 8, 9, 10, 11, 12, 13, 14]",105,14,"[[0, 1], [1, 2], [2, 3], [3, 4], [4, 5], [5, 6], [6, 8], [8, 9], [9, 10], [10, 11], [4, 7], [9, 12], [9, 14], [13, 14]]"
DOA-V5B-POSTFREEZE-MST-TDOA-YAMAOKA2023-20260913,dicit,dicit,task4,recording4,4165,10,0,-29.838413705254776,-24.95839644974554,4.8800172555092445,4.8800172555092445,23.814568414067978,0.5421864000018104,False,1,350.0,3500.0,-80.0,80.0,1.0,15,"[0, 1, 2, 3, 4, 5, 6, 7, 8, 9, 10, 11, 12, 13, 14]",105,14,"[[0, 1], [0, 7], [1, 2], [2, 3], [3, 4], [4, 5], [5, 6], [6, 8], [8, 9], [9, 10], [10, 11], [6, 12], [2, 14], [13, 14]]"
DOA-V5B-POSTFREEZE-MST-TDOA-YAMAOKA2023-20260913,dicit,dicit,task4,recording4,4326,11,1,24.89735973070181,24.005729681056845,-0.8916300496449594,0.8916300496449594,0.7950041454298727,0.5116228000042611,False,1,350.0,3500.0,-80.0,80.0,1.0,15,"[0, 1, 2, 3, 4, 5, 6, 7, 8, 9, 10, 11, 12, 13, 14]",105,14,"[[0, 7], [7, 12], [12, 13], [11, 13], [10, 11], [9, 10], [8, 9], [6, 8], [5, 6], [4, 5], [3, 4], [2, 3], [13, 14], [1, 5]]"
DOA-V5B-POSTFREEZE-MST-TDOA-YAMAOKA2023-20260913,dicit,dicit,task4,recording4,4745,12,1,22.55686817167724,18.424875065661038,-4.1319931060162105,4.1319931060162105,17.073367028165492,0.5185927999991691,False,1,350.0,3500.0,-80.0,80.0,1.0,15,"[0, 1, 2, 3, 4, 5, 6, 7, 8, 9, 10, 11, 12, 13, 14]",105,14,"[[0, 7], [4, 7], [4, 5], [5, 6], [6, 8], [8, 9], [3, 4], [9, 10], [10, 11], [2, 3], [10, 12], [12, 13], [13, 14], [1, 14]]"
DOA-V5B-POSTFREEZE-MST-TDOA-YAMAOKA2023-20260913,dicit,dicit,task4,recording4,4891,13,0,-57.86021518730592,-38.27265610880092,19.587559078504995,19.587559078504995,383.6724706539234,0.5220187000013539,False,1,350.0,3500.0,-80.0,80.0,1.0,15,"[0, 1, 2, 3, 4, 5, 6, 7, 8, 9, 10, 11, 12, 13, 14]",105,14,"[[0, 7], [0, 1], [1, 2], [2, 3], [3, 4], [4, 5], [5, 6], [6, 8], [8, 9], [9, 10], [10, 11], [10, 12], [11, 13], [11, 14]]"
DOA-V5B-POSTFREEZE-MST-TDOA-YAMAOKA2023-20260913,dicit,dicit,task4,recording4,5210,14,0,-56.417752190453655,-45.89823600809588,10.51951618235779,10.51951618235779,110.66022071088743,0.3060228000031202,False,1,350.0,3500.0,-80.0,80.0,1.0,15,"[0, 1, 2, 3, 4, 5, 6, 7, 8, 9, 10, 11, 12, 13, 14]",105,14,"[[0, 7], [2, 7], [2, 4], [4, 5], [5, 6], [6, 8], [8, 9], [3, 4], [9, 10], [10, 11], [1, 7], [0, 14], [10, 12], [8, 13]]"
DOA-V5B-POSTFREEZE-MST-TDOA-YAMAOKA2023-20260913,dicit,dicit,task4,recording4,5272,15,0,-55.211236007410086,-44.50216442471638,10.709071582693696,10.709071582693696,114.68421416325766,0.3117964999983087,False,1,350.0,3500.0,-80.0,80.0,1.0,15,"[0, 1, 2, 3, 4, 5, 6, 7, 8, 9, 10, 11, 12, 13, 14]",105,14,"[[0, 7], [3, 7], [3, 4], [4, 5], [5, 6], [6, 8], [8, 9], [9, 10], [2, 3], [10, 11], [11, 14], [2, 12], [7, 13], [0, 1]]"
DOA-V5B-POSTFREEZE-MST-TDOA-YAMAOKA2023-20260913,dicit,dicit,task4,recording4,5426,16,1,17.93686983243487,15.555834104088675,-2.3810357283462054,2.3810357283462054,5.6693311396611445,0.3241654000012204,False,1,350.0,3500.0,-80.0,80.0,1.0,15,"[0, 1, 2, 3, 4, 5, 6, 7, 8, 9, 10, 11, 12, 13, 14]",105,14,"[[0, 1], [0, 3], [3, 4], [4, 5], [5, 6], [6, 8], [8, 9], [9, 10], [10, 11], [11, 12], [2, 3], [12, 13], [13, 14], [5, 7]]"
DOA-V5B-POSTFREEZE-MST-TDOA-YAMAOKA2023-20260913,dicit,dicit,task4,recording4,6028,17,1,20.526615463944033,19.764197572462535,-0.7624178914815047,0.7624178914815047,0.5812810412511036,0.3056767000016407,False,1,350.0,3500.0,-80.0,80.0,1.0,15,"[0, 1, 2, 3, 4, 5, 6, 7, 8, 9, 10, 11, 12, 13, 14]",105,14,"[[0, 10], [9, 10], [8, 9], [6, 8], [5, 6], [4, 5], [3, 4], [10, 11], [2, 3], [6, 13], [12, 13], [13, 14], [7, 13], [1, 10]]"
DOA-V5B-POSTFREEZE-MST-TDOA-YAMAOKA2023-20260913,dicit,dicit,task4,recording4,6977,18,0,59.699072655188296,41.56205542734498,-18.13701722784333,18.13701722784333,328.95139392308573,0.30679830000008224,False,1,350.0,3500.0,-80.0,80.0,1.0,15,"[0, 1, 2, 3, 4, 5, 6, 7, 8, 9, 10, 11, 12, 13, 14]",105,14,"[[0, 5], [5, 6], [4, 5], [6, 8], [8, 9], [9, 10], [3, 4], [10, 11], [11, 12], [12, 13], [13, 14], [2, 3], [1, 2], [1, 7]]"
DOA-V5B-POSTFREEZE-MST-TDOA-YAMAOKA2023-20260913,dicit,dicit,task4,recording4,7300,19,0,51.64112505181612,33.51752809937344,-18.123596952442682,18.123596952442682,328.4647664945897,0.31854419999581296,False,1,350.0,3500.0,-80.0,80.0,1.0,15,"[0, 1, 2, 3, 4, 5, 6, 7, 8, 9, 10, 11, 12, 13, 14]",105,14,"[[0, 1], [1, 2], [2, 3], [3, 4], [4, 5], [5, 6], [6, 8], [8, 9], [9, 10], [4, 11], [7, 9], [2, 14], [11, 12], [12, 13]]"
DOA-V5B-POSTFREEZE-MST-TDOA-YAMAOKA2023-20260913,dicit,dicit,task4,recording5,307,0,0,-47.589528877175475,-41.38727141540031,6.202257461775162,6.202257461775162,38.46799762214567,0.5916139000037219,False,1,350.0,3500.0,-80.0,80.0,1.0,15,"[0, 1, 2, 3, 4, 5, 6, 7, 8, 9, 10, 11, 12, 13, 14]",105,14,"[[0, 7], [1, 7], [4, 7], [4, 5], [5, 6], [6, 8], [8, 9], [3, 4], [2, 6], [9, 10], [7, 11], [7, 12], [9, 14], [13, 14]]"
DOA-V5B-POSTFREEZE-MST-TDOA-YAMAOKA2023-20260913,dicit,dicit,task4,recording5,351,1,0,-46.52627908912553,-42.107133028514475,4.4191460606110695,4.4191460606110695,19.528851905014335,0.5693690999978571,False,1,350.0,3500.0,-80.0,80.0,1.0,15,"[0, 1, 2, 3, 4, 5, 6, 7, 8, 9, 10, 11, 12, 13, 14]",105,14,"[[0, 7], [0, 1], [0, 2], [2, 5], [5, 6], [6, 8], [4, 5], [8, 9], [3, 4], [9, 10], [9, 11], [5, 12], [10, 14], [4, 13]]"
DOA-V5B-POSTFREEZE-MST-TDOA-YAMAOKA2023-20260913,dicit,dicit,task4,recording5,395,2,0,-44.77426376847228,-41.51051493474819,3.263748833724094,3.263748833724094,10.652056449635383,0.5444105999995372,False,1,350.0,3500.0,-80.0,80.0,1.0,15,"[0, 1, 2, 3, 4, 5, 6, 7, 8, 9, 10, 11, 12, 13, 14]",105,14,"[[0, 7], [0, 1], [1, 6], [6, 8], [5, 6], [4, 5], [8, 9], [3, 4], [9, 10], [2, 5], [8, 11], [6, 12], [8, 14], [8, 13]]"
DOA-V5B-POSTFREEZE-MST-TDOA-YAMAOKA2023-20260913,dicit,dicit,task4,recording5,439,3,0,-41.78721479744509,-38.79255406024194,2.994660737203162,2.994660737203162,8.967992930946187,0.5365388999998686,False,1,350.0,3500.0,-80.0,80.0,1.0,15,"[0, 1, 2, 3, 4, 5, 6, 7, 8, 9, 10, 11, 12, 13, 14]",105,14,"[[0, 7], [1, 7], [1, 3], [3, 4], [4, 5], [5, 6], [6, 8], [8, 9], [9, 10], [2, 6], [8, 11], [8, 12], [8, 14], [8, 13]]"
DOA-V5B-POSTFREEZE-MST-TDOA-YAMAOKA2023-20260913,dicit,dicit,task4,recording5,483,4,0,-39.779570403542806,-35.61748270435218,4.162087699190636,4.162087699190636,17.322974015754,0.5147798999969382,False,1,350.0,3500.0,-80.0,80.0,1.0,15,"[0, 1, 2, 3, 4, 5, 6, 7, 8, 9, 10, 11, 12, 13, 14]",105,14,"[[0, 7], [1, 7], [1, 2], [2, 5], [5, 6], [6, 8], [4, 5], [8, 9], [3, 4], [9, 10], [5, 11], [8, 12], [10, 13], [13, 14]]"
DOA-V5B-POSTFREEZE-MST-TDOA-YAMAOKA2023-20260913,dicit,dicit,task4,recording5,1051,5,0,26.06540400732445,18.247366723717274,-7.818037283607168,7.818037283607168,61.12170696787175,0.5154207000014139,False,1,350.0,3500.0,-80.0,80.0,1.0,15,"[0, 1, 2, 3, 4, 5, 6, 7, 8, 9, 10, 11, 12, 13, 14]",105,14,"[[0, 10], [9, 10], [8, 9], [6, 8], [5, 6], [4, 5], [3, 4], [10, 11], [11, 12], [12, 14], [13, 14], [2, 8], [1, 4], [7, 10]]"
DOA-V5B-POSTFREEZE-MST-TDOA-YAMAOKA2023-20260913,dicit,dicit,task4,recording5,1095,6,0,31.69646208848569,23.359755657035166,-8.336706431450523,8.336706431450523,69.5006741241885,0.5190457999997307,False,1,350.0,3500.0,-80.0,80.0,1.0,15,"[0, 1, 2, 3, 4, 5, 6, 7, 8, 9, 10, 11, 12, 13, 14]",105,14,"[[0, 3], [3, 4], [4, 5], [5, 6], [6, 8], [8, 9], [9, 10], [10, 11], [11, 12], [12, 14], [13, 14], [2, 10], [1, 6], [6, 7]]"
DOA-V5B-POSTFREEZE-MST-TDOA-YAMAOKA2023-20260913,dicit,dicit,task4,recording5,2247,7,0,-34.63715974117733,-24.645012777136998,9.99214696404033,9.99214696404033,99.84300095098038,0.5148023000001558,False,1,350.0,3500.0,-80.0,80.0,1.0,15,"[0, 1, 2, 3, 4, 5, 6, 7, 8, 9, 10, 11, 12, 13, 14]",105,14,"[[0, 7], [0, 1], [1, 2], [2, 3], [3, 4], [4, 5], [5, 6], [6, 8], [8, 9], [9, 10], [4, 11], [10, 14], [2, 12], [13, 14]]"
DOA-V5B-POSTFREEZE-MST-TDOA-YAMAOKA2023-20260913,dicit,dicit,task4,recording5,2471,8,1,10.938290783696434,6.651163263616654,-4.2871275200797925,4.2871275200797925,18.37946237342551,0.520199099999445,False,1,350.0,3500.0,-80.0,80.0,1.0,15,"[0, 1, 2, 3, 4, 5, 6, 7, 8, 9, 10, 11, 12, 13, 14]",105,14,"[[0, 7], [7, 9], [8, 9], [6, 8], [5, 6], [4, 5], [9, 10], [3, 4], [8, 11], [2, 3], [11, 12], [12, 13], [13, 14], [1, 2]]"
DOA-V5B-POSTFREEZE-MST-TDOA-YAMAOKA2023-20260913,dicit,dicit,task4,recording5,4007,9,1,-15.106957227806388,0.5246006612645165,15.631557889070905,15.631557889070905,244.34560203937485,0.5257423000002746,False,1,350.0,3500.0,-80.0,80.0,1.0,15,"[0, 1, 2, 3, 4, 5, 6, 7, 8, 9, 10, 11, 12, 13, 14]",105,14,"[[0, 2], [2, 3], [3, 4], [4, 5], [5, 6], [6, 8], [8, 9], [9, 10], [10, 11], [1, 5], [11, 12], [10, 14], [12, 13], [3, 7]]"
DOA-V5B-POSTFREEZE-MST-TDOA-YAMAOKA2023-20260913,dicit,dicit,task4,recording5,4313,10,0,45.95549887286612,39.93353625227294,-6.021962620593172,6.021962620593172,36.264033803821384,0.5247371000004932,False,1,350.0,3500.0,-80.0,80.0,1.0,15,"[0, 1, 2, 3, 4, 5, 6, 7, 8, 9, 10, 11, 12, 13, 14]",105,14,"[[0, 11], [4, 11], [4, 5], [5, 6], [6, 8], [8, 9], [9, 10], [3, 4], [6, 12], [2, 11], [12, 13], [6, 14], [1, 13], [6, 7]]"
DOA-V5B-POSTFREEZE-MST-TDOA-YAMAOKA2023-20260913,dicit,dicit,task4,recording5,4357,11,0,46.48175212062949,40.07570176011747,-6.406050360512012,6.406050360512012,41.03748122141608,0.5151385999997729,False,1,350.0,3500.0,-80.0,80.0,1.0,15,"[0, 1, 2, 3, 4, 5, 6, 7, 8, 9, 10, 11, 12, 13, 14]",105,14,"[[0, 11], [5, 11], [5, 6], [6, 8], [8, 9], [4, 5], [9, 10], [3, 4], [8, 12], [12, 13], [12, 14], [1, 5], [2, 9], [6, 7]]"
DOA-V5B-POSTFREEZE-MST-TDOA-YAMAOKA2023-20260913,dicit,dicit,task4,recording5,4979,12,0,-4.443130167273194,-1.7537909767706559,2.689339190502551,2.689339190502551,7.232545281572916,0.5169848000005004,False,1,350.0,3500.0,-80.0,80.0,1.0,15,"[0, 1, 2, 3, 4, 5, 6, 7, 8, 9, 10, 11, 12, 13, 14]",105,14,"[[0, 7], [0, 1], [1, 2], [2, 3], [3, 4], [4, 5], [5, 6], [6, 8], [8, 9], [9, 10], [10, 11], [9, 12], [11, 13], [9, 14]]"
DOA-V5B-POSTFREEZE-MST-TDOA-YAMAOKA2023-20260913,dicit,dicit,task4,recording5,5107,13,1,-21.646150632771437,-6.941102575290242,14.705048057481207,14.705048057481207,216.2384383728318,0.516857099995832,False,1,350.0,3500.0,-80.0,80.0,1.0,15,"[0, 1, 2, 3, 4, 5, 6, 7, 8, 9, 10, 11, 12, 13, 14]",105,14,"[[0, 1], [1, 2], [2, 3], [3, 4], [4, 5], [5, 6], [6, 8], [8, 9], [9, 10], [1, 7], [10, 11], [6, 14], [13, 14], [9, 12]]"
DOA-V5B-POSTFREEZE-MST-TDOA-YAMAOKA2023-20260913,dicit,dicit,task4,recording5,5151,14,1,-18.315043030623347,-19.692132558674153,-1.377089528050817,1.377089528050817,1.896375568267222,0.5162445000023581,False,1,350.0,3500.0,-80.0,80.0,1.0,15,"[0, 1, 2, 3, 4, 5, 6, 7, 8, 9, 10, 11, 12, 13, 14]",105,14,"[[0, 1], [1, 2], [2, 3], [3, 4], [4, 5], [5, 6], [6, 8], [8, 9], [9, 10], [10, 11], [0, 7], [2, 14], [13, 14], [12, 14]]"
DOA-V5B-POSTFREEZE-MST-TDOA-YAMAOKA2023-20260913,dicit,dicit,task4,recording5,5661,15,0,-34.638512444935145,-17.9483397802757,16.690172664659457,16.690172664659457,278.56186357614575,0.5244359999996959,False,1,350.0,3500.0,-80.0,80.0,1.0,15,"[0, 1, 2, 3, 4, 5, 6, 7, 8, 9, 10, 11, 12, 13, 14]",105,14,"[[0, 1], [1, 7], [0, 10], [8, 10], [6, 8], [5, 6], [4, 5], [8, 9], [3, 4], [2, 7], [7, 11], [7, 12], [4, 14], [7, 13]]"
DOA-V5B-POSTFREEZE-MST-TDOA-YAMAOKA2023-20260913,dicit,dicit,task4,recording5,6210,16,1,32.91591224403118,28.662348917961264,-4.253563326069923,4.253563326069923,18.092800968887026,0.5270080999980564,False,1,350.0,3500.0,-80.0,80.0,1.0,15,"[0, 1, 2, 3, 4, 5, 6, 7, 8, 9, 10, 11, 12, 13, 14]",105,14,"[[0, 13], [12, 13], [11, 12], [10, 11], [9, 10], [8, 9], [6, 8], [5, 6], [4, 5], [3, 4], [13, 14], [2, 3], [7, 11], [1, 6]]"
DOA-V5B-POSTFREEZE-MST-TDOA-YAMAOKA2023-20260913,dicit,dicit,task4,recording5,6717,17,1,24.363359184830493,21.33797064087148,-3.025388543959025,3.025388543959025,9.152975841918508,0.517777400003979,False,1,350.0,3500.0,-80.0,80.0,1.0,15,"[0, 1, 2, 3, 4, 5, 6, 7, 8, 9, 10, 11, 12, 13, 14]",105,14,"[[0, 3], [3, 4], [4, 5], [5, 6], [6, 8], [8, 9], [9, 10], [2, 3], [10, 11], [10, 13], [12, 13], [13, 14], [1, 2], [3, 7]]"
DOA-V5B-POSTFREEZE-MST-TDOA-YAMAOKA2023-20260913,dicit,dicit,task4,recording5,7095,18,0,55.40923082134817,43.98391837987625,-11.425312441471931,11.425312441471931,130.5377643852533,0.5187987999961479,False,1,350.0,3500.0,-80.0,80.0,1.0,15,"[0, 1, 2, 3, 4, 5, 6, 7, 8, 9, 10, 11, 12, 13, 14]",105,14,"[[0, 1], [1, 2], [2, 3], [3, 4], [4, 5], [5, 6], [6, 8], [8, 9], [9, 10], [10, 11], [11, 13], [13, 14], [12, 13], [7, 14]]"
DOA-V5B-POSTFREEZE-MST-TDOA-YAMAOKA2023-20260913,dicit,dicit,task4,recording5,7139,19,0,57.23812330883546,47.06596928341829,-10.172154025417171,10.172154025417171,103.47271751681076,0.5191488999989815,False,1,350.0,3500.0,-80.0,80.0,1.0,15,"[0, 1, 2, 3, 4, 5, 6, 7, 8, 9, 10, 11, 12, 13, 14]",105,14,"[[0, 12], [12, 14], [13, 14], [11, 12], [10, 11], [9, 10], [8, 9], [6, 8], [5, 6], [4, 5], [3, 4], [2, 3], [1, 5], [7, 12]]"
DOA-V5B-POSTFREEZE-MST-TDOA-YAMAOKA2023-20260913,eigenmike,eigenmike,task1,recording1,294,0,0,6.110972938478383,17.086337840763218,10.975364902284838,10.975364902284838,120.45863473830588,0.23498779999499675,False,1,350.0,3500.0,-80.0,80.0,1.0,12,"[26, 19, 16, 18, 17, 22, 10, 3, 2, 0, 1, 6]",66,11,"[[0, 11], [10, 11], [8, 10], [7, 8], [7, 9], [6, 7], [0, 1], [1, 2], [2, 4], [3, 4], [4, 5]]"
DOA-V5B-POSTFREEZE-MST-TDOA-YAMAOKA2023-20260913,eigenmike,eigenmike,task1,recording1,307,1,0,6.110972938478383,16.92475241142522,10.813779472946834,10.813779472946834,116.9378264895263,0.5117159000001266,False,1,350.0,3500.0,-80.0,80.0,1.0,12,"[26, 19, 16, 18, 17, 22, 10, 3, 2, 0, 1, 6]",66,11,"[[0, 1], [1, 2], [2, 4], [3, 4], [0, 11], [10, 11], [8, 10], [7, 8], [9, 10], [6, 7], [4, 5]]"
DOA-V5B-POSTFREEZE-MST-TDOA-YAMAOKA2023-20260913,eigenmike,eigenmike,task1,recording1,321,2,0,6.110972938478383,16.116112340918587,10.005139402440193,10.005139402440193,100.1028144622613,0.6161398000040208,False,1,350.0,3500.0,-80.0,80.0,1.0,12,"[26, 19, 16, 18, 17, 22, 10, 3, 2, 0, 1, 6]",66,11,"[[0, 1], [1, 2], [2, 4], [3, 4], [0, 11], [10, 11], [8, 10], [7, 8], [9, 10], [6, 7], [4, 5]]"
DOA-V5B-POSTFREEZE-MST-TDOA-YAMAOKA2023-20260913,eigenmike,eigenmike,task1,recording1,334,3,0,6.110972938478383,15.384145409040137,9.273172470561747,9.273172470561747,85.99172766878425,0.5991935999991256,False,1,350.0,3500.0,-80.0,80.0,1.0,12,"[26, 19, 16, 18, 17, 22, 10, 3, 2, 0, 1, 6]",66,11,"[[0, 11], [10, 11], [8, 10], [7, 8], [9, 10], [6, 7], [0, 1], [1, 2], [2, 4], [3, 4], [4, 5]]"
DOA-V5B-POSTFREEZE-MST-TDOA-YAMAOKA2023-20260913,eigenmike,eigenmike,task1,recording1,347,4,0,6.110972938478383,16.934355907579235,10.823382969100862,10.823382969100862,117.1456188958226,0.2977637000003597,False,1,350.0,3500.0,-80.0,80.0,1.0,12,"[26, 19, 16, 18, 17, 22, 10, 3, 2, 0, 1, 6]",66,11,"[[0, 1], [1, 2], [2, 4], [3, 4], [0, 11], [10, 11], [8, 10], [7, 8], [9, 10], [6, 7], [4, 5]]"
DOA-V5B-POSTFREEZE-MST-TDOA-YAMAOKA2023-20260913,eigenmike,eigenmike,task1,recording1,360,5,0,6.110972938478383,16.688247919459474,10.577274980981088,10.577274980981088,111.87874602328847,0.21612369999638759,False,1,350.0,3500.0,-80.0,80.0,1.0,12,"[26, 19, 16, 18, 17, 22, 10, 3, 2, 0, 1, 6]",66,11,"[[0, 11], [10, 11], [8, 10], [7, 8], [9, 10], [6, 7], [0, 1], [1, 2], [2, 4], [3, 4], [4, 5]]"
DOA-V5B-POSTFREEZE-MST-TDOA-YAMAOKA2023-20260913,eigenmike,eigenmike,task1,recording1,374,6,0,6.110972938478383,16.682937374436243,10.571964435957852,10.571964435957852,111.76643203515764,0.21248860000196146,False,1,350.0,3500.0,-80.0,80.0,1.0,12,"[26, 19, 16, 18, 17, 22, 10, 3, 2, 0, 1, 6]",66,11,"[[0, 11], [10, 11], [8, 10], [7, 8], [9, 10], [6, 7], [0, 1], [1, 2], [2, 4], [3, 4], [4, 5]]"
DOA-V5B-POSTFREEZE-MST-TDOA-YAMAOKA2023-20260913,eigenmike,eigenmike,task1,recording1,387,7,0,6.110972938478383,17.428409284685273,11.317436346206875,11.317436346206875,128.08436545044444,0.2149563000057242,False,1,350.0,3500.0,-80.0,80.0,1.0,12,"[26, 19, 16, 18, 17, 22, 10, 3, 2, 0, 1, 6]",66,11,"[[0, 1], [1, 2], [2, 4], [3, 4], [0, 11], [10, 11], [8, 10], [7, 8], [9, 10], [6, 7], [4, 5]]"
DOA-V5B-POSTFREEZE-MST-TDOA-YAMAOKA2023-20260913,eigenmike,eigenmike,task1,recording1,400,8,0,6.110972938478383,17.69912984613033,11.58815690765195,11.58815690765195,134.28538051636158,0.2208632000038051,False,1,350.0,3500.0,-80.0,80.0,1.0,12,"[26, 19, 16, 18, 17, 22, 10, 3, 2, 0, 1, 6]",66,11,"[[0, 1], [1, 2], [2, 4], [3, 4], [0, 11], [10, 11], [8, 10], [7, 8], [9, 10], [6, 7], [4, 5]]"
DOA-V5B-POSTFREEZE-MST-TDOA-YAMAOKA2023-20260913,eigenmike,eigenmike,task1,recording1,413,9,0,6.110972938478383,17.94323445504277,11.832261516564387,11.832261516564387,140.00241259637056,0.216353199997684,False,1,350.0,3500.0,-80.0,80.0,1.0,12,"[26, 19, 16, 18, 17, 22, 10, 3, 2, 0, 1, 6]",66,11,"[[0, 1], [1, 2], [2, 4], [3, 4], [0, 11], [10, 11], [8, 10], [9, 10], [7, 8], [6, 7], [4, 5]]"
DOA-V5B-POSTFREEZE-MST-TDOA-YAMAOKA2023-20260913,eigenmike,eigenmike,task1,recording1,555,10,0,6.110972938478383,16.805382564173307,10.69440962569493,10.69440962569493,114.37039724215639,0.21465639999951236,False,1,350.0,3500.0,-80.0,80.0,1.0,12,"[26, 19, 16, 18, 17, 22, 10, 3, 2, 0, 1, 6]",66,11,"[[0, 11], [10, 11], [8, 10], [7, 8], [7, 9], [6, 7], [0, 1], [1, 2], [2, 4], [3, 4], [4, 5]]"
DOA-V5B-POSTFREEZE-MST-TDOA-YAMAOKA2023-20260913,eigenmike,eigenmike,task1,recording1,568,11,0,6.110972938478383,17.977574527010866,11.86660158853249,11.86660158853249,140.8162332609618,0.21211810000386322,False,1,350.0,3500.0,-80.0,80.0,1.0,12,"[26, 19, 16, 18, 17, 22, 10, 3, 2, 0, 1, 6]",66,11,"[[0, 11], [10, 11], [8, 10], [7, 8], [9, 10], [6, 7], [0, 1], [1, 2], [2, 4], [3, 4], [4, 5]]"
DOA-V5B-POSTFREEZE-MST-TDOA-YAMAOKA2023-20260913,eigenmike,eigenmike,task1,recording1,581,12,0,6.110972938478383,15.68631823728516,9.57534529880678,9.57534529880678,91.68723759138112,0.23793850000220118,False,1,350.0,3500.0,-80.0,80.0,1.0,12,"[26, 19, 16, 18, 17, 22, 10, 3, 2, 0, 1, 6]",66,11,"[[0, 11], [10, 11], [8, 10], [7, 8], [9, 10], [6, 7], [0, 1], [1, 2], [2, 4], [3, 4], [4, 5]]"
DOA-V5B-POSTFREEZE-MST-TDOA-YAMAOKA2023-20260913,eigenmike,eigenmike,task1,recording1,594,13,0,6.110972938478383,16.95101089113854,10.840037952660168,10.840037952660168,117.50642281511286,0.2124139000006835,False,1,350.0,3500.0,-80.0,80.0,1.0,12,"[26, 19, 16, 18, 17, 22, 10, 3, 2, 0, 1, 6]",66,11,"[[0, 1], [1, 2], [2, 4], [3, 4], [0, 11], [10, 11], [8, 10], [7, 8], [9, 10], [6, 7], [4, 5]]"
DOA-V5B-POSTFREEZE-MST-TDOA-YAMAOKA2023-20260913,eigenmike,eigenmike,task1,recording1,608,14,0,6.110972938478383,17.300385304632794,11.189412366154414,11.189412366154414,125.20294909984933,0.21437230000447016,False,1,350.0,3500.0,-80.0,80.0,1.0,12,"[26, 19, 16, 18, 17, 22, 10, 3, 2, 0, 1, 6]",66,11,"[[0, 1], [1, 2], [2, 4], [3, 4], [0, 11], [10, 11], [8, 10], [7, 8], [9, 10], [6, 7], [4, 5]]"
DOA-V5B-POSTFREEZE-MST-TDOA-YAMAOKA2023-20260913,eigenmike,eigenmike,task1,recording1,621,15,0,6.110972938478383,17.145417496647166,11.034444558168786,11.034444558168786,121.75896670730074,0.21445130000211066,False,1,350.0,3500.0,-80.0,80.0,1.0,12,"[26, 19, 16, 18, 17, 22, 10, 3, 2, 0, 1, 6]",66,11,"[[0, 1], [1, 2], [2, 4], [3, 4], [0, 11], [10, 11], [8, 10], [7, 8], [9, 10], [6, 7], [4, 5]]"
DOA-V5B-POSTFREEZE-MST-TDOA-YAMAOKA2023-20260913,eigenmike,eigenmike,task1,recording1,634,16,0,6.110972938478383,16.63170920738645,10.520736268908081,10.520736268908081,110.68589163991793,0.21925570000166772,False,1,350.0,3500.0,-80.0,80.0,1.0,12,"[26, 19, 16, 18, 17, 22, 10, 3, 2, 0, 1, 6]",66,11,"[[0, 11], [10, 11], [8, 10], [7, 8], [9, 10], [6, 7], [0, 1], [1, 2], [2, 4], [3, 4], [4, 5]]"
DOA-V5B-POSTFREEZE-MST-TDOA-YAMAOKA2023-20260913,eigenmike,eigenmike,task1,recording1,647,17,0,6.110972938478383,18.71157275061891,12.60059981214053,12.60059981214053,158.77511562571596,0.22650789999897825,False,1,350.0,3500.0,-80.0,80.0,1.0,12,"[26, 19, 16, 18, 17, 22, 10, 3, 2, 0, 1, 6]",66,11,"[[0, 11], [10, 11], [8, 10], [7, 8], [7, 9], [6, 7], [0, 1], [1, 2], [2, 4], [3, 4], [4, 5]]"
DOA-V5B-POSTFREEZE-MST-TDOA-YAMAOKA2023-20260913,eigenmike,eigenmike,task1,recording1,661,18,0,6.110972938478383,17.84359900067486,11.732626062196488,11.732626062196488,137.65451431533225,0.2249655999985407,False,1,350.0,3500.0,-80.0,80.0,1.0,12,"[26, 19, 16, 18, 17, 22, 10, 3, 2, 0, 1, 6]",66,11,"[[0, 1], [1, 2], [2, 4], [3, 4], [0, 11], [10, 11], [8, 10], [7, 8], [9, 10], [6, 7], [4, 5]]"
DOA-V5B-POSTFREEZE-MST-TDOA-YAMAOKA2023-20260913,eigenmike,eigenmike,task1,recording1,674,19,0,6.110972938478383,18.22839764877796,12.117424710299588,12.117424710299588,146.83198160977904,0.22508379999635508,False,1,350.0,3500.0,-80.0,80.0,1.0,12,"[26, 19, 16, 18, 17, 22, 10, 3, 2, 0, 1, 6]",66,11,"[[0, 1], [1, 2], [2, 4], [3, 4], [0, 11], [10, 11], [8, 10], [7, 8], [9, 10], [6, 7], [4, 5]]"
DOA-V5B-POSTFREEZE-MST-TDOA-YAMAOKA2023-20260913,eigenmike,eigenmike,task1,recording10,91,0,0,-31.294074465233162,-22.6044563904595,8.689618074773648,8.689618074773648,75.50946228543287,0.21353859999362612,False,1,350.0,3500.0,-80.0,80.0,1.0,12,"[26, 19, 16, 18, 17, 22, 10, 3, 2, 0, 1, 6]",66,11,"[[0, 1], [1, 3], [1, 2], [2, 4], [4, 5], [5, 6], [6, 7], [7, 9], [7, 8], [8, 10], [10, 11]]"
DOA-V5B-POSTFREEZE-MST-TDOA-YAMAOKA2023-20260913,eigenmike,eigenmike,task1,recording10,119,1,0,-31.294074465233162,-21.172052030724945,10.12202243450821,10.12202243450821,102.45533816468752,0.2207944999972824,False,1,350.0,3500.0,-80.0,80.0,1.0,12,"[26, 19, 16, 18, 17, 22, 10, 3, 2, 0, 1, 6]",66,11,"[[0, 1], [1, 3], [1, 2], [1, 7], [7, 9], [7, 8], [6, 7], [8, 10], [5, 6], [10, 11], [2, 4]]"
DOA-V5B-POSTFREEZE-MST-TDOA-YAMAOKA2023-20260913,eigenmike,eigenmike,task1,recording10,146,2,0,-31.294074465233162,-21.09200659580594,10.202067869427225,10.202067869427225,104.08218881239935,0.21330950000265148,False,1,350.0,3500.0,-80.0,80.0,1.0,12,"[26, 19, 16, 18, 17, 22, 10, 3, 2, 0, 1, 6]",66,11,"[[0, 1], [1, 3], [1, 2], [2, 4], [1, 7], [7, 8], [7, 9], [6, 7], [8, 10], [10, 11], [5, 6]]"
DOA-V5B-POSTFREEZE-MST-TDOA-YAMAOKA2023-20260913,eigenmike,eigenmike,task1,recording10,174,3,0,-31.294074465233162,-20.89157856853499,10.402495896698184,10.402495896698184,108.21192088082256,0.21574129999498837,False,1,350.0,3500.0,-80.0,80.0,1.0,12,"[26, 19, 16, 18, 17, 22, 10, 3, 2, 0, 1, 6]",66,11,"[[0, 1], [1, 3], [1, 2], [2, 4], [1, 7], [7, 9], [7, 8], [6, 7], [8, 10], [5, 6], [10, 11]]"
DOA-V5B-POSTFREEZE-MST-TDOA-YAMAOKA2023-20260913,eigenmike,eigenmike,task1,recording10,202,4,0,-31.294074465233162,-20.427864981041328,10.866209484191842,10.866209484191842,118.07450855434072,0.21264890000020387,False,1,350.0,3500.0,-80.0,80.0,1.0,12,"[26, 19, 16, 18, 17, 22, 10, 3, 2, 0, 1, 6]",66,11,"[[0, 1], [1, 3], [1, 2], [2, 4], [1, 7], [7, 9], [7, 8], [6, 7], [8, 10], [10, 11], [5, 6]]"
DOA-V5B-POSTFREEZE-MST-TDOA-YAMAOKA2023-20260913,eigenmike,eigenmike,task1,recording10,229,5,0,-31.294074465233162,-22.588244894732917,8.705829570500242,8.705829570500242,75.79146851059643,0.21496060000208672,False,1,350.0,3500.0,-80.0,80.0,1.0,12,"[26, 19, 16, 18, 17, 22, 10, 3, 2, 0, 1, 6]",66,11,"[[0, 1], [1, 3], [1, 2], [2, 4], [4, 5], [5, 6], [6, 7], [7, 9], [7, 8], [8, 10], [10, 11]]"
DOA-V5B-POSTFREEZE-MST-TDOA-YAMAOKA2023-20260913,eigenmike,eigenmike,task1,recording10,257,6,0,-31.294074465233162,-24.00100535332972,7.293069111903435,7.293069111903435,53.18885707099996,0.21326389999740059,False,1,350.0,3500.0,-80.0,80.0,1.0,12,"[26, 19, 16, 18, 17, 22, 10, 3, 2, 0, 1, 6]",66,11,"[[0, 1], [1, 3], [1, 2], [2, 4], [4, 5], [5, 6], [6, 7], [7, 9], [7, 8], [8, 10], [10, 11]]"
DOA-V5B-POSTFREEZE-MST-TDOA-YAMAOKA2023-20260913,eigenmike,eigenmike,task1,recording10,328,7,0,-31.294074465233162,-20.196310434383765,11.09776403084939,11.09776403084939,123.16036648441451,0.21283219999895664,False,1,350.0,3500.0,-80.0,80.0,1.0,12,"[26, 19, 16, 18, 17, 22, 10, 3, 2, 0, 1, 6]",66,11,"[[0, 1], [1, 3], [1, 2], [2, 4], [1, 7], [7, 9], [7, 8], [6, 7], [8, 10], [10, 11], [5, 6]]"
DOA-V5B-POSTFREEZE-MST-TDOA-YAMAOKA2023-20260913,eigenmike,eigenmike,task1,recording10,356,8,0,-31.294074465233162,-20.889720849968054,10.404353615265109,10.404353615265109,108.25057415148014,0.21488000000681495,False,1,350.0,3500.0,-80.0,80.0,1.0,12,"[26, 19, 16, 18, 17, 22, 10, 3, 2, 0, 1, 6]",66,11,"[[0, 1], [1, 3], [1, 2], [2, 4], [1, 7], [7, 8], [7, 9], [6, 7], [8, 10], [5, 6], [10, 11]]"
DOA-V5B-POSTFREEZE-MST-TDOA-YAMAOKA2023-20260913,eigenmike,eigenmike,task1,recording10,384,9,0,-31.294074465233162,-20.95976449867764,10.334309966555509,10.334309966555509,106.79796248484853,0.21302019999711774,False,1,350.0,3500.0,-80.0,80.0,1.0,12,"[26, 19, 16, 18, 17, 22, 10, 3, 2, 0, 1, 6]",66,11,"[[0, 1], [1, 3], [1, 2], [2, 4], [1, 7], [7, 8], [7, 9], [6, 7], [8, 10], [5, 6], [10, 11]]"
DOA-V5B-POSTFREEZE-MST-TDOA-YAMAOKA2023-20260913,eigenmike,eigenmike,task1,recording10,411,10,0,-31.294074465233162,-20.782256234561974,10.511818230671196,10.511818230671196,110.49832251467132,0.21735890000127256,False,1,350.0,3500.0,-80.0,80.0,1.0,12,"[26, 19, 16, 18, 17, 22, 10, 3, 2, 0, 1, 6]",66,11,"[[0, 1], [1, 3], [1, 2], [2, 4], [1, 7], [7, 9], [7, 8], [6, 7], [8, 10], [10, 11], [5, 6]]"
DOA-V5B-POSTFREEZE-MST-TDOA-YAMAOKA2023-20260913,eigenmike,eigenmike,task1,recording10,439,11,0,-31.294074465233162,-22.07497364081856,9.219100824414596,9.219100824414596,84.99182001072188,0.21242640000127722,False,1,350.0,3500.0,-80.0,80.0,1.0,12,"[26, 19, 16, 18, 17, 22, 10, 3, 2, 0, 1, 6]",66,11,"[[0, 1], [1, 3], [1, 2], [2, 4], [4, 5], [5, 6], [6, 7], [7, 8], [7, 9], [8, 10], [10, 11]]"
DOA-V5B-POSTFREEZE-MST-TDOA-YAMAOKA2023-20260913,eigenmike,eigenmike,task1,recording10,467,12,0,-31.294074465233162,-20.87158950759003,10.422484957643121,10.422484957643121,108.62819269229713,0.21662179999839282,False,1,350.0,3500.0,-80.0,80.0,1.0,12,"[26, 19, 16, 18, 17, 22, 10, 3, 2, 0, 1, 6]",66,11,"[[0, 1], [1, 3], [1, 2], [1, 7], [7, 9], [7, 8], [6, 7], [8, 10], [5, 6], [10, 11], [2, 4]]"
DOA-V5B-POSTFREEZE-MST-TDOA-YAMAOKA2023-20260913,eigenmike,eigenmike,task1,recording10,494,13,0,-31.294074465233162,-21.991718750799876,9.302355714433276,9.302355714433276,86.53382183784942,0.21317959999578306,False,1,350.0,3500.0,-80.0,80.0,1.0,12,"[26, 19, 16, 18, 17, 22, 10, 3, 2, 0, 1, 6]",66,11,"[[0, 1], [1, 3], [1, 2], [2, 4], [4, 5], [5, 6], [6, 7], [7, 9], [7, 8], [8, 10], [10, 11]]"
DOA-V5B-POSTFREEZE-MST-TDOA-YAMAOKA2023-20260913,eigenmike,eigenmike,task1,recording10,522,14,0,-31.294074465233162,-21.996569962052444,9.297504503180733,9.297504503180733,86.443589986666,0.21343740000156686,False,1,350.0,3500.0,-80.0,80.0,1.0,12,"[26, 19, 16, 18, 17, 22, 10, 3, 2, 0, 1, 6]",66,11,"[[0, 1], [1, 3], [1, 2], [2, 4], [4, 5], [5, 6], [6, 7], [7, 9], [7, 8], [8, 10], [10, 11]]"
DOA-V5B-POSTFREEZE-MST-TDOA-YAMAOKA2023-20260913,eigenmike,eigenmike,task1,recording10,549,15,0,-31.294074465233162,-21.73073489622131,9.563339569011845,9.563339569011845,91.45746371222766,0.21594719999848166,False,1,350.0,3500.0,-80.0,80.0,1.0,12,"[26, 19, 16, 18, 17, 22, 10, 3, 2, 0, 1, 6]",66,11,"[[0, 1], [1, 3], [1, 2], [2, 4], [4, 5], [5, 6], [6, 7], [7, 9], [7, 8], [8, 10], [10, 11]]"
DOA-V5B-POSTFREEZE-MST-TDOA-YAMAOKA2023-20260913,eigenmike,eigenmike,task1,recording10,577,16,0,-31.294074465233162,-21.04100640696347,10.25306805826969,10.25306805826969,105.12540460751019,0.2118765999985044,False,1,350.0,3500.0,-80.0,80.0,1.0,12,"[26, 19, 16, 18, 17, 22, 10, 3, 2, 0, 1, 6]",66,11,"[[0, 1], [1, 3], [1, 2], [2, 4], [1, 7], [7, 9], [7, 8], [6, 7], [8, 10], [5, 6], [10, 11]]"
DOA-V5B-POSTFREEZE-MST-TDOA-YAMAOKA2023-20260913,eigenmike,eigenmike,task1,recording10,605,17,0,-31.294074465233162,-20.637531383802216,10.656543081430954,10.656543081430954,113.56191044639392,0.23570390000531916,False,1,350.0,3500.0,-80.0,80.0,1.0,12,"[26, 19, 16, 18, 17, 22, 10, 3, 2, 0, 1, 6]",66,11,"[[0, 1], [1, 3], [1, 2], [2, 4], [1, 7], [7, 9], [7, 8], [6, 7], [8, 10], [5, 6], [10, 11]]"
DOA-V5B-POSTFREEZE-MST-TDOA-YAMAOKA2023-20260913,eigenmike,eigenmike,task1,recording10,632,18,0,-31.294074465233162,-20.859220113206973,10.434854352026179,10.434854352026179,108.88618534799967,0.22820520000095712,False,1,350.0,3500.0,-80.0,80.0,1.0,12,"[26, 19, 16, 18, 17, 22, 10, 3, 2, 0, 1, 6]",66,11,"[[0, 1], [1, 3], [1, 2], [2, 4], [1, 7], [7, 9], [7, 8], [6, 7], [8, 10], [5, 6], [10, 11]]"
DOA-V5B-POSTFREEZE-MST-TDOA-YAMAOKA2023-20260913,eigenmike,eigenmike,task1,recording10,660,19,0,-31.294074465233162,-21.95273764105191,9.34133682418124,9.34133682418124,87.26057366280446,0.23215780000464292,False,1,350.0,3500.0,-80.0,80.0,1.0,12,"[26, 19, 16, 18, 17, 22, 10, 3, 2, 0, 1, 6]",66,11,"[[0, 1], [1, 3], [1, 2], [2, 4], [4, 5], [5, 6], [6, 7], [7, 8], [7, 9], [8, 10], [10, 11]]"
DOA-V5B-POSTFREEZE-MST-TDOA-YAMAOKA2023-20260913,eigenmike,eigenmike,task1,recording11,108,0,0,42.75766281235939,54.56001307592332,11.802350263563937,11.802350263563937,139.29547174384774,0.5612538999994285,False,1,350.0,3500.0,-80.0,80.0,1.0,12,"[26, 19, 16, 18, 17, 22, 10, 3, 2, 0, 1, 6]",66,11,"[[0, 11], [10, 11], [9, 10], [8, 10], [7, 8], [0, 1], [1, 2], [2, 3], [6, 7], [3, 4], [4, 5]]"
DOA-V5B-POSTFREEZE-MST-TDOA-YAMAOKA2023-20260913,eigenmike,eigenmike,task1,recording11,129,1,0,42.75766281235939,50.80445325424169,8.046790441882308,8.046790441882308,64.75083641556847,0.6075143000052776,False,1,350.0,3500.0,-80.0,80.0,1.0,12,"[26, 19, 16, 18, 17, 22, 10, 3, 2, 0, 1, 6]",66,11,"[[0, 11], [10, 11], [8, 10], [9, 10], [7, 8], [0, 1], [1, 2], [2, 3], [3, 4], [4, 5], [6, 7]]"
DOA-V5B-POSTFREEZE-MST-TDOA-YAMAOKA2023-20260913,eigenmike,eigenmike,task1,recording11,150,2,0,42.75766281235939,51.12755669902382,8.369893886664443,8.369893886664443,70.05512367402281,0.6419627000068431,False,1,350.0,3500.0,-80.0,80.0,1.0,12,"[26, 19, 16, 18, 17, 22, 10, 3, 2, 0, 1, 6]",66,11,"[[0, 11], [10, 11], [9, 10], [8, 10], [7, 8], [0, 1], [1, 2], [2, 3], [6, 7], [3, 4], [4, 5]]"
DOA-V5B-POSTFREEZE-MST-TDOA-YAMAOKA2023-20260913,eigenmike,eigenmike,task1,recording11,171,3,0,42.75766281235939,50.12079309129065,7.363130278931266,7.363130278931266,54.21568750451442,0.6143242999969516,False,1,350.0,3500.0,-80.0,80.0,1.0,12,"[26, 19, 16, 18, 17, 22, 10, 3, 2, 0, 1, 6]",66,11,"[[0, 11], [10, 11], [9, 10], [8, 10], [7, 8], [0, 1], [1, 2], [2, 3], [6, 7], [3, 4], [4, 5]]"
DOA-V5B-POSTFREEZE-MST-TDOA-YAMAOKA2023-20260913,eigenmike,eigenmike,task1,recording11,193,4,0,42.75766281235939,50.39400189750661,7.6363390851472275,7.6363390851472275,58.3136746233472,0.6025046999930055,False,1,350.0,3500.0,-80.0,80.0,1.0,12,"[26, 19, 16, 18, 17, 22, 10, 3, 2, 0, 1, 6]",66,11,"[[0, 11], [10, 11], [9, 10], [8, 10], [7, 8], [0, 1], [1, 2], [2, 3], [6, 7], [3, 4], [4, 5]]"
DOA-V5B-POSTFREEZE-MST-TDOA-YAMAOKA2023-20260913,eigenmike,eigenmike,task1,recording11,214,5,0,42.75766281235939,50.46035695655078,7.702694144191383,7.702694144191383,59.331497078960226,0.5996928999957163,False,1,350.0,3500.0,-80.0,80.0,1.0,12,"[26, 19, 16, 18, 17, 22, 10, 3, 2, 0, 1, 6]",66,11,"[[0, 11], [10, 11], [9, 10], [8, 10], [7, 8], [0, 1], [1, 2], [2, 3], [6, 7], [3, 4], [4, 5]]"
DOA-V5B-POSTFREEZE-MST-TDOA-YAMAOKA2023-20260913,eigenmike,eigenmike,task1,recording11,235,6,0,42.75766281235939,52.04843358339668,9.290770771037273,9.290770771037273,86.31842151996052,0.20158480000100099,False,1,350.0,3500.0,-80.0,80.0,1.0,12,"[26, 19, 16, 18, 17, 22, 10, 3, 2, 0, 1, 6]",66,11,"[[0, 11], [10, 11], [9, 10], [8, 9], [7, 8], [0, 1], [1, 2], [2, 3], [6, 7], [3, 4], [4, 5]]"
DOA-V5B-POSTFREEZE-MST-TDOA-YAMAOKA2023-20260913,eigenmike,eigenmike,task1,recording11,256,7,0,42.75766281235939,50.59260633526906,7.8349435229096684,7.8349435229096684,61.38634000718417,0.20073520000005374,False,1,350.0,3500.0,-80.0,80.0,1.0,12,"[26, 19, 16, 18, 17, 22, 10, 3, 2, 0, 1, 6]",66,11,"[[0, 11], [10, 11], [9, 10], [8, 9], [7, 8], [0, 1], [1, 2], [2, 3], [3, 4], [4, 5], [6, 7]]"
DOA-V5B-POSTFREEZE-MST-TDOA-YAMAOKA2023-20260913,eigenmike,eigenmike,task1,recording11,277,8,0,42.75766281235939,51.21567089048667,8.458008078127278,8.458008078127278,71.5379006496663,0.1942653000005521,False,1,350.0,3500.0,-80.0,80.0,1.0,12,"[26, 19, 16, 18, 17, 22, 10, 3, 2, 0, 1, 6]",66,11,"[[0, 11], [10, 11], [9, 10], [8, 10], [7, 8], [0, 1], [1, 2], [2, 3], [6, 7], [3, 4], [4, 5]]"
DOA-V5B-POSTFREEZE-MST-TDOA-YAMAOKA2023-20260913,eigenmike,eigenmike,task1,recording11,487,9,0,42.75766281235939,51.77250983401444,9.014847021655044,9.014847021655044,81.26746682384281,0.1997683999943547,False,1,350.0,3500.0,-80.0,80.0,1.0,12,"[26, 19, 16, 18, 17, 22, 10, 3, 2, 0, 1, 6]",66,11,"[[0, 11], [10, 11], [9, 10], [8, 10], [7, 8], [0, 1], [1, 2], [2, 3], [3, 4], [4, 5], [6, 7]]"
DOA-V5B-POSTFREEZE-MST-TDOA-YAMAOKA2023-20260913,eigenmike,eigenmike,task1,recording11,509,10,0,42.75766281235939,50.672268443075,7.914605630715613,7.914605630715613,62.640982289755286,0.20016730000497773,False,1,350.0,3500.0,-80.0,80.0,1.0,12,"[26, 19, 16, 18, 17, 22, 10, 3, 2, 0, 1, 6]",66,11,"[[0, 11], [10, 11], [9, 10], [8, 10], [7, 8], [0, 1], [1, 2], [2, 3], [6, 7], [3, 4], [4, 5]]"
DOA-V5B-POSTFREEZE-MST-TDOA-YAMAOKA2023-20260913,eigenmike,eigenmike,task1,recording11,530,11,0,42.75766281235939,50.353767886044324,7.5961050736849245,7.5961050736849245,57.700812290461855,0.20194829999672947,False,1,350.0,3500.0,-80.0,80.0,1.0,12,"[26, 19, 16, 18, 17, 22, 10, 3, 2, 0, 1, 6]",66,11,"[[0, 11], [10, 11], [9, 10], [8, 10], [7, 8], [0, 1], [1, 2], [2, 3], [6, 7], [3, 4], [4, 5]]"
DOA-V5B-POSTFREEZE-MST-TDOA-YAMAOKA2023-20260913,eigenmike,eigenmike,task1,recording11,551,12,0,42.75766281235939,50.395949879412676,7.638287067053284,7.638287067053284,58.343429318713454,0.20262129999900935,False,1,350.0,3500.0,-80.0,80.0,1.0,12,"[26, 19, 16, 18, 17, 22, 10, 3, 2, 0, 1, 6]",66,11,"[[0, 11], [10, 11], [9, 10], [8, 10], [7, 8], [0, 1], [1, 2], [2, 3], [6, 7], [3, 4], [4, 5]]"
DOA-V5B-POSTFREEZE-MST-TDOA-YAMAOKA2023-20260913,eigenmike,eigenmike,task1,recording11,572,13,0,42.75766281235939,50.72864293604078,7.970980123681386,7.970980123681386,63.53652413212372,0.19490079999377485,False,1,350.0,3500.0,-80.0,80.0,1.0,12,"[26, 19, 16, 18, 17, 22, 10, 3, 2, 0, 1, 6]",66,11,"[[0, 11], [10, 11], [9, 10], [8, 10], [7, 8], [0, 1], [1, 2], [2, 3], [3, 4], [4, 5], [6, 7]]"
DOA-V5B-POSTFREEZE-MST-TDOA-YAMAOKA2023-20260913,eigenmike,eigenmike,task1,recording11,593,14,0,42.75766281235939,50.3372340217906,7.579571209431208,7.579571209431208,57.449899718838466,0.19765210000332445,False,1,350.0,3500.0,-80.0,80.0,1.0,12,"[26, 19, 16, 18, 17, 22, 10, 3, 2, 0, 1, 6]",66,11,"[[0, 11], [10, 11], [9, 10], [8, 10], [7, 8], [0, 1], [1, 2], [2, 3], [6, 7], [3, 4], [4, 5]]"
DOA-V5B-POSTFREEZE-MST-TDOA-YAMAOKA2023-20260913,eigenmike,eigenmike,task1,recording11,614,15,0,42.75766281235939,50.6473793502225,7.889716537863109,7.889716537863109,62.24762704783064,0.1953023000023677,False,1,350.0,3500.0,-80.0,80.0,1.0,12,"[26, 19, 16, 18, 17, 22, 10, 3, 2, 0, 1, 6]",66,11,"[[0, 11], [10, 11], [9, 10], [8, 10], [7, 8], [0, 1], [1, 2], [2, 3], [6, 7], [3, 4], [4, 5]]"
DOA-V5B-POSTFREEZE-MST-TDOA-YAMAOKA2023-20260913,eigenmike,eigenmike,task1,recording11,636,16,0,42.75766281235939,51.678317440807625,8.920654628448233,8.920654628448233,79.57807900005488,0.19969150000542868,False,1,350.0,3500.0,-80.0,80.0,1.0,12,"[26, 19, 16, 18, 17, 22, 10, 3, 2, 0, 1, 6]",66,11,"[[0, 11], [10, 11], [9, 10], [8, 10], [7, 8], [0, 1], [1, 2], [2, 3], [3, 4], [4, 5], [6, 7]]"
DOA-V5B-POSTFREEZE-MST-TDOA-YAMAOKA2023-20260913,eigenmike,eigenmike,task1,recording11,657,17,0,42.75766281235939,52.866426075464226,10.108763263104834,10.108763263104834,102.18709470949788,0.2112810000035097,False,1,350.0,3500.0,-80.0,80.0,1.0,12,"[26, 19, 16, 18, 17, 22, 10, 3, 2, 0, 1, 6]",66,11,"[[0, 11], [10, 11], [8, 10], [9, 10], [7, 8], [0, 1], [1, 2], [2, 3], [3, 4], [4, 5], [6, 7]]"
DOA-V5B-POSTFREEZE-MST-TDOA-YAMAOKA2023-20260913,eigenmike,eigenmike,task1,recording11,678,18,0,42.75766281235939,51.89702926192923,9.13936644956982,9.13936644956982,83.52801909952247,0.21650610000506276,False,1,350.0,3500.0,-80.0,80.0,1.0,12,"[26, 19, 16, 18, 17, 22, 10, 3, 2, 0, 1, 6]",66,11,"[[0, 11], [10, 11], [9, 10], [8, 10], [7, 8], [0, 1], [1, 2], [2, 3], [3, 4], [4, 5], [6, 7]]"
DOA-V5B-POSTFREEZE-MST-TDOA-YAMAOKA2023-20260913,eigenmike,eigenmike,task1,recording11,699,19,0,42.75766281235939,51.296181175538415,8.538518363179037,8.538518363179037,72.90629583834561,0.2136026000007405,False,1,350.0,3500.0,-80.0,80.0,1.0,12,"[26, 19, 16, 18, 17, 22, 10, 3, 2, 0, 1, 6]",66,11,"[[0, 11], [10, 11], [9, 10], [8, 10], [7, 8], [0, 1], [1, 2], [2, 3], [6, 7], [3, 4], [4, 5]]"
DOA-V5B-POSTFREEZE-MST-TDOA-YAMAOKA2023-20260913,eigenmike,eigenmike,task1,recording12,182,0,0,-71.69123524204545,-79.99965486413433,-8.308419622088877,8.308419622088877,69.02983661671148,0.21273150000342866,False,1,350.0,3500.0,-80.0,80.0,1.0,12,"[26, 19, 16, 18, 17, 22, 10, 3, 2, 0, 1, 6]",66,11,"[[0, 1], [1, 3], [2, 3], [2, 4], [4, 5], [5, 6], [6, 7], [7, 8], [7, 9], [8, 10], [0, 11]]"
DOA-V5B-POSTFREEZE-MST-TDOA-YAMAOKA2023-20260913,eigenmike,eigenmike,task1,recording12,208,1,0,-71.69123524204545,-64.45113664905027,7.240098592995196,7.240098592995196,52.41902763629101,0.21514439999737078,False,1,350.0,3500.0,-80.0,80.0,1.0,12,"[26, 19, 16, 18, 17, 22, 10, 3, 2, 0, 1, 6]",66,11,"[[0, 1], [0, 11], [1, 3], [2, 3], [2, 4], [4, 5], [5, 6], [6, 7], [7, 9], [8, 9], [8, 10]]"
DOA-V5B-POSTFREEZE-MST-TDOA-YAMAOKA2023-20260913,eigenmike,eigenmike,task1,recording12,235,2,0,-71.69123524204545,-62.89582423063949,8.795411011405974,8.795411011405974,77.35925485956146,0.2181440999993356,False,1,350.0,3500.0,-80.0,80.0,1.0,12,"[26, 19, 16, 18, 17, 22, 10, 3, 2, 0, 1, 6]",66,11,"[[0, 1], [0, 11], [1, 3], [2, 3], [2, 4], [4, 5], [5, 6], [6, 7], [7, 9], [8, 9], [8, 10]]"
DOA-V5B-POSTFREEZE-MST-TDOA-YAMAOKA2023-20260913,eigenmike,eigenmike,task1,recording12,261,3,0,-71.69123524204545,-62.43381857955653,9.257416662488936,9.257416662488936,85.69976326292779,0.22194069999386556,False,1,350.0,3500.0,-80.0,80.0,1.0,12,"[26, 19, 16, 18, 17, 22, 10, 3, 2, 0, 1, 6]",66,11,"[[0, 1], [0, 11], [1, 3], [2, 3], [2, 4], [4, 5], [5, 6], [6, 7], [7, 9], [8, 9], [8, 10]]"
DOA-V5B-POSTFREEZE-MST-TDOA-YAMAOKA2023-20260913,eigenmike,eigenmike,task1,recording12,288,4,0,-71.69123524204545,-63.34765730114801,8.343577940897433,8.343577940897433,69.61529285583025,0.2144715000031283,False,1,350.0,3500.0,-80.0,80.0,1.0,12,"[26, 19, 16, 18, 17, 22, 10, 3, 2, 0, 1, 6]",66,11,"[[0, 1], [0, 11], [1, 3], [2, 3], [2, 4], [4, 5], [5, 6], [6, 7], [7, 9], [8, 9], [8, 10]]"
DOA-V5B-POSTFREEZE-MST-TDOA-YAMAOKA2023-20260913,eigenmike,eigenmike,task1,recording12,314,5,0,-71.69123524204545,-63.29067229790938,8.400562944136084,8.400562944136084,70.5694577783923,0.21337550000316696,False,1,350.0,3500.0,-80.0,80.0,1.0,12,"[26, 19, 16, 18, 17, 22, 10, 3, 2, 0, 1, 6]",66,11,"[[0, 1], [0, 11], [1, 3], [2, 3], [2, 4], [4, 5], [5, 6], [6, 7], [7, 9], [8, 9], [8, 10]]"
DOA-V5B-POSTFREEZE-MST-TDOA-YAMAOKA2023-20260913,eigenmike,eigenmike,task1,recording12,341,6,0,-71.69123524204545,-62.8154241518364,8.875811090209055,8.875811090209055,78.78002250907805,0.21403949999512406,False,1,350.0,3500.0,-80.0,80.0,1.0,12,"[26, 19, 16, 18, 17, 22, 10, 3, 2, 0, 1, 6]",66,11,"[[0, 1], [0, 11], [1, 3], [2, 3], [2, 4], [4, 5], [5, 6], [6, 7], [7, 8], [8, 9], [8, 10]]"
DOA-V5B-POSTFREEZE-MST-TDOA-YAMAOKA2023-20260913,eigenmike,eigenmike,task1,recording12,367,7,0,-71.69123524204545,-67.18353889252764,4.507696349517801,4.507696349517801,20.319326379456104,0.21416170000156853,False,1,350.0,3500.0,-80.0,80.0,1.0,12,"[26, 19, 16, 18, 17, 22, 10, 3, 2, 0, 1, 6]",66,11,"[[0, 1], [0, 11], [1, 3], [2, 3], [2, 4], [4, 5], [5, 6], [6, 7], [7, 9], [8, 9], [8, 10]]"
DOA-V5B-POSTFREEZE-MST-TDOA-YAMAOKA2023-20260913,eigenmike,eigenmike,task1,recording12,393,8,0,-71.69123524204545,-64.70354010084876,6.987695141196696,6.987695141196696,48.82788338630391,0.2128651000020909,False,1,350.0,3500.0,-80.0,80.0,1.0,12,"[26, 19, 16, 18, 17, 22, 10, 3, 2, 0, 1, 6]",66,11,"[[0, 1], [0, 11], [1, 3], [2, 3], [2, 4], [4, 5], [5, 6], [6, 7], [7, 9], [8, 9], [8, 10]]"
DOA-V5B-POSTFREEZE-MST-TDOA-YAMAOKA2023-20260913,eigenmike,eigenmike,task1,recording12,420,9,0,-71.69123524204545,-62.019158983822805,9.67207625822266,9.67207625822266,93.54905914487445,0.21259229999850504,False,1,350.0,3500.0,-80.0,80.0,1.0,12,"[26, 19, 16, 18, 17, 22, 10, 3, 2, 0, 1, 6]",66,11,"[[0, 1], [0, 11], [1, 3], [2, 3], [2, 4], [4, 5], [5, 6], [6, 7], [7, 9], [8, 9], [8, 10]]"
DOA-V5B-POSTFREEZE-MST-TDOA-YAMAOKA2023-20260913,eigenmike,eigenmike,task1,recording12,446,10,0,-71.69123524204545,-61.20774541638535,10.483489825660115,10.483489825660115,109.90355892471915,0.2139852000036626,False,1,350.0,3500.0,-80.0,80.0,1.0,12,"[26, 19, 16, 18, 17, 22, 10, 3, 2, 0, 1, 6]",66,11,"[[0, 1], [0, 11], [1, 3], [2, 3], [2, 4], [4, 5], [5, 6], [6, 7], [7, 9], [8, 9], [8, 10]]"
DOA-V5B-POSTFREEZE-MST-TDOA-YAMAOKA2023-20260913,eigenmike,eigenmike,task1,recording12,473,11,0,-71.69123524204545,-61.338909094782366,10.352326147263085,10.352326147263085,107.17065665930694,0.21262979999301024,False,1,350.0,3500.0,-80.0,80.0,1.0,12,"[26, 19, 16, 18, 17, 22, 10, 3, 2, 0, 1, 6]",66,11,"[[0, 1], [0, 11], [1, 3], [2, 3], [2, 4], [4, 5], [5, 6], [6, 7], [7, 9], [8, 9], [8, 10]]"
DOA-V5B-POSTFREEZE-MST-TDOA-YAMAOKA2023-20260913,eigenmike,eigenmike,task1,recording12,577,12,0,-71.69123524204545,-70.22043820532708,1.470797036718352,1.470797036718352,2.1632439232194853,0.2178799000030267,False,1,350.0,3500.0,-80.0,80.0,1.0,12,"[26, 19, 16, 18, 17, 22, 10, 3, 2, 0, 1, 6]",66,11,"[[0, 1], [0, 11], [1, 2], [2, 3], [2, 4], [4, 5], [5, 6], [6, 7], [7, 9], [8, 9], [8, 10]]"
DOA-V5B-POSTFREEZE-MST-TDOA-YAMAOKA2023-20260913,eigenmike,eigenmike,task1,recording12,603,13,0,-71.69123524204545,-67.28185019596559,4.409385046079876,4.409385046079876,19.442676484592834,0.21268319999944651,False,1,350.0,3500.0,-80.0,80.0,1.0,12,"[26, 19, 16, 18, 17, 22, 10, 3, 2, 0, 1, 6]",66,11,"[[0, 1], [0, 11], [1, 3], [2, 3], [2, 4], [4, 5], [5, 6], [6, 7], [7, 9], [8, 9], [8, 10]]"
DOA-V5B-POSTFREEZE-MST-TDOA-YAMAOKA2023-20260913,eigenmike,eigenmike,task1,recording12,630,14,0,-71.69123524204545,-61.75547578155245,9.935759460492989,9.935759460492989,98.71931605677592,0.212523100002727,False,1,350.0,3500.0,-80.0,80.0,1.0,12,"[26, 19, 16, 18, 17, 22, 10, 3, 2, 0, 1, 6]",66,11,"[[0, 1], [0, 11], [1, 3], [2, 3], [2, 4], [4, 5], [5, 6], [6, 7], [7, 9], [8, 9], [8, 10]]"
DOA-V5B-POSTFREEZE-MST-TDOA-YAMAOKA2023-20260913,eigenmike,eigenmike,task1,recording12,656,15,0,-71.69123524204545,-62.871902790696964,8.819332451348487,8.819332451348487,77.78062488740851,0.2156184999985271,False,1,350.0,3500.0,-80.0,80.0,1.0,12,"[26, 19, 16, 18, 17, 22, 10, 3, 2, 0, 1, 6]",66,11,"[[0, 1], [0, 11], [1, 3], [2, 3], [2, 4], [4, 5], [5, 6], [6, 7], [7, 9], [8, 9], [8, 10]]"
DOA-V5B-POSTFREEZE-MST-TDOA-YAMAOKA2023-20260913,eigenmike,eigenmike,task1,recording12,683,16,0,-71.69123524204545,-61.792326661971714,9.898908580073737,9.898908580073737,97.98839107665745,0.21481409999978496,False,1,350.0,3500.0,-80.0,80.0,1.0,12,"[26, 19, 16, 18, 17, 22, 10, 3, 2, 0, 1, 6]",66,11,"[[0, 1], [0, 11], [1, 3], [2, 3], [2, 4], [4, 5], [5, 6], [6, 7], [7, 9], [8, 9], [8, 10]]"
DOA-V5B-POSTFREEZE-MST-TDOA-YAMAOKA2023-20260913,eigenmike,eigenmike,task1,recording12,709,17,0,-71.69123524204545,-62.65099044034312,9.040244801702329,9.040244801702329,81.72602607470598,0.2137726000000839,False,1,350.0,3500.0,-80.0,80.0,1.0,12,"[26, 19, 16, 18, 17, 22, 10, 3, 2, 0, 1, 6]",66,11,"[[0, 1], [0, 11], [1, 3], [2, 3], [2, 4], [4, 5], [5, 6], [6, 7], [7, 9], [8, 9], [8, 10]]"
DOA-V5B-POSTFREEZE-MST-TDOA-YAMAOKA2023-20260913,eigenmike,eigenmike,task1,recording12,736,18,0,-71.69123524204545,-62.06602933385528,9.625205908190168,9.625205908190168,92.6445887750589,0.21342639999784296,False,1,350.0,3500.0,-80.0,80.0,1.0,12,"[26, 19, 16, 18, 17, 22, 10, 3, 2, 0, 1, 6]",66,11,"[[0, 1], [0, 11], [1, 3], [2, 3], [2, 4], [4, 5], [5, 6], [6, 7], [7, 9], [8, 9], [8, 10]]"
DOA-V5B-POSTFREEZE-MST-TDOA-YAMAOKA2023-20260913,eigenmike,eigenmike,task1,recording12,762,19,0,-71.69123524204545,-63.126069279657436,8.565165962388022,8.565165962388022,73.36206796325033,0.21333839999715565,False,1,350.0,3500.0,-80.0,80.0,1.0,12,"[26, 19, 16, 18, 17, 22, 10, 3, 2, 0, 1, 6]",66,11,"[[0, 1], [0, 11], [1, 3], [2, 3], [2, 4], [4, 5], [5, 6], [6, 7], [7, 9], [8, 9], [8, 10]]"
DOA-V5B-POSTFREEZE-MST-TDOA-YAMAOKA2023-20260913,eigenmike,eigenmike,task1,recording13,164,0,0,20.187831963877933,31.617870921071724,11.430038957193801,11.430038957193801,130.64579056296796,0.2140651000008802,False,1,350.0,3500.0,-80.0,80.0,1.0,12,"[26, 19, 16, 18, 17, 22, 10, 3, 2, 0, 1, 6]",66,11,"[[0, 11], [10, 11], [8, 10], [9, 10], [7, 8], [6, 7], [0, 1], [1, 2], [2, 4], [3, 4], [4, 5]]"
DOA-V5B-POSTFREEZE-MST-TDOA-YAMAOKA2023-20260913,eigenmike,eigenmike,task1,recording13,190,1,0,20.187831963877933,30.169680982681758,9.981849018803814,9.981849018803814,99.63730983419467,0.21481739999580896,False,1,350.0,3500.0,-80.0,80.0,1.0,12,"[26, 19, 16, 18, 17, 22, 10, 3, 2, 0, 1, 6]",66,11,"[[0, 11], [10, 11], [8, 10], [9, 10], [7, 8], [6, 7], [0, 1], [1, 2], [2, 4], [3, 4], [4, 5]]"
DOA-V5B-POSTFREEZE-MST-TDOA-YAMAOKA2023-20260913,eigenmike,eigenmike,task1,recording13,216,2,0,20.187831963877933,30.316813923433653,10.128981959555716,10.128981959555716,102.59627553700516,0.2193812000041362,False,1,350.0,3500.0,-80.0,80.0,1.0,12,"[26, 19, 16, 18, 17, 22, 10, 3, 2, 0, 1, 6]",66,11,"[[0, 11], [10, 11], [8, 10], [9, 10], [7, 8], [6, 7], [0, 1], [1, 2], [2, 4], [3, 4], [4, 5]]"
DOA-V5B-POSTFREEZE-MST-TDOA-YAMAOKA2023-20260913,eigenmike,eigenmike,task1,recording13,242,3,0,20.187831963877933,30.896656687286697,10.708824723408753,10.708824723408753,114.67892695669056,0.21602659999916796,False,1,350.0,3500.0,-80.0,80.0,1.0,12,"[26, 19, 16, 18, 17, 22, 10, 3, 2, 0, 1, 6]",66,11,"[[0, 11], [10, 11], [9, 10], [8, 10], [7, 8], [6, 7], [0, 1], [1, 2], [2, 4], [3, 4], [4, 5]]"
DOA-V5B-POSTFREEZE-MST-TDOA-YAMAOKA2023-20260913,eigenmike,eigenmike,task1,recording13,267,4,0,20.187831963877933,31.537690773645917,11.349858809767994,11.349858809767994,128.81929500166814,0.21267539999826113,False,1,350.0,3500.0,-80.0,80.0,1.0,12,"[26, 19, 16, 18, 17, 22, 10, 3, 2, 0, 1, 6]",66,11,"[[0, 11], [10, 11], [8, 10], [9, 10], [7, 8], [6, 7], [0, 1], [1, 2], [2, 4], [3, 4], [4, 5]]"
DOA-V5B-POSTFREEZE-MST-TDOA-YAMAOKA2023-20260913,eigenmike,eigenmike,task1,recording13,293,5,0,20.187831963877933,33.49550330260743,13.307671338729506,13.307671338729506,177.09411645964275,0.21401409999816678,False,1,350.0,3500.0,-80.0,80.0,1.0,12,"[26, 19, 16, 18, 17, 22, 10, 3, 2, 0, 1, 6]",66,11,"[[0, 11], [10, 11], [8, 10], [9, 10], [7, 9], [6, 7], [0, 1], [1, 2], [2, 4], [3, 4], [4, 5]]"
DOA-V5B-POSTFREEZE-MST-TDOA-YAMAOKA2023-20260913,eigenmike,eigenmike,task1,recording13,319,6,0,20.187831963877933,30.393027135926257,10.20519517204832,10.20519517204832,104.14600849959835,0.21393669999815756,False,1,350.0,3500.0,-80.0,80.0,1.0,12,"[26, 19, 16, 18, 17, 22, 10, 3, 2, 0, 1, 6]",66,11,"[[0, 11], [10, 11], [9, 10], [8, 10], [7, 9], [6, 7], [0, 1], [1, 2], [2, 4], [3, 4], [4, 5]]"
DOA-V5B-POSTFREEZE-MST-TDOA-YAMAOKA2023-20260913,eigenmike,eigenmike,task1,recording13,345,7,0,20.187831963877933,30.77094297080672,10.583111006928789,10.583111006928789,112.00223858497728,0.21226719999685884,False,1,350.0,3500.0,-80.0,80.0,1.0,12,"[26, 19, 16, 18, 17, 22, 10, 3, 2, 0, 1, 6]",66,11,"[[0, 11], [10, 11], [8, 10], [9, 10], [7, 9], [6, 7], [0, 1], [1, 2], [2, 4], [3, 4], [4, 5]]"
DOA-V5B-POSTFREEZE-MST-TDOA-YAMAOKA2023-20260913,eigenmike,eigenmike,task1,recording13,371,8,0,20.187831963877933,30.55030745612547,10.36247549224754,10.36247549224754,107.3808983274309,0.21441760000016075,False,1,350.0,3500.0,-80.0,80.0,1.0,12,"[26, 19, 16, 18, 17, 22, 10, 3, 2, 0, 1, 6]",66,11,"[[0, 11], [10, 11], [8, 10], [9, 10], [7, 8], [6, 7], [0, 1], [1, 2], [2, 4], [3, 4], [4, 5]]"
DOA-V5B-POSTFREEZE-MST-TDOA-YAMAOKA2023-20260913,eigenmike,eigenmike,task1,recording13,397,9,0,20.187831963877933,33.613338645829714,13.425506681951788,13.425506681951788,180.24422966713212,0.21277129999361932,False,1,350.0,3500.0,-80.0,80.0,1.0,12,"[26, 19, 16, 18, 17, 22, 10, 3, 2, 0, 1, 6]",66,11,"[[0, 11], [10, 11], [8, 10], [9, 10], [7, 9], [6, 7], [0, 1], [1, 2], [2, 4], [3, 4], [4, 5]]"
DOA-V5B-POSTFREEZE-MST-TDOA-YAMAOKA2023-20260913,eigenmike,eigenmike,task1,recording13,422,10,0,20.187831963877933,29.61702318871271,9.429191224834767,9.429191224834767,88.90964715450097,0.21582090000447351,False,1,350.0,3500.0,-80.0,80.0,1.0,12,"[26, 19, 16, 18, 17, 22, 10, 3, 2, 0, 1, 6]",66,11,"[[0, 11], [10, 11], [8, 10], [9, 10], [7, 8], [6, 7], [0, 1], [1, 2], [2, 4], [3, 4], [4, 5]]"
DOA-V5B-POSTFREEZE-MST-TDOA-YAMAOKA2023-20260913,eigenmike,eigenmike,task1,recording13,448,11,0,20.187831963877933,30.38174757697826,10.19391561310033,10.19391561310033,103.91591552701068,0.21280919999844627,False,1,350.0,3500.0,-80.0,80.0,1.0,12,"[26, 19, 16, 18, 17, 22, 10, 3, 2, 0, 1, 6]",66,11,"[[0, 11], [10, 11], [9, 10], [8, 10], [7, 8], [6, 7], [0, 1], [1, 2], [2, 4], [3, 4], [4, 5]]"
DOA-V5B-POSTFREEZE-MST-TDOA-YAMAOKA2023-20260913,eigenmike,eigenmike,task1,recording13,849,12,0,20.187831963877933,29.828341113481855,9.640509149603929,9.640509149603929,92.93941666359707,0.21205189999454888,False,1,350.0,3500.0,-80.0,80.0,1.0,12,"[26, 19, 16, 18, 17, 22, 10, 3, 2, 0, 1, 6]",66,11,"[[0, 11], [10, 11], [8, 10], [9, 10], [7, 9], [6, 7], [0, 1], [1, 2], [2, 4], [3, 4], [4, 5]]"
DOA-V5B-POSTFREEZE-MST-TDOA-YAMAOKA2023-20260913,eigenmike,eigenmike,task1,recording13,875,13,0,20.187831963877933,29.552634044306828,9.364802080428888,9.364802080428888,87.69951800560523,0.21381380000093486,False,1,350.0,3500.0,-80.0,80.0,1.0,12,"[26, 19, 16, 18, 17, 22, 10, 3, 2, 0, 1, 6]",66,11,"[[0, 11], [10, 11], [9, 10], [8, 10], [7, 9], [6, 7], [0, 1], [1, 2], [2, 4], [3, 4], [4, 5]]"
DOA-V5B-POSTFREEZE-MST-TDOA-YAMAOKA2023-20260913,eigenmike,eigenmike,task1,recording13,901,14,0,20.187831963877933,29.795226176663128,9.60739421278521,9.60739421278521,92.30202355985872,0.2129586000010022,False,1,350.0,3500.0,-80.0,80.0,1.0,12,"[26, 19, 16, 18, 17, 22, 10, 3, 2, 0, 1, 6]",66,11,"[[0, 11], [10, 11], [8, 10], [9, 10], [7, 8], [6, 7], [0, 1], [1, 2], [2, 4], [3, 4], [4, 5]]"
DOA-V5B-POSTFREEZE-MST-TDOA-YAMAOKA2023-20260913,eigenmike,eigenmike,task1,recording13,927,15,0,20.187831963877933,31.221959506840715,11.034127542962779,11.034127542962779,121.7519706343698,0.21234659999754513,False,1,350.0,3500.0,-80.0,80.0,1.0,12,"[26, 19, 16, 18, 17, 22, 10, 3, 2, 0, 1, 6]",66,11,"[[0, 11], [10, 11], [9, 10], [8, 10], [7, 8], [6, 7], [0, 1], [1, 2], [2, 4], [3, 4], [4, 5]]"
DOA-V5B-POSTFREEZE-MST-TDOA-YAMAOKA2023-20260913,eigenmike,eigenmike,task1,recording13,952,16,0,20.187831963877933,33.08955332848476,12.901721364606829,12.901721364606829,166.4544141699523,0.21273380000639008,False,1,350.0,3500.0,-80.0,80.0,1.0,12,"[26, 19, 16, 18, 17, 22, 10, 3, 2, 0, 1, 6]",66,11,"[[0, 11], [10, 11], [8, 10], [9, 10], [7, 9], [6, 7], [0, 1], [1, 2], [2, 4], [3, 4], [4, 5]]"
DOA-V5B-POSTFREEZE-MST-TDOA-YAMAOKA2023-20260913,eigenmike,eigenmike,task1,recording13,978,17,0,20.187831963877933,32.15542782707399,11.967595863196067,11.967595863196067,143.2233507447876,0.21251439999468857,False,1,350.0,3500.0,-80.0,80.0,1.0,12,"[26, 19, 16, 18, 17, 22, 10, 3, 2, 0, 1, 6]",66,11,"[[0, 11], [10, 11], [9, 10], [8, 10], [7, 9], [6, 7], [0, 1], [1, 2], [2, 4], [3, 4], [4, 5]]"
DOA-V5B-POSTFREEZE-MST-TDOA-YAMAOKA2023-20260913,eigenmike,eigenmike,task1,recording13,1004,18,0,20.187831963877933,29.667993816541106,9.480161852663173,9.480161852663173,89.87346875269004,0.21552279999741586,False,1,350.0,3500.0,-80.0,80.0,1.0,12,"[26, 19, 16, 18, 17, 22, 10, 3, 2, 0, 1, 6]",66,11,"[[0, 11], [10, 11], [8, 10], [9, 10], [7, 9], [6, 7], [0, 1], [1, 2], [2, 4], [3, 4], [4, 5]]"
DOA-V5B-POSTFREEZE-MST-TDOA-YAMAOKA2023-20260913,eigenmike,eigenmike,task1,recording13,1030,19,0,20.187831963877933,30.324351764264364,10.136519800386424,10.136519800386424,102.74903366362602,0.2140517000007094,False,1,350.0,3500.0,-80.0,80.0,1.0,12,"[26, 19, 16, 18, 17, 22, 10, 3, 2, 0, 1, 6]",66,11,"[[0, 11], [10, 11], [8, 10], [9, 10], [7, 8], [6, 7], [0, 1], [1, 2], [2, 4], [3, 4], [4, 5]]"
DOA-V5B-POSTFREEZE-MST-TDOA-YAMAOKA2023-20260913,eigenmike,eigenmike,task1,recording2,117,0,0,31.737798238186503,44.102995509479996,12.365197271293482,12.365197271293482,152.89810355800378,0.21228220000193687,False,1,350.0,3500.0,-80.0,80.0,1.0,12,"[26, 19, 16, 18, 17, 22, 10, 3, 2, 0, 1, 6]",66,11,"[[0, 11], [10, 11], [8, 10], [9, 10], [7, 8], [6, 7], [0, 1], [1, 2], [2, 3], [3, 4], [4, 5]]"
DOA-V5B-POSTFREEZE-MST-TDOA-YAMAOKA2023-20260913,eigenmike,eigenmike,task1,recording2,140,1,0,31.737798238186503,44.33986048473386,12.602062246547348,12.602062246547348,158.811972865854,0.21537169999646721,False,1,350.0,3500.0,-80.0,80.0,1.0,12,"[26, 19, 16, 18, 17, 22, 10, 3, 2, 0, 1, 6]",66,11,"[[0, 11], [10, 11], [8, 10], [9, 10], [7, 8], [6, 7], [0, 1], [1, 2], [2, 3], [3, 4], [4, 5]]"
DOA-V5B-POSTFREEZE-MST-TDOA-YAMAOKA2023-20260913,eigenmike,eigenmike,task1,recording2,163,2,0,31.737798238186503,42.23312660882508,10.495328370638589,10.495328370638589,110.15191760753126,0.2145470000032219,False,1,350.0,3500.0,-80.0,80.0,1.0,12,"[26, 19, 16, 18, 17, 22, 10, 3, 2, 0, 1, 6]",66,11,"[[0, 11], [10, 11], [8, 10], [9, 10], [7, 8], [6, 7], [0, 1], [1, 2], [2, 3], [3, 4], [4, 5]]"
DOA-V5B-POSTFREEZE-MST-TDOA-YAMAOKA2023-20260913,eigenmike,eigenmike,task1,recording2,186,3,0,31.737798238186503,44.27643563235713,12.538637394170621,12.538637394170621,157.21742770249384,0.21443710000312421,False,1,350.0,3500.0,-80.0,80.0,1.0,12,"[26, 19, 16, 18, 17, 22, 10, 3, 2, 0, 1, 6]",66,11,"[[0, 11], [10, 11], [8, 10], [9, 10], [7, 8], [6, 7], [0, 1], [1, 2], [2, 3], [3, 4], [4, 5]]"
DOA-V5B-POSTFREEZE-MST-TDOA-YAMAOKA2023-20260913,eigenmike,eigenmike,task1,recording2,209,4,0,31.737798238186503,49.02546026784469,17.28766202965818,17.28766202965818,298.86325845168517,0.21421290000580484,False,1,350.0,3500.0,-80.0,80.0,1.0,12,"[26, 19, 16, 18, 17, 22, 10, 3, 2, 0, 1, 6]",66,11,"[[0, 11], [10, 11], [8, 10], [9, 10], [7, 8], [6, 7], [0, 1], [1, 2], [2, 3], [3, 4], [4, 5]]"
DOA-V5B-POSTFREEZE-MST-TDOA-YAMAOKA2023-20260913,eigenmike,eigenmike,task1,recording2,232,5,0,31.737798238186503,45.74212944498838,14.00433120680188,14.00433120680188,196.121292549805,0.2126390999983414,False,1,350.0,3500.0,-80.0,80.0,1.0,12,"[26, 19, 16, 18, 17, 22, 10, 3, 2, 0, 1, 6]",66,11,"[[0, 11], [10, 11], [8, 10], [9, 10], [7, 8], [6, 7], [0, 1], [1, 2], [2, 3], [3, 4], [4, 5]]"
DOA-V5B-POSTFREEZE-MST-TDOA-YAMAOKA2023-20260913,eigenmike,eigenmike,task1,recording2,255,6,0,31.737798238186503,47.66109403628674,15.923295798100241,15.923295798100241,253.5513490737968,0.21396300000196788,False,1,350.0,3500.0,-80.0,80.0,1.0,12,"[26, 19, 16, 18, 17, 22, 10, 3, 2, 0, 1, 6]",66,11,"[[0, 11], [10, 11], [8, 10], [9, 10], [7, 8], [6, 7], [0, 1], [1, 2], [2, 3], [3, 4], [4, 5]]"
DOA-V5B-POSTFREEZE-MST-TDOA-YAMAOKA2023-20260913,eigenmike,eigenmike,task1,recording2,278,7,0,31.737798238186503,44.8322017719947,13.09440353380819,13.09440353380819,171.4634039062084,0.21263409999664873,False,1,350.0,3500.0,-80.0,80.0,1.0,12,"[26, 19, 16, 18, 17, 22, 10, 3, 2, 0, 1, 6]",66,11,"[[0, 11], [10, 11], [8, 10], [9, 10], [7, 8], [6, 7], [0, 1], [1, 2], [2, 3], [3, 4], [4, 5]]"
DOA-V5B-POSTFREEZE-MST-TDOA-YAMAOKA2023-20260913,eigenmike,eigenmike,task1,recording2,301,8,0,31.737798238186503,49.2058129216362,17.468014683449695,17.468014683449695,305.13153698121414,0.21181269999942742,False,1,350.0,3500.0,-80.0,80.0,1.0,12,"[26, 19, 16, 18, 17, 22, 10, 3, 2, 0, 1, 6]",66,11,"[[0, 11], [10, 11], [8, 10], [9, 10], [7, 8], [6, 7], [0, 1], [1, 2], [2, 3], [3, 4], [4, 5]]"
DOA-V5B-POSTFREEZE-MST-TDOA-YAMAOKA2023-20260913,eigenmike,eigenmike,task1,recording2,379,9,0,31.737798238186503,41.096287164296754,9.358488926110255,9.358488926110255,87.58131498012827,0.2129043000022648,False,1,350.0,3500.0,-80.0,80.0,1.0,12,"[26, 19, 16, 18, 17, 22, 10, 3, 2, 0, 1, 6]",66,11,"[[0, 11], [10, 11], [8, 10], [9, 10], [7, 8], [0, 1], [1, 2], [2, 3], [3, 4], [4, 5], [6, 7]]"
DOA-V5B-POSTFREEZE-MST-TDOA-YAMAOKA2023-20260913,eigenmike,eigenmike,task1,recording2,401,10,0,31.737798238186503,46.91455047329335,15.176752235106846,15.176752235106846,230.33380840582066,0.21566729999904055,False,1,350.0,3500.0,-80.0,80.0,1.0,12,"[26, 19, 16, 18, 17, 22, 10, 3, 2, 0, 1, 6]",66,11,"[[0, 11], [10, 11], [8, 10], [9, 10], [7, 8], [0, 1], [1, 2], [2, 3], [3, 4], [4, 5], [6, 7]]"
DOA-V5B-POSTFREEZE-MST-TDOA-YAMAOKA2023-20260913,eigenmike,eigenmike,task1,recording2,424,11,0,31.737798238186503,44.034711672405265,12.296913434218766,12.296913434218766,151.21408000866995,0.2153690999984974,False,1,350.0,3500.0,-80.0,80.0,1.0,12,"[26, 19, 16, 18, 17, 22, 10, 3, 2, 0, 1, 6]",66,11,"[[0, 11], [10, 11], [8, 10], [9, 10], [7, 8], [0, 1], [1, 2], [2, 3], [3, 4], [4, 5], [6, 7]]"
DOA-V5B-POSTFREEZE-MST-TDOA-YAMAOKA2023-20260913,eigenmike,eigenmike,task1,recording2,447,12,0,31.737798238186503,44.847532001543925,13.109733763357411,13.109733763357411,171.8651193461133,0.2131733999995049,False,1,350.0,3500.0,-80.0,80.0,1.0,12,"[26, 19, 16, 18, 17, 22, 10, 3, 2, 0, 1, 6]",66,11,"[[0, 11], [10, 11], [8, 10], [9, 10], [7, 8], [6, 7], [0, 1], [1, 2], [2, 3], [3, 4], [4, 5]]"
DOA-V5B-POSTFREEZE-MST-TDOA-YAMAOKA2023-20260913,eigenmike,eigenmike,task1,recording2,470,13,0,31.737798238186503,51.893283291710496,20.15548505352399,20.15548505352399,406.2435777428289,0.21221929999592248,False,1,350.0,3500.0,-80.0,80.0,1.0,12,"[26, 19, 16, 18, 17, 22, 10, 3, 2, 0, 1, 6]",66,11,"[[0, 11], [10, 11], [8, 10], [7, 8], [9, 10], [6, 7], [0, 1], [1, 2], [2, 3], [3, 4], [4, 5]]"
DOA-V5B-POSTFREEZE-MST-TDOA-YAMAOKA2023-20260913,eigenmike,eigenmike,task1,recording2,493,14,0,31.737798238186503,44.31865696596267,12.58085872777616,12.58085872777616,158.2780063282616,0.213986599999771,False,1,350.0,3500.0,-80.0,80.0,1.0,12,"[26, 19, 16, 18, 17, 22, 10, 3, 2, 0, 1, 6]",66,11,"[[0, 11], [10, 11], [8, 10], [9, 10], [7, 8], [0, 1], [1, 2], [2, 3], [3, 4], [4, 5], [6, 7]]"
DOA-V5B-POSTFREEZE-MST-TDOA-YAMAOKA2023-20260913,eigenmike,eigenmike,task1,recording2,516,15,0,31.737798238186503,47.24931216866482,15.511513930478316,15.511513930478316,240.60706441542285,0.21325899999646936,False,1,350.0,3500.0,-80.0,80.0,1.0,12,"[26, 19, 16, 18, 17, 22, 10, 3, 2, 0, 1, 6]",66,11,"[[0, 11], [10, 11], [8, 10], [9, 10], [7, 9], [0, 1], [1, 2], [2, 3], [3, 4], [4, 5], [6, 7]]"
DOA-V5B-POSTFREEZE-MST-TDOA-YAMAOKA2023-20260913,eigenmike,eigenmike,task1,recording2,539,16,0,31.737798238186503,45.36331384777935,13.625515609592838,13.625515609592838,185.6546756272581,0.21273479999945266,False,1,350.0,3500.0,-80.0,80.0,1.0,12,"[26, 19, 16, 18, 17, 22, 10, 3, 2, 0, 1, 6]",66,11,"[[0, 11], [10, 11], [8, 10], [9, 10], [7, 8], [6, 7], [0, 1], [1, 2], [2, 3], [3, 4], [4, 5]]"
DOA-V5B-POSTFREEZE-MST-TDOA-YAMAOKA2023-20260913,eigenmike,eigenmike,task1,recording2,562,17,0,31.737798238186503,44.33482571386234,12.597027475675844,12.597027475675844,158.68510122293213,0.26495279999653576,False,1,350.0,3500.0,-80.0,80.0,1.0,12,"[26, 19, 16, 18, 17, 22, 10, 3, 2, 0, 1, 6]",66,11,"[[0, 11], [10, 11], [8, 10], [9, 10], [7, 8], [0, 1], [1, 2], [2, 3], [3, 4], [4, 5], [6, 7]]"
DOA-V5B-POSTFREEZE-MST-TDOA-YAMAOKA2023-20260913,eigenmike,eigenmike,task1,recording2,585,18,0,31.737798238186503,46.2127590091446,14.474960770958091,14.474960770958091,209.52448932077567,0.28713620000053197,False,1,350.0,3500.0,-80.0,80.0,1.0,12,"[26, 19, 16, 18, 17, 22, 10, 3, 2, 0, 1, 6]",66,11,"[[0, 11], [10, 11], [8, 10], [9, 10], [7, 8], [6, 7], [0, 1], [1, 2], [2, 3], [3, 4], [4, 5]]"
DOA-V5B-POSTFREEZE-MST-TDOA-YAMAOKA2023-20260913,eigenmike,eigenmike,task1,recording2,608,19,0,31.737798238186503,47.926893896501326,16.189095658314812,16.189095658314812,262.0868182340675,0.28927739999926416,False,1,350.0,3500.0,-80.0,80.0,1.0,12,"[26, 19, 16, 18, 17, 22, 10, 3, 2, 0, 1, 6]",66,11,"[[0, 11], [10, 11], [8, 10], [9, 10], [7, 8], [6, 7], [0, 1], [1, 2], [2, 3], [3, 4], [4, 5]]"
DOA-V5B-POSTFREEZE-MST-TDOA-YAMAOKA2023-20260913,eigenmike,eigenmike,task1,recording3,126,0,0,-62.87504429664717,-60.15026493456122,2.7247793620859397,2.7247793620859397,7.424422572049461,0.21268699999927776,False,1,350.0,3500.0,-80.0,80.0,1.0,12,"[26, 19, 16, 18, 17, 22, 10, 3, 2, 0, 1, 6]",66,11,"[[0, 1], [1, 3], [2, 3], [2, 4], [4, 5], [5, 6], [6, 7], [7, 9], [7, 8], [8, 10], [10, 11]]"
DOA-V5B-POSTFREEZE-MST-TDOA-YAMAOKA2023-20260913,eigenmike,eigenmike,task1,recording3,154,1,0,-62.87504429664717,-59.630974247603966,3.2440700490432164,3.2440700490432164,10.523990483099256,0.21483279999665683,False,1,350.0,3500.0,-80.0,80.0,1.0,12,"[26, 19, 16, 18, 17, 22, 10, 3, 2, 0, 1, 6]",66,11,"[[0, 1], [1, 3], [2, 3], [2, 4], [4, 5], [5, 6], [6, 7], [7, 9], [8, 9], [8, 10], [10, 11]]"
DOA-V5B-POSTFREEZE-MST-TDOA-YAMAOKA2023-20260913,eigenmike,eigenmike,task1,recording3,182,2,0,-62.87504429664717,-56.54675268658393,6.328291610063246,6.328291610063246,40.047274701996876,0.21283120000589406,False,1,350.0,3500.0,-80.0,80.0,1.0,12,"[26, 19, 16, 18, 17, 22, 10, 3, 2, 0, 1, 6]",66,11,"[[0, 1], [1, 3], [2, 3], [2, 4], [4, 5], [5, 6], [6, 7], [7, 9], [8, 9], [8, 10], [0, 11]]"
DOA-V5B-POSTFREEZE-MST-TDOA-YAMAOKA2023-20260913,eigenmike,eigenmike,task1,recording3,210,3,0,-62.87504429664717,-57.66049135958608,5.214552937061086,5.214552937061086,27.191562333412396,0.21551840000029188,False,1,350.0,3500.0,-80.0,80.0,1.0,12,"[26, 19, 16, 18, 17, 22, 10, 3, 2, 0, 1, 6]",66,11,"[[0, 1], [1, 3], [2, 3], [2, 4], [4, 5], [5, 6], [6, 7], [7, 9], [8, 9], [8, 10], [10, 11]]"
DOA-V5B-POSTFREEZE-MST-TDOA-YAMAOKA2023-20260913,eigenmike,eigenmike,task1,recording3,238,4,0,-62.87504429664717,-58.034861819044536,4.840182477602639,4.840182477602639,23.42736641649162,0.21880419999797596,False,1,350.0,3500.0,-80.0,80.0,1.0,12,"[26, 19, 16, 18, 17, 22, 10, 3, 2, 0, 1, 6]",66,11,"[[0, 1], [1, 3], [2, 3], [2, 4], [4, 5], [5, 6], [6, 7], [7, 9], [8, 9], [8, 10], [10, 11]]"
DOA-V5B-POSTFREEZE-MST-TDOA-YAMAOKA2023-20260913,eigenmike,eigenmike,task1,recording3,266,5,0,-62.87504429664717,-58.3522876480142,4.522756648632964,4.522756648632964,20.455327702753678,0.21824240000569262,False,1,350.0,3500.0,-80.0,80.0,1.0,12,"[26, 19, 16, 18, 17, 22, 10, 3, 2, 0, 1, 6]",66,11,"[[0, 1], [1, 3], [2, 3], [2, 4], [4, 5], [5, 6], [6, 7], [7, 9], [7, 8], [8, 10], [10, 11]]"
DOA-V5B-POSTFREEZE-MST-TDOA-YAMAOKA2023-20260913,eigenmike,eigenmike,task1,recording3,294,6,0,-62.87504429664717,-60.97285169039853,1.902192606248633,1.902192606248633,3.618336711266967,0.21519699999771547,False,1,350.0,3500.0,-80.0,80.0,1.0,12,"[26, 19, 16, 18, 17, 22, 10, 3, 2, 0, 1, 6]",66,11,"[[0, 1], [1, 3], [2, 3], [2, 4], [4, 5], [5, 6], [6, 7], [7, 9], [8, 9], [8, 10], [10, 11]]"
DOA-V5B-POSTFREEZE-MST-TDOA-YAMAOKA2023-20260913,eigenmike,eigenmike,task1,recording3,322,7,0,-62.87504429664717,-59.225615207216954,3.649429089430214,3.649429089430214,13.31833267877944,0.21537540000281297,False,1,350.0,3500.0,-80.0,80.0,1.0,12,"[26, 19, 16, 18, 17, 22, 10, 3, 2, 0, 1, 6]",66,11,"[[0, 1], [1, 3], [2, 3], [2, 4], [4, 5], [5, 6], [6, 7], [7, 9], [8, 9], [8, 10], [10, 11]]"
DOA-V5B-POSTFREEZE-MST-TDOA-YAMAOKA2023-20260913,eigenmike,eigenmike,task1,recording3,448,8,0,-62.87504429664717,-60.28173984506644,2.5933044515807353,2.5933044515807353,6.7252279785884586,0.2146716000061133,False,1,350.0,3500.0,-80.0,80.0,1.0,12,"[26, 19, 16, 18, 17, 22, 10, 3, 2, 0, 1, 6]",66,11,"[[0, 1], [1, 3], [2, 3], [2, 4], [4, 5], [5, 6], [6, 7], [7, 9], [8, 9], [8, 10], [10, 11]]"
DOA-V5B-POSTFREEZE-MST-TDOA-YAMAOKA2023-20260913,eigenmike,eigenmike,task1,recording3,476,9,0,-62.87504429664717,-58.15562550868374,4.719418787963434,4.719418787963434,22.27291369618225,0.21473990000231424,False,1,350.0,3500.0,-80.0,80.0,1.0,12,"[26, 19, 16, 18, 17, 22, 10, 3, 2, 0, 1, 6]",66,11,"[[0, 1], [1, 3], [2, 3], [2, 4], [4, 5], [5, 6], [6, 7], [7, 9], [8, 9], [8, 10], [10, 11]]"
DOA-V5B-POSTFREEZE-MST-TDOA-YAMAOKA2023-20260913,eigenmike,eigenmike,task1,recording3,505,10,0,-62.87504429664717,-57.50273585498586,5.372308441661318,5.372308441661318,28.861697992345455,0.22162889999890467,False,1,350.0,3500.0,-80.0,80.0,1.0,12,"[26, 19, 16, 18, 17, 22, 10, 3, 2, 0, 1, 6]",66,11,"[[0, 1], [1, 3], [2, 3], [2, 4], [4, 5], [5, 6], [6, 7], [7, 9], [8, 9], [8, 10], [10, 11]]"
DOA-V5B-POSTFREEZE-MST-TDOA-YAMAOKA2023-20260913,eigenmike,eigenmike,task1,recording3,533,11,0,-62.87504429664717,-58.4224704496262,4.452573847020972,4.452573847020972,19.825413863175136,0.2746894000010798,False,1,350.0,3500.0,-80.0,80.0,1.0,12,"[26, 19, 16, 18, 17, 22, 10, 3, 2, 0, 1, 6]",66,11,"[[0, 1], [1, 3], [2, 3], [2, 4], [4, 5], [5, 6], [6, 7], [7, 9], [8, 9], [8, 10], [10, 11]]"
DOA-V5B-POSTFREEZE-MST-TDOA-YAMAOKA2023-20260913,eigenmike,eigenmike,task1,recording3,561,12,0,-62.87504429664717,-57.74066726082314,5.134377035824031,5.134377035824031,26.36182754599716,0.2551283000066178,False,1,350.0,3500.0,-80.0,80.0,1.0,12,"[26, 19, 16, 18, 17, 22, 10, 3, 2, 0, 1, 6]",66,11,"[[0, 1], [1, 3], [2, 3], [2, 4], [4, 5], [5, 6], [6, 7], [7, 9], [8, 9], [8, 10], [10, 11]]"
DOA-V5B-POSTFREEZE-MST-TDOA-YAMAOKA2023-20260913,eigenmike,eigenmike,task1,recording3,589,13,0,-62.87504429664717,-59.48215767606745,3.392886620579702,3.392886620579702,11.511679620108751,0.2188397999998415,False,1,350.0,3500.0,-80.0,80.0,1.0,12,"[26, 19, 16, 18, 17, 22, 10, 3, 2, 0, 1, 6]",66,11,"[[0, 1], [1, 3], [2, 3], [2, 4], [4, 5], [5, 6], [6, 7], [7, 9], [8, 9], [8, 10], [0, 11]]"
DOA-V5B-POSTFREEZE-MST-TDOA-YAMAOKA2023-20260913,eigenmike,eigenmike,task1,recording3,617,14,0,-62.87504429664717,-57.3652790863249,5.509765210322257,5.509765210322257,30.357512672877466,0.21420270000089658,False,1,350.0,3500.0,-80.0,80.0,1.0,12,"[26, 19, 16, 18, 17, 22, 10, 3, 2, 0, 1, 6]",66,11,"[[0, 1], [1, 3], [2, 3], [2, 4], [4, 5], [5, 6], [6, 7], [7, 9], [8, 9], [8, 10], [0, 11]]"
DOA-V5B-POSTFREEZE-MST-TDOA-YAMAOKA2023-20260913,eigenmike,eigenmike,task1,recording3,645,15,0,-62.87504429664717,-60.515219890830615,2.359824405816539,2.359824405816539,5.5687712262873825,0.21226500000193482,False,1,350.0,3500.0,-80.0,80.0,1.0,12,"[26, 19, 16, 18, 17, 22, 10, 3, 2, 0, 1, 6]",66,11,"[[0, 1], [1, 3], [2, 3], [2, 4], [4, 5], [5, 6], [6, 7], [7, 9], [8, 9], [8, 10], [10, 11]]"
DOA-V5B-POSTFREEZE-MST-TDOA-YAMAOKA2023-20260913,eigenmike,eigenmike,task1,recording3,673,16,0,-62.87504429664717,-58.63975364053815,4.235290656109015,4.235290656109015,17.937686941724333,0.21609010000247508,False,1,350.0,3500.0,-80.0,80.0,1.0,12,"[26, 19, 16, 18, 17, 22, 10, 3, 2, 0, 1, 6]",66,11,"[[0, 1], [1, 3], [2, 3], [2, 4], [4, 5], [5, 6], [6, 7], [7, 9], [8, 9], [8, 10], [10, 11]]"
DOA-V5B-POSTFREEZE-MST-TDOA-YAMAOKA2023-20260913,eigenmike,eigenmike,task1,recording3,701,17,0,-62.87504429664717,-59.02904352509623,3.8460007715509335,3.8460007715509335,14.791721934770376,0.21143660000234377,False,1,350.0,3500.0,-80.0,80.0,1.0,12,"[26, 19, 16, 18, 17, 22, 10, 3, 2, 0, 1, 6]",66,11,"[[0, 1], [1, 3], [2, 3], [2, 4], [4, 5], [5, 6], [6, 7], [7, 9], [8, 9], [8, 10], [10, 11]]"
DOA-V5B-POSTFREEZE-MST-TDOA-YAMAOKA2023-20260913,eigenmike,eigenmike,task1,recording3,729,18,0,-62.87504429664717,-59.070023759429056,3.8050205372181267,3.8050205372181267,14.478181288651722,0.21235639999940759,False,1,350.0,3500.0,-80.0,80.0,1.0,12,"[26, 19, 16, 18, 17, 22, 10, 3, 2, 0, 1, 6]",66,11,"[[0, 1], [1, 3], [2, 3], [2, 4], [4, 5], [5, 6], [6, 7], [7, 9], [8, 9], [8, 10], [10, 11]]"
DOA-V5B-POSTFREEZE-MST-TDOA-YAMAOKA2023-20260913,eigenmike,eigenmike,task1,recording3,757,19,0,-62.87504429664717,-61.53353467313334,1.3415096235138435,1.3415096235138435,1.7996480699802542,0.21378559999720892,False,1,350.0,3500.0,-80.0,80.0,1.0,12,"[26, 19, 16, 18, 17, 22, 10, 3, 2, 0, 1, 6]",66,11,"[[0, 1], [1, 3], [2, 3], [2, 4], [4, 5], [5, 6], [6, 7], [7, 9], [8, 9], [8, 10], [10, 11]]"
DOA-V5B-POSTFREEZE-MST-TDOA-YAMAOKA2023-20260913,eigenmike,eigenmike,task1,recording4,106,0,0,13.743777604907631,21.74150033260679,7.99772272769917,7.99772272769917,63.96356882915585,0.2152351999975508,False,1,350.0,3500.0,-80.0,80.0,1.0,12,"[26, 19, 16, 18, 17, 22, 10, 3, 2, 0, 1, 6]",66,11,"[[0, 11], [10, 11], [9, 10], [8, 10], [7, 8], [6, 7], [0, 1], [1, 2], [2, 4], [3, 4], [4, 5]]"
DOA-V5B-POSTFREEZE-MST-TDOA-YAMAOKA2023-20260913,eigenmike,eigenmike,task1,recording4,135,1,0,13.743777604907631,21.265678637497647,7.521901032590023,7.521901032590023,56.57899514407885,0.21240250000118976,False,1,350.0,3500.0,-80.0,80.0,1.0,12,"[26, 19, 16, 18, 17, 22, 10, 3, 2, 0, 1, 6]",66,11,"[[0, 11], [10, 11], [9, 10], [8, 10], [7, 8], [6, 7], [0, 1], [1, 2], [2, 4], [3, 4], [4, 5]]"
DOA-V5B-POSTFREEZE-MST-TDOA-YAMAOKA2023-20260913,eigenmike,eigenmike,task1,recording4,165,2,0,13.743777604907631,19.05433324563328,5.310555640725653,5.310555640725653,28.20200121324305,0.2144345999986399,False,1,350.0,3500.0,-80.0,80.0,1.0,12,"[26, 19, 16, 18, 17, 22, 10, 3, 2, 0, 1, 6]",66,11,"[[0, 11], [10, 11], [9, 10], [8, 10], [7, 8], [6, 7], [4, 10], [3, 4], [2, 4], [1, 2], [4, 5]]"
DOA-V5B-POSTFREEZE-MST-TDOA-YAMAOKA2023-20260913,eigenmike,eigenmike,task1,recording4,194,3,0,13.743777604907631,21.836625872405623,8.092848267497999,8.092848267497999,65.49419308074536,0.21264979999978095,False,1,350.0,3500.0,-80.0,80.0,1.0,12,"[26, 19, 16, 18, 17, 22, 10, 3, 2, 0, 1, 6]",66,11,"[[0, 11], [10, 11], [9, 10], [8, 10], [7, 8], [6, 7], [0, 1], [1, 2], [2, 4], [3, 4], [4, 5]]"
DOA-V5B-POSTFREEZE-MST-TDOA-YAMAOKA2023-20260913,eigenmike,eigenmike,task1,recording4,223,4,0,13.743777604907631,22.00846188597174,8.26468428106412,8.26468428106412,68.30500626566835,0.21603630000026897,False,1,350.0,3500.0,-80.0,80.0,1.0,12,"[26, 19, 16, 18, 17, 22, 10, 3, 2, 0, 1, 6]",66,11,"[[0, 11], [10, 11], [9, 10], [8, 10], [7, 8], [6, 7], [0, 1], [1, 2], [2, 4], [3, 4], [4, 5]]"
DOA-V5B-POSTFREEZE-MST-TDOA-YAMAOKA2023-20260913,eigenmike,eigenmike,task1,recording4,252,5,0,13.743777604907631,22.076643904694173,8.33286629978653,8.33286629978653,69.43666077011807,0.2166168999974616,False,1,350.0,3500.0,-80.0,80.0,1.0,12,"[26, 19, 16, 18, 17, 22, 10, 3, 2, 0, 1, 6]",66,11,"[[0, 11], [10, 11], [9, 10], [8, 10], [7, 8], [6, 7], [0, 1], [1, 2], [2, 4], [3, 4], [4, 5]]"
DOA-V5B-POSTFREEZE-MST-TDOA-YAMAOKA2023-20260913,eigenmike,eigenmike,task1,recording4,282,6,0,13.743777604907631,23.239500805177496,9.495723200269879,9.495723200269879,90.16875909614363,0.21354459999565734,False,1,350.0,3500.0,-80.0,80.0,1.0,12,"[26, 19, 16, 18, 17, 22, 10, 3, 2, 0, 1, 6]",66,11,"[[0, 11], [10, 11], [9, 10], [8, 10], [7, 8], [6, 7], [0, 1], [1, 2], [2, 4], [3, 4], [4, 5]]"
DOA-V5B-POSTFREEZE-MST-TDOA-YAMAOKA2023-20260913,eigenmike,eigenmike,task1,recording4,443,7,0,13.743777604907631,22.065818323454,8.322040718546361,8.322040718546361,69.25636172114363,0.21341600000596372,False,1,350.0,3500.0,-80.0,80.0,1.0,12,"[26, 19, 16, 18, 17, 22, 10, 3, 2, 0, 1, 6]",66,11,"[[0, 11], [10, 11], [9, 10], [8, 10], [7, 8], [6, 7], [0, 1], [1, 2], [2, 4], [3, 4], [4, 5]]"
DOA-V5B-POSTFREEZE-MST-TDOA-YAMAOKA2023-20260913,eigenmike,eigenmike,task1,recording4,472,8,0,13.743777604907631,19.127044650344406,5.3832670454367815,5.3832670454367815,28.979564082485656,0.2182163999968907,False,1,350.0,3500.0,-80.0,80.0,1.0,12,"[26, 19, 16, 18, 17, 22, 10, 3, 2, 0, 1, 6]",66,11,"[[0, 11], [10, 11], [9, 10], [8, 10], [7, 8], [6, 7], [4, 10], [3, 4], [2, 4], [1, 2], [4, 5]]"
DOA-V5B-POSTFREEZE-MST-TDOA-YAMAOKA2023-20260913,eigenmike,eigenmike,task1,recording4,501,9,0,13.743777604907631,18.776966120482687,5.033188515575063,5.033188515575063,25.332986633316704,0.2167364000051748,False,1,350.0,3500.0,-80.0,80.0,1.0,12,"[26, 19, 16, 18, 17, 22, 10, 3, 2, 0, 1, 6]",66,11,"[[0, 11], [10, 11], [9, 10], [8, 10], [7, 8], [6, 7], [4, 11], [3, 4], [2, 4], [1, 2], [4, 5]]"
DOA-V5B-POSTFREEZE-MST-TDOA-YAMAOKA2023-20260913,eigenmike,eigenmike,task1,recording4,531,10,0,13.743777604907631,24.689040308397836,10.945262703490215,10.945262703490215,119.79877564841394,0.21613710000383435,False,1,350.0,3500.0,-80.0,80.0,1.0,12,"[26, 19, 16, 18, 17, 22, 10, 3, 2, 0, 1, 6]",66,11,"[[0, 11], [10, 11], [8, 10], [9, 10], [7, 8], [6, 7], [0, 1], [1, 2], [2, 4], [3, 4], [4, 5]]"
DOA-V5B-POSTFREEZE-MST-TDOA-YAMAOKA2023-20260913,eigenmike,eigenmike,task1,recording4,685,11,0,13.743777604907631,18.66022788313441,4.91645027822679,4.91645027822679,24.171483338276282,0.21574519999558106,False,1,350.0,3500.0,-80.0,80.0,1.0,12,"[26, 19, 16, 18, 17, 22, 10, 3, 2, 0, 1, 6]",66,11,"[[0, 11], [10, 11], [9, 10], [8, 10], [7, 8], [6, 7], [4, 11], [3, 4], [2, 4], [1, 2], [4, 5]]"
DOA-V5B-POSTFREEZE-MST-TDOA-YAMAOKA2023-20260913,eigenmike,eigenmike,task1,recording4,714,12,0,13.743777604907631,18.75074487454602,5.0069672696383805,5.0069672696383805,25.06972123923002,0.21620599999732804,False,1,350.0,3500.0,-80.0,80.0,1.0,12,"[26, 19, 16, 18, 17, 22, 10, 3, 2, 0, 1, 6]",66,11,"[[0, 11], [10, 11], [9, 10], [8, 10], [7, 8], [6, 7], [4, 11], [3, 4], [2, 4], [1, 2], [4, 5]]"
DOA-V5B-POSTFREEZE-MST-TDOA-YAMAOKA2023-20260913,eigenmike,eigenmike,task1,recording4,743,13,0,13.743777604907631,18.66972095438802,4.925943349480377,4.925943349480377,24.264917882289957,0.21662150000338443,False,1,350.0,3500.0,-80.0,80.0,1.0,12,"[26, 19, 16, 18, 17, 22, 10, 3, 2, 0, 1, 6]",66,11,"[[0, 11], [10, 11], [9, 10], [8, 10], [7, 8], [6, 7], [4, 11], [3, 4], [2, 4], [1, 2], [4, 5]]"
DOA-V5B-POSTFREEZE-MST-TDOA-YAMAOKA2023-20260913,eigenmike,eigenmike,task1,recording4,773,14,0,13.743777604907631,22.846658138151767,9.102880533244132,9.102880533244132,82.86243400251497,0.2162626999997883,False,1,350.0,3500.0,-80.0,80.0,1.0,12,"[26, 19, 16, 18, 17, 22, 10, 3, 2, 0, 1, 6]",66,11,"[[0, 11], [10, 11], [9, 10], [8, 10], [7, 8], [6, 7], [0, 1], [1, 2], [2, 4], [3, 4], [4, 5]]"
DOA-V5B-POSTFREEZE-MST-TDOA-YAMAOKA2023-20260913,eigenmike,eigenmike,task1,recording4,802,15,0,13.743777604907631,22.331657797062256,8.587880192154614,8.587880192154614,73.75168619480158,0.2167304000031436,False,1,350.0,3500.0,-80.0,80.0,1.0,12,"[26, 19, 16, 18, 17, 22, 10, 3, 2, 0, 1, 6]",66,11,"[[0, 11], [10, 11], [9, 10], [8, 10], [7, 8], [6, 7], [0, 1], [1, 2], [2, 4], [3, 4], [4, 5]]"
DOA-V5B-POSTFREEZE-MST-TDOA-YAMAOKA2023-20260913,eigenmike,eigenmike,task1,recording4,831,16,0,13.743777604907631,22.064670701227598,8.320893096319963,8.320893096319963,69.23726192038522,0.21516630000405712,False,1,350.0,3500.0,-80.0,80.0,1.0,12,"[26, 19, 16, 18, 17, 22, 10, 3, 2, 0, 1, 6]",66,11,"[[0, 11], [10, 11], [9, 10], [8, 10], [7, 8], [6, 7], [0, 1], [1, 2], [2, 4], [3, 4], [4, 5]]"
DOA-V5B-POSTFREEZE-MST-TDOA-YAMAOKA2023-20260913,eigenmike,eigenmike,task1,recording4,860,17,0,13.743777604907631,22.554599508740512,8.810821903832874,8.810821903832874,77.63058262106115,0.215985399998317,False,1,350.0,3500.0,-80.0,80.0,1.0,12,"[26, 19, 16, 18, 17, 22, 10, 3, 2, 0, 1, 6]",66,11,"[[0, 11], [10, 11], [9, 10], [8, 10], [7, 8], [6, 7], [0, 1], [1, 2], [2, 4], [3, 4], [4, 5]]"
DOA-V5B-POSTFREEZE-MST-TDOA-YAMAOKA2023-20260913,eigenmike,eigenmike,task1,recording4,890,18,0,13.743777604907631,22.520397313581988,8.77661970867436,8.77661970867436,77.02905351069121,0.21954220000043279,False,1,350.0,3500.0,-80.0,80.0,1.0,12,"[26, 19, 16, 18, 17, 22, 10, 3, 2, 0, 1, 6]",66,11,"[[0, 11], [10, 11], [8, 10], [9, 10], [7, 8], [6, 7], [0, 1], [1, 2], [2, 4], [3, 4], [4, 5]]"
DOA-V5B-POSTFREEZE-MST-TDOA-YAMAOKA2023-20260913,eigenmike,eigenmike,task1,recording4,919,19,0,13.743777604907631,22.84885940868662,9.105081803779001,9.105081803779001,82.90251465350747,0.2193148000005749,False,1,350.0,3500.0,-80.0,80.0,1.0,12,"[26, 19, 16, 18, 17, 22, 10, 3, 2, 0, 1, 6]",66,11,"[[0, 11], [10, 11], [9, 10], [8, 10], [7, 8], [6, 7], [0, 1], [1, 2], [2, 4], [3, 4], [4, 5]]"
DOA-V5B-POSTFREEZE-MST-TDOA-YAMAOKA2023-20260913,eigenmike,eigenmike,task1,recording5,90,0,0,-39.68185310828073,-37.810524871635856,1.871328236644871,1.871328236644871,3.501869369264402,0.6021745000034571,False,1,350.0,3500.0,-80.0,80.0,1.0,12,"[26, 19, 16, 18, 17, 22, 10, 3, 2, 0, 1, 6]",66,11,"[[0, 1], [1, 3], [2, 3], [2, 4], [4, 5], [5, 6], [6, 7], [7, 9], [7, 8], [8, 10], [10, 11]]"
DOA-V5B-POSTFREEZE-MST-TDOA-YAMAOKA2023-20260913,eigenmike,eigenmike,task1,recording5,121,1,0,-39.68185310828073,-35.09599293614128,4.585860172139462,4.585860172139462,21.030113518414975,0.604224200003955,False,1,350.0,3500.0,-80.0,80.0,1.0,12,"[26, 19, 16, 18, 17, 22, 10, 3, 2, 0, 1, 6]",66,11,"[[0, 1], [1, 3], [2, 3], [2, 4], [4, 5], [5, 6], [6, 7], [7, 9], [7, 8], [8, 10], [10, 11]]"
DOA-V5B-POSTFREEZE-MST-TDOA-YAMAOKA2023-20260913,eigenmike,eigenmike,task1,recording5,152,2,0,-39.68185310828073,-34.085329507117926,5.596523601162801,5.596523601162801,31.321076418372243,0.35401270000147633,False,1,350.0,3500.0,-80.0,80.0,1.0,12,"[26, 19, 16, 18, 17, 22, 10, 3, 2, 0, 1, 6]",66,11,"[[0, 1], [1, 3], [2, 3], [2, 4], [4, 5], [5, 6], [6, 7], [7, 9], [7, 8], [8, 10], [10, 11]]"
DOA-V5B-POSTFREEZE-MST-TDOA-YAMAOKA2023-20260913,eigenmike,eigenmike,task1,recording5,182,3,0,-39.68185310828073,-34.224465944665006,5.457387163615721,5.457387163615721,29.78307465359764,0.21903939999901922,False,1,350.0,3500.0,-80.0,80.0,1.0,12,"[26, 19, 16, 18, 17, 22, 10, 3, 2, 0, 1, 6]",66,11,"[[0, 1], [1, 3], [2, 3], [2, 4], [4, 5], [5, 6], [6, 7], [7, 9], [7, 8], [8, 10], [10, 11]]"
DOA-V5B-POSTFREEZE-MST-TDOA-YAMAOKA2023-20260913,eigenmike,eigenmike,task1,recording5,213,4,0,-39.68185310828073,-34.983030000447854,4.6988231078328795,4.6988231078328795,22.07893859870424,0.21878289999585832,False,1,350.0,3500.0,-80.0,80.0,1.0,12,"[26, 19, 16, 18, 17, 22, 10, 3, 2, 0, 1, 6]",66,11,"[[0, 1], [1, 3], [2, 3], [2, 4], [4, 5], [5, 6], [6, 7], [7, 9], [7, 8], [8, 10], [10, 11]]"
DOA-V5B-POSTFREEZE-MST-TDOA-YAMAOKA2023-20260913,eigenmike,eigenmike,task1,recording5,244,5,0,-39.68185310828073,-38.32849334200009,1.3533597662806471,1.3533597662806471,1.8315826569872078,0.21793869999964954,False,1,350.0,3500.0,-80.0,80.0,1.0,12,"[26, 19, 16, 18, 17, 22, 10, 3, 2, 0, 1, 6]",66,11,"[[0, 1], [1, 3], [2, 3], [2, 4], [4, 5], [5, 6], [6, 7], [7, 9], [7, 8], [8, 10], [10, 11]]"
DOA-V5B-POSTFREEZE-MST-TDOA-YAMAOKA2023-20260913,eigenmike,eigenmike,task1,recording5,352,6,0,-39.68185310828073,-34.319842828182736,5.362010280097991,5.362010280097991,28.751154243876535,0.21709610000107205,False,1,350.0,3500.0,-80.0,80.0,1.0,12,"[26, 19, 16, 18, 17, 22, 10, 3, 2, 0, 1, 6]",66,11,"[[0, 1], [1, 3], [2, 3], [2, 4], [4, 5], [5, 6], [6, 7], [7, 9], [7, 8], [8, 10], [10, 11]]"
DOA-V5B-POSTFREEZE-MST-TDOA-YAMAOKA2023-20260913,eigenmike,eigenmike,task1,recording5,383,7,0,-39.68185310828073,-34.07576403431699,5.606089073963744,5.606089073963744,31.428234705215672,0.2160312000050908,False,1,350.0,3500.0,-80.0,80.0,1.0,12,"[26, 19, 16, 18, 17, 22, 10, 3, 2, 0, 1, 6]",66,11,"[[0, 1], [1, 3], [2, 3], [2, 4], [4, 5], [5, 6], [6, 7], [7, 9], [7, 8], [8, 10], [10, 11]]"
DOA-V5B-POSTFREEZE-MST-TDOA-YAMAOKA2023-20260913,eigenmike,eigenmike,task1,recording5,413,8,0,-39.68185310828073,-33.83590520616283,5.845947902117899,5.845947902117899,34.175106874276665,0.21578940000472357,False,1,350.0,3500.0,-80.0,80.0,1.0,12,"[26, 19, 16, 18, 17, 22, 10, 3, 2, 0, 1, 6]",66,11,"[[0, 1], [1, 3], [2, 3], [2, 4], [4, 5], [5, 6], [6, 7], [7, 9], [7, 8], [8, 10], [10, 11]]"
DOA-V5B-POSTFREEZE-MST-TDOA-YAMAOKA2023-20260913,eigenmike,eigenmike,task1,recording5,444,9,0,-39.68185310828073,-34.752467640972235,4.929385467308492,4.929385467308492,24.298841085312162,0.21527910000440897,False,1,350.0,3500.0,-80.0,80.0,1.0,12,"[26, 19, 16, 18, 17, 22, 10, 3, 2, 0, 1, 6]",66,11,"[[0, 1], [1, 3], [2, 3], [2, 4], [4, 5], [5, 6], [6, 7], [7, 9], [7, 8], [8, 10], [10, 11]]"
DOA-V5B-POSTFREEZE-MST-TDOA-YAMAOKA2023-20260913,eigenmike,eigenmike,task1,recording5,475,10,0,-39.68185310828073,-34.11487661417781,5.566976494102903,5.566976494102903,30.991227285894247,0.21577880000404548,False,1,350.0,3500.0,-80.0,80.0,1.0,12,"[26, 19, 16, 18, 17, 22, 10, 3, 2, 0, 1, 6]",66,11,"[[0, 1], [1, 3], [2, 3], [2, 4], [4, 5], [5, 6], [6, 7], [7, 9], [7, 8], [8, 10], [10, 11]]"
DOA-V5B-POSTFREEZE-MST-TDOA-YAMAOKA2023-20260913,eigenmike,eigenmike,task1,recording5,506,11,0,-39.68185310828073,-33.74823428709728,5.933618821183444,5.933618821183444,35.2078323151024,0.21678329999849666,False,1,350.0,3500.0,-80.0,80.0,1.0,12,"[26, 19, 16, 18, 17, 22, 10, 3, 2, 0, 1, 6]",66,11,"[[0, 1], [1, 3], [2, 3], [2, 4], [4, 5], [5, 6], [6, 7], [7, 9], [7, 8], [8, 10], [10, 11]]"
DOA-V5B-POSTFREEZE-MST-TDOA-YAMAOKA2023-20260913,eigenmike,eigenmike,task1,recording5,536,12,0,-39.68185310828073,-33.69741155870243,5.9844415495782926,5.9844415495782926,35.813540660319035,0.22040569999808213,False,1,350.0,3500.0,-80.0,80.0,1.0,12,"[26, 19, 16, 18, 17, 22, 10, 3, 2, 0, 1, 6]",66,11,"[[0, 1], [1, 3], [2, 3], [2, 4], [4, 5], [5, 6], [6, 7], [7, 9], [7, 8], [8, 10], [10, 11]]"
DOA-V5B-POSTFREEZE-MST-TDOA-YAMAOKA2023-20260913,eigenmike,eigenmike,task1,recording5,567,13,0,-39.68185310828073,-33.95791796201871,5.723935146262022,5.723935146262022,32.763433558613634,0.21419030000106432,False,1,350.0,3500.0,-80.0,80.0,1.0,12,"[26, 19, 16, 18, 17, 22, 10, 3, 2, 0, 1, 6]",66,11,"[[0, 1], [1, 3], [2, 3], [2, 4], [4, 5], [5, 6], [6, 7], [7, 9], [7, 8], [8, 10], [10, 11]]"
DOA-V5B-POSTFREEZE-MST-TDOA-YAMAOKA2023-20260913,eigenmike,eigenmike,task1,recording5,663,14,0,-39.68185310828073,-47.226982781921784,-7.545129673641043,7.545129673641043,56.928981792058586,0.21625610000046436,False,1,350.0,3500.0,-80.0,80.0,1.0,12,"[26, 19, 16, 18, 17, 22, 10, 3, 2, 0, 1, 6]",66,11,"[[0, 1], [1, 3], [1, 2], [2, 4], [4, 5], [5, 6], [6, 7], [7, 9], [7, 8], [8, 10], [10, 11]]"
DOA-V5B-POSTFREEZE-MST-TDOA-YAMAOKA2023-20260913,eigenmike,eigenmike,task1,recording5,694,15,0,-39.68185310828073,-34.39126256307513,5.290590545205589,5.290590545205589,27.99034831701877,0.21344590000080643,False,1,350.0,3500.0,-80.0,80.0,1.0,12,"[26, 19, 16, 18, 17, 22, 10, 3, 2, 0, 1, 6]",66,11,"[[0, 1], [1, 3], [2, 3], [2, 4], [4, 5], [5, 6], [6, 7], [7, 9], [7, 8], [8, 10], [10, 11]]"
DOA-V5B-POSTFREEZE-MST-TDOA-YAMAOKA2023-20260913,eigenmike,eigenmike,task1,recording5,725,16,0,-39.68185310828073,-33.60165954322443,6.080193565056305,6.080193565056305,36.9687537885521,0.21705559999827528,False,1,350.0,3500.0,-80.0,80.0,1.0,12,"[26, 19, 16, 18, 17, 22, 10, 3, 2, 0, 1, 6]",66,11,"[[0, 1], [1, 3], [2, 3], [2, 4], [4, 5], [5, 6], [6, 7], [7, 9], [7, 8], [8, 10], [10, 11]]"
DOA-V5B-POSTFREEZE-MST-TDOA-YAMAOKA2023-20260913,eigenmike,eigenmike,task1,recording5,755,17,0,-39.68185310828073,-33.96446398956739,5.717389118713328,5.717389118713328,32.68853833478156,0.2128212000025087,False,1,350.0,3500.0,-80.0,80.0,1.0,12,"[26, 19, 16, 18, 17, 22, 10, 3, 2, 0, 1, 6]",66,11,"[[0, 1], [1, 3], [2, 3], [2, 4], [4, 5], [5, 6], [6, 7], [7, 9], [7, 8], [8, 10], [10, 11]]"
DOA-V5B-POSTFREEZE-MST-TDOA-YAMAOKA2023-20260913,eigenmike,eigenmike,task1,recording5,837,18,0,-39.68185310828073,-44.11810786525154,-4.436254756970811,4.436254756970811,19.680356268746152,0.22010900000168476,False,1,350.0,3500.0,-80.0,80.0,1.0,12,"[26, 19, 16, 18, 17, 22, 10, 3, 2, 0, 1, 6]",66,11,"[[0, 1], [1, 3], [1, 2], [2, 4], [4, 5], [5, 6], [6, 7], [7, 9], [7, 8], [8, 10], [10, 11]]"
DOA-V5B-POSTFREEZE-MST-TDOA-YAMAOKA2023-20260913,eigenmike,eigenmike,task1,recording5,868,19,0,-39.68185310828073,-33.938309189196616,5.743543919084118,5.743543919084118,32.98829675044815,0.21405640000011772,False,1,350.0,3500.0,-80.0,80.0,1.0,12,"[26, 19, 16, 18, 17, 22, 10, 3, 2, 0, 1, 6]",66,11,"[[0, 1], [1, 3], [2, 3], [2, 4], [4, 5], [5, 6], [6, 7], [7, 9], [7, 8], [8, 10], [10, 11]]"
DOA-V5B-POSTFREEZE-MST-TDOA-YAMAOKA2023-20260913,eigenmike,eigenmike,task1,recording6,100,0,0,-20.842473403683037,-14.676192870557038,6.166280533125985,6.166280533125985,38.02301561320848,0.21578739999677055,False,1,350.0,3500.0,-80.0,80.0,1.0,12,"[26, 19, 16, 18, 17, 22, 10, 3, 2, 0, 1, 6]",66,11,"[[0, 1], [1, 3], [1, 2], [2, 4], [4, 5], [5, 6], [6, 7], [7, 8], [7, 9], [8, 10], [10, 11]]"
DOA-V5B-POSTFREEZE-MST-TDOA-YAMAOKA2023-20260913,eigenmike,eigenmike,task1,recording6,128,1,0,-20.842473403683037,-8.920789527666917,11.921683876016118,11.921683876016118,142.1265464396627,0.22002470000006724,False,1,350.0,3500.0,-80.0,80.0,1.0,12,"[26, 19, 16, 18, 17, 22, 10, 3, 2, 0, 1, 6]",66,11,"[[0, 1], [1, 3], [1, 2], [2, 4], [4, 5], [5, 6], [6, 7], [7, 9], [7, 8], [8, 10], [10, 11]]"
DOA-V5B-POSTFREEZE-MST-TDOA-YAMAOKA2023-20260913,eigenmike,eigenmike,task1,recording6,157,2,0,-20.842473403683037,-10.206840763839942,10.635632639843095,10.635632639843095,113.1166816496958,0.2218847000040114,False,1,350.0,3500.0,-80.0,80.0,1.0,12,"[26, 19, 16, 18, 17, 22, 10, 3, 2, 0, 1, 6]",66,11,"[[0, 1], [1, 3], [1, 2], [2, 4], [0, 11], [10, 11], [9, 10], [7, 9], [7, 8], [6, 7], [5, 6]]"
DOA-V5B-POSTFREEZE-MST-TDOA-YAMAOKA2023-20260913,eigenmike,eigenmike,task1,recording6,185,3,0,-20.842473403683037,-9.124661981164046,11.717811422518992,11.717811422518992,137.30710453371654,0.4704139000023133,False,1,350.0,3500.0,-80.0,80.0,1.0,12,"[26, 19, 16, 18, 17, 22, 10, 3, 2, 0, 1, 6]",66,11,"[[0, 1], [1, 3], [1, 2], [2, 4], [4, 5], [5, 6], [6, 7], [7, 9], [7, 8], [8, 10], [10, 11]]"
DOA-V5B-POSTFREEZE-MST-TDOA-YAMAOKA2023-20260913,eigenmike,eigenmike,task1,recording6,214,4,0,-20.842473403683037,-8.660838112467792,12.181635291215258,12.181635291215258,148.39223836818104,0.6089797999957227,False,1,350.0,3500.0,-80.0,80.0,1.0,12,"[26, 19, 16, 18, 17, 22, 10, 3, 2, 0, 1, 6]",66,11,"[[0, 1], [1, 3], [1, 2], [2, 4], [4, 5], [5, 6], [6, 7], [7, 9], [7, 8], [8, 10], [10, 11]]"
DOA-V5B-POSTFREEZE-MST-TDOA-YAMAOKA2023-20260913,eigenmike,eigenmike,task1,recording6,242,5,0,-20.842473403683037,-14.38469804623823,6.4577753574448025,6.4577753574448025,41.702862567221345,0.6132059000010486,False,1,350.0,3500.0,-80.0,80.0,1.0,12,"[26, 19, 16, 18, 17, 22, 10, 3, 2, 0, 1, 6]",66,11,"[[0, 1], [1, 3], [1, 2], [2, 4], [4, 5], [5, 6], [6, 7], [7, 8], [7, 9], [8, 10], [10, 11]]"
DOA-V5B-POSTFREEZE-MST-TDOA-YAMAOKA2023-20260913,eigenmike,eigenmike,task1,recording6,271,6,0,-20.842473403683037,-10.130988998152313,10.711484405530712,10.711484405530712,114.73589816992762,0.33944789999804925,False,1,350.0,3500.0,-80.0,80.0,1.0,12,"[26, 19, 16, 18, 17, 22, 10, 3, 2, 0, 1, 6]",66,11,"[[0, 1], [1, 3], [1, 2], [2, 4], [4, 5], [5, 6], [6, 7], [7, 9], [7, 8], [8, 10], [10, 11]]"
DOA-V5B-POSTFREEZE-MST-TDOA-YAMAOKA2023-20260913,eigenmike,eigenmike,task1,recording6,299,7,0,-20.842473403683037,-8.774783360226143,12.067690043456906,12.067690043456906,145.62914298494894,0.21650539999973262,False,1,350.0,3500.0,-80.0,80.0,1.0,12,"[26, 19, 16, 18, 17, 22, 10, 3, 2, 0, 1, 6]",66,11,"[[0, 1], [1, 3], [1, 2], [2, 4], [4, 5], [5, 6], [6, 7], [7, 9], [7, 8], [8, 10], [10, 11]]"
DOA-V5B-POSTFREEZE-MST-TDOA-YAMAOKA2023-20260913,eigenmike,eigenmike,task1,recording6,542,8,0,-20.842473403683037,-14.098179957776628,6.744293445906408,6.744293445906408,45.485494084496125,0.21467890000349144,False,1,350.0,3500.0,-80.0,80.0,1.0,12,"[26, 19, 16, 18, 17, 22, 10, 3, 2, 0, 1, 6]",66,11,"[[0, 1], [1, 3], [1, 2], [2, 4], [4, 5], [5, 6], [6, 7], [7, 8], [7, 9], [8, 10], [10, 11]]"
DOA-V5B-POSTFREEZE-MST-TDOA-YAMAOKA2023-20260913,eigenmike,eigenmike,task1,recording6,570,9,0,-20.842473403683037,-8.76980405148414,12.072669352198886,12.072669352198886,145.7493452875223,0.21381879999535158,False,1,350.0,3500.0,-80.0,80.0,1.0,12,"[26, 19, 16, 18, 17, 22, 10, 3, 2, 0, 1, 6]",66,11,"[[0, 1], [1, 3], [1, 2], [2, 4], [4, 5], [5, 6], [6, 7], [7, 8], [7, 9], [8, 10], [10, 11]]"
DOA-V5B-POSTFREEZE-MST-TDOA-YAMAOKA2023-20260913,eigenmike,eigenmike,task1,recording6,599,10,0,-20.842473403683037,-8.962873327513288,11.879600076169737,11.879600076169737,141.12489796973202,0.21395239999401383,False,1,350.0,3500.0,-80.0,80.0,1.0,12,"[26, 19, 16, 18, 17, 22, 10, 3, 2, 0, 1, 6]",66,11,"[[0, 1], [1, 3], [1, 2], [2, 4], [4, 5], [5, 6], [6, 7], [7, 9], [7, 8], [8, 10], [10, 11]]"
DOA-V5B-POSTFREEZE-MST-TDOA-YAMAOKA2023-20260913,eigenmike,eigenmike,task1,recording6,627,11,0,-20.842473403683037,-9.3041068563336,11.538366547349426,11.538366547349426,133.13390258099233,0.21143630000005942,False,1,350.0,3500.0,-80.0,80.0,1.0,12,"[26, 19, 16, 18, 17, 22, 10, 3, 2, 0, 1, 6]",66,11,"[[0, 1], [1, 3], [1, 2], [2, 4], [4, 5], [5, 6], [6, 7], [7, 9], [7, 8], [8, 10], [10, 11]]"
DOA-V5B-POSTFREEZE-MST-TDOA-YAMAOKA2023-20260913,eigenmike,eigenmike,task1,recording6,656,12,0,-20.842473403683037,-7.270754894674834,13.571718509008207,13.571718509008207,184.19154328775593,0.2173313999956008,False,1,350.0,3500.0,-80.0,80.0,1.0,12,"[26, 19, 16, 18, 17, 22, 10, 3, 2, 0, 1, 6]",66,11,"[[0, 1], [1, 3], [1, 2], [2, 4], [4, 5], [5, 6], [6, 7], [7, 9], [7, 8], [8, 10], [10, 11]]"
DOA-V5B-POSTFREEZE-MST-TDOA-YAMAOKA2023-20260913,eigenmike,eigenmike,task1,recording6,684,13,0,-20.842473403683037,-9.882911243933037,10.959562159749993,10.959562159749993,120.11200273342392,0.2123344999999972,False,1,350.0,3500.0,-80.0,80.0,1.0,12,"[26, 19, 16, 18, 17, 22, 10, 3, 2, 0, 1, 6]",66,11,"[[0, 1], [1, 3], [1, 2], [2, 4], [4, 5], [5, 6], [6, 7], [7, 9], [7, 8], [8, 10], [10, 11]]"
DOA-V5B-POSTFREEZE-MST-TDOA-YAMAOKA2023-20260913,eigenmike,eigenmike,task1,recording6,713,14,0,-20.842473403683037,-12.32321362513147,8.519259778551572,8.519259778551572,72.57778717444657,0.35147130000405014,False,1,350.0,3500.0,-80.0,80.0,1.0,12,"[26, 19, 16, 18, 17, 22, 10, 3, 2, 0, 1, 6]",66,11,"[[0, 1], [1, 3], [1, 2], [2, 4], [4, 5], [5, 6], [6, 7], [7, 9], [7, 8], [8, 10], [10, 11]]"
DOA-V5B-POSTFREEZE-MST-TDOA-YAMAOKA2023-20260913,eigenmike,eigenmike,task1,recording6,741,15,0,-20.842473403683037,-8.481288484538727,12.361184919144307,12.361184919144307,152.79889260528066,0.5998671999986982,False,1,350.0,3500.0,-80.0,80.0,1.0,12,"[26, 19, 16, 18, 17, 22, 10, 3, 2, 0, 1, 6]",66,11,"[[0, 1], [1, 3], [1, 2], [2, 4], [4, 5], [5, 6], [6, 7], [7, 9], [7, 8], [8, 10], [10, 11]]"
DOA-V5B-POSTFREEZE-MST-TDOA-YAMAOKA2023-20260913,eigenmike,eigenmike,task1,recording6,770,16,0,-20.842473403683037,-9.19567190450099,11.646801499182061,11.646801499182061,135.6479851613495,0.6027631999968435,False,1,350.0,3500.0,-80.0,80.0,1.0,12,"[26, 19, 16, 18, 17, 22, 10, 3, 2, 0, 1, 6]",66,11,"[[0, 1], [1, 3], [1, 2], [2, 4], [4, 5], [5, 6], [6, 7], [7, 9], [7, 8], [8, 10], [10, 11]]"
DOA-V5B-POSTFREEZE-MST-TDOA-YAMAOKA2023-20260913,eigenmike,eigenmike,task1,recording6,798,17,0,-20.842473403683037,-9.322824374364309,11.519649029318714,11.519649029318714,132.7023137586836,0.46331199999985984,False,1,350.0,3500.0,-80.0,80.0,1.0,12,"[26, 19, 16, 18, 17, 22, 10, 3, 2, 0, 1, 6]",66,11,"[[0, 1], [1, 3], [1, 2], [2, 4], [4, 5], [5, 6], [6, 7], [7, 9], [7, 8], [8, 10], [10, 11]]"
DOA-V5B-POSTFREEZE-MST-TDOA-YAMAOKA2023-20260913,eigenmike,eigenmike,task1,recording6,827,18,0,-20.842473403683037,-10.189060335134114,10.653413068548929,10.653413068548929,113.4952100091291,0.21969389999867417,False,1,350.0,3500.0,-80.0,80.0,1.0,12,"[26, 19, 16, 18, 17, 22, 10, 3, 2, 0, 1, 6]",66,11,"[[0, 1], [1, 3], [1, 2], [2, 4], [4, 5], [5, 6], [6, 7], [7, 8], [7, 9], [8, 10], [10, 11]]"
DOA-V5B-POSTFREEZE-MST-TDOA-YAMAOKA2023-20260913,eigenmike,eigenmike,task1,recording6,855,19,0,-20.842473403683037,-13.092755455138487,7.749717948544543,7.749717948544543,60.05812828199344,0.2198296999995364,False,1,350.0,3500.0,-80.0,80.0,1.0,12,"[26, 19, 16, 18, 17, 22, 10, 3, 2, 0, 1, 6]",66,11,"[[0, 1], [1, 3], [1, 2], [2, 4], [4, 5], [5, 6], [6, 7], [7, 9], [7, 8], [8, 10], [10, 11]]"
DOA-V5B-POSTFREEZE-MST-TDOA-YAMAOKA2023-20260913,eigenmike,eigenmike,task1,recording7,142,0,0,26.291566521408345,33.86651262162943,7.574946100221098,7.574946100221098,57.379808421254815,0.19818929999746615,False,1,350.0,3500.0,-80.0,80.0,1.0,12,"[26, 19, 16, 18, 17, 22, 10, 3, 2, 0, 1, 6]",66,11,"[[0, 11], [10, 11], [8, 10], [9, 10], [7, 9], [6, 7], [0, 1], [1, 2], [2, 3], [3, 4], [4, 5]]"
DOA-V5B-POSTFREEZE-MST-TDOA-YAMAOKA2023-20260913,eigenmike,eigenmike,task1,recording7,166,1,0,26.291566521408345,33.49900441119453,7.207437889786178,7.207437889786178,51.94716093512543,0.2004813999956241,False,1,350.0,3500.0,-80.0,80.0,1.0,12,"[26, 19, 16, 18, 17, 22, 10, 3, 2, 0, 1, 6]",66,11,"[[0, 11], [10, 11], [9, 10], [8, 10], [7, 8], [6, 7], [0, 1], [1, 2], [2, 4], [4, 5], [3, 4]]"
DOA-V5B-POSTFREEZE-MST-TDOA-YAMAOKA2023-20260913,eigenmike,eigenmike,task1,recording7,189,2,0,26.291566521408345,33.484329465326,7.192762943917643,7.192762943917643,51.735838767394796,0.20677920000161976,False,1,350.0,3500.0,-80.0,80.0,1.0,12,"[26, 19, 16, 18, 17, 22, 10, 3, 2, 0, 1, 6]",66,11,"[[0, 11], [10, 11], [9, 10], [8, 10], [7, 8], [6, 7], [0, 1], [1, 2], [2, 4], [4, 5], [3, 4]]"
DOA-V5B-POSTFREEZE-MST-TDOA-YAMAOKA2023-20260913,eigenmike,eigenmike,task1,recording7,213,3,0,26.291566521408345,33.37178439002865,7.080217868620309,7.080217868620309,50.12948506713031,0.21552660000452306,False,1,350.0,3500.0,-80.0,80.0,1.0,12,"[26, 19, 16, 18, 17, 22, 10, 3, 2, 0, 1, 6]",66,11,"[[0, 11], [10, 11], [9, 10], [8, 10], [7, 8], [6, 7], [0, 1], [1, 2], [2, 4], [4, 5], [3, 4]]"
DOA-V5B-POSTFREEZE-MST-TDOA-YAMAOKA2023-20260913,eigenmike,eigenmike,task1,recording7,237,4,0,26.291566521408345,35.79280758671044,9.501241065302082,9.501241065302082,90.27358178098265,0.21211919999768725,False,1,350.0,3500.0,-80.0,80.0,1.0,12,"[26, 19, 16, 18, 17, 22, 10, 3, 2, 0, 1, 6]",66,11,"[[0, 11], [10, 11], [9, 10], [8, 10], [7, 8], [6, 7], [0, 1], [1, 2], [2, 4], [3, 4], [4, 5]]"
DOA-V5B-POSTFREEZE-MST-TDOA-YAMAOKA2023-20260913,eigenmike,eigenmike,task1,recording7,435,5,0,26.291566521408345,33.42021174780821,7.128645226399868,7.128645226399868,50.81758276387363,0.21717830000125105,False,1,350.0,3500.0,-80.0,80.0,1.0,12,"[26, 19, 16, 18, 17, 22, 10, 3, 2, 0, 1, 6]",66,11,"[[0, 11], [10, 11], [9, 10], [8, 10], [7, 8], [6, 7], [0, 1], [1, 2], [2, 4], [3, 4], [4, 5]]"
DOA-V5B-POSTFREEZE-MST-TDOA-YAMAOKA2023-20260913,eigenmike,eigenmike,task1,recording7,459,6,0,26.291566521408345,33.13542033744122,6.843853816032862,6.843853816032862,46.83833505522757,0.2128104000003077,False,1,350.0,3500.0,-80.0,80.0,1.0,12,"[26, 19, 16, 18, 17, 22, 10, 3, 2, 0, 1, 6]",66,11,"[[0, 11], [10, 11], [9, 10], [8, 10], [7, 8], [6, 7], [0, 1], [1, 2], [2, 4], [4, 5], [3, 4]]"
DOA-V5B-POSTFREEZE-MST-TDOA-YAMAOKA2023-20260913,eigenmike,eigenmike,task1,recording7,483,7,0,26.291566521408345,33.05384074439241,6.762274222984075,6.762274222984075,45.72835266683488,0.21939369999745395,False,1,350.0,3500.0,-80.0,80.0,1.0,12,"[26, 19, 16, 18, 17, 22, 10, 3, 2, 0, 1, 6]",66,11,"[[0, 11], [10, 11], [9, 10], [8, 10], [7, 8], [6, 7], [0, 1], [1, 2], [2, 4], [4, 5], [3, 4]]"
DOA-V5B-POSTFREEZE-MST-TDOA-YAMAOKA2023-20260913,eigenmike,eigenmike,task1,recording7,506,8,0,26.291566521408345,33.16120642871314,6.869639907304787,6.869639907304787,47.19195245603452,0.22303870000177994,False,1,350.0,3500.0,-80.0,80.0,1.0,12,"[26, 19, 16, 18, 17, 22, 10, 3, 2, 0, 1, 6]",66,11,"[[0, 11], [10, 11], [9, 10], [8, 10], [7, 8], [6, 7], [0, 1], [1, 2], [2, 4], [4, 5], [3, 4]]"
DOA-V5B-POSTFREEZE-MST-TDOA-YAMAOKA2023-20260913,eigenmike,eigenmike,task1,recording7,530,9,0,26.291566521408345,33.33429436139379,7.042727839985446,7.042727839985446,49.60001542810606,0.22161439999763388,False,1,350.0,3500.0,-80.0,80.0,1.0,12,"[26, 19, 16, 18, 17, 22, 10, 3, 2, 0, 1, 6]",66,11,"[[0, 11], [10, 11], [9, 10], [8, 10], [7, 8], [6, 7], [0, 1], [1, 2], [2, 3], [3, 4], [4, 5]]"
DOA-V5B-POSTFREEZE-MST-TDOA-YAMAOKA2023-20260913,eigenmike,eigenmike,task1,recording7,554,10,0,26.291566521408345,36.56226882370266,10.270702302294325,10.270702302294325,105.48732578235393,0.22440930000448134,False,1,350.0,3500.0,-80.0,80.0,1.0,12,"[26, 19, 16, 18, 17, 22, 10, 3, 2, 0, 1, 6]",66,11,"[[0, 11], [10, 11], [9, 10], [8, 10], [7, 8], [6, 7], [0, 1], [1, 2], [2, 4], [4, 5], [3, 4]]"
DOA-V5B-POSTFREEZE-MST-TDOA-YAMAOKA2023-20260913,eigenmike,eigenmike,task1,recording7,578,11,0,26.291566521408345,34.96892146229436,8.677354940886005,8.677354940886005,75.29648877011876,0.2175098000006983,False,1,350.0,3500.0,-80.0,80.0,1.0,12,"[26, 19, 16, 18, 17, 22, 10, 3, 2, 0, 1, 6]",66,11,"[[0, 11], [10, 11], [9, 10], [8, 10], [7, 8], [6, 7], [0, 1], [1, 2], [2, 4], [3, 4], [4, 5]]"
DOA-V5B-POSTFREEZE-MST-TDOA-YAMAOKA2023-20260913,eigenmike,eigenmike,task1,recording7,601,12,0,26.291566521408345,33.3610817677452,7.069515246336863,7.069515246336863,49.97804581818936,0.2216984999977285,False,1,350.0,3500.0,-80.0,80.0,1.0,12,"[26, 19, 16, 18, 17, 22, 10, 3, 2, 0, 1, 6]",66,11,"[[0, 11], [10, 11], [9, 10], [8, 10], [7, 8], [6, 7], [0, 1], [1, 2], [2, 4], [4, 5], [3, 4]]"
DOA-V5B-POSTFREEZE-MST-TDOA-YAMAOKA2023-20260913,eigenmike,eigenmike,task1,recording7,625,13,0,26.291566521408345,33.56051582787585,7.268949306467505,7.268949306467505,52.83762401999442,0.22327909999876283,False,1,350.0,3500.0,-80.0,80.0,1.0,12,"[26, 19, 16, 18, 17, 22, 10, 3, 2, 0, 1, 6]",66,11,"[[0, 11], [10, 11], [9, 10], [8, 10], [7, 8], [6, 7], [0, 1], [1, 2], [2, 4], [3, 4], [4, 5]]"
DOA-V5B-POSTFREEZE-MST-TDOA-YAMAOKA2023-20260913,eigenmike,eigenmike,task1,recording7,649,14,0,26.291566521408345,33.65574598744064,7.364179466032283,7.364179466032283,54.23113920793152,0.2239229000042542,False,1,350.0,3500.0,-80.0,80.0,1.0,12,"[26, 19, 16, 18, 17, 22, 10, 3, 2, 0, 1, 6]",66,11,"[[0, 11], [10, 11], [9, 10], [8, 10], [7, 8], [6, 7], [0, 1], [1, 2], [2, 4], [4, 5], [3, 4]]"
DOA-V5B-POSTFREEZE-MST-TDOA-YAMAOKA2023-20260913,eigenmike,eigenmike,task1,recording7,672,15,0,26.291566521408345,34.3706096382968,8.079043116888442,8.079043116888442,65.27093768454252,0.22296839999762597,False,1,350.0,3500.0,-80.0,80.0,1.0,12,"[26, 19, 16, 18, 17, 22, 10, 3, 2, 0, 1, 6]",66,11,"[[0, 11], [10, 11], [9, 10], [8, 10], [7, 8], [6, 7], [0, 1], [1, 2], [2, 4], [3, 4], [4, 5]]"
DOA-V5B-POSTFREEZE-MST-TDOA-YAMAOKA2023-20260913,eigenmike,eigenmike,task1,recording7,696,16,0,26.291566521408345,34.44034414874081,8.148777627332464,8.148777627332464,66.4025768197141,0.22091180000279564,False,1,350.0,3500.0,-80.0,80.0,1.0,12,"[26, 19, 16, 18, 17, 22, 10, 3, 2, 0, 1, 6]",66,11,"[[0, 11], [10, 11], [9, 10], [8, 10], [7, 8], [6, 7], [0, 1], [1, 2], [2, 4], [3, 4], [4, 5]]"
DOA-V5B-POSTFREEZE-MST-TDOA-YAMAOKA2023-20260913,eigenmike,eigenmike,task1,recording7,720,17,0,26.291566521408345,33.95705350351395,7.665486982105591,7.665486982105591,58.75969067283028,0.22633140000107232,False,1,350.0,3500.0,-80.0,80.0,1.0,12,"[26, 19, 16, 18, 17, 22, 10, 3, 2, 0, 1, 6]",66,11,"[[0, 11], [10, 11], [9, 10], [8, 10], [7, 8], [6, 7], [0, 1], [1, 2], [2, 4], [3, 4], [4, 5]]"
DOA-V5B-POSTFREEZE-MST-TDOA-YAMAOKA2023-20260913,eigenmike,eigenmike,task1,recording7,743,18,0,26.291566521408345,33.71412131584105,7.422554794432699,7.422554794432699,55.094319676355845,0.22453959999984363,False,1,350.0,3500.0,-80.0,80.0,1.0,12,"[26, 19, 16, 18, 17, 22, 10, 3, 2, 0, 1, 6]",66,11,"[[0, 11], [10, 11], [9, 10], [8, 10], [7, 8], [6, 7], [0, 1], [1, 2], [2, 3], [3, 4], [4, 5]]"
DOA-V5B-POSTFREEZE-MST-TDOA-YAMAOKA2023-20260913,eigenmike,eigenmike,task1,recording7,767,19,0,26.291566521408345,34.572395820655736,8.280829299247387,8.280829299247387,68.57213388327396,0.38430959999823244,False,1,350.0,3500.0,-80.0,80.0,1.0,12,"[26, 19, 16, 18, 17, 22, 10, 3, 2, 0, 1, 6]",66,11,"[[0, 11], [10, 11], [9, 10], [8, 10], [7, 8], [6, 7], [0, 1], [1, 2], [2, 4], [3, 4], [4, 5]]"
DOA-V5B-POSTFREEZE-MST-TDOA-YAMAOKA2023-20260913,eigenmike,eigenmike,task1,recording8,236,0,0,-52.959388096956765,-45.999701664862386,6.959686432094372,6.959686432094372,48.437235233078496,0.6079126999975415,False,1,350.0,3500.0,-80.0,80.0,1.0,12,"[26, 19, 16, 18, 17, 22, 10, 3, 2, 0, 1, 6]",66,11,"[[0, 1], [1, 3], [2, 3], [2, 4], [4, 5], [5, 6], [6, 7], [7, 9], [8, 9], [8, 10], [10, 11]]"
DOA-V5B-POSTFREEZE-MST-TDOA-YAMAOKA2023-20260913,eigenmike,eigenmike,task1,recording8,245,1,0,-52.959388096956765,-45.83486632017443,7.124521776782331,7.124521776782331,50.758810547845655,0.6115071999956854,False,1,350.0,3500.0,-80.0,80.0,1.0,12,"[26, 19, 16, 18, 17, 22, 10, 3, 2, 0, 1, 6]",66,11,"[[0, 1], [1, 3], [2, 3], [2, 4], [4, 5], [5, 6], [6, 7], [7, 9], [7, 8], [8, 10], [10, 11]]"
DOA-V5B-POSTFREEZE-MST-TDOA-YAMAOKA2023-20260913,eigenmike,eigenmike,task1,recording8,254,2,0,-52.959388096956765,-46.920145798654026,6.0392422983027245,6.0392422983027245,36.47244753760877,0.6238402000017231,False,1,350.0,3500.0,-80.0,80.0,1.0,12,"[26, 19, 16, 18, 17, 22, 10, 3, 2, 0, 1, 6]",66,11,"[[0, 1], [1, 3], [2, 3], [2, 4], [4, 5], [5, 6], [6, 7], [7, 9], [8, 9], [8, 10], [10, 11]]"
DOA-V5B-POSTFREEZE-MST-TDOA-YAMAOKA2023-20260913,eigenmike,eigenmike,task1,recording8,263,3,0,-52.959388096956765,-47.97177457213126,4.98761352482552,4.98761352482552,24.876288673022444,0.5160299999988638,False,1,350.0,3500.0,-80.0,80.0,1.0,12,"[26, 19, 16, 18, 17, 22, 10, 3, 2, 0, 1, 6]",66,11,"[[0, 1], [1, 3], [2, 3], [2, 4], [4, 5], [5, 6], [6, 7], [7, 9], [8, 9], [8, 10], [10, 11]]"
DOA-V5B-POSTFREEZE-MST-TDOA-YAMAOKA2023-20260913,eigenmike,eigenmike,task1,recording8,272,4,0,-52.959388096956765,-46.923544062951486,6.035844034005265,6.035844034005265,36.43141320283696,0.21564819999912288,False,1,350.0,3500.0,-80.0,80.0,1.0,12,"[26, 19, 16, 18, 17, 22, 10, 3, 2, 0, 1, 6]",66,11,"[[0, 1], [1, 3], [2, 3], [2, 4], [4, 5], [5, 6], [6, 7], [7, 9], [7, 8], [8, 10], [10, 11]]"
DOA-V5B-POSTFREEZE-MST-TDOA-YAMAOKA2023-20260913,eigenmike,eigenmike,task1,recording8,282,5,0,-52.959388096956765,-46.969356501579924,5.990031595376848,5.990031595376848,35.880478513612914,0.21591739999712445,False,1,350.0,3500.0,-80.0,80.0,1.0,12,"[26, 19, 16, 18, 17, 22, 10, 3, 2, 0, 1, 6]",66,11,"[[0, 1], [1, 3], [2, 3], [2, 4], [4, 5], [5, 6], [6, 7], [7, 9], [8, 9], [8, 10], [10, 11]]"
DOA-V5B-POSTFREEZE-MST-TDOA-YAMAOKA2023-20260913,eigenmike,eigenmike,task1,recording8,291,6,0,-52.959388096956765,-46.911169651848255,6.0482184451085175,6.0482184451085175,36.58094635975089,0.2151462999972864,False,1,350.0,3500.0,-80.0,80.0,1.0,12,"[26, 19, 16, 18, 17, 22, 10, 3, 2, 0, 1, 6]",66,11,"[[0, 1], [1, 3], [2, 3], [2, 4], [4, 5], [5, 6], [6, 7], [7, 9], [8, 9], [8, 10], [10, 11]]"
DOA-V5B-POSTFREEZE-MST-TDOA-YAMAOKA2023-20260913,eigenmike,eigenmike,task1,recording8,300,7,0,-52.959388096956765,-46.44479952912727,6.514588567829492,6.514588567829492,42.439864208094704,0.21361420000175713,False,1,350.0,3500.0,-80.0,80.0,1.0,12,"[26, 19, 16, 18, 17, 22, 10, 3, 2, 0, 1, 6]",66,11,"[[0, 1], [1, 3], [2, 3], [2, 4], [4, 5], [5, 6], [6, 7], [7, 9], [8, 9], [8, 10], [10, 11]]"
DOA-V5B-POSTFREEZE-MST-TDOA-YAMAOKA2023-20260913,eigenmike,eigenmike,task1,recording8,309,8,0,-52.959388096956765,-47.377211239480815,5.582176857475957,5.582176857475957,31.160698468140154,0.21251029999984894,False,1,350.0,3500.0,-80.0,80.0,1.0,12,"[26, 19, 16, 18, 17, 22, 10, 3, 2, 0, 1, 6]",66,11,"[[0, 1], [1, 3], [2, 3], [2, 4], [4, 5], [5, 6], [6, 7], [7, 9], [8, 9], [8, 10], [10, 11]]"
DOA-V5B-POSTFREEZE-MST-TDOA-YAMAOKA2023-20260913,eigenmike,eigenmike,task1,recording8,318,9,0,-52.959388096956765,-46.56421316888051,6.395174928076244,6.395174928076244,40.89826236069499,0.2144142000033753,False,1,350.0,3500.0,-80.0,80.0,1.0,12,"[26, 19, 16, 18, 17, 22, 10, 3, 2, 0, 1, 6]",66,11,"[[0, 1], [1, 3], [2, 3], [2, 4], [4, 5], [5, 6], [6, 7], [7, 9], [8, 9], [8, 10], [10, 11]]"
DOA-V5B-POSTFREEZE-MST-TDOA-YAMAOKA2023-20260913,eigenmike,eigenmike,task1,recording8,327,10,0,-52.959388096956765,-47.8243104066608,5.135077690295958,5.135077690295958,26.369022885375273,0.21578200000658398,False,1,350.0,3500.0,-80.0,80.0,1.0,12,"[26, 19, 16, 18, 17, 22, 10, 3, 2, 0, 1, 6]",66,11,"[[0, 1], [1, 3], [2, 3], [2, 4], [4, 5], [5, 6], [6, 7], [7, 9], [8, 9], [8, 10], [10, 11]]"
DOA-V5B-POSTFREEZE-MST-TDOA-YAMAOKA2023-20260913,eigenmike,eigenmike,task1,recording8,336,11,0,-52.959388096956765,-48.018788247237936,4.940599849718836,4.940599849718836,24.409526875041788,0.22583229999872856,False,1,350.0,3500.0,-80.0,80.0,1.0,12,"[26, 19, 16, 18, 17, 22, 10, 3, 2, 0, 1, 6]",66,11,"[[0, 1], [1, 3], [2, 3], [2, 4], [4, 5], [5, 6], [6, 7], [7, 9], [8, 9], [8, 10], [10, 11]]"
DOA-V5B-POSTFREEZE-MST-TDOA-YAMAOKA2023-20260913,eigenmike,eigenmike,task1,recording8,345,12,0,-52.959388096956765,-46.97334371979299,5.986044377163779,5.986044377163779,35.8327272853741,0.22291690000565723,False,1,350.0,3500.0,-80.0,80.0,1.0,12,"[26, 19, 16, 18, 17, 22, 10, 3, 2, 0, 1, 6]",66,11,"[[0, 1], [1, 2], [2, 3], [2, 4], [4, 5], [5, 6], [6, 7], [7, 9], [8, 9], [8, 10], [10, 11]]"
DOA-V5B-POSTFREEZE-MST-TDOA-YAMAOKA2023-20260913,eigenmike,eigenmike,task1,recording8,354,13,0,-52.959388096956765,-47.768691417483474,5.190696679473291,5.190696679473291,26.94333201829505,0.2234281999990344,False,1,350.0,3500.0,-80.0,80.0,1.0,12,"[26, 19, 16, 18, 17, 22, 10, 3, 2, 0, 1, 6]",66,11,"[[0, 1], [1, 3], [2, 3], [2, 4], [4, 5], [5, 6], [6, 7], [7, 9], [8, 9], [8, 10], [10, 11]]"
DOA-V5B-POSTFREEZE-MST-TDOA-YAMAOKA2023-20260913,eigenmike,eigenmike,task1,recording8,363,14,0,-52.959388096956765,-48.547768313410195,4.41161978354657,4.41161978354657,19.462389114579484,0.22208940000564326,False,1,350.0,3500.0,-80.0,80.0,1.0,12,"[26, 19, 16, 18, 17, 22, 10, 3, 2, 0, 1, 6]",66,11,"[[0, 1], [1, 3], [2, 3], [2, 4], [4, 5], [5, 6], [6, 7], [7, 9], [8, 9], [8, 10], [10, 11]]"
DOA-V5B-POSTFREEZE-MST-TDOA-YAMAOKA2023-20260913,eigenmike,eigenmike,task1,recording8,373,15,0,-52.959388096956765,-47.651352418324805,5.308035678631967,5.308035678631967,28.175242765629925,0.22401289999834262,False,1,350.0,3500.0,-80.0,80.0,1.0,12,"[26, 19, 16, 18, 17, 22, 10, 3, 2, 0, 1, 6]",66,11,"[[0, 1], [1, 3], [2, 3], [2, 4], [4, 5], [5, 6], [6, 7], [7, 9], [8, 9], [8, 10], [10, 11]]"
DOA-V5B-POSTFREEZE-MST-TDOA-YAMAOKA2023-20260913,eigenmike,eigenmike,task1,recording8,382,16,0,-52.959388096956765,-48.9104826369535,4.048905460003255,4.048905460003255,16.393635424044167,0.22182510000129696,False,1,350.0,3500.0,-80.0,80.0,1.0,12,"[26, 19, 16, 18, 17, 22, 10, 3, 2, 0, 1, 6]",66,11,"[[0, 1], [1, 3], [2, 3], [2, 4], [4, 5], [5, 6], [6, 7], [7, 9], [8, 9], [8, 10], [10, 11]]"
DOA-V5B-POSTFREEZE-MST-TDOA-YAMAOKA2023-20260913,eigenmike,eigenmike,task1,recording8,391,17,0,-52.959388096956765,-49.66322292338362,3.2961651735731436,3.2961651735731436,10.864704851476473,0.25401180000335444,False,1,350.0,3500.0,-80.0,80.0,1.0,12,"[26, 19, 16, 18, 17, 22, 10, 3, 2, 0, 1, 6]",66,11,"[[0, 1], [1, 3], [2, 3], [2, 4], [4, 5], [5, 6], [6, 7], [7, 9], [8, 9], [8, 10], [10, 11]]"
DOA-V5B-POSTFREEZE-MST-TDOA-YAMAOKA2023-20260913,eigenmike,eigenmike,task1,recording8,400,18,0,-52.959388096956765,-47.48590054605189,5.473487550904878,5.473487550904878,29.959065969910675,0.24579330000415212,False,1,350.0,3500.0,-80.0,80.0,1.0,12,"[26, 19, 16, 18, 17, 22, 10, 3, 2, 0, 1, 6]",66,11,"[[0, 1], [1, 3], [2, 3], [2, 4], [4, 5], [5, 6], [6, 7], [7, 9], [7, 8], [8, 10], [10, 11]]"
DOA-V5B-POSTFREEZE-MST-TDOA-YAMAOKA2023-20260913,eigenmike,eigenmike,task1,recording8,409,19,0,-52.959388096956765,-48.180957858918774,4.778430238037998,4.778430238037998,22.83339553979588,0.2937434999985271,False,1,350.0,3500.0,-80.0,80.0,1.0,12,"[26, 19, 16, 18, 17, 22, 10, 3, 2, 0, 1, 6]",66,11,"[[0, 1], [1, 3], [2, 3], [2, 4], [4, 5], [5, 6], [6, 7], [7, 9], [7, 8], [8, 10], [10, 11]]"
DOA-V5B-POSTFREEZE-MST-TDOA-YAMAOKA2023-20260913,eigenmike,eigenmike,task1,recording9,91,0,0,4.512097678662783,10.79167909130936,6.279581412646564,6.279581412646564,39.43314271805622,0.6582333999976981,False,1,350.0,3500.0,-80.0,80.0,1.0,12,"[26, 19, 16, 18, 17, 22, 10, 3, 2, 0, 1, 6]",66,11,"[[0, 11], [10, 11], [8, 10], [7, 8], [7, 9], [6, 7], [0, 1], [1, 2], [2, 4], [3, 4], [4, 5]]"
DOA-V5B-POSTFREEZE-MST-TDOA-YAMAOKA2023-20260913,eigenmike,eigenmike,task1,recording9,115,1,0,4.512097678662783,10.862858170107396,6.350760491444618,6.350760491444618,40.33215881969388,0.6295006000000285,False,1,350.0,3500.0,-80.0,80.0,1.0,12,"[26, 19, 16, 18, 17, 22, 10, 3, 2, 0, 1, 6]",66,11,"[[0, 11], [10, 11], [8, 10], [7, 8], [9, 10], [6, 7], [5, 6], [4, 5], [3, 4], [2, 4], [1, 2]]"
DOA-V5B-POSTFREEZE-MST-TDOA-YAMAOKA2023-20260913,eigenmike,eigenmike,task1,recording9,140,2,0,4.512097678662783,10.839055722942044,6.326958044279252,6.326958044279252,40.03039809406993,0.6015981000018655,False,1,350.0,3500.0,-80.0,80.0,1.0,12,"[26, 19, 16, 18, 17, 22, 10, 3, 2, 0, 1, 6]",66,11,"[[0, 11], [10, 11], [8, 10], [7, 8], [7, 9], [6, 7], [5, 6], [4, 5], [3, 4], [2, 4], [1, 3]]"
DOA-V5B-POSTFREEZE-MST-TDOA-YAMAOKA2023-20260913,eigenmike,eigenmike,task1,recording9,164,3,0,4.512097678662783,10.735633390285605,6.223535711622816,6.223535711622816,38.73239675384451,0.2865128999983426,False,1,350.0,3500.0,-80.0,80.0,1.0,12,"[26, 19, 16, 18, 17, 22, 10, 3, 2, 0, 1, 6]",66,11,"[[0, 11], [10, 11], [8, 10], [7, 8], [9, 10], [6, 7], [5, 6], [0, 1], [1, 3], [3, 4], [2, 4]]"
DOA-V5B-POSTFREEZE-MST-TDOA-YAMAOKA2023-20260913,eigenmike,eigenmike,task1,recording9,189,4,0,4.512097678662783,10.720933124545894,6.208835445883125,6.208835445883125,38.5496375940547,0.19311780000134604,False,1,350.0,3500.0,-80.0,80.0,1.0,12,"[26, 19, 16, 18, 17, 22, 10, 3, 2, 0, 1, 6]",66,11,"[[0, 11], [10, 11], [8, 10], [7, 8], [7, 9], [6, 7], [0, 1], [1, 2], [2, 4], [3, 4], [4, 5]]"
DOA-V5B-POSTFREEZE-MST-TDOA-YAMAOKA2023-20260913,eigenmike,eigenmike,task1,recording9,213,5,0,4.512097678662783,11.073943164543518,6.561845485880724,6.561845485880724,43.057816180573234,0.1986629000020912,False,1,350.0,3500.0,-80.0,80.0,1.0,12,"[26, 19, 16, 18, 17, 22, 10, 3, 2, 0, 1, 6]",66,11,"[[0, 11], [10, 11], [8, 10], [7, 8], [9, 10], [6, 7], [3, 9], [3, 4], [2, 4], [1, 3], [4, 5]]"
DOA-V5B-POSTFREEZE-MST-TDOA-YAMAOKA2023-20260913,eigenmike,eigenmike,task1,recording9,238,6,0,4.512097678662783,10.747086339699559,6.234988661036766,6.234988661036766,38.875083603257046,0.19538189999730093,False,1,350.0,3500.0,-80.0,80.0,1.0,12,"[26, 19, 16, 18, 17, 22, 10, 3, 2, 0, 1, 6]",66,11,"[[0, 11], [10, 11], [8, 10], [7, 8], [7, 9], [6, 7], [5, 6], [4, 5], [3, 4], [2, 4], [1, 3]]"
DOA-V5B-POSTFREEZE-MST-TDOA-YAMAOKA2023-20260913,eigenmike,eigenmike,task1,recording9,262,7,0,4.512097678662783,10.784992621813252,6.272894943150476,6.272894943150476,39.34921096780281,0.20844050000596326,False,1,350.0,3500.0,-80.0,80.0,1.0,12,"[26, 19, 16, 18, 17, 22, 10, 3, 2, 0, 1, 6]",66,11,"[[0, 11], [10, 11], [8, 10], [7, 8], [7, 9], [6, 7], [5, 6], [4, 5], [3, 4], [2, 4], [1, 3]]"
DOA-V5B-POSTFREEZE-MST-TDOA-YAMAOKA2023-20260913,eigenmike,eigenmike,task1,recording9,286,8,0,4.512097678662783,11.234040852536367,6.721943173873598,6.721943173873598,45.184520032785855,0.2002481999952579,False,1,350.0,3500.0,-80.0,80.0,1.0,12,"[26, 19, 16, 18, 17, 22, 10, 3, 2, 0, 1, 6]",66,11,"[[0, 11], [10, 11], [8, 10], [7, 8], [7, 9], [6, 7], [5, 6], [4, 5], [3, 4], [2, 4], [1, 3]]"
DOA-V5B-POSTFREEZE-MST-TDOA-YAMAOKA2023-20260913,eigenmike,eigenmike,task1,recording9,311,9,0,4.512097678662783,11.035134495076626,6.52303681641385,6.52303681641385,42.550009308290534,0.20725059999676887,False,1,350.0,3500.0,-80.0,80.0,1.0,12,"[26, 19, 16, 18, 17, 22, 10, 3, 2, 0, 1, 6]",66,11,"[[0, 11], [10, 11], [8, 10], [7, 8], [7, 9], [6, 7], [0, 1], [1, 3], [3, 4], [2, 4], [5, 6]]"
DOA-V5B-POSTFREEZE-MST-TDOA-YAMAOKA2023-20260913,eigenmike,eigenmike,task1,recording9,335,10,0,4.512097678662783,10.907504592940644,6.3954069142778565,6.3954069142778565,40.901229599193016,0.2073305999947479,False,1,350.0,3500.0,-80.0,80.0,1.0,12,"[26, 19, 16, 18, 17, 22, 10, 3, 2, 0, 1, 6]",66,11,"[[0, 11], [10, 11], [8, 10], [7, 8], [7, 9], [6, 7], [5, 6], [4, 5], [3, 4], [2, 4], [1, 3]]"
DOA-V5B-POSTFREEZE-MST-TDOA-YAMAOKA2023-20260913,eigenmike,eigenmike,task1,recording9,360,11,0,4.512097678662783,10.723976881824006,6.2118792031612315,6.2118792031612315,38.58744323466702,0.19544809999933932,False,1,350.0,3500.0,-80.0,80.0,1.0,12,"[26, 19, 16, 18, 17, 22, 10, 3, 2, 0, 1, 6]",66,11,"[[0, 11], [10, 11], [8, 10], [7, 8], [9, 10], [6, 7], [0, 1], [1, 3], [3, 4], [2, 4], [4, 5]]"
DOA-V5B-POSTFREEZE-MST-TDOA-YAMAOKA2023-20260913,eigenmike,eigenmike,task1,recording9,384,12,0,4.512097678662783,10.76147792014056,6.24938024147778,6.24938024147778,39.05475340257288,0.19862309999734862,False,1,350.0,3500.0,-80.0,80.0,1.0,12,"[26, 19, 16, 18, 17, 22, 10, 3, 2, 0, 1, 6]",66,11,"[[0, 11], [10, 11], [8, 10], [7, 8], [9, 10], [6, 7], [0, 1], [1, 3], [3, 4], [2, 4], [4, 5]]"
DOA-V5B-POSTFREEZE-MST-TDOA-YAMAOKA2023-20260913,eigenmike,eigenmike,task1,recording9,408,13,0,4.512097678662783,11.712219087877985,7.2001214092152,7.2001214092152,51.841748307439076,0.19722639999963576,False,1,350.0,3500.0,-80.0,80.0,1.0,12,"[26, 19, 16, 18, 17, 22, 10, 3, 2, 0, 1, 6]",66,11,"[[0, 11], [10, 11], [8, 10], [9, 10], [7, 8], [6, 7], [5, 6], [4, 5], [2, 4], [3, 4], [1, 3]]"
DOA-V5B-POSTFREEZE-MST-TDOA-YAMAOKA2023-20260913,eigenmike,eigenmike,task1,recording9,481,14,0,4.512097678662783,10.954599781900201,6.442502103237416,6.442502103237416,41.50583335021853,0.20231600000261096,False,1,350.0,3500.0,-80.0,80.0,1.0,12,"[26, 19, 16, 18, 17, 22, 10, 3, 2, 0, 1, 6]",66,11,"[[0, 11], [10, 11], [8, 10], [7, 8], [7, 9], [6, 7], [3, 9], [3, 4], [2, 4], [1, 3], [4, 5]]"
DOA-V5B-POSTFREEZE-MST-TDOA-YAMAOKA2023-20260913,eigenmike,eigenmike,task1,recording9,505,15,0,4.512097678662783,10.750607627672423,6.238509949009654,6.238509949009654,38.91900638389243,0.19812290000118082,False,1,350.0,3500.0,-80.0,80.0,1.0,12,"[26, 19, 16, 18, 17, 22, 10, 3, 2, 0, 1, 6]",66,11,"[[0, 11], [10, 11], [8, 10], [7, 8], [7, 9], [6, 7], [0, 1], [1, 3], [3, 4], [2, 4], [4, 5]]"
DOA-V5B-POSTFREEZE-MST-TDOA-YAMAOKA2023-20260913,eigenmike,eigenmike,task1,recording9,530,16,0,4.512097678662783,10.826613197294597,6.314515518631822,6.314515518631822,39.87310623504211,0.19875129999854835,False,1,350.0,3500.0,-80.0,80.0,1.0,12,"[26, 19, 16, 18, 17, 22, 10, 3, 2, 0, 1, 6]",66,11,"[[0, 11], [10, 11], [8, 10], [7, 8], [9, 10], [6, 7], [0, 4], [3, 4], [2, 4], [1, 3], [4, 5]]"
DOA-V5B-POSTFREEZE-MST-TDOA-YAMAOKA2023-20260913,eigenmike,eigenmike,task1,recording9,554,17,0,4.512097678662783,11.026611641874487,6.514513963211698,6.514513963211698,42.43889217688018,0.2061866999938502,False,1,350.0,3500.0,-80.0,80.0,1.0,12,"[26, 19, 16, 18, 17, 22, 10, 3, 2, 0, 1, 6]",66,11,"[[0, 11], [10, 11], [8, 10], [7, 8], [7, 9], [6, 7], [3, 9], [3, 4], [2, 4], [1, 3], [4, 5]]"
DOA-V5B-POSTFREEZE-MST-TDOA-YAMAOKA2023-20260913,eigenmike,eigenmike,task1,recording9,579,18,0,4.512097678662783,10.788881546567985,6.276783867905209,6.276783867905209,39.39801572439508,0.20406050000019604,False,1,350.0,3500.0,-80.0,80.0,1.0,12,"[26, 19, 16, 18, 17, 22, 10, 3, 2, 0, 1, 6]",66,11,"[[0, 11], [10, 11], [8, 10], [7, 8], [9, 10], [6, 7], [5, 6], [4, 5], [3, 4], [2, 4], [1, 3]]"
DOA-V5B-POSTFREEZE-MST-TDOA-YAMAOKA2023-20260913,eigenmike,eigenmike,task1,recording9,603,19,0,4.512097678662783,10.81898209866429,6.306884420001495,6.306884420001495,39.77679108725759,0.20688810000137892,False,1,350.0,3500.0,-80.0,80.0,1.0,12,"[26, 19, 16, 18, 17, 22, 10, 3, 2, 0, 1, 6]",66,11,"[[0, 11], [10, 11], [8, 10], [7, 8], [7, 9], [6, 7], [5, 6], [4, 5], [3, 4], [2, 4], [1, 3]]"
DOA-V5B-POSTFREEZE-MST-TDOA-YAMAOKA2023-20260913,eigenmike,eigenmike,task2,recording10,738,0,0,-30.693116639764533,-26.496269898809302,4.1968467409552375,4.1968467409552375,17.6135225670666,0.21511499999905936,False,1,350.0,3500.0,-80.0,80.0,1.0,12,"[26, 19, 16, 18, 17, 22, 10, 3, 2, 0, 1, 6]",66,11,"[[0, 1], [1, 3], [1, 2], [2, 4], [4, 5], [5, 6], [6, 7], [7, 8], [7, 9], [8, 10], [10, 11]]"
DOA-V5B-POSTFREEZE-MST-TDOA-YAMAOKA2023-20260913,eigenmike,eigenmike,task2,recording10,746,1,0,-30.693116639764533,-22.400401420291477,8.292715219473052,8.292715219473052,68.76912571128,0.21385329999611713,False,1,350.0,3500.0,-80.0,80.0,1.0,12,"[26, 19, 16, 18, 17, 22, 10, 3, 2, 0, 1, 6]",66,11,"[[0, 1], [1, 3], [1, 2], [2, 4], [4, 5], [5, 6], [6, 7], [7, 8], [7, 9], [8, 10], [10, 11]]"
DOA-V5B-POSTFREEZE-MST-TDOA-YAMAOKA2023-20260913,eigenmike,eigenmike,task2,recording10,753,2,0,-30.693116639764533,-23.348920719010813,7.3441959207537195,7.3441959207537195,53.93721372241557,0.21217470000556204,False,1,350.0,3500.0,-80.0,80.0,1.0,12,"[26, 19, 16, 18, 17, 22, 10, 3, 2, 0, 1, 6]",66,11,"[[0, 1], [1, 3], [1, 2], [2, 4], [4, 5], [5, 6], [6, 7], [7, 8], [7, 9], [9, 10], [10, 11]]"
DOA-V5B-POSTFREEZE-MST-TDOA-YAMAOKA2023-20260913,eigenmike,eigenmike,task2,recording10,761,3,0,-30.693116639764533,-22.91683417932357,7.776282460440967,7.776282460440967,60.47056890456182,0.3672370999993291,False,1,350.0,3500.0,-80.0,80.0,1.0,12,"[26, 19, 16, 18, 17, 22, 10, 3, 2, 0, 1, 6]",66,11,"[[0, 1], [1, 3], [1, 2], [2, 4], [4, 5], [5, 6], [6, 7], [7, 9], [7, 8], [8, 10], [10, 11]]"
DOA-V5B-POSTFREEZE-MST-TDOA-YAMAOKA2023-20260913,eigenmike,eigenmike,task2,recording10,769,4,0,-30.693116639764533,-23.041579420199508,7.651537219565029,7.651537219565029,58.54602182238893,0.6076001999972505,False,1,350.0,3500.0,-80.0,80.0,1.0,12,"[26, 19, 16, 18, 17, 22, 10, 3, 2, 0, 1, 6]",66,11,"[[0, 1], [1, 3], [1, 2], [2, 4], [4, 5], [5, 6], [6, 7], [7, 9], [7, 8], [8, 10], [10, 11]]"
DOA-V5B-POSTFREEZE-MST-TDOA-YAMAOKA2023-20260913,eigenmike,eigenmike,task2,recording10,776,5,0,-30.693116639764533,-23.093315428850445,7.59980121091408,7.59980121091408,57.75697844541112,0.6125660999969114,False,1,350.0,3500.0,-80.0,80.0,1.0,12,"[26, 19, 16, 18, 17, 22, 10, 3, 2, 0, 1, 6]",66,11,"[[0, 1], [1, 3], [1, 2], [2, 4], [4, 5], [5, 6], [6, 7], [7, 9], [7, 8], [8, 10], [10, 11]]"
DOA-V5B-POSTFREEZE-MST-TDOA-YAMAOKA2023-20260913,eigenmike,eigenmike,task2,recording10,784,6,0,-30.693116639764533,-23.10791871897036,7.585197920794172,7.585197920794172,57.535227497620234,0.4320904000051087,False,1,350.0,3500.0,-80.0,80.0,1.0,12,"[26, 19, 16, 18, 17, 22, 10, 3, 2, 0, 1, 6]",66,11,"[[0, 1], [1, 3], [1, 2], [2, 4], [4, 5], [5, 6], [6, 7], [7, 9], [7, 8], [8, 10], [10, 11]]"
DOA-V5B-POSTFREEZE-MST-TDOA-YAMAOKA2023-20260913,eigenmike,eigenmike,task2,recording10,791,7,0,-30.693116639764533,-23.060456024305285,7.632660615459258,7.632660615459258,58.257508070782904,0.21357249999709893,False,1,350.0,3500.0,-80.0,80.0,1.0,12,"[26, 19, 16, 18, 17, 22, 10, 3, 2, 0, 1, 6]",66,11,"[[0, 1], [1, 3], [1, 2], [2, 4], [4, 5], [5, 6], [6, 7], [7, 9], [7, 8], [8, 10], [10, 11]]"
DOA-V5B-POSTFREEZE-MST-TDOA-YAMAOKA2023-20260913,eigenmike,eigenmike,task2,recording10,799,8,0,-30.693116639764533,-23.457744053893748,7.235372585870778,7.235372585870778,52.35061645637038,0.21218840000074124,False,1,350.0,3500.0,-80.0,80.0,1.0,12,"[26, 19, 16, 18, 17, 22, 10, 3, 2, 0, 1, 6]",66,11,"[[0, 1], [1, 3], [1, 2], [2, 4], [4, 5], [5, 6], [6, 7], [7, 9], [7, 8], [8, 10], [10, 11]]"
DOA-V5B-POSTFREEZE-MST-TDOA-YAMAOKA2023-20260913,eigenmike,eigenmike,task2,recording10,807,9,0,-30.693116639764533,-23.25881701496331,7.434299624801213,7.434299624801213,55.268810911319456,0.21348369999759598,False,1,350.0,3500.0,-80.0,80.0,1.0,12,"[26, 19, 16, 18, 17, 22, 10, 3, 2, 0, 1, 6]",66,11,"[[0, 1], [1, 3], [1, 2], [2, 4], [4, 5], [5, 6], [6, 7], [7, 8], [7, 9], [8, 10], [10, 11]]"
DOA-V5B-POSTFREEZE-MST-TDOA-YAMAOKA2023-20260913,eigenmike,eigenmike,task2,recording10,814,10,0,-30.693116639764533,-23.068835295190706,7.624281344573831,7.624281344573831,58.129666021216536,0.21461109999654582,False,1,350.0,3500.0,-80.0,80.0,1.0,12,"[26, 19, 16, 18, 17, 22, 10, 3, 2, 0, 1, 6]",66,11,"[[0, 1], [1, 3], [1, 2], [2, 4], [4, 5], [5, 6], [6, 7], [7, 9], [7, 8], [8, 10], [10, 11]]"
DOA-V5B-POSTFREEZE-MST-TDOA-YAMAOKA2023-20260913,eigenmike,eigenmike,task2,recording10,822,11,0,-30.693116639764533,-23.028473587498066,7.664643052266456,7.664643052266456,58.74675311865646,0.21218039999803295,False,1,350.0,3500.0,-80.0,80.0,1.0,12,"[26, 19, 16, 18, 17, 22, 10, 3, 2, 0, 1, 6]",66,11,"[[0, 1], [1, 3], [1, 2], [2, 4], [4, 5], [5, 6], [6, 7], [7, 8], [7, 9], [8, 10], [10, 11]]"
DOA-V5B-POSTFREEZE-MST-TDOA-YAMAOKA2023-20260913,eigenmike,eigenmike,task2,recording10,830,12,0,-30.693116639764533,-22.847883086854957,7.845233552909576,7.845233552909576,61.547689499698215,0.22075819999736268,False,1,350.0,3500.0,-80.0,80.0,1.0,12,"[26, 19, 16, 18, 17, 22, 10, 3, 2, 0, 1, 6]",66,11,"[[0, 1], [1, 3], [1, 2], [2, 4], [4, 5], [5, 6], [6, 7], [7, 9], [7, 8], [8, 10], [10, 11]]"
DOA-V5B-POSTFREEZE-MST-TDOA-YAMAOKA2023-20260913,eigenmike,eigenmike,task2,recording10,837,13,0,-30.693116639764533,-25.46720471465301,5.225911925111518,5.225911925111518,27.310155449022773,0.22061419999954524,False,1,350.0,3500.0,-80.0,80.0,1.0,12,"[26, 19, 16, 18, 17, 22, 10, 3, 2, 0, 1, 6]",66,11,"[[0, 1], [1, 3], [1, 2], [2, 4], [4, 5], [5, 6], [6, 7], [7, 9], [7, 8], [8, 10], [10, 11]]"
DOA-V5B-POSTFREEZE-MST-TDOA-YAMAOKA2023-20260913,eigenmike,eigenmike,task2,recording10,845,14,0,-30.693116639764533,-20.547343809193862,10.145772830570678,10.145772830570678,102.93670632954615,0.21989259999827482,False,1,350.0,3500.0,-80.0,80.0,1.0,12,"[26, 19, 16, 18, 17, 22, 10, 3, 2, 0, 1, 6]",66,11,"[[0, 1], [1, 3], [1, 2], [2, 4], [4, 5], [5, 6], [6, 7], [7, 9], [7, 8], [8, 10], [10, 11]]"
DOA-V5B-POSTFREEZE-MST-TDOA-YAMAOKA2023-20260913,eigenmike,eigenmike,task2,recording10,852,15,0,-30.693116639764533,-26.894783534930003,3.7983331048345406,3.7983331048345406,14.427334375282001,0.21721679999609478,False,1,350.0,3500.0,-80.0,80.0,1.0,12,"[26, 19, 16, 18, 17, 22, 10, 3, 2, 0, 1, 6]",66,11,"[[0, 1], [1, 3], [1, 2], [2, 4], [4, 5], [5, 6], [6, 7], [7, 8], [7, 9], [8, 10], [10, 11]]"
DOA-V5B-POSTFREEZE-MST-TDOA-YAMAOKA2023-20260913,eigenmike,eigenmike,task2,recording10,860,16,0,-30.693116639764533,-22.449409628592818,8.243707011171722,8.243707011171722,67.9587052860418,0.21353829999861773,False,1,350.0,3500.0,-80.0,80.0,1.0,12,"[26, 19, 16, 18, 17, 22, 10, 3, 2, 0, 1, 6]",66,11,"[[0, 1], [1, 3], [1, 2], [2, 4], [4, 5], [5, 6], [6, 7], [7, 8], [7, 9], [8, 10], [10, 11]]"
DOA-V5B-POSTFREEZE-MST-TDOA-YAMAOKA2023-20260913,eigenmike,eigenmike,task2,recording10,868,17,0,-30.693116639764533,-23.890911336030268,6.802205303734269,6.802205303734269,46.26999699415062,0.2105669000011403,False,1,350.0,3500.0,-80.0,80.0,1.0,12,"[26, 19, 16, 18, 17, 22, 10, 3, 2, 0, 1, 6]",66,11,"[[0, 1], [1, 3], [1, 2], [2, 4], [4, 5], [5, 6], [6, 7], [7, 9], [7, 8], [8, 10], [10, 11]]"
DOA-V5B-POSTFREEZE-MST-TDOA-YAMAOKA2023-20260913,eigenmike,eigenmike,task2,recording10,875,18,0,-30.693116639764533,-24.083851973891758,6.609264665872786,6.609264665872786,43.68237942355451,0.214151000000129,False,1,350.0,3500.0,-80.0,80.0,1.0,12,"[26, 19, 16, 18, 17, 22, 10, 3, 2, 0, 1, 6]",66,11,"[[0, 1], [1, 3], [1, 2], [2, 4], [4, 5], [5, 6], [6, 7], [7, 8], [7, 9], [8, 10], [10, 11]]"
DOA-V5B-POSTFREEZE-MST-TDOA-YAMAOKA2023-20260913,eigenmike,eigenmike,task2,recording10,883,19,0,-30.693116639764533,-22.202050602384883,8.491066037379653,8.491066037379653,72.0982024511422,0.21704410000529606,False,1,350.0,3500.0,-80.0,80.0,1.0,12,"[26, 19, 16, 18, 17, 22, 10, 3, 2, 0, 1, 6]",66,11,"[[0, 1], [1, 3], [1, 2], [2, 4], [4, 5], [5, 6], [6, 7], [7, 9], [7, 8], [8, 10], [10, 11]]"
DOA-V5B-POSTFREEZE-MST-TDOA-YAMAOKA2023-20260913,eigenmike,eigenmike,task2,recording11,91,0,1,-14.972286420606125,-5.486831036943325,9.48545538366281,9.48545538366281,89.97386383545779,0.21342160000494914,False,1,350.0,3500.0,-80.0,80.0,1.0,12,"[26, 19, 16, 18, 17, 22, 10, 3, 2, 0, 1, 6]",66,11,"[[0, 1], [1, 2], [1, 3], [2, 4], [0, 11], [10, 11], [8, 10], [7, 8], [7, 9], [6, 7], [5, 6]]"
DOA-V5B-POSTFREEZE-MST-TDOA-YAMAOKA2023-20260913,eigenmike,eigenmike,task2,recording11,93,1,1,-14.972286420606125,-5.664901098183822,9.307385322422306,9.307385322422306,86.62742154004216,0.21980169999733334,False,1,350.0,3500.0,-80.0,80.0,1.0,12,"[26, 19, 16, 18, 17, 22, 10, 3, 2, 0, 1, 6]",66,11,"[[0, 1], [1, 2], [1, 3], [2, 4], [0, 11], [10, 11], [8, 10], [7, 8], [7, 9], [6, 7], [5, 6]]"
DOA-V5B-POSTFREEZE-MST-TDOA-YAMAOKA2023-20260913,eigenmike,eigenmike,task2,recording11,96,2,1,-14.972286420606125,-5.368870779200918,9.603415641405206,9.603415641405206,92.22559198158616,0.21740200000203913,False,1,350.0,3500.0,-80.0,80.0,1.0,12,"[26, 19, 16, 18, 17, 22, 10, 3, 2, 0, 1, 6]",66,11,"[[0, 1], [1, 3], [1, 2], [2, 4], [0, 11], [10, 11], [8, 10], [7, 8], [7, 9], [6, 7], [5, 6]]"
DOA-V5B-POSTFREEZE-MST-TDOA-YAMAOKA2023-20260913,eigenmike,eigenmike,task2,recording11,98,3,1,-14.972286420606125,-5.449350497958473,9.522935922647662,9.522935922647662,90.68630858685327,0.21946079999906942,False,1,350.0,3500.0,-80.0,80.0,1.0,12,"[26, 19, 16, 18, 17, 22, 10, 3, 2, 0, 1, 6]",66,11,"[[0, 1], [1, 2], [1, 3], [2, 4], [0, 11], [10, 11], [8, 10], [7, 8], [7, 9], [6, 7], [5, 6]]"
DOA-V5B-POSTFREEZE-MST-TDOA-YAMAOKA2023-20260913,eigenmike,eigenmike,task2,recording11,101,4,1,-14.972286420606125,-5.5094247728916335,9.462861647714476,9.462861647714476,89.54575056378553,0.22343540000292705,False,1,350.0,3500.0,-80.0,80.0,1.0,12,"[26, 19, 16, 18, 17, 22, 10, 3, 2, 0, 1, 6]",66,11,"[[0, 1], [1, 2], [1, 3], [2, 4], [0, 11], [10, 11], [8, 10], [7, 8], [7, 9], [6, 7], [5, 6]]"
DOA-V5B-POSTFREEZE-MST-TDOA-YAMAOKA2023-20260913,eigenmike,eigenmike,task2,recording11,103,5,1,-14.972286420606125,-5.669438010884571,9.302848409721548,9.302848409721548,86.54298853425874,0.2232910000020638,False,1,350.0,3500.0,-80.0,80.0,1.0,12,"[26, 19, 16, 18, 17, 22, 10, 3, 2, 0, 1, 6]",66,11,"[[0, 1], [1, 3], [1, 2], [2, 4], [0, 11], [10, 11], [8, 10], [7, 8], [7, 9], [6, 7], [5, 6]]"
DOA-V5B-POSTFREEZE-MST-TDOA-YAMAOKA2023-20260913,eigenmike,eigenmike,task2,recording11,106,6,1,-14.972286420606125,-5.8088938185145995,9.163392602091534,9.163392602091534,83.96776398006585,0.22003180000319844,False,1,350.0,3500.0,-80.0,80.0,1.0,12,"[26, 19, 16, 18, 17, 22, 10, 3, 2, 0, 1, 6]",66,11,"[[0, 1], [1, 3], [1, 2], [2, 4], [0, 11], [10, 11], [8, 10], [7, 8], [7, 9], [6, 7], [5, 6]]"
DOA-V5B-POSTFREEZE-MST-TDOA-YAMAOKA2023-20260913,eigenmike,eigenmike,task2,recording11,361,7,1,-14.972286420606125,-6.225369165994331,8.746917254611787,8.746917254611787,76.50856145902542,0.21836410000105388,False,1,350.0,3500.0,-80.0,80.0,1.0,12,"[26, 19, 16, 18, 17, 22, 10, 3, 2, 0, 1, 6]",66,11,"[[0, 1], [1, 2], [1, 3], [2, 4], [0, 11], [10, 11], [8, 10], [7, 8], [7, 9], [6, 7], [5, 6]]"
DOA-V5B-POSTFREEZE-MST-TDOA-YAMAOKA2023-20260913,eigenmike,eigenmike,task2,recording11,364,8,1,-14.972286420606125,-6.791469927305275,8.180816493300853,8.180816493300853,66.92575849706326,0.21299759999965318,False,1,350.0,3500.0,-80.0,80.0,1.0,12,"[26, 19, 16, 18, 17, 22, 10, 3, 2, 0, 1, 6]",66,11,"[[0, 11], [10, 11], [8, 10], [7, 8], [7, 9], [6, 7], [5, 6], [0, 1], [1, 2], [1, 3], [2, 4]]"
DOA-V5B-POSTFREEZE-MST-TDOA-YAMAOKA2023-20260913,eigenmike,eigenmike,task2,recording11,366,9,1,-14.972286420606125,-8.112623339181274,6.859663081424856,6.859663081424856,47.05497759066314,0.21751510000467533,False,1,350.0,3500.0,-80.0,80.0,1.0,12,"[26, 19, 16, 18, 17, 22, 10, 3, 2, 0, 1, 6]",66,11,"[[0, 1], [1, 3], [1, 2], [2, 4], [3, 9], [7, 9], [7, 8], [9, 10], [6, 7], [10, 11], [5, 6]]"
DOA-V5B-POSTFREEZE-MST-TDOA-YAMAOKA2023-20260913,eigenmike,eigenmike,task2,recording11,369,10,1,-14.972286420606125,-6.155793034334202,8.81649338627193,8.81649338627193,77.73055563017667,0.2155447999975877,False,1,350.0,3500.0,-80.0,80.0,1.0,12,"[26, 19, 16, 18, 17, 22, 10, 3, 2, 0, 1, 6]",66,11,"[[0, 1], [1, 2], [1, 3], [2, 4], [0, 11], [10, 11], [8, 10], [7, 8], [7, 9], [6, 7], [5, 6]]"
DOA-V5B-POSTFREEZE-MST-TDOA-YAMAOKA2023-20260913,eigenmike,eigenmike,task2,recording11,371,11,1,-14.972286420606125,-5.9727986751683595,8.999487745437762,8.999487745437762,80.99077968028445,0.21562180000182707,False,1,350.0,3500.0,-80.0,80.0,1.0,12,"[26, 19, 16, 18, 17, 22, 10, 3, 2, 0, 1, 6]",66,11,"[[0, 1], [1, 2], [1, 3], [2, 4], [0, 11], [10, 11], [8, 10], [7, 8], [7, 9], [6, 7], [5, 6]]"
DOA-V5B-POSTFREEZE-MST-TDOA-YAMAOKA2023-20260913,eigenmike,eigenmike,task2,recording11,374,12,1,-14.972286420606125,-5.8512037772495695,9.121082643356544,9.121082643356544,83.19414858694,0.2138000999984797,False,1,350.0,3500.0,-80.0,80.0,1.0,12,"[26, 19, 16, 18, 17, 22, 10, 3, 2, 0, 1, 6]",66,11,"[[0, 1], [1, 3], [1, 2], [2, 4], [0, 11], [10, 11], [8, 10], [7, 8], [7, 9], [6, 7], [5, 6]]"
DOA-V5B-POSTFREEZE-MST-TDOA-YAMAOKA2023-20260913,eigenmike,eigenmike,task2,recording11,376,13,1,-14.972286420606125,-7.8173069540965905,7.1549794665095305,7.1549794665095305,51.19373116617301,0.21514350000506965,False,1,350.0,3500.0,-80.0,80.0,1.0,12,"[26, 19, 16, 18, 17, 22, 10, 3, 2, 0, 1, 6]",66,11,"[[0, 1], [1, 3], [1, 2], [2, 4], [3, 9], [7, 9], [7, 8], [8, 10], [6, 7], [10, 11], [5, 6]]"
DOA-V5B-POSTFREEZE-MST-TDOA-YAMAOKA2023-20260913,eigenmike,eigenmike,task2,recording11,379,14,1,-14.972286420606125,-5.478334183346303,9.493952237259833,9.493952237259833,90.135129083371,0.21484069999860367,False,1,350.0,3500.0,-80.0,80.0,1.0,12,"[26, 19, 16, 18, 17, 22, 10, 3, 2, 0, 1, 6]",66,11,"[[0, 1], [1, 3], [1, 2], [2, 4], [0, 11], [10, 11], [8, 10], [7, 8], [7, 9], [6, 7], [5, 6]]"
DOA-V5B-POSTFREEZE-MST-TDOA-YAMAOKA2023-20260913,eigenmike,eigenmike,task2,recording11,381,15,1,-14.972286420606125,-5.737542888263269,9.234743532342861,9.234743532342861,85.2804881081483,0.21473789999436121,False,1,350.0,3500.0,-80.0,80.0,1.0,12,"[26, 19, 16, 18, 17, 22, 10, 3, 2, 0, 1, 6]",66,11,"[[0, 1], [1, 2], [1, 3], [2, 4], [0, 11], [10, 11], [8, 10], [7, 8], [7, 9], [6, 7], [5, 6]]"
DOA-V5B-POSTFREEZE-MST-TDOA-YAMAOKA2023-20260913,eigenmike,eigenmike,task2,recording11,384,16,1,-14.972286420606125,-5.5903349905519635,9.381951430054158,9.381951430054158,88.02101263589527,0.21594239999831188,False,1,350.0,3500.0,-80.0,80.0,1.0,12,"[26, 19, 16, 18, 17, 22, 10, 3, 2, 0, 1, 6]",66,11,"[[0, 1], [1, 2], [1, 3], [2, 4], [0, 11], [10, 11], [8, 10], [7, 8], [7, 9], [6, 7], [5, 6]]"
DOA-V5B-POSTFREEZE-MST-TDOA-YAMAOKA2023-20260913,eigenmike,eigenmike,task2,recording11,386,17,1,-14.972286420606125,-5.64623145082585,9.326054969780273,9.326054969780273,86.97530129936332,0.21222989999660058,False,1,350.0,3500.0,-80.0,80.0,1.0,12,"[26, 19, 16, 18, 17, 22, 10, 3, 2, 0, 1, 6]",66,11,"[[0, 1], [1, 2], [1, 3], [2, 4], [0, 11], [10, 11], [8, 10], [7, 8], [7, 9], [6, 7], [5, 6]]"
DOA-V5B-POSTFREEZE-MST-TDOA-YAMAOKA2023-20260913,eigenmike,eigenmike,task2,recording11,389,18,1,-14.972286420606125,-5.722336118348632,9.249950302257503,9.249950302257503,85.56158059423366,0.21243190000677714,False,1,350.0,3500.0,-80.0,80.0,1.0,12,"[26, 19, 16, 18, 17, 22, 10, 3, 2, 0, 1, 6]",66,11,"[[0, 1], [1, 2], [1, 3], [2, 4], [0, 11], [10, 11], [8, 10], [7, 8], [7, 9], [6, 7], [5, 6]]"
DOA-V5B-POSTFREEZE-MST-TDOA-YAMAOKA2023-20260913,eigenmike,eigenmike,task2,recording11,391,19,1,-14.972286420606125,-5.700200588275215,9.272085832330902,9.272085832330902,85.97157568211144,0.21491640000022016,False,1,350.0,3500.0,-80.0,80.0,1.0,12,"[26, 19, 16, 18, 17, 22, 10, 3, 2, 0, 1, 6]",66,11,"[[0, 1], [1, 2], [1, 3], [2, 4], [0, 11], [10, 11], [8, 10], [7, 8], [7, 9], [6, 7], [5, 6]]"
DOA-V5B-POSTFREEZE-MST-TDOA-YAMAOKA2023-20260913,eigenmike,eigenmike,task2,recording12,110,0,1,9.36283728940658,15.519165690337989,6.1563284009314145,6.1563284009314145,37.90037938011475,0.31183510000118986,False,1,350.0,3500.0,-80.0,80.0,1.0,12,"[26, 19, 16, 18, 17, 22, 10, 3, 2, 0, 1, 6]",66,11,"[[0, 11], [10, 11], [9, 10], [8, 10], [7, 8], [6, 7], [4, 10], [3, 4], [2, 4], [1, 2], [4, 5]]"
DOA-V5B-POSTFREEZE-MST-TDOA-YAMAOKA2023-20260913,eigenmike,eigenmike,task2,recording12,114,1,1,9.36283728940658,16.071598827821834,6.708761538415246,6.708761538415246,45.00748137931969,0.22968330000003334,False,1,350.0,3500.0,-80.0,80.0,1.0,12,"[26, 19, 16, 18, 17, 22, 10, 3, 2, 0, 1, 6]",66,11,"[[0, 11], [10, 11], [9, 10], [8, 10], [7, 8], [6, 7], [0, 1], [1, 2], [2, 4], [3, 4], [4, 5]]"
DOA-V5B-POSTFREEZE-MST-TDOA-YAMAOKA2023-20260913,eigenmike,eigenmike,task2,recording12,118,2,1,9.36283728940658,16.119703123201308,6.756865833794734,6.756865833794734,45.65523589590261,0.22653210000135005,False,1,350.0,3500.0,-80.0,80.0,1.0,12,"[26, 19, 16, 18, 17, 22, 10, 3, 2, 0, 1, 6]",66,11,"[[0, 11], [10, 11], [9, 10], [8, 10], [7, 8], [6, 7], [0, 1], [1, 2], [2, 4], [3, 4], [4, 5]]"
DOA-V5B-POSTFREEZE-MST-TDOA-YAMAOKA2023-20260913,eigenmike,eigenmike,task2,recording12,122,3,1,9.36283728940658,14.78299491236007,5.4201576229534965,5.4201576229534965,29.378108657660896,0.24166710000281455,False,1,350.0,3500.0,-80.0,80.0,1.0,12,"[26, 19, 16, 18, 17, 22, 10, 3, 2, 0, 1, 6]",66,11,"[[0, 11], [10, 11], [8, 10], [8, 9], [7, 8], [6, 7], [0, 1], [1, 2], [2, 4], [3, 4], [4, 5]]"
DOA-V5B-POSTFREEZE-MST-TDOA-YAMAOKA2023-20260913,eigenmike,eigenmike,task2,recording12,126,4,1,9.36283728940658,14.410873648453657,5.0480363590470745,5.0480363590470745,25.482671082261245,0.2203107999957865,False,1,350.0,3500.0,-80.0,80.0,1.0,12,"[26, 19, 16, 18, 17, 22, 10, 3, 2, 0, 1, 6]",66,11,"[[0, 11], [10, 11], [9, 10], [8, 9], [7, 8], [6, 7], [0, 1], [1, 2], [2, 4], [3, 4], [4, 5]]"
DOA-V5B-POSTFREEZE-MST-TDOA-YAMAOKA2023-20260913,eigenmike,eigenmike,task2,recording12,130,5,1,9.36283728940658,14.980830946510823,5.61799365710425,5.61799365710425,31.56185273126359,0.21798300000227755,False,1,350.0,3500.0,-80.0,80.0,1.0,12,"[26, 19, 16, 18, 17, 22, 10, 3, 2, 0, 1, 6]",66,11,"[[0, 11], [10, 11], [9, 10], [8, 10], [7, 8], [6, 7], [0, 1], [1, 2], [2, 4], [3, 4], [4, 5]]"
DOA-V5B-POSTFREEZE-MST-TDOA-YAMAOKA2023-20260913,eigenmike,eigenmike,task2,recording12,134,6,1,9.36283728940658,15.303201970083478,5.9403646806769075,5.9403646806769075,35.287932539433655,0.21726940000371542,False,1,350.0,3500.0,-80.0,80.0,1.0,12,"[26, 19, 16, 18, 17, 22, 10, 3, 2, 0, 1, 6]",66,11,"[[0, 11], [10, 11], [9, 10], [8, 9], [7, 8], [6, 7], [2, 8], [2, 4], [3, 4], [1, 2], [4, 5]]"
DOA-V5B-POSTFREEZE-MST-TDOA-YAMAOKA2023-20260913,eigenmike,eigenmike,task2,recording12,425,7,1,9.36283728940658,15.658525634043535,6.295688344636943,6.295688344636943,39.635691732797454,0.22179940000205534,False,1,350.0,3500.0,-80.0,80.0,1.0,12,"[26, 19, 16, 18, 17, 22, 10, 3, 2, 0, 1, 6]",66,11,"[[0, 11], [10, 11], [8, 10], [7, 8], [9, 10], [6, 7], [4, 10], [3, 4], [2, 4], [1, 2], [4, 5]]"
DOA-V5B-POSTFREEZE-MST-TDOA-YAMAOKA2023-20260913,eigenmike,eigenmike,task2,recording12,429,8,1,9.36283728940658,15.64249138260977,6.279654093203192,6.279654093203192,39.4340555302836,0.5499484000029042,False,1,350.0,3500.0,-80.0,80.0,1.0,12,"[26, 19, 16, 18, 17, 22, 10, 3, 2, 0, 1, 6]",66,11,"[[0, 11], [10, 11], [8, 10], [9, 10], [7, 8], [6, 7], [4, 10], [3, 4], [2, 4], [1, 2], [4, 5]]"
DOA-V5B-POSTFREEZE-MST-TDOA-YAMAOKA2023-20260913,eigenmike,eigenmike,task2,recording12,433,9,1,9.36283728940658,15.653392176248033,6.2905548868414485,6.2905548868414485,39.57108078436483,0.6077385999960825,False,1,350.0,3500.0,-80.0,80.0,1.0,12,"[26, 19, 16, 18, 17, 22, 10, 3, 2, 0, 1, 6]",66,11,"[[0, 11], [10, 11], [8, 10], [9, 10], [7, 8], [6, 7], [4, 10], [3, 4], [2, 4], [1, 2], [4, 5]]"
DOA-V5B-POSTFREEZE-MST-TDOA-YAMAOKA2023-20260913,eigenmike,eigenmike,task2,recording12,436,10,1,9.36283728940658,15.596023134633633,6.233185845227041,6.233185845227041,38.85260578113874,0.6211827000006451,False,1,350.0,3500.0,-80.0,80.0,1.0,12,"[26, 19, 16, 18, 17, 22, 10, 3, 2, 0, 1, 6]",66,11,"[[0, 11], [10, 11], [8, 10], [9, 10], [7, 8], [6, 7], [4, 10], [3, 4], [2, 4], [1, 2], [4, 5]]"
DOA-V5B-POSTFREEZE-MST-TDOA-YAMAOKA2023-20260913,eigenmike,eigenmike,task2,recording12,716,11,0,-36.80303377828851,-29.89197926086927,6.911054517419245,6.911054517419245,47.76267454274096,0.2656305999989854,False,1,350.0,3500.0,-80.0,80.0,1.0,12,"[26, 19, 16, 18, 17, 22, 10, 3, 2, 0, 1, 6]",66,11,"[[0, 1], [1, 3], [2, 3], [2, 4], [4, 5], [5, 6], [6, 7], [7, 9], [7, 8], [8, 10], [10, 11]]"
DOA-V5B-POSTFREEZE-MST-TDOA-YAMAOKA2023-20260913,eigenmike,eigenmike,task2,recording12,720,12,0,-36.80303377828851,-40.35072663174257,-3.547692853454066,3.547692853454066,12.586124582449054,0.2202160999950138,False,1,350.0,3500.0,-80.0,80.0,1.0,12,"[26, 19, 16, 18, 17, 22, 10, 3, 2, 0, 1, 6]",66,11,"[[0, 1], [1, 3], [2, 3], [2, 4], [4, 5], [5, 6], [6, 7], [7, 9], [7, 8], [8, 10], [10, 11]]"
DOA-V5B-POSTFREEZE-MST-TDOA-YAMAOKA2023-20260913,eigenmike,eigenmike,task2,recording12,724,13,0,-36.80303377828851,-33.27416092435851,3.528872853930011,3.528872853930011,12.45294361920414,0.2247399000043515,False,1,350.0,3500.0,-80.0,80.0,1.0,12,"[26, 19, 16, 18, 17, 22, 10, 3, 2, 0, 1, 6]",66,11,"[[0, 1], [1, 3], [2, 3], [2, 4], [4, 5], [5, 6], [6, 7], [7, 9], [7, 8], [8, 10], [10, 11]]"
DOA-V5B-POSTFREEZE-MST-TDOA-YAMAOKA2023-20260913,eigenmike,eigenmike,task2,recording12,728,14,0,-36.80303377828851,-29.37489776922503,7.428136009063479,7.428136009063479,55.17720456914551,0.2228090999997221,False,1,350.0,3500.0,-80.0,80.0,1.0,12,"[26, 19, 16, 18, 17, 22, 10, 3, 2, 0, 1, 6]",66,11,"[[0, 1], [1, 3], [2, 3], [2, 4], [4, 5], [5, 6], [6, 7], [7, 9], [7, 8], [8, 10], [10, 11]]"
DOA-V5B-POSTFREEZE-MST-TDOA-YAMAOKA2023-20260913,eigenmike,eigenmike,task2,recording12,732,15,0,-36.80303377828851,-29.652547972185015,7.1504858061034895,7.1504858061034895,51.12944726328747,0.22267730000021402,False,1,350.0,3500.0,-80.0,80.0,1.0,12,"[26, 19, 16, 18, 17, 22, 10, 3, 2, 0, 1, 6]",66,11,"[[0, 1], [1, 3], [2, 3], [2, 4], [4, 5], [5, 6], [6, 7], [7, 9], [7, 8], [8, 10], [10, 11]]"
DOA-V5B-POSTFREEZE-MST-TDOA-YAMAOKA2023-20260913,eigenmike,eigenmike,task2,recording12,736,16,0,-36.80303377828851,-30.28165979076648,6.521373987522026,6.521373987522026,42.52831868512892,0.22304330000042683,False,1,350.0,3500.0,-80.0,80.0,1.0,12,"[26, 19, 16, 18, 17, 22, 10, 3, 2, 0, 1, 6]",66,11,"[[0, 1], [1, 3], [2, 3], [2, 4], [4, 5], [5, 6], [6, 7], [7, 9], [7, 8], [8, 10], [10, 11]]"
DOA-V5B-POSTFREEZE-MST-TDOA-YAMAOKA2023-20260913,eigenmike,eigenmike,task2,recording12,740,17,0,-36.80303377828851,-29.055463630724756,7.747570147563749,7.747570147563749,60.02484319142098,0.23171939999883762,False,1,350.0,3500.0,-80.0,80.0,1.0,12,"[26, 19, 16, 18, 17, 22, 10, 3, 2, 0, 1, 6]",66,11,"[[0, 1], [1, 3], [2, 3], [2, 4], [4, 5], [5, 6], [6, 7], [7, 9], [7, 8], [8, 10], [10, 11]]"
DOA-V5B-POSTFREEZE-MST-TDOA-YAMAOKA2023-20260913,eigenmike,eigenmike,task2,recording12,744,18,0,-36.80303377828851,-29.883515844660216,6.919517933628299,6.919517933628299,47.87972843380364,0.22037219999765512,False,1,350.0,3500.0,-80.0,80.0,1.0,12,"[26, 19, 16, 18, 17, 22, 10, 3, 2, 0, 1, 6]",66,11,"[[0, 1], [1, 3], [2, 3], [2, 4], [4, 5], [5, 6], [6, 7], [7, 9], [7, 8], [8, 10], [10, 11]]"
DOA-V5B-POSTFREEZE-MST-TDOA-YAMAOKA2023-20260913,eigenmike,eigenmike,task2,recording12,748,19,0,-36.80303377828851,-29.323113461393522,7.479920316894976,7.479920316894976,55.94920794709824,0.5684560000008787,False,1,350.0,3500.0,-80.0,80.0,1.0,12,"[26, 19, 16, 18, 17, 22, 10, 3, 2, 0, 1, 6]",66,11,"[[0, 1], [1, 3], [2, 3], [2, 4], [4, 5], [5, 6], [6, 7], [7, 9], [7, 8], [8, 10], [10, 11]]"
DOA-V5B-POSTFREEZE-MST-TDOA-YAMAOKA2023-20260913,eigenmike,eigenmike,task2,recording13,90,0,0,28.499224546868103,36.92490718802871,8.42568264116062,8.42568264116062,70.9921279695554,0.6627674999981537,False,1,350.0,3500.0,-80.0,80.0,1.0,12,"[26, 19, 16, 18, 17, 22, 10, 3, 2, 0, 1, 6]",66,11,"[[0, 11], [10, 11], [9, 10], [8, 10], [7, 8], [6, 7], [0, 1], [1, 2], [2, 3], [3, 4], [4, 5]]"
DOA-V5B-POSTFREEZE-MST-TDOA-YAMAOKA2023-20260913,eigenmike,eigenmike,task2,recording13,98,1,0,28.499224546868103,37.14696763823531,8.647743091367204,8.647743091367204,74.78346057428921,0.31130519999715034,False,1,350.0,3500.0,-80.0,80.0,1.0,12,"[26, 19, 16, 18, 17, 22, 10, 3, 2, 0, 1, 6]",66,11,"[[0, 11], [10, 11], [9, 10], [8, 10], [7, 8], [6, 7], [0, 1], [1, 2], [2, 3], [3, 4], [4, 5]]"
DOA-V5B-POSTFREEZE-MST-TDOA-YAMAOKA2023-20260913,eigenmike,eigenmike,task2,recording13,105,2,0,28.499224546868103,37.00683975526089,8.507615208392792,8.507615208392792,72.37951653407633,0.21698079999623587,False,1,350.0,3500.0,-80.0,80.0,1.0,12,"[26, 19, 16, 18, 17, 22, 10, 3, 2, 0, 1, 6]",66,11,"[[0, 11], [10, 11], [9, 10], [8, 10], [7, 8], [6, 7], [0, 1], [1, 2], [2, 3], [3, 4], [4, 5]]"
DOA-V5B-POSTFREEZE-MST-TDOA-YAMAOKA2023-20260913,eigenmike,eigenmike,task2,recording13,113,3,0,28.499224546868103,37.22177933272989,8.722554785861774,8.722554785861774,76.08296199236014,0.2191173000028357,False,1,350.0,3500.0,-80.0,80.0,1.0,12,"[26, 19, 16, 18, 17, 22, 10, 3, 2, 0, 1, 6]",66,11,"[[0, 11], [10, 11], [9, 10], [8, 10], [7, 8], [6, 7], [0, 1], [1, 2], [2, 3], [3, 4], [4, 5]]"
DOA-V5B-POSTFREEZE-MST-TDOA-YAMAOKA2023-20260913,eigenmike,eigenmike,task2,recording13,120,4,0,28.499224546868103,37.29209101826026,8.79286647139216,8.79286647139216,77.3145007837324,0.2195341999977245,False,1,350.0,3500.0,-80.0,80.0,1.0,12,"[26, 19, 16, 18, 17, 22, 10, 3, 2, 0, 1, 6]",66,11,"[[0, 11], [10, 11], [9, 10], [8, 10], [7, 8], [6, 7], [0, 1], [1, 2], [2, 3], [3, 4], [4, 5]]"
DOA-V5B-POSTFREEZE-MST-TDOA-YAMAOKA2023-20260913,eigenmike,eigenmike,task2,recording13,128,5,0,28.499224546868103,37.17304223439631,8.673817687528214,8.673817687528214,75.23511327647729,0.21876289999636356,False,1,350.0,3500.0,-80.0,80.0,1.0,12,"[26, 19, 16, 18, 17, 22, 10, 3, 2, 0, 1, 6]",66,11,"[[0, 11], [10, 11], [9, 10], [8, 10], [7, 8], [6, 7], [0, 1], [1, 2], [2, 3], [3, 4], [4, 5]]"
DOA-V5B-POSTFREEZE-MST-TDOA-YAMAOKA2023-20260913,eigenmike,eigenmike,task2,recording13,135,6,0,28.499224546868103,36.98297495883769,8.483750411969595,8.483750411969595,71.97402105259427,0.2255139999979292,False,1,350.0,3500.0,-80.0,80.0,1.0,12,"[26, 19, 16, 18, 17, 22, 10, 3, 2, 0, 1, 6]",66,11,"[[0, 11], [10, 11], [9, 10], [8, 10], [7, 8], [6, 7], [0, 1], [1, 2], [2, 3], [3, 4], [4, 5]]"
DOA-V5B-POSTFREEZE-MST-TDOA-YAMAOKA2023-20260913,eigenmike,eigenmike,task2,recording13,143,7,0,28.499224546868103,37.0270437951263,8.527819248258197,8.527819248258197,72.72370113096301,0.22009070000058273,False,1,350.0,3500.0,-80.0,80.0,1.0,12,"[26, 19, 16, 18, 17, 22, 10, 3, 2, 0, 1, 6]",66,11,"[[0, 11], [10, 11], [9, 10], [8, 10], [7, 8], [6, 7], [0, 1], [1, 2], [2, 3], [3, 4], [4, 5]]"
DOA-V5B-POSTFREEZE-MST-TDOA-YAMAOKA2023-20260913,eigenmike,eigenmike,task2,recording13,150,8,0,28.499224546868103,36.866791404332126,8.367566857464027,8.367566857464027,70.0161751141304,0.2289364999960526,False,1,350.0,3500.0,-80.0,80.0,1.0,12,"[26, 19, 16, 18, 17, 22, 10, 3, 2, 0, 1, 6]",66,11,"[[0, 11], [10, 11], [9, 10], [8, 10], [7, 8], [6, 7], [0, 1], [1, 2], [2, 3], [3, 4], [4, 5]]"
DOA-V5B-POSTFREEZE-MST-TDOA-YAMAOKA2023-20260913,eigenmike,eigenmike,task2,recording13,158,9,0,28.499224546868103,36.96592704054971,8.466702493681595,8.466702493681595,71.68505111651413,0.5107569999963744,False,1,350.0,3500.0,-80.0,80.0,1.0,12,"[26, 19, 16, 18, 17, 22, 10, 3, 2, 0, 1, 6]",66,11,"[[0, 11], [10, 11], [9, 10], [8, 10], [7, 8], [6, 7], [0, 1], [1, 2], [2, 3], [3, 4], [4, 5]]"
DOA-V5B-POSTFREEZE-MST-TDOA-YAMAOKA2023-20260913,eigenmike,eigenmike,task2,recording13,165,10,0,28.499224546868103,60.139696336809244,31.64047178994113,31.64047178994113,1001.1194550900606,0.6254398999953992,False,1,350.0,3500.0,-80.0,80.0,1.0,12,"[26, 19, 16, 18, 17, 22, 10, 3, 2, 0, 1, 6]",66,11,"[[0, 1], [1, 2], [2, 3], [3, 4], [4, 5], [0, 11], [10, 11], [9, 10], [8, 10], [7, 8], [6, 7]]"
DOA-V5B-POSTFREEZE-MST-TDOA-YAMAOKA2023-20260913,eigenmike,eigenmike,task2,recording13,173,11,0,28.499224546868103,46.85533049934466,18.356105952476554,18.356105952476554,336.94662573854515,0.6144870999996783,False,1,350.0,3500.0,-80.0,80.0,1.0,12,"[26, 19, 16, 18, 17, 22, 10, 3, 2, 0, 1, 6]",66,11,"[[0, 11], [10, 11], [9, 10], [8, 10], [7, 8], [6, 7], [0, 1], [1, 2], [2, 3], [3, 4], [4, 5]]"
DOA-V5B-POSTFREEZE-MST-TDOA-YAMAOKA2023-20260913,eigenmike,eigenmike,task2,recording13,180,12,0,28.499224546868103,44.75315568102054,16.253931134152424,16.253931134152424,264.1902773137695,0.6277937999984715,False,1,350.0,3500.0,-80.0,80.0,1.0,12,"[26, 19, 16, 18, 17, 22, 10, 3, 2, 0, 1, 6]",66,11,"[[0, 11], [10, 11], [8, 10], [9, 10], [7, 8], [6, 7], [0, 1], [1, 2], [2, 3], [3, 4], [4, 5]]"
DOA-V5B-POSTFREEZE-MST-TDOA-YAMAOKA2023-20260913,eigenmike,eigenmike,task2,recording13,188,13,0,28.499224546868103,42.0229709874107,13.523746440542595,13.523746440542595,182.89171778808853,0.6286861000044155,False,1,350.0,3500.0,-80.0,80.0,1.0,12,"[26, 19, 16, 18, 17, 22, 10, 3, 2, 0, 1, 6]",66,11,"[[0, 11], [10, 11], [9, 10], [8, 10], [7, 8], [6, 7], [0, 1], [1, 2], [2, 3], [3, 4], [4, 5]]"
DOA-V5B-POSTFREEZE-MST-TDOA-YAMAOKA2023-20260913,eigenmike,eigenmike,task2,recording13,195,14,0,28.499224546868103,40.16220327552075,11.66297872865266,11.66297872865266,136.02507282500443,0.6368045999988681,False,1,350.0,3500.0,-80.0,80.0,1.0,12,"[26, 19, 16, 18, 17, 22, 10, 3, 2, 0, 1, 6]",66,11,"[[0, 11], [10, 11], [8, 10], [9, 10], [7, 8], [6, 7], [0, 1], [1, 2], [2, 3], [3, 4], [4, 5]]"
DOA-V5B-POSTFREEZE-MST-TDOA-YAMAOKA2023-20260913,eigenmike,eigenmike,task2,recording13,203,15,0,28.499224546868103,37.10613615215518,8.606911605287081,8.606911605287081,74.07892738122544,0.23655460000009043,False,1,350.0,3500.0,-80.0,80.0,1.0,12,"[26, 19, 16, 18, 17, 22, 10, 3, 2, 0, 1, 6]",66,11,"[[0, 11], [10, 11], [9, 10], [8, 10], [7, 8], [6, 7], [0, 1], [1, 2], [2, 4], [4, 5], [3, 4]]"
DOA-V5B-POSTFREEZE-MST-TDOA-YAMAOKA2023-20260913,eigenmike,eigenmike,task2,recording13,345,16,1,4.071123796791872,13.140468608951526,9.069344812159642,9.069344812159642,82.253015321847,0.21832619999622693,False,1,350.0,3500.0,-80.0,80.0,1.0,12,"[26, 19, 16, 18, 17, 22, 10, 3, 2, 0, 1, 6]",66,11,"[[0, 11], [10, 11], [8, 10], [9, 10], [7, 9], [6, 7], [5, 6], [0, 1], [1, 2], [2, 4], [3, 4]]"
DOA-V5B-POSTFREEZE-MST-TDOA-YAMAOKA2023-20260913,eigenmike,eigenmike,task2,recording13,353,17,1,4.071123796791872,12.121471004617382,8.050347207825496,8.050347207825496,64.80809016654376,0.2239707000044291,False,1,350.0,3500.0,-80.0,80.0,1.0,12,"[26, 19, 16, 18, 17, 22, 10, 3, 2, 0, 1, 6]",66,11,"[[0, 11], [10, 11], [8, 10], [7, 8], [9, 10], [6, 7], [5, 6], [4, 5], [3, 4], [2, 4], [1, 2]]"
DOA-V5B-POSTFREEZE-MST-TDOA-YAMAOKA2023-20260913,eigenmike,eigenmike,task2,recording13,360,18,1,4.071123796791872,11.79018620773408,7.7190624109422,7.7190624109422,59.583924504020814,0.21753560000070138,False,1,350.0,3500.0,-80.0,80.0,1.0,12,"[26, 19, 16, 18, 17, 22, 10, 3, 2, 0, 1, 6]",66,11,"[[0, 11], [10, 11], [8, 10], [7, 8], [9, 10], [6, 7], [5, 6], [4, 5], [3, 4], [2, 4], [1, 2]]"
DOA-V5B-POSTFREEZE-MST-TDOA-YAMAOKA2023-20260913,eigenmike,eigenmike,task2,recording13,368,19,1,4.071123796791872,12.531952271509338,8.46082847471746,8.46082847471746,71.58561847858977,0.22367189999931725,False,1,350.0,3500.0,-80.0,80.0,1.0,12,"[26, 19, 16, 18, 17, 22, 10, 3, 2, 0, 1, 6]",66,11,"[[0, 11], [10, 11], [8, 10], [9, 10], [7, 8], [6, 7], [5, 6], [0, 1], [1, 2], [2, 4], [3, 4]]"
DOA-V5B-POSTFREEZE-MST-TDOA-YAMAOKA2023-20260913,eigenmike,eigenmike,task2,recording7,108,0,0,-38.854859663698115,-12.87348535571785,25.981374307980275,25.981374307980275,675.0318109313775,0.6216683000020566,False,1,350.0,3500.0,-80.0,80.0,1.0,12,"[26, 19, 16, 18, 17, 22, 10, 3, 2, 0, 1, 6]",66,11,"[[0, 1], [1, 3], [2, 3], [2, 4], [4, 5], [5, 6], [6, 7], [7, 9], [8, 9], [8, 10], [10, 11]]"
DOA-V5B-POSTFREEZE-MST-TDOA-YAMAOKA2023-20260913,eigenmike,eigenmike,task2,recording7,109,1,0,-38.854859663698115,-13.254150465288882,25.60070919840922,25.60070919840922,655.3963114615144,0.6158709000010276,False,1,350.0,3500.0,-80.0,80.0,1.0,12,"[26, 19, 16, 18, 17, 22, 10, 3, 2, 0, 1, 6]",66,11,"[[0, 1], [1, 3], [2, 3], [2, 4], [4, 5], [5, 6], [6, 7], [7, 9], [8, 9], [8, 10], [10, 11]]"
DOA-V5B-POSTFREEZE-MST-TDOA-YAMAOKA2023-20260913,eigenmike,eigenmike,task2,recording7,110,2,0,-38.854859663698115,-12.695896508068836,26.158963155629294,26.158963155629294,684.2913533775709,0.6160249999957159,False,1,350.0,3500.0,-80.0,80.0,1.0,12,"[26, 19, 16, 18, 17, 22, 10, 3, 2, 0, 1, 6]",66,11,"[[0, 1], [1, 3], [2, 3], [2, 4], [4, 5], [5, 6], [6, 7], [7, 9], [8, 9], [8, 10], [10, 11]]"
DOA-V5B-POSTFREEZE-MST-TDOA-YAMAOKA2023-20260913,eigenmike,eigenmike,task2,recording7,111,3,0,-38.854859663698115,-12.5007170251568,26.354142638541305,26.354142638541305,694.5408342125809,0.6225313999966602,False,1,350.0,3500.0,-80.0,80.0,1.0,12,"[26, 19, 16, 18, 17, 22, 10, 3, 2, 0, 1, 6]",66,11,"[[0, 1], [1, 3], [2, 3], [2, 4], [4, 5], [5, 6], [6, 7], [7, 9], [8, 9], [8, 10], [10, 11]]"
DOA-V5B-POSTFREEZE-MST-TDOA-YAMAOKA2023-20260913,eigenmike,eigenmike,task2,recording7,112,4,0,-38.854859663698115,-12.684579238764302,26.17028042493382,26.17028042493382,684.8835775196743,0.5453857000029529,False,1,350.0,3500.0,-80.0,80.0,1.0,12,"[26, 19, 16, 18, 17, 22, 10, 3, 2, 0, 1, 6]",66,11,"[[0, 1], [1, 3], [2, 3], [2, 4], [4, 5], [5, 6], [6, 7], [7, 9], [8, 9], [8, 10], [10, 11]]"
DOA-V5B-POSTFREEZE-MST-TDOA-YAMAOKA2023-20260913,eigenmike,eigenmike,task2,recording7,113,5,0,-38.854859663698115,-12.041833721671377,26.81302594202674,26.81302594202674,718.938360167799,0.22052630000689533,False,1,350.0,3500.0,-80.0,80.0,1.0,12,"[26, 19, 16, 18, 17, 22, 10, 3, 2, 0, 1, 6]",66,11,"[[0, 1], [1, 3], [2, 3], [2, 4], [4, 5], [5, 6], [6, 7], [7, 9], [8, 9], [8, 10], [10, 11]]"
DOA-V5B-POSTFREEZE-MST-TDOA-YAMAOKA2023-20260913,eigenmike,eigenmike,task2,recording7,114,6,0,-38.854859663698115,-12.12080333754259,26.734056326155525,26.734056326155525,714.7097676500563,0.21826599999621976,False,1,350.0,3500.0,-80.0,80.0,1.0,12,"[26, 19, 16, 18, 17, 22, 10, 3, 2, 0, 1, 6]",66,11,"[[0, 1], [1, 3], [2, 3], [2, 4], [4, 5], [5, 6], [6, 7], [7, 9], [8, 9], [8, 10], [10, 11]]"
DOA-V5B-POSTFREEZE-MST-TDOA-YAMAOKA2023-20260913,eigenmike,eigenmike,task2,recording7,115,7,0,-38.854859663698115,-12.29695213542439,26.557907528273716,26.557907528273716,705.3224522803378,0.21618619999935618,False,1,350.0,3500.0,-80.0,80.0,1.0,12,"[26, 19, 16, 18, 17, 22, 10, 3, 2, 0, 1, 6]",66,11,"[[0, 1], [1, 3], [2, 3], [2, 4], [4, 5], [5, 6], [6, 7], [7, 9], [8, 9], [8, 10], [10, 11]]"
DOA-V5B-POSTFREEZE-MST-TDOA-YAMAOKA2023-20260913,eigenmike,eigenmike,task2,recording7,116,8,0,-38.854859663698115,-14.138053299216034,24.716806364482068,24.716806364482068,610.9205168593013,0.22653490000084275,False,1,350.0,3500.0,-80.0,80.0,1.0,12,"[26, 19, 16, 18, 17, 22, 10, 3, 2, 0, 1, 6]",66,11,"[[0, 1], [1, 3], [2, 3], [2, 4], [4, 5], [5, 6], [6, 7], [7, 9], [8, 9], [8, 10], [10, 11]]"
DOA-V5B-POSTFREEZE-MST-TDOA-YAMAOKA2023-20260913,eigenmike,eigenmike,task2,recording7,117,9,0,-38.854859663698115,-14.148803924925076,24.706055738773046,24.706055738773046,610.3891901673605,0.2256883000009111,False,1,350.0,3500.0,-80.0,80.0,1.0,12,"[26, 19, 16, 18, 17, 22, 10, 3, 2, 0, 1, 6]",66,11,"[[0, 1], [1, 3], [2, 3], [2, 4], [0, 11], [10, 11], [8, 10], [8, 9], [7, 9], [6, 7], [5, 6]]"
DOA-V5B-POSTFREEZE-MST-TDOA-YAMAOKA2023-20260913,eigenmike,eigenmike,task2,recording7,119,10,0,-38.854859663698115,-13.537176555295428,25.31768310840269,25.31768310840269,640.9850779774989,0.21890980000171112,False,1,350.0,3500.0,-80.0,80.0,1.0,12,"[26, 19, 16, 18, 17, 22, 10, 3, 2, 0, 1, 6]",66,11,"[[0, 1], [1, 3], [2, 3], [2, 4], [4, 5], [5, 6], [6, 7], [7, 9], [8, 9], [8, 10], [10, 11]]"
DOA-V5B-POSTFREEZE-MST-TDOA-YAMAOKA2023-20260913,eigenmike,eigenmike,task2,recording7,120,11,0,-38.854859663698115,-13.717369227747906,25.137490435950212,25.137490435950212,631.8934254174884,0.22429709999414627,False,1,350.0,3500.0,-80.0,80.0,1.0,12,"[26, 19, 16, 18, 17, 22, 10, 3, 2, 0, 1, 6]",66,11,"[[0, 1], [1, 3], [2, 3], [2, 4], [0, 11], [10, 11], [8, 10], [8, 9], [7, 9], [6, 7], [5, 6]]"
DOA-V5B-POSTFREEZE-MST-TDOA-YAMAOKA2023-20260913,eigenmike,eigenmike,task2,recording7,121,12,0,-38.854859663698115,-14.185429712412986,24.66942995128514,24.66942995128514,608.5807741213642,0.2769426000013482,False,1,350.0,3500.0,-80.0,80.0,1.0,12,"[26, 19, 16, 18, 17, 22, 10, 3, 2, 0, 1, 6]",66,11,"[[0, 1], [1, 3], [2, 3], [2, 4], [0, 11], [10, 11], [8, 10], [8, 9], [7, 9], [6, 7], [5, 6]]"
DOA-V5B-POSTFREEZE-MST-TDOA-YAMAOKA2023-20260913,eigenmike,eigenmike,task2,recording7,122,13,0,-38.854859663698115,-14.533096669670842,24.321762994027267,24.321762994027267,591.5481551376342,0.6226059999971767,False,1,350.0,3500.0,-80.0,80.0,1.0,12,"[26, 19, 16, 18, 17, 22, 10, 3, 2, 0, 1, 6]",66,11,"[[0, 1], [1, 3], [2, 3], [2, 4], [4, 5], [5, 6], [6, 7], [7, 9], [8, 9], [8, 10], [10, 11]]"
DOA-V5B-POSTFREEZE-MST-TDOA-YAMAOKA2023-20260913,eigenmike,eigenmike,task2,recording7,123,14,0,-38.854859663698115,-14.082580802977521,24.772278860720604,24.772278860720604,613.6657999533049,0.6241703999985475,False,1,350.0,3500.0,-80.0,80.0,1.0,12,"[26, 19, 16, 18, 17, 22, 10, 3, 2, 0, 1, 6]",66,11,"[[0, 1], [1, 3], [2, 3], [2, 4], [4, 5], [5, 6], [6, 7], [7, 9], [8, 9], [8, 10], [10, 11]]"
DOA-V5B-POSTFREEZE-MST-TDOA-YAMAOKA2023-20260913,eigenmike,eigenmike,task2,recording7,124,15,0,-38.854859663698115,-14.861385046401214,23.993474617296897,23.993474617296897,575.6868242108704,0.627474600005371,False,1,350.0,3500.0,-80.0,80.0,1.0,12,"[26, 19, 16, 18, 17, 22, 10, 3, 2, 0, 1, 6]",66,11,"[[0, 1], [1, 3], [2, 3], [2, 4], [4, 5], [5, 6], [6, 7], [7, 9], [8, 9], [8, 10], [10, 11]]"
DOA-V5B-POSTFREEZE-MST-TDOA-YAMAOKA2023-20260913,eigenmike,eigenmike,task2,recording7,125,16,0,-38.854859663698115,-14.901570874219424,23.953288789478677,23.953288789478677,573.7600438321648,0.6283581000025151,False,1,350.0,3500.0,-80.0,80.0,1.0,12,"[26, 19, 16, 18, 17, 22, 10, 3, 2, 0, 1, 6]",66,11,"[[0, 1], [1, 3], [2, 3], [2, 4], [4, 5], [5, 6], [6, 7], [7, 9], [8, 9], [8, 10], [10, 11]]"
DOA-V5B-POSTFREEZE-MST-TDOA-YAMAOKA2023-20260913,eigenmike,eigenmike,task2,recording7,126,17,0,-38.854859663698115,-14.838788924262497,24.016070739435634,24.016070739435634,576.7716537615764,0.6268055999971693,False,1,350.0,3500.0,-80.0,80.0,1.0,12,"[26, 19, 16, 18, 17, 22, 10, 3, 2, 0, 1, 6]",66,11,"[[0, 1], [1, 3], [2, 3], [2, 4], [0, 11], [10, 11], [8, 10], [8, 9], [7, 9], [6, 7], [5, 6]]"
DOA-V5B-POSTFREEZE-MST-TDOA-YAMAOKA2023-20260913,eigenmike,eigenmike,task2,recording7,127,18,0,-38.854859663698115,-15.955255072091056,22.899604591607044,22.899604591607044,524.3918904519504,0.4822451000000001,False,1,350.0,3500.0,-80.0,80.0,1.0,12,"[26, 19, 16, 18, 17, 22, 10, 3, 2, 0, 1, 6]",66,11,"[[0, 1], [1, 3], [2, 3], [2, 4], [0, 11], [10, 11], [8, 10], [8, 9], [7, 9], [6, 7], [5, 6]]"
DOA-V5B-POSTFREEZE-MST-TDOA-YAMAOKA2023-20260913,eigenmike,eigenmike,task2,recording7,128,19,0,-38.854859663698115,-16.34099833562796,22.513861328070163,22.513861328070163,506.8739518995732,0.22675219999655383,False,1,350.0,3500.0,-80.0,80.0,1.0,12,"[26, 19, 16, 18, 17, 22, 10, 3, 2, 0, 1, 6]",66,11,"[[0, 1], [1, 3], [2, 3], [2, 4], [0, 11], [10, 11], [8, 10], [8, 9], [7, 9], [6, 7], [5, 6]]"
DOA-V5B-POSTFREEZE-MST-TDOA-YAMAOKA2023-20260913,eigenmike,eigenmike,task2,recording8,254,0,2,-9.786799788850766,0.33368851241702246,10.120488301267784,10.120488301267784,102.42428345609808,0.6099080999993021,False,1,350.0,3500.0,-80.0,80.0,1.0,12,"[26, 19, 16, 18, 17, 22, 10, 3, 2, 0, 1, 6]",66,11,"[[0, 11], [10, 11], [8, 10], [7, 8], [7, 9], [6, 7], [5, 6], [4, 5], [2, 4], [1, 2], [3, 4]]"
DOA-V5B-POSTFREEZE-MST-TDOA-YAMAOKA2023-20260913,eigenmike,eigenmike,task2,recording8,255,1,2,-9.786799788850766,0.32581776026939435,10.11261754912016,10.11261754912016,102.26503369477302,0.6164996000006795,False,1,350.0,3500.0,-80.0,80.0,1.0,12,"[26, 19, 16, 18, 17, 22, 10, 3, 2, 0, 1, 6]",66,11,"[[0, 11], [10, 11], [8, 10], [7, 8], [7, 9], [6, 7], [5, 6], [4, 5], [3, 4], [2, 4], [1, 2]]"
DOA-V5B-POSTFREEZE-MST-TDOA-YAMAOKA2023-20260913,eigenmike,eigenmike,task2,recording8,256,2,2,-9.786799788850766,0.8429334784531829,10.629733267303948,10.629733267303948,112.99122933402826,0.628912299995136,False,1,350.0,3500.0,-80.0,80.0,1.0,12,"[26, 19, 16, 18, 17, 22, 10, 3, 2, 0, 1, 6]",66,11,"[[0, 11], [10, 11], [8, 10], [7, 8], [7, 9], [6, 7], [5, 6], [0, 1], [1, 2], [2, 4], [3, 4]]"
DOA-V5B-POSTFREEZE-MST-TDOA-YAMAOKA2023-20260913,eigenmike,eigenmike,task2,recording8,257,3,2,-9.786799788850766,0.5361823218065344,10.322982110657307,10.322982110657307,106.56395965695079,0.6159694000016316,False,1,350.0,3500.0,-80.0,80.0,1.0,12,"[26, 19, 16, 18, 17, 22, 10, 3, 2, 0, 1, 6]",66,11,"[[0, 11], [10, 11], [8, 10], [7, 8], [7, 9], [6, 7], [5, 6], [4, 5], [3, 4], [2, 4], [1, 2]]"
DOA-V5B-POSTFREEZE-MST-TDOA-YAMAOKA2023-20260913,eigenmike,eigenmike,task2,recording8,258,4,2,-9.786799788850766,0.3940755415853131,10.180875330436066,10.180875330436066,103.65022249388169,0.6169174000024213,False,1,350.0,3500.0,-80.0,80.0,1.0,12,"[26, 19, 16, 18, 17, 22, 10, 3, 2, 0, 1, 6]",66,11,"[[0, 11], [10, 11], [8, 10], [7, 8], [7, 9], [6, 7], [5, 6], [0, 1], [1, 2], [2, 4], [3, 4]]"
DOA-V5B-POSTFREEZE-MST-TDOA-YAMAOKA2023-20260913,eigenmike,eigenmike,task2,recording8,259,5,2,-9.786799788850766,0.36482309646584693,10.151622885316613,10.151622885316613,103.05544720568399,0.6393580000003567,False,1,350.0,3500.0,-80.0,80.0,1.0,12,"[26, 19, 16, 18, 17, 22, 10, 3, 2, 0, 1, 6]",66,11,"[[0, 11], [10, 11], [8, 10], [7, 8], [7, 9], [6, 7], [5, 6], [0, 1], [1, 2], [2, 4], [3, 4]]"
DOA-V5B-POSTFREEZE-MST-TDOA-YAMAOKA2023-20260913,eigenmike,eigenmike,task2,recording8,260,6,2,-9.786799788850766,0.3021117241661876,10.088911513016967,10.088911513016967,101.78613551748631,0.6175148000038462,False,1,350.0,3500.0,-80.0,80.0,1.0,12,"[26, 19, 16, 18, 17, 22, 10, 3, 2, 0, 1, 6]",66,11,"[[0, 11], [10, 11], [8, 10], [7, 8], [7, 9], [6, 7], [5, 6], [0, 1], [1, 2], [2, 4], [3, 4]]"
DOA-V5B-POSTFREEZE-MST-TDOA-YAMAOKA2023-20260913,eigenmike,eigenmike,task2,recording8,261,7,2,-9.786799788850766,-0.033947352299102285,9.752852436551677,9.752852436551677,95.118130649152,0.6186742999998387,False,1,350.0,3500.0,-80.0,80.0,1.0,12,"[26, 19, 16, 18, 17, 22, 10, 3, 2, 0, 1, 6]",66,11,"[[0, 11], [10, 11], [8, 10], [7, 8], [7, 9], [6, 7], [5, 6], [0, 1], [1, 2], [2, 4], [3, 4]]"
DOA-V5B-POSTFREEZE-MST-TDOA-YAMAOKA2023-20260913,eigenmike,eigenmike,task2,recording8,262,8,2,-9.786799788850766,-0.14991040781320428,9.636889381037577,9.636889381037577,92.8696369423548,0.3391626999946311,False,1,350.0,3500.0,-80.0,80.0,1.0,12,"[26, 19, 16, 18, 17, 22, 10, 3, 2, 0, 1, 6]",66,11,"[[0, 11], [10, 11], [8, 10], [7, 8], [7, 9], [6, 7], [5, 6], [0, 1], [1, 2], [2, 4], [3, 4]]"
DOA-V5B-POSTFREEZE-MST-TDOA-YAMAOKA2023-20260913,eigenmike,eigenmike,task2,recording8,263,9,2,-9.786799788850766,0.4288267631642849,10.215626552015038,10.215626552015038,104.35902585023466,0.2192395000020042,False,1,350.0,3500.0,-80.0,80.0,1.0,12,"[26, 19, 16, 18, 17, 22, 10, 3, 2, 0, 1, 6]",66,11,"[[0, 11], [10, 11], [8, 10], [7, 8], [7, 9], [6, 7], [5, 6], [0, 1], [1, 2], [2, 4], [3, 4]]"
DOA-V5B-POSTFREEZE-MST-TDOA-YAMAOKA2023-20260913,eigenmike,eigenmike,task2,recording8,264,10,2,-9.786799788850766,1.6698451777171794,11.45664496656795,11.45664496656795,131.25471388998673,0.2167120000012801,False,1,350.0,3500.0,-80.0,80.0,1.0,12,"[26, 19, 16, 18, 17, 22, 10, 3, 2, 0, 1, 6]",66,11,"[[0, 11], [10, 11], [8, 10], [7, 8], [7, 9], [6, 7], [5, 6], [0, 1], [1, 2], [2, 4], [1, 3]]"
DOA-V5B-POSTFREEZE-MST-TDOA-YAMAOKA2023-20260913,eigenmike,eigenmike,task2,recording8,265,11,2,-9.786799788850766,1.038789781006931,10.825589569857698,10.825589569857698,117.19338953501178,0.2139489000037429,False,1,350.0,3500.0,-80.0,80.0,1.0,12,"[26, 19, 16, 18, 17, 22, 10, 3, 2, 0, 1, 6]",66,11,"[[0, 11], [10, 11], [8, 10], [7, 8], [7, 9], [6, 7], [5, 6], [0, 1], [1, 2], [2, 4], [3, 4]]"
DOA-V5B-POSTFREEZE-MST-TDOA-YAMAOKA2023-20260913,eigenmike,eigenmike,task2,recording8,266,12,2,-9.786799788850766,0.6203981779872011,10.40719796683797,10.40719796683797,108.30976952095637,0.21533320000162348,False,1,350.0,3500.0,-80.0,80.0,1.0,12,"[26, 19, 16, 18, 17, 22, 10, 3, 2, 0, 1, 6]",66,11,"[[0, 11], [10, 11], [8, 10], [7, 8], [7, 9], [6, 7], [5, 6], [0, 1], [1, 2], [2, 4], [1, 3]]"
DOA-V5B-POSTFREEZE-MST-TDOA-YAMAOKA2023-20260913,eigenmike,eigenmike,task2,recording8,267,13,2,-9.786799788850766,1.4286523323762403,11.215452121227003,11.215452121227003,125.78636628353527,0.2197055999931763,False,1,350.0,3500.0,-80.0,80.0,1.0,12,"[26, 19, 16, 18, 17, 22, 10, 3, 2, 0, 1, 6]",66,11,"[[0, 11], [10, 11], [8, 10], [7, 8], [7, 9], [6, 7], [5, 6], [0, 1], [1, 2], [2, 4], [3, 4]]"
DOA-V5B-POSTFREEZE-MST-TDOA-YAMAOKA2023-20260913,eigenmike,eigenmike,task2,recording8,268,14,2,-9.786799788850766,1.6667364082610232,11.453536197111788,11.453536197111788,131.18349141854995,0.21638800000073388,False,1,350.0,3500.0,-80.0,80.0,1.0,12,"[26, 19, 16, 18, 17, 22, 10, 3, 2, 0, 1, 6]",66,11,"[[0, 11], [10, 11], [8, 10], [7, 8], [7, 9], [6, 7], [5, 6], [4, 5], [3, 4], [2, 4], [1, 2]]"
DOA-V5B-POSTFREEZE-MST-TDOA-YAMAOKA2023-20260913,eigenmike,eigenmike,task2,recording8,269,15,2,-9.786799788850766,1.3925133834694345,11.179313172320207,11.179313172320207,124.97704300481207,0.21649320000142325,False,1,350.0,3500.0,-80.0,80.0,1.0,12,"[26, 19, 16, 18, 17, 22, 10, 3, 2, 0, 1, 6]",66,11,"[[0, 11], [10, 11], [8, 10], [7, 8], [7, 9], [6, 7], [5, 6], [4, 5], [2, 4], [1, 2], [3, 4]]"
DOA-V5B-POSTFREEZE-MST-TDOA-YAMAOKA2023-20260913,eigenmike,eigenmike,task3,recording1,358,0,0,18.701257746699522,41.336753934004875,22.635496187305364,22.635496187305364,512.3656876455157,0.2119823999964865,False,1,350.0,3500.0,-80.0,80.0,1.0,12,"[26, 19, 16, 18, 17, 22, 10, 3, 2, 0, 1, 6]",66,11,"[[0, 11], [10, 11], [9, 10], [8, 10], [7, 8], [6, 7], [0, 1], [1, 2], [2, 4], [3, 4], [4, 5]]"
DOA-V5B-POSTFREEZE-MST-TDOA-YAMAOKA2023-20260913,eigenmike,eigenmike,task3,recording1,448,1,0,18.766459679629424,46.292581538112984,27.52612185848355,27.52612185848355,757.6873845680858,0.22210049999557668,False,1,350.0,3500.0,-80.0,80.0,1.0,12,"[26, 19, 16, 18, 17, 22, 10, 3, 2, 0, 1, 6]",66,11,"[[0, 11], [10, 11], [8, 10], [7, 8], [9, 10], [0, 1], [1, 3], [3, 4], [4, 5], [2, 4], [6, 7]]"
DOA-V5B-POSTFREEZE-MST-TDOA-YAMAOKA2023-20260913,eigenmike,eigenmike,task3,recording1,537,2,0,18.285836079496512,49.659161607583286,31.37332552808678,31.37332552808678,984.2855546913017,0.6074755000008736,False,1,350.0,3500.0,-80.0,80.0,1.0,12,"[26, 19, 16, 18, 17, 22, 10, 3, 2, 0, 1, 6]",66,11,"[[0, 11], [10, 11], [8, 10], [9, 10], [7, 8], [6, 7], [0, 1], [1, 3], [1, 2], [3, 4], [4, 5]]"
DOA-V5B-POSTFREEZE-MST-TDOA-YAMAOKA2023-20260913,eigenmike,eigenmike,task3,recording1,707,3,0,21.782480957680686,45.53032123033884,23.747840272658152,23.747840272658152,563.9599176156844,0.6186971999995876,False,1,350.0,3500.0,-80.0,80.0,1.0,12,"[26, 19, 16, 18, 17, 22, 10, 3, 2, 0, 1, 6]",66,11,"[[0, 11], [10, 11], [8, 10], [9, 10], [7, 8], [0, 1], [1, 3], [3, 4], [4, 5], [2, 4], [6, 7]]"
DOA-V5B-POSTFREEZE-MST-TDOA-YAMAOKA2023-20260913,eigenmike,eigenmike,task3,recording1,796,4,0,19.759283007238217,50.87956274458434,31.120279737346124,31.120279737346124,968.4718109306757,0.6083808000039426,False,1,350.0,3500.0,-80.0,80.0,1.0,12,"[26, 19, 16, 18, 17, 22, 10, 3, 2, 0, 1, 6]",66,11,"[[0, 1], [0, 11], [10, 11], [8, 10], [9, 10], [7, 9], [6, 7], [1, 3], [3, 4], [4, 5], [2, 4]]"
DOA-V5B-POSTFREEZE-MST-TDOA-YAMAOKA2023-20260913,eigenmike,eigenmike,task3,recording1,886,5,0,17.467090620671982,47.676790139670395,30.209699518998406,30.209699518998406,912.6259450281725,0.6101951999953599,False,1,350.0,3500.0,-80.0,80.0,1.0,12,"[26, 19, 16, 18, 17, 22, 10, 3, 2, 0, 1, 6]",66,11,"[[0, 11], [10, 11], [9, 10], [8, 10], [7, 8], [6, 7], [0, 1], [1, 3], [3, 4], [4, 5], [2, 4]]"
DOA-V5B-POSTFREEZE-MST-TDOA-YAMAOKA2023-20260913,eigenmike,eigenmike,task3,recording1,1050,6,0,14.860421160492573,36.00363304530508,21.1432118848125,21.1432118848125,447.0354088060766,0.6251785999993444,False,1,350.0,3500.0,-80.0,80.0,1.0,12,"[26, 19, 16, 18, 17, 22, 10, 3, 2, 0, 1, 6]",66,11,"[[0, 11], [10, 11], [9, 10], [8, 10], [7, 8], [6, 7], [0, 1], [1, 2], [2, 4], [3, 4], [4, 5]]"
DOA-V5B-POSTFREEZE-MST-TDOA-YAMAOKA2023-20260913,eigenmike,eigenmike,task3,recording1,1140,7,0,8.485165015290574,33.76335131744541,25.278186302154836,25.278186302154836,638.9867027264484,0.6153159999958007,False,1,350.0,3500.0,-80.0,80.0,1.0,12,"[26, 19, 16, 18, 17, 22, 10, 3, 2, 0, 1, 6]",66,11,"[[0, 11], [10, 11], [8, 10], [7, 8], [7, 9], [6, 7], [0, 1], [1, 2], [2, 4], [3, 4], [4, 5]]"
DOA-V5B-POSTFREEZE-MST-TDOA-YAMAOKA2023-20260913,eigenmike,eigenmike,task3,recording1,1230,8,0,5.049925503132716,17.421964628903467,12.372039125770755,12.372039125770755,153.06735212960237,0.6212601000006543,False,1,350.0,3500.0,-80.0,80.0,1.0,12,"[26, 19, 16, 18, 17, 22, 10, 3, 2, 0, 1, 6]",66,11,"[[0, 11], [10, 11], [9, 10], [8, 10], [7, 8], [6, 7], [0, 1], [1, 2], [2, 4], [3, 4], [4, 5]]"
DOA-V5B-POSTFREEZE-MST-TDOA-YAMAOKA2023-20260913,eigenmike,eigenmike,task3,recording1,1319,9,0,-4.3407885095623655,14.586338850841189,18.927127360403546,18.927127360403546,358.23615011693647,0.6114420000012615,False,1,350.0,3500.0,-80.0,80.0,1.0,12,"[26, 19, 16, 18, 17, 22, 10, 3, 2, 0, 1, 6]",66,11,"[[0, 11], [10, 11], [9, 10], [8, 10], [7, 8], [6, 7], [0, 1], [1, 3], [3, 4], [2, 4], [4, 5]]"
DOA-V5B-POSTFREEZE-MST-TDOA-YAMAOKA2023-20260913,eigenmike,eigenmike,task3,recording1,1512,10,0,-36.964336698091934,-23.520733193353323,13.443603504738604,13.443603504738604,180.73047519262008,0.5259080999967409,False,1,350.0,3500.0,-80.0,80.0,1.0,12,"[26, 19, 16, 18, 17, 22, 10, 3, 2, 0, 1, 6]",66,11,"[[0, 1], [1, 3], [1, 2], [2, 4], [4, 5], [5, 6], [6, 7], [7, 9], [7, 8], [8, 10], [10, 11]]"
DOA-V5B-POSTFREEZE-MST-TDOA-YAMAOKA2023-20260913,eigenmike,eigenmike,task3,recording1,1783,11,0,-51.38498042131208,-44.09973305966523,7.285247361646839,7.285247361646839,53.074829120382226,0.23891240000375547,False,1,350.0,3500.0,-80.0,80.0,1.0,12,"[26, 19, 16, 18, 17, 22, 10, 3, 2, 0, 1, 6]",66,11,"[[0, 1], [1, 3], [1, 2], [2, 4], [0, 11], [10, 11], [8, 10], [7, 8], [7, 9], [6, 7], [5, 6]]"
DOA-V5B-POSTFREEZE-MST-TDOA-YAMAOKA2023-20260913,eigenmike,eigenmike,task3,recording1,1873,12,0,-39.93190006418033,-30.67993672984158,9.251963334338768,9.251963334338768,85.59882553994893,0.21848319999844534,False,1,350.0,3500.0,-80.0,80.0,1.0,12,"[26, 19, 16, 18, 17, 22, 10, 3, 2, 0, 1, 6]",66,11,"[[0, 1], [1, 3], [1, 2], [2, 4], [4, 5], [5, 6], [6, 7], [7, 9], [7, 8], [8, 10], [10, 11]]"
DOA-V5B-POSTFREEZE-MST-TDOA-YAMAOKA2023-20260913,eigenmike,eigenmike,task3,recording1,1963,13,0,-31.965237883652527,-6.671433611204763,25.293804272447773,25.293804272447773,639.7765345728972,0.22048109999741428,False,1,350.0,3500.0,-80.0,80.0,1.0,12,"[26, 19, 16, 18, 17, 22, 10, 3, 2, 0, 1, 6]",66,11,"[[0, 1], [1, 3], [1, 2], [2, 4], [4, 5], [5, 6], [6, 7], [7, 9], [7, 8], [8, 10], [10, 11]]"
DOA-V5B-POSTFREEZE-MST-TDOA-YAMAOKA2023-20260913,eigenmike,eigenmike,task3,recording1,2052,14,0,-26.48407481085613,48.711141346658806,75.19521615751495,75.19521615751495,5654.320532975397,0.21952820000296924,False,1,350.0,3500.0,-80.0,80.0,1.0,12,"[26, 19, 16, 18, 17, 22, 10, 3, 2, 0, 1, 6]",66,11,"[[0, 1], [1, 3], [1, 2], [2, 4], [0, 11], [10, 11], [8, 10], [7, 8], [7, 9], [6, 7], [4, 5]]"
DOA-V5B-POSTFREEZE-MST-TDOA-YAMAOKA2023-20260913,eigenmike,eigenmike,task3,recording1,2257,15,0,-21.205817204231195,34.37665907464634,55.58247627887755,55.58247627887755,3089.4116692919856,0.22208020000107354,False,1,350.0,3500.0,-80.0,80.0,1.0,12,"[26, 19, 16, 18, 17, 22, 10, 3, 2, 0, 1, 6]",66,11,"[[0, 1], [1, 3], [1, 2], [2, 4], [4, 5], [0, 11], [10, 11], [8, 10], [7, 8], [7, 9], [6, 7]]"
DOA-V5B-POSTFREEZE-MST-TDOA-YAMAOKA2023-20260913,eigenmike,eigenmike,task3,recording1,2346,16,0,-23.055598409730003,42.11268883809846,65.16828724782846,65.16828724782846,4246.905662815481,0.23213630000100238,False,1,350.0,3500.0,-80.0,80.0,1.0,12,"[26, 19, 16, 18, 17, 22, 10, 3, 2, 0, 1, 6]",66,11,"[[0, 1], [1, 3], [1, 2], [2, 4], [4, 5], [5, 6], [6, 7], [7, 8], [8, 10], [9, 10], [10, 11]]"
DOA-V5B-POSTFREEZE-MST-TDOA-YAMAOKA2023-20260913,eigenmike,eigenmike,task3,recording1,2436,17,0,-19.544758962046803,-17.75396542307521,1.7907935389715988,1.7907935389715988,3.206941499222423,0.2286307999966084,False,1,350.0,3500.0,-80.0,80.0,1.0,12,"[26, 19, 16, 18, 17, 22, 10, 3, 2, 0, 1, 6]",66,11,"[[0, 1], [1, 3], [1, 2], [2, 4], [4, 5], [0, 11], [10, 11], [8, 10], [7, 8], [7, 9], [6, 7]]"
DOA-V5B-POSTFREEZE-MST-TDOA-YAMAOKA2023-20260913,eigenmike,eigenmike,task3,recording1,2643,18,0,-9.926140055504652,2.582877205225821,12.509017260730474,12.509017260730474,156.47551282925292,0.3605563999954029,False,1,350.0,3500.0,-80.0,80.0,1.0,12,"[26, 19, 16, 18, 17, 22, 10, 3, 2, 0, 1, 6]",66,11,"[[0, 1], [1, 2], [1, 3], [3, 4], [4, 5], [0, 11], [10, 11], [9, 10], [7, 9], [7, 8], [6, 7]]"
DOA-V5B-POSTFREEZE-MST-TDOA-YAMAOKA2023-20260913,eigenmike,eigenmike,task3,recording1,2733,19,0,-2.6971389584658123,35.556143451595304,38.253282410061104,38.253282410061104,1463.3136151438903,0.6245946999988519,False,1,350.0,3500.0,-80.0,80.0,1.0,12,"[26, 19, 16, 18, 17, 22, 10, 3, 2, 0, 1, 6]",66,11,"[[0, 1], [1, 3], [1, 2], [2, 4], [4, 5], [0, 11], [10, 11], [9, 10], [7, 9], [7, 8], [6, 7]]"
DOA-V5B-POSTFREEZE-MST-TDOA-YAMAOKA2023-20260913,eigenmike,eigenmike,task3,recording2,359,0,0,-0.6159520229283056,18.809670677484043,19.42562270041236,19.42562270041236,377.354817298776,0.666780599996855,False,1,350.0,3500.0,-80.0,80.0,1.0,12,"[26, 19, 16, 18, 17, 22, 10, 3, 2, 0, 1, 6]",66,11,"[[0, 1], [1, 2], [2, 4], [1, 3], [4, 5], [0, 11], [10, 11], [8, 10], [7, 8], [7, 9], [6, 7]]"
DOA-V5B-POSTFREEZE-MST-TDOA-YAMAOKA2023-20260913,eigenmike,eigenmike,task3,recording2,419,1,0,-0.8855315663691223,19.733023418664832,20.61855498503394,20.61855498503394,425.1248096708679,0.6748765999946045,False,1,350.0,3500.0,-80.0,80.0,1.0,12,"[26, 19, 16, 18, 17, 22, 10, 3, 2, 0, 1, 6]",66,11,"[[0, 1], [1, 3], [3, 4], [2, 4], [4, 5], [5, 6], [6, 7], [7, 8], [7, 9], [8, 10], [10, 11]]"
DOA-V5B-POSTFREEZE-MST-TDOA-YAMAOKA2023-20260913,eigenmike,eigenmike,task3,recording2,479,2,0,-0.8436069242172566,53.80162688815551,54.645233812372766,54.645233812372766,2986.1015784088877,0.642948399996385,False,1,350.0,3500.0,-80.0,80.0,1.0,12,"[26, 19, 16, 18, 17, 22, 10, 3, 2, 0, 1, 6]",66,11,"[[0, 1], [1, 3], [3, 4], [2, 4], [0, 11], [10, 11], [8, 10], [7, 8], [7, 9], [6, 7], [4, 5]]"
DOA-V5B-POSTFREEZE-MST-TDOA-YAMAOKA2023-20260913,eigenmike,eigenmike,task3,recording2,538,3,0,-1.0221802844895718,40.72706152628938,41.749241810778955,41.749241810778955,1742.9991917748937,0.21749080000154208,False,1,350.0,3500.0,-80.0,80.0,1.0,12,"[26, 19, 16, 18, 17, 22, 10, 3, 2, 0, 1, 6]",66,11,"[[0, 1], [1, 3], [3, 4], [2, 4], [4, 5], [0, 11], [10, 11], [8, 10], [7, 8], [7, 9], [6, 7]]"
DOA-V5B-POSTFREEZE-MST-TDOA-YAMAOKA2023-20260913,eigenmike,eigenmike,task3,recording2,733,4,0,1.2944357906946138,30.94307515892568,29.648639368231073,29.648639368231073,879.0418163874215,0.22330949999741279,False,1,350.0,3500.0,-80.0,80.0,1.0,12,"[26, 19, 16, 18, 17, 22, 10, 3, 2, 0, 1, 6]",66,11,"[[0, 11], [10, 11], [8, 10], [9, 10], [7, 9], [6, 7], [0, 1], [1, 2], [2, 4], [3, 4], [4, 5]]"
DOA-V5B-POSTFREEZE-MST-TDOA-YAMAOKA2023-20260913,eigenmike,eigenmike,task3,recording2,793,5,0,-0.2917329419478103,25.07640479594324,25.36813773789106,25.36813773789106,643.5424122886126,0.2241409000052954,False,1,350.0,3500.0,-80.0,80.0,1.0,12,"[26, 19, 16, 18, 17, 22, 10, 3, 2, 0, 1, 6]",66,11,"[[0, 1], [1, 2], [2, 4], [3, 4], [0, 11], [10, 11], [8, 10], [7, 8], [7, 9], [6, 7], [5, 6]]"
DOA-V5B-POSTFREEZE-MST-TDOA-YAMAOKA2023-20260913,eigenmike,eigenmike,task3,recording2,853,6,0,-4.048091190900247,22.54132046289845,26.58941165379869,26.58941165379869,706.9968120951656,0.22131209999497514,False,1,350.0,3500.0,-80.0,80.0,1.0,12,"[26, 19, 16, 18, 17, 22, 10, 3, 2, 0, 1, 6]",66,11,"[[0, 11], [10, 11], [9, 10], [7, 9], [7, 8], [6, 7], [0, 1], [1, 2], [2, 4], [3, 4], [4, 5]]"
DOA-V5B-POSTFREEZE-MST-TDOA-YAMAOKA2023-20260913,eigenmike,eigenmike,task3,recording2,1100,7,0,-18.799445344625045,-2.80901100002662,15.990434344598413,15.990434344598413,255.69399052891245,0.2317414999997709,False,1,350.0,3500.0,-80.0,80.0,1.0,12,"[26, 19, 16, 18, 17, 22, 10, 3, 2, 0, 1, 6]",66,11,"[[0, 1], [1, 3], [1, 2], [3, 4], [4, 5], [5, 6], [6, 7], [7, 8], [7, 9], [9, 10], [10, 11]]"
DOA-V5B-POSTFREEZE-MST-TDOA-YAMAOKA2023-20260913,eigenmike,eigenmike,task3,recording2,1159,8,0,-26.139500408322718,-17.423299540254224,8.716200868068483,8.716200868068483,75.97215757251779,0.22830770000291523,False,1,350.0,3500.0,-80.0,80.0,1.0,12,"[26, 19, 16, 18, 17, 22, 10, 3, 2, 0, 1, 6]",66,11,"[[0, 1], [1, 3], [1, 2], [2, 4], [4, 5], [5, 6], [6, 7], [7, 8], [7, 9], [8, 10], [10, 11]]"
DOA-V5B-POSTFREEZE-MST-TDOA-YAMAOKA2023-20260913,eigenmike,eigenmike,task3,recording2,1219,9,0,-27.680992922513198,-27.90828963720855,-0.22729671469534196,0.22729671469534196,0.051663796511295684,0.2393761999992421,False,1,350.0,3500.0,-80.0,80.0,1.0,12,"[26, 19, 16, 18, 17, 22, 10, 3, 2, 0, 1, 6]",66,11,"[[0, 1], [1, 3], [1, 2], [2, 4], [4, 5], [5, 6], [6, 7], [7, 8], [7, 9], [8, 10], [10, 11]]"
DOA-V5B-POSTFREEZE-MST-TDOA-YAMAOKA2023-20260913,eigenmike,eigenmike,task3,recording2,1425,10,0,-24.37450892176954,-21.231670327910994,3.1428385938585564,3.1428385938585564,9.877434427046827,0.2943669999949634,False,1,350.0,3500.0,-80.0,80.0,1.0,12,"[26, 19, 16, 18, 17, 22, 10, 3, 2, 0, 1, 6]",66,11,"[[0, 1], [1, 3], [1, 2], [2, 4], [4, 5], [5, 6], [6, 7], [7, 9], [7, 8], [8, 10], [10, 11]]"
DOA-V5B-POSTFREEZE-MST-TDOA-YAMAOKA2023-20260913,eigenmike,eigenmike,task3,recording2,1485,11,0,-17.502360999954064,-15.570695775839718,1.9316652241143402,1.9316652241143402,3.731330538052704,0.6320212999999058,False,1,350.0,3500.0,-80.0,80.0,1.0,12,"[26, 19, 16, 18, 17, 22, 10, 3, 2, 0, 1, 6]",66,11,"[[0, 1], [1, 3], [1, 2], [2, 4], [4, 5], [5, 6], [6, 7], [7, 9], [7, 8], [8, 10], [10, 11]]"
DOA-V5B-POSTFREEZE-MST-TDOA-YAMAOKA2023-20260913,eigenmike,eigenmike,task3,recording2,1544,12,0,-12.022469483684448,-3.9555330982750934,8.066936385409349,8.066936385409349,65.07546264624125,0.6311218999981065,False,1,350.0,3500.0,-80.0,80.0,1.0,12,"[26, 19, 16, 18, 17, 22, 10, 3, 2, 0, 1, 6]",66,11,"[[0, 1], [1, 3], [1, 2], [2, 4], [4, 5], [5, 6], [6, 7], [7, 8], [7, 9], [9, 10], [10, 11]]"
DOA-V5B-POSTFREEZE-MST-TDOA-YAMAOKA2023-20260913,eigenmike,eigenmike,task3,recording2,1604,13,0,-3.456443072074538,7.7936099784103225,11.250053050484865,11.250053050484865,126.56369363872383,0.6324022999979206,False,1,350.0,3500.0,-80.0,80.0,1.0,12,"[26, 19, 16, 18, 17, 22, 10, 3, 2, 0, 1, 6]",66,11,"[[0, 1], [1, 2], [1, 3], [3, 4], [0, 11], [10, 11], [9, 10], [7, 9], [7, 8], [6, 7], [5, 6]]"
DOA-V5B-POSTFREEZE-MST-TDOA-YAMAOKA2023-20260913,eigenmike,eigenmike,task3,recording2,1849,14,0,28.319958508506183,70.97510923793517,42.65515072942898,42.65515072942898,1819.4618837503058,0.6431044999990263,False,1,350.0,3500.0,-80.0,80.0,1.0,12,"[26, 19, 16, 18, 17, 22, 10, 3, 2, 0, 1, 6]",66,11,"[[0, 1], [0, 11], [10, 11], [8, 10], [9, 10], [7, 9], [1, 2], [1, 3], [3, 4], [4, 5], [6, 7]]"
DOA-V5B-POSTFREEZE-MST-TDOA-YAMAOKA2023-20260913,eigenmike,eigenmike,task3,recording2,1909,15,0,34.5950765144691,78.62268293186058,44.027606417391496,44.027606417391496,1938.4301268447327,0.6557439000025624,False,1,350.0,3500.0,-80.0,80.0,1.0,12,"[26, 19, 16, 18, 17, 22, 10, 3, 2, 0, 1, 6]",66,11,"[[0, 11], [10, 11], [8, 10], [7, 8], [7, 9], [0, 1], [1, 2], [1, 3], [3, 4], [4, 5], [6, 7]]"
DOA-V5B-POSTFREEZE-MST-TDOA-YAMAOKA2023-20260913,eigenmike,eigenmike,task3,recording2,1969,16,0,40.84299128772522,76.63200089695971,35.78900960923448,35.78900960923448,1280.8532088098782,0.42200799999409355,False,1,350.0,3500.0,-80.0,80.0,1.0,12,"[26, 19, 16, 18, 17, 22, 10, 3, 2, 0, 1, 6]",66,11,"[[0, 11], [10, 11], [8, 10], [9, 10], [7, 8], [0, 1], [1, 2], [1, 3], [6, 7], [2, 4], [4, 5]]"
DOA-V5B-POSTFREEZE-MST-TDOA-YAMAOKA2023-20260913,eigenmike,eigenmike,task3,recording2,2028,17,0,41.513043115391476,76.70588794094525,35.19284482555378,35.19284482555378,1238.5363269155073,0.23152059999847552,False,1,350.0,3500.0,-80.0,80.0,1.0,12,"[26, 19, 16, 18, 17, 22, 10, 3, 2, 0, 1, 6]",66,11,"[[0, 11], [10, 11], [8, 10], [9, 10], [0, 1], [1, 2], [7, 8], [1, 3], [6, 7], [2, 4], [4, 5]]"
DOA-V5B-POSTFREEZE-MST-TDOA-YAMAOKA2023-20260913,eigenmike,eigenmike,task3,recording2,2425,18,0,11.78319088159883,38.92830407690126,27.14511319530243,27.14511319530243,736.8571703857821,0.21723769999516662,False,1,350.0,3500.0,-80.0,80.0,1.0,12,"[26, 19, 16, 18, 17, 22, 10, 3, 2, 0, 1, 6]",66,11,"[[0, 11], [10, 11], [8, 10], [7, 8], [7, 9], [6, 7], [0, 1], [1, 2], [2, 4], [3, 4], [4, 5]]"
DOA-V5B-POSTFREEZE-MST-TDOA-YAMAOKA2023-20260913,eigenmike,eigenmike,task3,recording2,2485,19,0,9.043187915634702,43.49235211260259,34.4491641969679,34.4491641969679,1186.744913869655,0.22019990000262624,False,1,350.0,3500.0,-80.0,80.0,1.0,12,"[26, 19, 16, 18, 17, 22, 10, 3, 2, 0, 1, 6]",66,11,"[[0, 1], [1, 2], [2, 4], [3, 4], [4, 5], [0, 11], [10, 11], [8, 10], [7, 8], [7, 9], [6, 7]]"
DOA-V5B-POSTFREEZE-MST-TDOA-YAMAOKA2023-20260913,eigenmike,eigenmike,task3,recording3,257,0,0,18.970166197180923,42.54925439995765,23.579088202776717,23.579088202776717,555.9734004743242,0.21987179999996442,False,1,350.0,3500.0,-80.0,80.0,1.0,12,"[26, 19, 16, 18, 17, 22, 10, 3, 2, 0, 1, 6]",66,11,"[[0, 11], [10, 11], [9, 10], [7, 9], [7, 8], [6, 7], [0, 1], [1, 2], [2, 4], [4, 5], [3, 4]]"
DOA-V5B-POSTFREEZE-MST-TDOA-YAMAOKA2023-20260913,eigenmike,eigenmike,task3,recording3,353,1,0,22.875496340068302,44.15638251840886,21.280886178340552,21.280886178340552,452.87611653548595,0.2127089999994496,False,1,350.0,3500.0,-80.0,80.0,1.0,12,"[26, 19, 16, 18, 17, 22, 10, 3, 2, 0, 1, 6]",66,11,"[[0, 11], [10, 11], [9, 10], [8, 10], [7, 8], [6, 7], [0, 1], [1, 2], [2, 4], [3, 4], [4, 5]]"
DOA-V5B-POSTFREEZE-MST-TDOA-YAMAOKA2023-20260913,eigenmike,eigenmike,task3,recording3,449,2,0,26.200406445469678,43.5820476105197,17.381641165050013,17.381641165050013,302.12144959056116,0.21473349999723723,False,1,350.0,3500.0,-80.0,80.0,1.0,12,"[26, 19, 16, 18, 17, 22, 10, 3, 2, 0, 1, 6]",66,11,"[[0, 1], [1, 2], [1, 3], [3, 4], [4, 5], [0, 11], [10, 11], [9, 10], [8, 10], [7, 8], [6, 7]]"
DOA-V5B-POSTFREEZE-MST-TDOA-YAMAOKA2023-20260913,eigenmike,eigenmike,task3,recording3,609,3,0,36.17537191187442,47.96582663373641,11.790454721861977,11.790454721861977,139.01482254827738,0.21225569999660365,False,1,350.0,3500.0,-80.0,80.0,1.0,12,"[26, 19, 16, 18, 17, 22, 10, 3, 2, 0, 1, 6]",66,11,"[[0, 11], [10, 11], [9, 10], [8, 10], [7, 8], [6, 7], [0, 1], [1, 2], [2, 4], [4, 5], [3, 4]]"
DOA-V5B-POSTFREEZE-MST-TDOA-YAMAOKA2023-20260913,eigenmike,eigenmike,task3,recording3,706,4,0,40.20531078972963,56.23801277610646,16.03270198637682,16.03270198637682,257.0475329839713,0.2235318000020925,False,1,350.0,3500.0,-80.0,80.0,1.0,12,"[26, 19, 16, 18, 17, 22, 10, 3, 2, 0, 1, 6]",66,11,"[[0, 11], [10, 11], [9, 10], [8, 10], [7, 8], [0, 1], [1, 2], [1, 3], [3, 4], [4, 5], [6, 7]]"
DOA-V5B-POSTFREEZE-MST-TDOA-YAMAOKA2023-20260913,eigenmike,eigenmike,task3,recording3,802,5,0,25.377647316042115,48.25271135543731,22.8750640393952,22.8750640393952,523.2685548064313,0.6367551000003004,False,1,350.0,3500.0,-80.0,80.0,1.0,12,"[26, 19, 16, 18, 17, 22, 10, 3, 2, 0, 1, 6]",66,11,"[[0, 11], [10, 11], [9, 10], [8, 10], [7, 8], [6, 7], [0, 1], [1, 2], [2, 4], [4, 5], [3, 4]]"
DOA-V5B-POSTFREEZE-MST-TDOA-YAMAOKA2023-20260913,eigenmike,eigenmike,task3,recording3,970,6,0,5.669792719334824,25.19788010978885,19.528087390454033,19.528087390454033,381.3461971292098,0.6201329000032274,False,1,350.0,3500.0,-80.0,80.0,1.0,12,"[26, 19, 16, 18, 17, 22, 10, 3, 2, 0, 1, 6]",66,11,"[[0, 11], [10, 11], [8, 10], [9, 10], [7, 8], [6, 7], [0, 1], [1, 2], [1, 3], [3, 4], [4, 5]]"
DOA-V5B-POSTFREEZE-MST-TDOA-YAMAOKA2023-20260913,eigenmike,eigenmike,task3,recording3,1066,7,0,5.19084237792204,49.808175812729885,44.61733343480785,44.61733343480785,1990.7064428328222,0.5604524000009405,False,1,350.0,3500.0,-80.0,80.0,1.0,12,"[26, 19, 16, 18, 17, 22, 10, 3, 2, 0, 1, 6]",66,11,"[[0, 1], [1, 2], [1, 3], [3, 4], [4, 5], [0, 11], [10, 11], [8, 10], [7, 8], [7, 9], [6, 7]]"
DOA-V5B-POSTFREEZE-MST-TDOA-YAMAOKA2023-20260913,eigenmike,eigenmike,task3,recording3,1162,8,0,3.209805936335194,41.507821599421135,38.29801566308595,38.29801566308595,1466.7380037299765,0.21742059999814956,False,1,350.0,3500.0,-80.0,80.0,1.0,12,"[26, 19, 16, 18, 17, 22, 10, 3, 2, 0, 1, 6]",66,11,"[[0, 1], [1, 2], [1, 3], [2, 4], [4, 5], [0, 11], [10, 11], [8, 10], [7, 8], [7, 9], [6, 7]]"
DOA-V5B-POSTFREEZE-MST-TDOA-YAMAOKA2023-20260913,eigenmike,eigenmike,task3,recording3,1354,9,0,-2.0166032933352174,36.27197185019681,38.28857514353203,38.28857514353203,1466.0149865218987,0.21626239999750396,False,1,350.0,3500.0,-80.0,80.0,1.0,12,"[26, 19, 16, 18, 17, 22, 10, 3, 2, 0, 1, 6]",66,11,"[[0, 1], [1, 3], [3, 4], [2, 4], [4, 5], [0, 11], [10, 11], [8, 10], [7, 8], [7, 9], [6, 7]]"
DOA-V5B-POSTFREEZE-MST-TDOA-YAMAOKA2023-20260913,eigenmike,eigenmike,task3,recording3,1451,10,0,-5.66951914912765,16.87922548691813,22.548744636045797,22.548744636045797,508.4458846616041,0.20802130000083707,False,1,350.0,3500.0,-80.0,80.0,1.0,12,"[26, 19, 16, 18, 17, 22, 10, 3, 2, 0, 1, 6]",66,11,"[[0, 11], [10, 11], [8, 10], [7, 8], [9, 10], [6, 7], [0, 1], [1, 2], [2, 4], [3, 4], [4, 5]]"
DOA-V5B-POSTFREEZE-MST-TDOA-YAMAOKA2023-20260913,eigenmike,eigenmike,task3,recording3,1666,11,0,-12.938265771313059,3.5629144732486093,16.50118024456168,16.50118024456168,272.2889494635127,0.2101050999990548,False,1,350.0,3500.0,-80.0,80.0,1.0,12,"[26, 19, 16, 18, 17, 22, 10, 3, 2, 0, 1, 6]",66,11,"[[0, 1], [1, 3], [1, 2], [2, 4], [0, 11], [10, 11], [8, 10], [7, 8], [7, 9], [6, 7], [5, 6]]"
DOA-V5B-POSTFREEZE-MST-TDOA-YAMAOKA2023-20260913,eigenmike,eigenmike,task3,recording3,1762,12,0,-13.758658610771953,2.111151420245867,15.869810031017835,15.869810031017835,251.85087042059428,0.21495699999650242,False,1,350.0,3500.0,-80.0,80.0,1.0,12,"[26, 19, 16, 18, 17, 22, 10, 3, 2, 0, 1, 6]",66,11,"[[0, 1], [1, 2], [1, 3], [3, 4], [4, 5], [5, 6], [6, 7], [7, 8], [8, 10], [7, 9], [10, 11]]"
DOA-V5B-POSTFREEZE-MST-TDOA-YAMAOKA2023-20260913,eigenmike,eigenmike,task3,recording3,1909,13,0,-24.935460017116643,-20.990829833507508,3.9446301836091493,3.9446301836091493,15.56010728544035,0.21380340000177966,False,1,350.0,3500.0,-80.0,80.0,1.0,12,"[26, 19, 16, 18, 17, 22, 10, 3, 2, 0, 1, 6]",66,11,"[[0, 1], [1, 2], [1, 3], [2, 4], [4, 5], [5, 6], [6, 7], [7, 8], [7, 9], [8, 10], [10, 11]]"
DOA-V5B-POSTFREEZE-MST-TDOA-YAMAOKA2023-20260913,eigenmike,eigenmike,task3,recording3,2005,14,0,-33.82766022358308,-39.0683488496404,-5.240688626057306,5.240688626057306,27.464817275286414,0.21372920000430895,False,1,350.0,3500.0,-80.0,80.0,1.0,12,"[26, 19, 16, 18, 17, 22, 10, 3, 2, 0, 1, 6]",66,11,"[[0, 1], [1, 2], [1, 3], [2, 4], [4, 5], [5, 6], [6, 7], [7, 8], [7, 9], [9, 10], [10, 11]]"
DOA-V5B-POSTFREEZE-MST-TDOA-YAMAOKA2023-20260913,eigenmike,eigenmike,task3,recording3,2194,15,0,-27.325896845238546,35.46689078397534,62.792787629213876,62.792787629213876,3942.9341782475553,0.2198006999969948,False,1,350.0,3500.0,-80.0,80.0,1.0,12,"[26, 19, 16, 18, 17, 22, 10, 3, 2, 0, 1, 6]",66,11,"[[0, 1], [1, 3], [1, 2], [2, 4], [4, 5], [5, 6], [6, 7], [7, 9], [7, 8], [8, 10], [10, 11]]"
DOA-V5B-POSTFREEZE-MST-TDOA-YAMAOKA2023-20260913,eigenmike,eigenmike,task3,recording3,2291,16,0,-23.191279160440647,46.55598391965607,69.74726308009673,69.74726308009673,4864.680707164224,0.5455147000029683,False,1,350.0,3500.0,-80.0,80.0,1.0,12,"[26, 19, 16, 18, 17, 22, 10, 3, 2, 0, 1, 6]",66,11,"[[0, 1], [1, 3], [1, 2], [2, 4], [4, 5], [0, 11], [10, 11], [9, 10], [8, 10], [7, 8], [6, 7]]"
DOA-V5B-POSTFREEZE-MST-TDOA-YAMAOKA2023-20260913,eigenmike,eigenmike,task3,recording3,2481,17,0,-21.015621284200222,-42.682375284726625,-21.666754000526396,21.666754000526396,469.4482289193266,0.6261507000017446,False,1,350.0,3500.0,-80.0,80.0,1.0,12,"[26, 19, 16, 18, 17, 22, 10, 3, 2, 0, 1, 6]",66,11,"[[0, 1], [1, 3], [3, 4], [1, 2], [4, 5], [5, 6], [6, 7], [7, 9], [7, 8], [8, 10], [10, 11]]"
DOA-V5B-POSTFREEZE-MST-TDOA-YAMAOKA2023-20260913,eigenmike,eigenmike,task3,recording3,2577,18,0,-25.232460564162814,-37.298577461706245,-12.066116897543424,12.066116897543424,145.59117698518293,0.6242788999952609,False,1,350.0,3500.0,-80.0,80.0,1.0,12,"[26, 19, 16, 18, 17, 22, 10, 3, 2, 0, 1, 6]",66,11,"[[0, 1], [1, 3], [1, 2], [2, 4], [4, 5], [5, 6], [6, 7], [7, 8], [7, 9], [8, 10], [10, 11]]"
DOA-V5B-POSTFREEZE-MST-TDOA-YAMAOKA2023-20260913,eigenmike,eigenmike,task3,recording3,2673,19,0,-28.2947436191576,-38.54586006336734,-10.251116444209742,10.251116444209742,105.08538835274739,0.2551984999954584,False,1,350.0,3500.0,-80.0,80.0,1.0,12,"[26, 19, 16, 18, 17, 22, 10, 3, 2, 0, 1, 6]",66,11,"[[0, 1], [1, 3], [1, 2], [3, 4], [4, 5], [5, 6], [6, 7], [7, 9], [7, 8], [8, 10], [10, 11]]"
DOA-V5B-POSTFREEZE-MST-TDOA-YAMAOKA2023-20260913,eigenmike,eigenmike,task3,recording4,298,0,0,-26.06164038227658,-13.853635547828999,12.208004834447593,12.208004834447593,149.0353820378958,0.21350909999455325,False,1,350.0,3500.0,-80.0,80.0,1.0,12,"[26, 19, 16, 18, 17, 22, 10, 3, 2, 0, 1, 6]",66,11,"[[0, 1], [1, 3], [1, 2], [2, 4], [4, 5], [5, 6], [6, 7], [7, 9], [7, 8], [9, 10], [10, 11]]"
DOA-V5B-POSTFREEZE-MST-TDOA-YAMAOKA2023-20260913,eigenmike,eigenmike,task3,recording4,407,1,0,-20.979738435346967,-12.137340880747605,8.842397554599359,8.842397554599359,78.18799451358471,0.2195343999992474,False,1,350.0,3500.0,-80.0,80.0,1.0,12,"[26, 19, 16, 18, 17, 22, 10, 3, 2, 0, 1, 6]",66,11,"[[0, 1], [1, 3], [1, 2], [2, 4], [4, 5], [5, 6], [6, 7], [7, 8], [7, 9], [8, 10], [10, 11]]"
DOA-V5B-POSTFREEZE-MST-TDOA-YAMAOKA2023-20260913,eigenmike,eigenmike,task3,recording4,555,2,0,-9.29526412307458,6.726026113487341,16.021290236561924,16.021290236561924,256.68174084415443,0.24804840000433614,False,1,350.0,3500.0,-80.0,80.0,1.0,12,"[26, 19, 16, 18, 17, 22, 10, 3, 2, 0, 1, 6]",66,11,"[[0, 1], [1, 2], [1, 3], [2, 4], [0, 11], [10, 11], [8, 10], [7, 8], [7, 9], [6, 7], [5, 6]]"
DOA-V5B-POSTFREEZE-MST-TDOA-YAMAOKA2023-20260913,eigenmike,eigenmike,task3,recording4,664,3,0,-10.168932270658795,5.438353985159543,15.607286255818337,15.607286255818337,243.58738427105598,0.25355479999416275,False,1,350.0,3500.0,-80.0,80.0,1.0,12,"[26, 19, 16, 18, 17, 22, 10, 3, 2, 0, 1, 6]",66,11,"[[0, 1], [1, 2], [1, 3], [2, 4], [0, 11], [10, 11], [8, 10], [7, 8], [7, 9], [6, 7], [5, 6]]"
DOA-V5B-POSTFREEZE-MST-TDOA-YAMAOKA2023-20260913,eigenmike,eigenmike,task3,recording4,772,4,0,-13.10336258983608,3.9295830076265665,17.032945597462657,17.032945597462657,290.1212357261225,0.625788499994087,False,1,350.0,3500.0,-80.0,80.0,1.0,12,"[26, 19, 16, 18, 17, 22, 10, 3, 2, 0, 1, 6]",66,11,"[[0, 1], [1, 2], [1, 3], [3, 4], [0, 11], [10, 11], [8, 10], [7, 8], [7, 9], [6, 7], [5, 6]]"
DOA-V5B-POSTFREEZE-MST-TDOA-YAMAOKA2023-20260913,eigenmike,eigenmike,task3,recording4,980,5,0,-2.304685584244791,36.63915863261613,38.943844216860924,38.943844216860924,1516.6230023871321,0.6277059000058216,False,1,350.0,3500.0,-80.0,80.0,1.0,12,"[26, 19, 16, 18, 17, 22, 10, 3, 2, 0, 1, 6]",66,11,"[[0, 1], [1, 3], [1, 2], [2, 4], [0, 11], [10, 11], [8, 10], [7, 8], [7, 9], [6, 7], [4, 5]]"
DOA-V5B-POSTFREEZE-MST-TDOA-YAMAOKA2023-20260913,eigenmike,eigenmike,task3,recording4,1116,6,0,10.693689930088949,39.64543035748293,28.951740427393986,28.951740427393986,838.2032737751992,0.6290810999998939,False,1,350.0,3500.0,-80.0,80.0,1.0,12,"[26, 19, 16, 18, 17, 22, 10, 3, 2, 0, 1, 6]",66,11,"[[0, 1], [1, 2], [1, 3], [3, 4], [0, 11], [10, 11], [8, 10], [7, 8], [7, 9], [6, 7], [4, 5]]"
DOA-V5B-POSTFREEZE-MST-TDOA-YAMAOKA2023-20260913,eigenmike,eigenmike,task3,recording4,1225,7,0,20.68351956327722,35.960539714262005,15.277020150984782,15.277020150984782,233.3873446935951,0.6101105000052485,False,1,350.0,3500.0,-80.0,80.0,1.0,12,"[26, 19, 16, 18, 17, 22, 10, 3, 2, 0, 1, 6]",66,11,"[[0, 11], [10, 11], [9, 10], [8, 10], [7, 8], [6, 7], [0, 1], [1, 2], [2, 4], [3, 4], [4, 5]]"
DOA-V5B-POSTFREEZE-MST-TDOA-YAMAOKA2023-20260913,eigenmike,eigenmike,task3,recording4,1390,8,0,22.217082825085143,36.48518263767448,14.268099812589327,14.268099812589327,203.5786722620116,0.6073778999998467,False,1,350.0,3500.0,-80.0,80.0,1.0,12,"[26, 19, 16, 18, 17, 22, 10, 3, 2, 0, 1, 6]",66,11,"[[0, 11], [10, 11], [9, 10], [8, 10], [7, 8], [6, 7], [0, 1], [1, 2], [2, 4], [3, 4], [4, 5]]"
DOA-V5B-POSTFREEZE-MST-TDOA-YAMAOKA2023-20260913,eigenmike,eigenmike,task3,recording4,1499,9,0,23.097903064978496,35.3042810473062,12.206377982327695,12.206377982327695,148.99566344745432,0.5047724999967613,False,1,350.0,3500.0,-80.0,80.0,1.0,12,"[26, 19, 16, 18, 17, 22, 10, 3, 2, 0, 1, 6]",66,11,"[[0, 11], [10, 11], [8, 10], [9, 10], [7, 8], [6, 7], [0, 1], [1, 2], [2, 4], [3, 4], [4, 5]]"
DOA-V5B-POSTFREEZE-MST-TDOA-YAMAOKA2023-20260913,eigenmike,eigenmike,task3,recording4,1607,10,0,21.855912666696156,40.64516904309535,18.78925637639918,18.78925637639918,353.03615517805724,0.22764200000528945,False,1,350.0,3500.0,-80.0,80.0,1.0,12,"[26, 19, 16, 18, 17, 22, 10, 3, 2, 0, 1, 6]",66,11,"[[0, 11], [10, 11], [9, 10], [8, 10], [7, 8], [6, 7], [0, 1], [1, 2], [2, 4], [3, 4], [4, 5]]"
DOA-V5B-POSTFREEZE-MST-TDOA-YAMAOKA2023-20260913,eigenmike,eigenmike,task3,recording4,1811,11,0,-17.46316987504813,6.224470350089273,23.687640225137415,23.687640225137415,561.1042994355481,0.22569340000336524,False,1,350.0,3500.0,-80.0,80.0,1.0,12,"[26, 19, 16, 18, 17, 22, 10, 3, 2, 0, 1, 6]",66,11,"[[0, 11], [10, 11], [9, 10], [8, 10], [7, 8], [6, 7], [0, 1], [1, 2], [2, 4], [3, 4], [4, 5]]"
DOA-V5B-POSTFREEZE-MST-TDOA-YAMAOKA2023-20260913,eigenmike,eigenmike,task3,recording4,1919,12,0,-35.16874128678868,-36.661802223499066,-1.4930609367103784,1.4930609367103784,2.2292309607304728,0.22371540000312962,False,1,350.0,3500.0,-80.0,80.0,1.0,12,"[26, 19, 16, 18, 17, 22, 10, 3, 2, 0, 1, 6]",66,11,"[[0, 1], [1, 2], [2, 4], [1, 3], [4, 5], [5, 6], [6, 7], [7, 8], [7, 9], [9, 10], [10, 11]]"
DOA-V5B-POSTFREEZE-MST-TDOA-YAMAOKA2023-20260913,eigenmike,eigenmike,task3,recording4,2095,13,0,-39.649243014077854,-46.15681314980739,-6.507570135729537,6.507570135729537,42.34846907143895,0.22224789999745553,False,1,350.0,3500.0,-80.0,80.0,1.0,12,"[26, 19, 16, 18, 17, 22, 10, 3, 2, 0, 1, 6]",66,11,"[[0, 1], [1, 2], [1, 3], [2, 4], [4, 5], [5, 6], [6, 7], [7, 9], [7, 8], [8, 10], [10, 11]]"
DOA-V5B-POSTFREEZE-MST-TDOA-YAMAOKA2023-20260913,eigenmike,eigenmike,task3,recording4,2203,14,0,-30.07573271727316,53.44775080903668,83.52348352630986,83.52348352630986,6976.172300369754,0.22912209999776678,False,1,350.0,3500.0,-80.0,80.0,1.0,12,"[26, 19, 16, 18, 17, 22, 10, 3, 2, 0, 1, 6]",66,11,"[[0, 1], [1, 3], [1, 2], [2, 4], [4, 5], [5, 6], [6, 7], [7, 9], [7, 8], [8, 10], [10, 11]]"
DOA-V5B-POSTFREEZE-MST-TDOA-YAMAOKA2023-20260913,eigenmike,eigenmike,task3,recording4,2312,15,0,-21.767008106760105,46.50716498936506,68.27417309612517,68.27417309612517,4661.362711959661,0.22725169999466743,False,1,350.0,3500.0,-80.0,80.0,1.0,12,"[26, 19, 16, 18, 17, 22, 10, 3, 2, 0, 1, 6]",66,11,"[[0, 1], [1, 2], [1, 3], [2, 4], [4, 5], [0, 11], [10, 11], [9, 10], [7, 9], [7, 8], [6, 7]]"
DOA-V5B-POSTFREEZE-MST-TDOA-YAMAOKA2023-20260913,eigenmike,eigenmike,task3,recording4,2564,16,0,-22.438076795121106,33.90297907021778,56.34105586533889,56.34105586533889,3174.3145760212374,0.22058800000377232,False,1,350.0,3500.0,-80.0,80.0,1.0,12,"[26, 19, 16, 18, 17, 22, 10, 3, 2, 0, 1, 6]",66,11,"[[0, 1], [1, 3], [1, 2], [2, 4], [4, 5], [0, 11], [10, 11], [8, 10], [7, 8], [7, 9], [6, 7]]"
DOA-V5B-POSTFREEZE-MST-TDOA-YAMAOKA2023-20260913,eigenmike,eigenmike,task3,recording4,2673,17,0,-10.243748159515308,4.379691659712338,14.623439819227656,14.623439819227656,213.84499214657296,0.3887183999977424,False,1,350.0,3500.0,-80.0,80.0,1.0,12,"[26, 19, 16, 18, 17, 22, 10, 3, 2, 0, 1, 6]",66,11,"[[0, 1], [1, 2], [1, 3], [2, 4], [4, 5], [5, 6], [6, 7], [7, 8], [7, 9], [8, 10], [10, 11]]"
DOA-V5B-POSTFREEZE-MST-TDOA-YAMAOKA2023-20260913,eigenmike,eigenmike,task3,recording4,2872,18,0,8.112266436785891,41.016180070326,32.90391363354013,32.90391363354013,1082.667532403468,0.617128000005323,False,1,350.0,3500.0,-80.0,80.0,1.0,12,"[26, 19, 16, 18, 17, 22, 10, 3, 2, 0, 1, 6]",66,11,"[[0, 1], [1, 2], [2, 4], [3, 4], [0, 11], [10, 11], [8, 10], [7, 8], [7, 9], [6, 7], [5, 6]]"
DOA-V5B-POSTFREEZE-MST-TDOA-YAMAOKA2023-20260913,eigenmike,eigenmike,task3,recording4,2981,19,0,19.324701240661202,35.94940895198347,16.62470771132226,16.62470771132226,276.3809064868978,0.6110686000029091,False,1,350.0,3500.0,-80.0,80.0,1.0,12,"[26, 19, 16, 18, 17, 22, 10, 3, 2, 0, 1, 6]",66,11,"[[0, 11], [10, 11], [8, 10], [7, 8], [9, 10], [6, 7], [0, 1], [1, 2], [2, 4], [3, 4], [4, 5]]"
DOA-V5B-POSTFREEZE-MST-TDOA-YAMAOKA2023-20260913,eigenmike,eigenmike,task3,recording5,443,0,0,9.985714077325893,28.866907141370604,18.88119306404471,18.88119306404471,356.49945152173,0.6163099000041257,False,1,350.0,3500.0,-80.0,80.0,1.0,12,"[26, 19, 16, 18, 17, 22, 10, 3, 2, 0, 1, 6]",66,11,"[[0, 11], [10, 11], [8, 10], [9, 10], [7, 9], [6, 7], [0, 1], [1, 2], [2, 4], [3, 4], [4, 5]]"
DOA-V5B-POSTFREEZE-MST-TDOA-YAMAOKA2023-20260913,eigenmike,eigenmike,task3,recording5,509,1,0,10.880620515673526,32.14340743457867,21.262786918905135,21.262786918905135,452.1061075587633,0.6092652000006638,False,1,350.0,3500.0,-80.0,80.0,1.0,12,"[26, 19, 16, 18, 17, 22, 10, 3, 2, 0, 1, 6]",66,11,"[[0, 11], [10, 11], [9, 10], [8, 10], [7, 8], [6, 7], [0, 1], [1, 2], [2, 4], [3, 4], [4, 5]]"
DOA-V5B-POSTFREEZE-MST-TDOA-YAMAOKA2023-20260913,eigenmike,eigenmike,task3,recording5,575,2,0,12.818111915298356,31.804293760081453,18.98618184478309,18.98618184478309,360.47510104317104,0.6089252999954624,False,1,350.0,3500.0,-80.0,80.0,1.0,12,"[26, 19, 16, 18, 17, 22, 10, 3, 2, 0, 1, 6]",66,11,"[[0, 11], [10, 11], [8, 10], [9, 10], [7, 9], [6, 7], [0, 1], [1, 2], [2, 4], [3, 4], [4, 5]]"
DOA-V5B-POSTFREEZE-MST-TDOA-YAMAOKA2023-20260913,eigenmike,eigenmike,task3,recording5,641,3,0,11.495368617931602,35.194043596259235,23.69867497832763,23.69867497832763,561.6271957284122,0.5820667000007234,False,1,350.0,3500.0,-80.0,80.0,1.0,12,"[26, 19, 16, 18, 17, 22, 10, 3, 2, 0, 1, 6]",66,11,"[[0, 11], [10, 11], [8, 10], [7, 8], [9, 10], [6, 7], [0, 1], [1, 2], [2, 4], [3, 4], [4, 5]]"
DOA-V5B-POSTFREEZE-MST-TDOA-YAMAOKA2023-20260913,eigenmike,eigenmike,task3,recording5,805,4,0,7.590041750131533,18.647164163644995,11.057122413513468,11.057122413513468,122.25995606742191,0.22274439999455353,False,1,350.0,3500.0,-80.0,80.0,1.0,12,"[26, 19, 16, 18, 17, 22, 10, 3, 2, 0, 1, 6]",66,11,"[[0, 11], [10, 11], [8, 10], [7, 8], [9, 10], [6, 7], [0, 1], [1, 2], [2, 4], [3, 4], [4, 5]]"
DOA-V5B-POSTFREEZE-MST-TDOA-YAMAOKA2023-20260913,eigenmike,eigenmike,task3,recording5,870,5,0,7.095103528594223,20.084561190068264,12.989457661474034,12.989457661474034,168.7260103392265,0.2238084999989951,False,1,350.0,3500.0,-80.0,80.0,1.0,12,"[26, 19, 16, 18, 17, 22, 10, 3, 2, 0, 1, 6]",66,11,"[[0, 11], [10, 11], [8, 10], [7, 8], [9, 10], [6, 7], [0, 1], [1, 2], [2, 4], [3, 4], [4, 5]]"
DOA-V5B-POSTFREEZE-MST-TDOA-YAMAOKA2023-20260913,eigenmike,eigenmike,task3,recording5,936,6,0,1.785805187435404,17.463036930298475,15.677231742863057,15.677231742863057,245.77559511943306,0.22014369999669725,False,1,350.0,3500.0,-80.0,80.0,1.0,12,"[26, 19, 16, 18, 17, 22, 10, 3, 2, 0, 1, 6]",66,11,"[[0, 11], [10, 11], [8, 10], [7, 8], [7, 9], [6, 7], [0, 1], [1, 2], [2, 4], [3, 4], [4, 5]]"
DOA-V5B-POSTFREEZE-MST-TDOA-YAMAOKA2023-20260913,eigenmike,eigenmike,task3,recording5,1002,7,0,-6.468132505081729,11.83275871667935,18.300891221761077,18.300891221761077,334.92261951073164,0.22523489999730373,False,1,350.0,3500.0,-80.0,80.0,1.0,12,"[26, 19, 16, 18, 17, 22, 10, 3, 2, 0, 1, 6]",66,11,"[[0, 11], [10, 11], [8, 10], [7, 8], [7, 9], [6, 7], [0, 1], [1, 2], [2, 4], [3, 4], [4, 5]]"
DOA-V5B-POSTFREEZE-MST-TDOA-YAMAOKA2023-20260913,eigenmike,eigenmike,task3,recording5,1068,8,0,-6.215216364682884,3.1347868856173537,9.350003250300233,9.350003250300233,87.42256078062492,0.21897700000408804,False,1,350.0,3500.0,-80.0,80.0,1.0,12,"[26, 19, 16, 18, 17, 22, 10, 3, 2, 0, 1, 6]",66,11,"[[0, 11], [10, 11], [8, 10], [7, 8], [7, 9], [6, 7], [5, 6], [0, 1], [1, 3], [1, 2], [2, 4]]"
DOA-V5B-POSTFREEZE-MST-TDOA-YAMAOKA2023-20260913,eigenmike,eigenmike,task3,recording5,1298,9,0,-5.282788457561412,3.420799422653778,8.703587880215196,8.703587880215196,75.75244198862885,0.2251615999994101,False,1,350.0,3500.0,-80.0,80.0,1.0,12,"[26, 19, 16, 18, 17, 22, 10, 3, 2, 0, 1, 6]",66,11,"[[0, 11], [10, 11], [8, 10], [7, 8], [9, 10], [6, 7], [5, 6], [4, 5], [3, 4], [2, 4], [1, 2]]"
DOA-V5B-POSTFREEZE-MST-TDOA-YAMAOKA2023-20260913,eigenmike,eigenmike,task3,recording5,1364,10,0,-4.423449257674156,4.146654079057816,8.570103336731961,8.570103336731961,73.4466712022643,0.22371040000143694,False,1,350.0,3500.0,-80.0,80.0,1.0,12,"[26, 19, 16, 18, 17, 22, 10, 3, 2, 0, 1, 6]",66,11,"[[0, 11], [10, 11], [8, 10], [7, 8], [7, 9], [6, 7], [5, 6], [4, 5], [3, 4], [2, 4], [1, 2]]"
DOA-V5B-POSTFREEZE-MST-TDOA-YAMAOKA2023-20260913,eigenmike,eigenmike,task3,recording5,1470,11,0,-12.506939273174206,-3.845793384976704,8.661145888197495,8.661145888197495,75.01544809664038,0.23951960000704275,False,1,350.0,3500.0,-80.0,80.0,1.0,12,"[26, 19, 16, 18, 17, 22, 10, 3, 2, 0, 1, 6]",66,11,"[[0, 1], [1, 2], [1, 3], [3, 4], [4, 5], [5, 6], [6, 7], [7, 8], [8, 10], [9, 10], [10, 11]]"
DOA-V5B-POSTFREEZE-MST-TDOA-YAMAOKA2023-20260913,eigenmike,eigenmike,task3,recording5,1768,12,0,-26.227712410095386,-31.96754444841034,-5.739832038314944,5.739832038314944,32.945671828066686,0.6173759000012069,False,1,350.0,3500.0,-80.0,80.0,1.0,12,"[26, 19, 16, 18, 17, 22, 10, 3, 2, 0, 1, 6]",66,11,"[[0, 1], [1, 3], [1, 2], [2, 4], [4, 5], [5, 6], [6, 7], [7, 8], [7, 9], [8, 10], [10, 11]]"
DOA-V5B-POSTFREEZE-MST-TDOA-YAMAOKA2023-20260913,eigenmike,eigenmike,task3,recording5,1834,13,0,-27.402311472503555,-29.305379428276982,-1.9030679557734231,1.9030679557734231,3.6216676442916356,0.6177998000057414,False,1,350.0,3500.0,-80.0,80.0,1.0,12,"[26, 19, 16, 18, 17, 22, 10, 3, 2, 0, 1, 6]",66,11,"[[0, 1], [1, 3], [1, 2], [3, 4], [4, 5], [5, 6], [6, 7], [7, 9], [7, 8], [8, 10], [10, 11]]"
DOA-V5B-POSTFREEZE-MST-TDOA-YAMAOKA2023-20260913,eigenmike,eigenmike,task3,recording5,2060,14,0,-26.185984951623247,21.86959551282084,48.05558046444409,48.05558046444409,2309.3388137746606,0.6090296999973361,False,1,350.0,3500.0,-80.0,80.0,1.0,12,"[26, 19, 16, 18, 17, 22, 10, 3, 2, 0, 1, 6]",66,11,"[[0, 1], [1, 3], [1, 2], [2, 4], [4, 5], [5, 6], [6, 7], [7, 8], [7, 9], [8, 10], [10, 11]]"
DOA-V5B-POSTFREEZE-MST-TDOA-YAMAOKA2023-20260913,eigenmike,eigenmike,task3,recording5,2167,15,0,-20.9004468761892,40.63548776082933,61.53593463701853,61.53593463701853,3786.6712516514167,0.6081906000035815,False,1,350.0,3500.0,-80.0,80.0,1.0,12,"[26, 19, 16, 18, 17, 22, 10, 3, 2, 0, 1, 6]",66,11,"[[0, 1], [1, 3], [0, 11], [10, 11], [9, 10], [7, 9], [7, 8], [6, 7], [2, 3], [2, 4], [4, 5]]"
DOA-V5B-POSTFREEZE-MST-TDOA-YAMAOKA2023-20260913,eigenmike,eigenmike,task3,recording5,2233,16,0,-18.989798915493875,46.73787347071072,65.72767238620457,65.72767238620457,4320.126917308239,0.6156703999949968,False,1,350.0,3500.0,-80.0,80.0,1.0,12,"[26, 19, 16, 18, 17, 22, 10, 3, 2, 0, 1, 6]",66,11,"[[0, 1], [1, 2], [2, 4], [1, 3], [4, 5], [5, 6], [6, 7], [7, 9], [7, 8], [8, 10], [10, 11]]"
DOA-V5B-POSTFREEZE-MST-TDOA-YAMAOKA2023-20260913,eigenmike,eigenmike,task3,recording5,2299,17,0,-15.582988813834229,37.64630858456216,53.2292973983964,53.2292973983964,2833.3581015269297,0.5394455999994534,False,1,350.0,3500.0,-80.0,80.0,1.0,12,"[26, 19, 16, 18, 17, 22, 10, 3, 2, 0, 1, 6]",66,11,"[[0, 1], [1, 3], [1, 2], [3, 4], [0, 11], [10, 11], [8, 10], [7, 8], [7, 9], [6, 7], [4, 5]]"
DOA-V5B-POSTFREEZE-MST-TDOA-YAMAOKA2023-20260913,eigenmike,eigenmike,task3,recording5,2365,18,0,-9.487432400559992,48.363945845820304,57.85137824638031,57.85137824638031,3346.7819650057645,0.22043049999774667,False,1,350.0,3500.0,-80.0,80.0,1.0,12,"[26, 19, 16, 18, 17, 22, 10, 3, 2, 0, 1, 6]",66,11,"[[0, 1], [1, 3], [1, 2], [3, 4], [4, 5], [0, 11], [10, 11], [9, 10], [7, 9], [7, 8], [6, 7]]"
DOA-V5B-POSTFREEZE-MST-TDOA-YAMAOKA2023-20260913,eigenmike,eigenmike,task3,recording5,2431,19,0,-5.429220898275353,48.47005564608421,53.899276544359566,53.899276544359566,2905.132012005349,0.22078569999575848,False,1,350.0,3500.0,-80.0,80.0,1.0,12,"[26, 19, 16, 18, 17, 22, 10, 3, 2, 0, 1, 6]",66,11,"[[0, 1], [1, 2], [1, 3], [2, 4], [0, 11], [10, 11], [8, 10], [7, 8], [7, 9], [6, 7], [4, 5]]"
DOA-V5B-POSTFREEZE-MST-TDOA-YAMAOKA2023-20260913,eigenmike,eigenmike,task4,recording1,253,0,0,-48.52011506893704,-47.467255614920454,1.052859454016584,1.052859454016584,1.1085130299120995,0.6186012999969535,False,1,350.0,3500.0,-80.0,80.0,1.0,12,"[26, 19, 16, 18, 17, 22, 10, 3, 2, 0, 1, 6]",66,11,"[[0, 1], [1, 3], [2, 3], [2, 4], [4, 5], [5, 6], [6, 7], [7, 9], [7, 8], [8, 10], [10, 11]]"
DOA-V5B-POSTFREEZE-MST-TDOA-YAMAOKA2023-20260913,eigenmike,eigenmike,task4,recording1,302,1,0,-40.560949117369276,-43.40958568201287,-2.8486365646435843,2.8486365646435843,8.114730277424401,0.6031768000029842,False,1,350.0,3500.0,-80.0,80.0,1.0,12,"[26, 19, 16, 18, 17, 22, 10, 3, 2, 0, 1, 6]",66,11,"[[0, 1], [1, 3], [2, 3], [2, 4], [4, 5], [5, 6], [6, 7], [7, 9], [8, 9], [8, 10], [10, 11]]"
DOA-V5B-POSTFREEZE-MST-TDOA-YAMAOKA2023-20260913,eigenmike,eigenmike,task4,recording1,548,2,1,14.373736130983776,38.74475959029616,24.371023459312397,24.371023459312397,593.9467844543552,0.3978789000029792,False,1,350.0,3500.0,-80.0,80.0,1.0,12,"[26, 19, 16, 18, 17, 22, 10, 3, 2, 0, 1, 6]",66,11,"[[0, 1], [1, 2], [2, 4], [3, 4], [4, 5], [0, 11], [10, 11], [9, 10], [8, 10], [7, 8], [6, 7]]"
DOA-V5B-POSTFREEZE-MST-TDOA-YAMAOKA2023-20260913,eigenmike,eigenmike,task4,recording1,931,3,1,10.57121076842314,29.549507062334772,18.978296293911626,18.978296293911626,360.17573021949977,0.23281430000497494,False,1,350.0,3500.0,-80.0,80.0,1.0,12,"[26, 19, 16, 18, 17, 22, 10, 3, 2, 0, 1, 6]",66,11,"[[0, 1], [1, 2], [2, 4], [3, 4], [4, 5], [0, 11], [10, 11], [8, 10], [9, 10], [7, 9], [6, 7]]"
DOA-V5B-POSTFREEZE-MST-TDOA-YAMAOKA2023-20260913,eigenmike,eigenmike,task4,recording1,2390,4,1,11.05281459445467,31.75636529813898,20.7035507036843,20.7035507036843,428.63701174002665,0.23759900000004563,False,1,350.0,3500.0,-80.0,80.0,1.0,12,"[26, 19, 16, 18, 17, 22, 10, 3, 2, 0, 1, 6]",66,11,"[[0, 1], [1, 2], [2, 4], [3, 4], [4, 5], [0, 11], [10, 11], [8, 10], [7, 8], [7, 9], [6, 7]]"
DOA-V5B-POSTFREEZE-MST-TDOA-YAMAOKA2023-20260913,eigenmike,eigenmike,task4,recording1,2556,5,0,-32.86700814545321,-43.73866681790929,-10.871658672456078,10.871658672456078,118.19296229038946,0.2316681999946013,False,1,350.0,3500.0,-80.0,80.0,1.0,12,"[26, 19, 16, 18, 17, 22, 10, 3, 2, 0, 1, 6]",66,11,"[[0, 1], [1, 3], [1, 2], [2, 4], [4, 5], [5, 6], [6, 7], [7, 9], [7, 8], [8, 10], [10, 11]]"
DOA-V5B-POSTFREEZE-MST-TDOA-YAMAOKA2023-20260913,eigenmike,eigenmike,task4,recording1,2853,6,1,25.237647791413266,38.56654606306878,13.328898271655504,13.328898271655504,177.6595291361411,0.22414929999649758,False,1,350.0,3500.0,-80.0,80.0,1.0,12,"[26, 19, 16, 18, 17, 22, 10, 3, 2, 0, 1, 6]",66,11,"[[0, 1], [1, 2], [2, 4], [4, 5], [3, 4], [0, 11], [10, 11], [8, 10], [9, 10], [7, 9], [6, 7]]"
DOA-V5B-POSTFREEZE-MST-TDOA-YAMAOKA2023-20260913,eigenmike,eigenmike,task4,recording1,3386,7,0,-6.381620664261736,27.479965020065155,33.86158568432688,33.86158568432688,1146.6069850570113,0.22294249999686144,False,1,350.0,3500.0,-80.0,80.0,1.0,12,"[26, 19, 16, 18, 17, 22, 10, 3, 2, 0, 1, 6]",66,11,"[[0, 1], [1, 3], [1, 2], [2, 4], [0, 11], [10, 11], [8, 10], [7, 8], [7, 9], [6, 7], [5, 6]]"
DOA-V5B-POSTFREEZE-MST-TDOA-YAMAOKA2023-20260913,eigenmike,eigenmike,task4,recording1,3793,8,1,19.711427155180644,51.985642715817576,32.27421556063695,32.27421556063695,1041.62499005446,0.22877679999510292,False,1,350.0,3500.0,-80.0,80.0,1.0,12,"[26, 19, 16, 18, 17, 22, 10, 3, 2, 0, 1, 6]",66,11,"[[0, 1], [1, 2], [2, 4], [3, 4], [4, 5], [0, 11], [10, 11], [8, 10], [7, 8], [9, 10], [6, 7]]"
DOA-V5B-POSTFREEZE-MST-TDOA-YAMAOKA2023-20260913,eigenmike,eigenmike,task4,recording1,5113,9,0,-19.97468725987379,49.06531272763585,69.03999998750965,69.03999998750965,4766.521598275332,0.22480280000308994,False,1,350.0,3500.0,-80.0,80.0,1.0,12,"[26, 19, 16, 18, 17, 22, 10, 3, 2, 0, 1, 6]",66,11,"[[0, 1], [1, 3], [1, 2], [2, 4], [4, 5], [0, 11], [10, 11], [8, 10], [7, 8], [7, 9], [6, 7]]"
DOA-V5B-POSTFREEZE-MST-TDOA-YAMAOKA2023-20260913,eigenmike,eigenmike,task4,recording1,5163,10,0,-22.62115043825957,-13.451212689569518,9.169937748690046,9.169937748690046,84.08775831485067,0.5410040999995545,False,1,350.0,3500.0,-80.0,80.0,1.0,12,"[26, 19, 16, 18, 17, 22, 10, 3, 2, 0, 1, 6]",66,11,"[[0, 1], [1, 3], [1, 2], [2, 4], [4, 5], [5, 6], [6, 7], [7, 9], [7, 8], [8, 10], [10, 11]]"
DOA-V5B-POSTFREEZE-MST-TDOA-YAMAOKA2023-20260913,eigenmike,eigenmike,task4,recording1,5687,11,0,-45.987471775888956,-65.18300493090234,-19.19553315501338,19.19553315501338,368.4684931052179,0.6136977999994997,False,1,350.0,3500.0,-80.0,80.0,1.0,12,"[26, 19, 16, 18, 17, 22, 10, 3, 2, 0, 1, 6]",66,11,"[[0, 1], [1, 3], [1, 2], [2, 4], [0, 11], [4, 5], [10, 11], [9, 10], [7, 9], [6, 7], [7, 8]]"
DOA-V5B-POSTFREEZE-MST-TDOA-YAMAOKA2023-20260913,eigenmike,eigenmike,task4,recording1,6004,12,0,-48.892781450241024,-47.05028890465474,1.842492545586282,1.842492545586282,3.3947787805410172,0.629822900002182,False,1,350.0,3500.0,-80.0,80.0,1.0,12,"[26, 19, 16, 18, 17, 22, 10, 3, 2, 0, 1, 6]",66,11,"[[0, 1], [1, 3], [2, 3], [2, 4], [4, 5], [5, 6], [6, 7], [7, 9], [8, 9], [8, 10], [10, 11]]"
DOA-V5B-POSTFREEZE-MST-TDOA-YAMAOKA2023-20260913,eigenmike,eigenmike,task4,recording1,6464,13,0,7.051435311935137,50.62241221658937,43.57097690465423,43.57097690465423,1898.4300284259123,0.6064849000031245,False,1,350.0,3500.0,-80.0,80.0,1.0,12,"[26, 19, 16, 18, 17, 22, 10, 3, 2, 0, 1, 6]",66,11,"[[0, 1], [1, 3], [1, 2], [0, 11], [10, 11], [8, 10], [7, 8], [7, 9], [6, 7], [3, 4], [4, 5]]"
DOA-V5B-POSTFREEZE-MST-TDOA-YAMAOKA2023-20260913,eigenmike,eigenmike,task4,recording1,6513,14,0,9.390990012933734,49.63106706390198,40.24007705096824,40.24007705096824,1619.2638010678606,0.6090146999995341,False,1,350.0,3500.0,-80.0,80.0,1.0,12,"[26, 19, 16, 18, 17, 22, 10, 3, 2, 0, 1, 6]",66,11,"[[0, 1], [1, 2], [0, 11], [10, 11], [8, 10], [7, 8], [7, 9], [6, 7], [1, 3], [2, 4], [4, 5]]"
DOA-V5B-POSTFREEZE-MST-TDOA-YAMAOKA2023-20260913,eigenmike,eigenmike,task4,recording1,6562,15,0,12.577171185615041,59.07095289593315,46.4937817103181,46.4937817103181,2161.67173772671,0.622153199998138,False,1,350.0,3500.0,-80.0,80.0,1.0,12,"[26, 19, 16, 18, 17, 22, 10, 3, 2, 0, 1, 6]",66,11,"[[0, 1], [1, 3], [1, 2], [3, 4], [4, 5], [0, 11], [10, 11], [8, 10], [7, 8], [7, 9], [6, 7]]"
DOA-V5B-POSTFREEZE-MST-TDOA-YAMAOKA2023-20260913,eigenmike,eigenmike,task4,recording1,6612,16,0,18.31498778167022,61.79214220867879,43.47715442700857,43.47715442700857,1890.262957069951,0.23690799999894807,False,1,350.0,3500.0,-80.0,80.0,1.0,12,"[26, 19, 16, 18, 17, 22, 10, 3, 2, 0, 1, 6]",66,11,"[[0, 11], [10, 11], [9, 10], [7, 9], [7, 8], [0, 1], [1, 3], [3, 4], [4, 5], [2, 4], [6, 7]]"
DOA-V5B-POSTFREEZE-MST-TDOA-YAMAOKA2023-20260913,eigenmike,eigenmike,task4,recording1,7435,17,0,57.15532426701937,65.0766282845665,7.921304017547129,7.921304017547129,62.74705733840829,0.22404430000460707,False,1,350.0,3500.0,-80.0,80.0,1.0,12,"[26, 19, 16, 18, 17, 22, 10, 3, 2, 0, 1, 6]",66,11,"[[0, 11], [10, 11], [9, 10], [8, 10], [7, 8], [0, 1], [1, 2], [1, 3], [3, 4], [4, 5], [6, 7]]"
DOA-V5B-POSTFREEZE-MST-TDOA-YAMAOKA2023-20260913,eigenmike,eigenmike,task4,recording1,8204,18,1,-3.7284233274170635,20.233482850218948,23.961906177636024,23.961906177636024,574.1729476658314,0.21997479999845382,False,1,350.0,3500.0,-80.0,80.0,1.0,12,"[26, 19, 16, 18, 17, 22, 10, 3, 2, 0, 1, 6]",66,11,"[[0, 1], [1, 3], [1, 2], [2, 4], [4, 5], [0, 11], [10, 11], [9, 10], [7, 9], [7, 8], [6, 7]]"
DOA-V5B-POSTFREEZE-MST-TDOA-YAMAOKA2023-20260913,eigenmike,eigenmike,task4,recording1,8525,19,1,4.807056850401714,16.72039833839708,11.913341487995353,11.913341487995353,141.92770540959134,0.22125389999564504,False,1,350.0,3500.0,-80.0,80.0,1.0,12,"[26, 19, 16, 18, 17, 22, 10, 3, 2, 0, 1, 6]",66,11,"[[0, 1], [1, 2], [2, 4], [1, 3], [0, 11], [10, 11], [9, 10], [7, 9], [7, 8], [6, 7], [5, 6]]"
DOA-V5B-POSTFREEZE-MST-TDOA-YAMAOKA2023-20260913,eigenmike,eigenmike,task4,recording2,326,0,0,13.198456633076281,42.60340525957745,29.404948626501152,29.404948626501152,864.651003727172,0.22344090000115102,False,1,350.0,3500.0,-80.0,80.0,1.0,12,"[26, 19, 16, 18, 17, 22, 10, 3, 2, 0, 1, 6]",66,11,"[[0, 1], [1, 2], [2, 4], [3, 4], [4, 5], [0, 11], [10, 11], [9, 10], [8, 10], [7, 8], [6, 7]]"
DOA-V5B-POSTFREEZE-MST-TDOA-YAMAOKA2023-20260913,eigenmike,eigenmike,task4,recording2,735,1,1,-12.441039948469237,-3.4197958479633668,9.021244100505868,9.021244100505868,81.38284512091192,0.22618679999868618,False,1,350.0,3500.0,-80.0,80.0,1.0,12,"[26, 19, 16, 18, 17, 22, 10, 3, 2, 0, 1, 6]",66,11,"[[0, 1], [1, 2], [2, 4], [1, 3], [4, 5], [0, 11], [10, 11], [8, 10], [7, 8], [7, 9], [6, 7]]"
DOA-V5B-POSTFREEZE-MST-TDOA-YAMAOKA2023-20260913,eigenmike,eigenmike,task4,recording2,1101,2,0,-34.35815267746099,-57.266703723901784,-22.908551046440778,22.908551046440778,524.8017110473828,0.2263325000021723,False,1,350.0,3500.0,-80.0,80.0,1.0,12,"[26, 19, 16, 18, 17, 22, 10, 3, 2, 0, 1, 6]",66,11,"[[0, 1], [1, 3], [1, 2], [3, 4], [4, 5], [5, 6], [6, 7], [7, 9], [7, 8], [9, 10], [10, 11]]"
DOA-V5B-POSTFREEZE-MST-TDOA-YAMAOKA2023-20260913,eigenmike,eigenmike,task4,recording2,1545,3,1,-61.32726209063726,-56.9515819108932,4.375680179744052,4.375680179744052,19.146577035404935,0.22733310000330675,False,1,350.0,3500.0,-80.0,80.0,1.0,12,"[26, 19, 16, 18, 17, 22, 10, 3, 2, 0, 1, 6]",66,11,"[[0, 1], [1, 3], [3, 4], [2, 4], [4, 5], [5, 6], [6, 7], [7, 8], [8, 10], [7, 9], [10, 11]]"
DOA-V5B-POSTFREEZE-MST-TDOA-YAMAOKA2023-20260913,eigenmike,eigenmike,task4,recording2,1910,4,0,-40.59673092428409,-63.25636984590325,-22.65963892161915,22.65963892161915,513.4592360581574,0.22447169999941252,False,1,350.0,3500.0,-80.0,80.0,1.0,12,"[26, 19, 16, 18, 17, 22, 10, 3, 2, 0, 1, 6]",66,11,"[[0, 1], [1, 3], [1, 2], [2, 4], [4, 5], [5, 6], [6, 7], [7, 9], [7, 8], [8, 10], [10, 11]]"
DOA-V5B-POSTFREEZE-MST-TDOA-YAMAOKA2023-20260913,eigenmike,eigenmike,task4,recording2,2385,5,0,-36.14315832320007,-34.68288593907784,1.46027238412222,1.46027238412222,2.1323954358299924,0.22587180000118678,False,1,350.0,3500.0,-80.0,80.0,1.0,12,"[26, 19, 16, 18, 17, 22, 10, 3, 2, 0, 1, 6]",66,11,"[[0, 1], [1, 3], [2, 3], [2, 4], [4, 5], [5, 6], [6, 7], [7, 9], [8, 9], [9, 10], [10, 11]]"
DOA-V5B-POSTFREEZE-MST-TDOA-YAMAOKA2023-20260913,eigenmike,eigenmike,task4,recording2,2750,6,1,-51.513480220527875,-46.714594561104015,4.79888565942386,4.79888565942386,23.029303572223974,0.2336637000043993,False,1,350.0,3500.0,-80.0,80.0,1.0,12,"[26, 19, 16, 18, 17, 22, 10, 3, 2, 0, 1, 6]",66,11,"[[0, 1], [1, 3], [2, 3], [2, 4], [4, 5], [5, 6], [6, 7], [7, 9], [8, 9], [8, 10], [10, 11]]"
DOA-V5B-POSTFREEZE-MST-TDOA-YAMAOKA2023-20260913,eigenmike,eigenmike,task4,recording2,3031,7,1,-50.204670685119545,-50.55516227766503,-0.3504915925454952,0.3504915925454952,0.12284435644507745,0.3058362000010675,False,1,350.0,3500.0,-80.0,80.0,1.0,12,"[26, 19, 16, 18, 17, 22, 10, 3, 2, 0, 1, 6]",66,11,"[[0, 1], [1, 3], [2, 3], [2, 4], [4, 5], [5, 6], [6, 7], [7, 9], [7, 8], [8, 10], [10, 11]]"
DOA-V5B-POSTFREEZE-MST-TDOA-YAMAOKA2023-20260913,eigenmike,eigenmike,task4,recording2,3396,8,0,-1.9274455091587748,1.5176491915101102,3.445094700668875,3.445094700668875,11.868677496576765,0.605185899999924,False,1,350.0,3500.0,-80.0,80.0,1.0,12,"[26, 19, 16, 18, 17, 22, 10, 3, 2, 0, 1, 6]",66,11,"[[0, 11], [10, 11], [8, 10], [7, 8], [7, 9], [6, 7], [5, 6], [0, 1], [1, 2], [1, 3], [2, 4]]"
DOA-V5B-POSTFREEZE-MST-TDOA-YAMAOKA2023-20260913,eigenmike,eigenmike,task4,recording2,3858,9,0,19.811314599789217,32.179584464026696,12.368269864237476,12.368269864237476,152.9740994346049,0.6056906000012532,False,1,350.0,3500.0,-80.0,80.0,1.0,12,"[26, 19, 16, 18, 17, 22, 10, 3, 2, 0, 1, 6]",66,11,"[[0, 11], [10, 11], [9, 10], [8, 10], [7, 8], [6, 7], [0, 1], [1, 2], [2, 4], [3, 4], [4, 5]]"
DOA-V5B-POSTFREEZE-MST-TDOA-YAMAOKA2023-20260913,eigenmike,eigenmike,task4,recording2,4236,10,1,-0.9144475002280488,17.87898633426665,18.793433834494692,18.793433834494692,353.1931552915299,0.6028443000031984,False,1,350.0,3500.0,-80.0,80.0,1.0,12,"[26, 19, 16, 18, 17, 22, 10, 3, 2, 0, 1, 6]",66,11,"[[0, 1], [1, 3], [3, 4], [2, 4], [0, 11], [10, 11], [8, 10], [7, 8], [7, 9], [6, 7], [4, 5]]"
DOA-V5B-POSTFREEZE-MST-TDOA-YAMAOKA2023-20260913,eigenmike,eigenmike,task4,recording2,4627,11,0,8.871751185096917,16.60262873525129,7.730877550154361,7.730877550154361,59.76646769548069,0.6054463999971631,False,1,350.0,3500.0,-80.0,80.0,1.0,12,"[26, 19, 16, 18, 17, 22, 10, 3, 2, 0, 1, 6]",66,11,"[[0, 11], [10, 11], [9, 10], [8, 10], [7, 8], [6, 7], [0, 1], [1, 2], [2, 4], [3, 4], [4, 5]]"
DOA-V5B-POSTFREEZE-MST-TDOA-YAMAOKA2023-20260913,eigenmike,eigenmike,task4,recording2,5115,12,0,-32.39522766707248,-42.48109213795899,-10.08586447088652,10.08586447088652,101.72466212509102,0.6072635000018636,False,1,350.0,3500.0,-80.0,80.0,1.0,12,"[26, 19, 16, 18, 17, 22, 10, 3, 2, 0, 1, 6]",66,11,"[[0, 1], [1, 3], [3, 4], [2, 4], [4, 5], [5, 6], [6, 7], [7, 9], [7, 8], [8, 10], [10, 11]]"
DOA-V5B-POSTFREEZE-MST-TDOA-YAMAOKA2023-20260913,eigenmike,eigenmike,task4,recording2,5496,13,1,-35.06058971047332,-41.59824232216296,-6.537652611689623,6.537652611689623,42.74090167113215,0.607394500002556,False,1,350.0,3500.0,-80.0,80.0,1.0,12,"[26, 19, 16, 18, 17, 22, 10, 3, 2, 0, 1, 6]",66,11,"[[0, 1], [1, 3], [1, 2], [2, 4], [4, 5], [5, 6], [6, 7], [7, 8], [7, 9], [8, 10], [10, 11]]"
DOA-V5B-POSTFREEZE-MST-TDOA-YAMAOKA2023-20260913,eigenmike,eigenmike,task4,recording2,5861,14,0,-36.2051975664449,-50.68617769472645,-14.480980128281544,14.480980128281544,209.69878547568496,0.6132882999954745,False,1,350.0,3500.0,-80.0,80.0,1.0,12,"[26, 19, 16, 18, 17, 22, 10, 3, 2, 0, 1, 6]",66,11,"[[0, 1], [1, 3], [1, 2], [2, 4], [4, 5], [5, 6], [6, 7], [7, 8], [7, 9], [8, 10], [10, 11]]"
DOA-V5B-POSTFREEZE-MST-TDOA-YAMAOKA2023-20260913,eigenmike,eigenmike,task4,recording2,6255,15,1,-4.613728732483181,15.909701375716667,20.523430108199847,20.523430108199847,421.21118340616397,0.6079753000012715,False,1,350.0,3500.0,-80.0,80.0,1.0,12,"[26, 19, 16, 18, 17, 22, 10, 3, 2, 0, 1, 6]",66,11,"[[0, 1], [1, 3], [1, 2], [2, 4], [4, 5], [5, 6], [6, 7], [7, 8], [7, 9], [9, 10], [10, 11]]"
DOA-V5B-POSTFREEZE-MST-TDOA-YAMAOKA2023-20260913,eigenmike,eigenmike,task4,recording2,6619,16,0,-5.097352017251786,13.043449460939414,18.140801478191207,18.140801478191207,329.0886782711443,0.4842164000001503,False,1,350.0,3500.0,-80.0,80.0,1.0,12,"[26, 19, 16, 18, 17, 22, 10, 3, 2, 0, 1, 6]",66,11,"[[0, 1], [1, 2], [1, 3], [3, 4], [0, 11], [10, 11], [8, 10], [7, 8], [7, 9], [6, 7], [5, 6]]"
DOA-V5B-POSTFREEZE-MST-TDOA-YAMAOKA2023-20260913,eigenmike,eigenmike,task4,recording2,7009,17,1,44.14001557137094,54.92179945540533,10.781783884034382,10.781783884034382,116.24686372202353,0.2215314000059152,False,1,350.0,3500.0,-80.0,80.0,1.0,12,"[26, 19, 16, 18, 17, 22, 10, 3, 2, 0, 1, 6]",66,11,"[[0, 11], [10, 11], [9, 10], [8, 10], [7, 8], [0, 1], [1, 2], [1, 3], [3, 4], [4, 5], [6, 7]]"
DOA-V5B-POSTFREEZE-MST-TDOA-YAMAOKA2023-20260913,eigenmike,eigenmike,task4,recording2,7466,18,1,33.39988879558086,41.92625744631445,8.526368650733588,8.526368650733588,72.6989623682125,0.22385299999587005,False,1,350.0,3500.0,-80.0,80.0,1.0,12,"[26, 19, 16, 18, 17, 22, 10, 3, 2, 0, 1, 6]",66,11,"[[0, 11], [10, 11], [9, 10], [8, 10], [7, 8], [0, 1], [1, 2], [6, 7], [2, 4], [4, 5], [3, 4]]"
DOA-V5B-POSTFREEZE-MST-TDOA-YAMAOKA2023-20260913,eigenmike,eigenmike,task4,recording2,7832,19,0,-6.138000582669218,22.88851664214952,29.026517224818747,29.026517224818747,842.5387022026994,0.22527380000246922,False,1,350.0,3500.0,-80.0,80.0,1.0,12,"[26, 19, 16, 18, 17, 22, 10, 3, 2, 0, 1, 6]",66,11,"[[0, 1], [1, 3], [1, 2], [2, 4], [4, 5], [0, 11], [10, 11], [8, 10], [7, 8], [7, 9], [6, 7]]"
DOA-V5B-POSTFREEZE-MST-TDOA-YAMAOKA2023-20260913,eigenmike,eigenmike,task4,recording3,240,0,0,-3.2959059059733313,48.95078179664714,52.24668770262048,52.24668770262048,2729.7163758951538,0.22149419999914244,False,1,350.0,3500.0,-80.0,80.0,1.0,12,"[26, 19, 16, 18, 17, 22, 10, 3, 2, 0, 1, 6]",66,11,"[[0, 1], [1, 2], [1, 3], [3, 4], [4, 5], [0, 11], [10, 11], [8, 10], [7, 8], [9, 10], [6, 7]]"
DOA-V5B-POSTFREEZE-MST-TDOA-YAMAOKA2023-20260913,eigenmike,eigenmike,task4,recording3,1085,1,0,-6.188160758693932,16.120526809673294,22.30868756836722,22.30868756836722,497.6775410230221,0.22352110000065295,False,1,350.0,3500.0,-80.0,80.0,1.0,12,"[26, 19, 16, 18, 17, 22, 10, 3, 2, 0, 1, 6]",66,11,"[[0, 1], [1, 3], [3, 4], [2, 4], [4, 5], [5, 6], [6, 7], [7, 8], [8, 10], [10, 11], [7, 9]]"
DOA-V5B-POSTFREEZE-MST-TDOA-YAMAOKA2023-20260913,eigenmike,eigenmike,task4,recording3,1285,2,1,-40.316911476942394,-49.430614601478275,-9.113703124535874,9.113703124535874,83.05958464217495,0.2231815000050119,False,1,350.0,3500.0,-80.0,80.0,1.0,12,"[26, 19, 16, 18, 17, 22, 10, 3, 2, 0, 1, 6]",66,11,"[[0, 1], [1, 3], [1, 2], [3, 4], [4, 5], [5, 6], [6, 7], [7, 8], [7, 9], [9, 10], [10, 11]]"
DOA-V5B-POSTFREEZE-MST-TDOA-YAMAOKA2023-20260913,eigenmike,eigenmike,task4,recording3,1962,3,1,35.62200807483995,58.52061653063259,22.89860845579264,22.89860845579264,524.3462692116982,0.2185179000007338,False,1,350.0,3500.0,-80.0,80.0,1.0,12,"[26, 19, 16, 18, 17, 22, 10, 3, 2, 0, 1, 6]",66,11,"[[0, 1], [1, 3], [3, 4], [4, 5], [2, 4], [0, 11], [10, 11], [8, 10], [9, 10], [7, 8], [6, 7]]"
DOA-V5B-POSTFREEZE-MST-TDOA-YAMAOKA2023-20260913,eigenmike,eigenmike,task4,recording3,2618,4,0,-41.53944358968819,-65.63589564405336,-24.09645205436516,24.09645205436516,580.6390016083188,0.23790590000135126,False,1,350.0,3500.0,-80.0,80.0,1.0,12,"[26, 19, 16, 18, 17, 22, 10, 3, 2, 0, 1, 6]",66,11,"[[0, 1], [1, 3], [3, 4], [1, 2], [4, 5], [5, 6], [6, 7], [7, 8], [7, 9], [8, 10], [10, 11]]"
DOA-V5B-POSTFREEZE-MST-TDOA-YAMAOKA2023-20260913,eigenmike,eigenmike,task4,recording3,2886,5,0,-54.91463190789446,-67.15844399810479,-12.243812090210326,12.243812090210326,149.91093450038056,0.22013629999855766,False,1,350.0,3500.0,-80.0,80.0,1.0,12,"[26, 19, 16, 18, 17, 22, 10, 3, 2, 0, 1, 6]",66,11,"[[0, 1], [1, 3], [3, 4], [4, 5], [2, 4], [5, 6], [6, 7], [7, 9], [7, 8], [8, 10], [10, 11]]"
DOA-V5B-POSTFREEZE-MST-TDOA-YAMAOKA2023-20260913,eigenmike,eigenmike,task4,recording3,3564,6,1,-22.155115303224342,10.788771609336742,32.943886912561084,32.943886912561084,1085.2996849076135,0.2171371000004001,False,1,350.0,3500.0,-80.0,80.0,1.0,12,"[26, 19, 16, 18, 17, 22, 10, 3, 2, 0, 1, 6]",66,11,"[[0, 1], [1, 3], [1, 2], [2, 4], [4, 5], [0, 11], [10, 11], [8, 10], [7, 8], [6, 7], [7, 9]]"
DOA-V5B-POSTFREEZE-MST-TDOA-YAMAOKA2023-20260913,eigenmike,eigenmike,task4,recording3,4310,7,0,-0.7857456343515725,7.7584129178851,8.544158552236667,8.544158552236667,73.00264536575897,0.21657609999965644,False,1,350.0,3500.0,-80.0,80.0,1.0,12,"[26, 19, 16, 18, 17, 22, 10, 3, 2, 0, 1, 6]",66,11,"[[0, 1], [1, 3], [1, 2], [2, 4], [0, 11], [10, 11], [8, 10], [7, 8], [7, 9], [6, 7], [5, 6]]"
DOA-V5B-POSTFREEZE-MST-TDOA-YAMAOKA2023-20260913,eigenmike,eigenmike,task4,recording3,4663,8,0,-0.8168858454174914,16.68414068700469,17.501026532422173,17.501026532422173,306.2859296885449,0.2171712000053958,False,1,350.0,3500.0,-80.0,80.0,1.0,12,"[26, 19, 16, 18, 17, 22, 10, 3, 2, 0, 1, 6]",66,11,"[[0, 1], [1, 3], [1, 2], [2, 4], [0, 11], [10, 11], [8, 10], [7, 8], [7, 9], [6, 7], [4, 5]]"
DOA-V5B-POSTFREEZE-MST-TDOA-YAMAOKA2023-20260913,eigenmike,eigenmike,task4,recording3,4814,9,1,-44.027571566464275,-47.92115766195131,-3.8935860954870236,3.8935860954870236,15.160012682969885,0.21835379999538418,False,1,350.0,3500.0,-80.0,80.0,1.0,12,"[26, 19, 16, 18, 17, 22, 10, 3, 2, 0, 1, 6]",66,11,"[[0, 1], [1, 3], [1, 2], [2, 4], [4, 5], [5, 6], [6, 7], [7, 9], [7, 8], [8, 10], [10, 11]]"
DOA-V5B-POSTFREEZE-MST-TDOA-YAMAOKA2023-20260913,eigenmike,eigenmike,task4,recording3,5329,10,0,-3.4044556810805013,22.97158546983311,26.376041150913608,26.376041150913608,695.6955467946881,0.22082010000303853,False,1,350.0,3500.0,-80.0,80.0,1.0,12,"[26, 19, 16, 18, 17, 22, 10, 3, 2, 0, 1, 6]",66,11,"[[0, 1], [1, 3], [3, 4], [2, 4], [4, 5], [0, 11], [10, 11], [8, 10], [7, 8], [7, 9], [6, 7]]"
DOA-V5B-POSTFREEZE-MST-TDOA-YAMAOKA2023-20260913,eigenmike,eigenmike,task4,recording3,5543,11,1,-44.697006902619535,-52.82718775151606,-8.130180848896515,8.130180848896515,66.09984063576366,0.21941230000084033,False,1,350.0,3500.0,-80.0,80.0,1.0,12,"[26, 19, 16, 18, 17, 22, 10, 3, 2, 0, 1, 6]",66,11,"[[0, 1], [1, 3], [1, 2], [3, 4], [4, 5], [5, 6], [6, 7], [7, 9], [7, 8], [8, 10], [10, 11]]"
DOA-V5B-POSTFREEZE-MST-TDOA-YAMAOKA2023-20260913,eigenmike,eigenmike,task4,recording3,5610,12,1,-44.731646989752676,-44.772580810799845,-0.0409338210471617,0.0409338210471617,0.0016755777055210582,0.4263576000012108,False,1,350.0,3500.0,-80.0,80.0,1.0,12,"[26, 19, 16, 18, 17, 22, 10, 3, 2, 0, 1, 6]",66,11,"[[0, 1], [1, 3], [3, 4], [2, 4], [4, 5], [5, 6], [6, 7], [7, 9], [7, 8], [8, 10], [10, 11]]"
DOA-V5B-POSTFREEZE-MST-TDOA-YAMAOKA2023-20260913,eigenmike,eigenmike,task4,recording3,5761,13,0,20.05024037829258,39.902590140558765,19.852349762266186,19.852349762266186,394.1157910833503,0.6125714000008884,False,1,350.0,3500.0,-80.0,80.0,1.0,12,"[26, 19, 16, 18, 17, 22, 10, 3, 2, 0, 1, 6]",66,11,"[[0, 1], [1, 3], [3, 4], [2, 4], [4, 5], [0, 11], [10, 11], [9, 10], [7, 9], [7, 8], [6, 7]]"
DOA-V5B-POSTFREEZE-MST-TDOA-YAMAOKA2023-20260913,eigenmike,eigenmike,task4,recording3,5938,14,1,-26.55949668563713,-32.36423766523335,-5.804740979596204,5.804740979596204,33.6950178402035,0.6110576999999466,False,1,350.0,3500.0,-80.0,80.0,1.0,12,"[26, 19, 16, 18, 17, 22, 10, 3, 2, 0, 1, 6]",66,11,"[[0, 1], [1, 2], [1, 3], [2, 4], [4, 5], [5, 6], [6, 7], [7, 8], [7, 9], [9, 10], [10, 11]]"
DOA-V5B-POSTFREEZE-MST-TDOA-YAMAOKA2023-20260913,eigenmike,eigenmike,task4,recording3,6318,15,1,30.844535055254042,58.38791669318261,27.543381637928576,27.543381637928576,758.6378720525811,0.6073644999996759,False,1,350.0,3500.0,-80.0,80.0,1.0,12,"[26, 19, 16, 18, 17, 22, 10, 3, 2, 0, 1, 6]",66,11,"[[0, 11], [10, 11], [9, 10], [8, 10], [7, 8], [6, 7], [0, 1], [1, 2], [2, 4], [3, 4], [4, 5]]"
DOA-V5B-POSTFREEZE-MST-TDOA-YAMAOKA2023-20260913,eigenmike,eigenmike,task4,recording3,6385,16,1,31.76905178829433,65.29779160736943,33.5287398190751,33.5287398190751,1124.1763938552322,0.6072347000008449,False,1,350.0,3500.0,-80.0,80.0,1.0,12,"[26, 19, 16, 18, 17, 22, 10, 3, 2, 0, 1, 6]",66,11,"[[0, 1], [1, 2], [2, 4], [0, 11], [10, 11], [9, 10], [8, 10], [7, 8], [3, 4], [6, 7], [4, 5]]"
DOA-V5B-POSTFREEZE-MST-TDOA-YAMAOKA2023-20260913,eigenmike,eigenmike,task4,recording3,6781,17,1,34.54017342261365,62.318282435595094,27.778109012981446,27.778109012981446,771.623340337081,0.6060874999966472,False,1,350.0,3500.0,-80.0,80.0,1.0,12,"[26, 19, 16, 18, 17, 22, 10, 3, 2, 0, 1, 6]",66,11,"[[0, 1], [0, 11], [10, 11], [9, 10], [8, 10], [7, 8], [1, 3], [1, 2], [6, 7], [2, 4], [4, 5]]"
DOA-V5B-POSTFREEZE-MST-TDOA-YAMAOKA2023-20260913,eigenmike,eigenmike,task4,recording3,6847,18,1,34.69155395123923,57.594680186956985,22.903126235717764,22.903126235717764,524.5531913692233,0.36827890000131447,False,1,350.0,3500.0,-80.0,80.0,1.0,12,"[26, 19, 16, 18, 17, 22, 10, 3, 2, 0, 1, 6]",66,11,"[[0, 1], [0, 11], [10, 11], [8, 10], [7, 8], [7, 9], [1, 3], [1, 2], [6, 7], [2, 4], [4, 5]]"
DOA-V5B-POSTFREEZE-MST-TDOA-YAMAOKA2023-20260913,eigenmike,eigenmike,task4,recording3,7314,19,0,-29.103518089923085,-32.027607190785425,-2.9240891008623464,2.9240891008623464,8.550297069781966,0.22104979999858188,False,1,350.0,3500.0,-80.0,80.0,1.0,12,"[26, 19, 16, 18, 17, 22, 10, 3, 2, 0, 1, 6]",66,11,"[[0, 1], [1, 3], [1, 2], [3, 4], [4, 5], [5, 6], [6, 7], [7, 9], [7, 8], [8, 10], [10, 11]]"
DOA-V5B-POSTFREEZE-MST-TDOA-YAMAOKA2023-20260913,eigenmike,eigenmike,task4,recording4,377,0,0,-33.739199481248264,-52.045673066570664,-18.306473585322408,18.306473585322408,335.12697513010704,0.22339940000529168,False,1,350.0,3500.0,-80.0,80.0,1.0,12,"[26, 19, 16, 18, 17, 22, 10, 3, 2, 0, 1, 6]",66,11,"[[0, 1], [1, 3], [1, 2], [2, 4], [4, 5], [5, 6], [6, 7], [7, 8], [7, 9], [8, 10], [10, 11]]"
DOA-V5B-POSTFREEZE-MST-TDOA-YAMAOKA2023-20260913,eigenmike,eigenmike,task4,recording4,783,1,0,-39.42693242866733,61.793597481186616,101.22052990985395,101.22052990985395,10245.595675231638,0.22543080000468763,False,1,350.0,3500.0,-80.0,80.0,1.0,12,"[26, 19, 16, 18, 17, 22, 10, 3, 2, 0, 1, 6]",66,11,"[[0, 1], [1, 2], [1, 3], [3, 4], [4, 5], [5, 6], [6, 7], [7, 8], [7, 9], [8, 10], [10, 11]]"
DOA-V5B-POSTFREEZE-MST-TDOA-YAMAOKA2023-20260913,eigenmike,eigenmike,task4,recording4,845,2,0,-42.005586039715695,-40.24192667038628,1.7636593693294174,1.7636593693294174,3.1104943710234383,0.2144304999965243,False,1,350.0,3500.0,-80.0,80.0,1.0,12,"[26, 19, 16, 18, 17, 22, 10, 3, 2, 0, 1, 6]",66,11,"[[0, 1], [1, 2], [1, 3], [3, 4], [4, 5], [5, 6], [6, 7], [7, 9], [7, 8], [8, 10], [10, 11]]"
DOA-V5B-POSTFREEZE-MST-TDOA-YAMAOKA2023-20260913,eigenmike,eigenmike,task4,recording4,1179,3,0,-48.02584127286322,-50.34524346165374,-2.3194021887905194,2.3194021887905194,5.379626513366253,0.2136303000006592,False,1,350.0,3500.0,-80.0,80.0,1.0,12,"[26, 19, 16, 18, 17, 22, 10, 3, 2, 0, 1, 6]",66,11,"[[0, 1], [1, 3], [1, 2], [2, 4], [4, 5], [5, 6], [6, 7], [7, 9], [7, 8], [8, 10], [10, 11]]"
DOA-V5B-POSTFREEZE-MST-TDOA-YAMAOKA2023-20260913,eigenmike,eigenmike,task4,recording4,1802,4,0,-16.382688332169703,32.08406173913528,48.466750071305,48.466750071305,2349.0258624743433,0.250288899995212,False,1,350.0,3500.0,-80.0,80.0,1.0,12,"[26, 19, 16, 18, 17, 22, 10, 3, 2, 0, 1, 6]",66,11,"[[0, 1], [1, 3], [1, 2], [0, 11], [10, 11], [9, 10], [7, 9], [6, 7], [7, 8], [5, 6], [3, 4]]"
DOA-V5B-POSTFREEZE-MST-TDOA-YAMAOKA2023-20260913,eigenmike,eigenmike,task4,recording4,1864,5,0,-10.731025495016592,27.10690685743902,37.837932352455596,37.837932352455596,1431.709124709006,0.23861719999695197,False,1,350.0,3500.0,-80.0,80.0,1.0,12,"[26, 19, 16, 18, 17, 22, 10, 3, 2, 0, 1, 6]",66,11,"[[0, 1], [1, 2], [1, 3], [0, 11], [10, 11], [8, 10], [7, 8], [6, 7], [7, 9], [5, 6], [3, 4]]"
DOA-V5B-POSTFREEZE-MST-TDOA-YAMAOKA2023-20260913,eigenmike,eigenmike,task4,recording4,2261,6,0,19.72909670253335,62.60422200557055,42.87512530303718,42.87512530303718,1838.276369751139,0.28142810000281315,False,1,350.0,3500.0,-80.0,80.0,1.0,12,"[26, 19, 16, 18, 17, 22, 10, 3, 2, 0, 1, 6]",66,11,"[[0, 1], [1, 2], [1, 3], [3, 4], [0, 11], [10, 11], [8, 10], [9, 10], [7, 9], [4, 5], [6, 7]]"
DOA-V5B-POSTFREEZE-MST-TDOA-YAMAOKA2023-20260913,eigenmike,eigenmike,task4,recording4,2778,7,0,50.01762493248238,61.25747200154218,11.239847069059806,11.239847069059806,126.33416213585231,0.6087767999997595,False,1,350.0,3500.0,-80.0,80.0,1.0,12,"[26, 19, 16, 18, 17, 22, 10, 3, 2, 0, 1, 6]",66,11,"[[0, 11], [10, 11], [9, 10], [8, 10], [7, 8], [0, 1], [1, 2], [1, 3], [3, 4], [4, 5], [6, 7]]"
DOA-V5B-POSTFREEZE-MST-TDOA-YAMAOKA2023-20260913,eigenmike,eigenmike,task4,recording4,3054,8,1,16.357617429583865,54.41696537639019,38.05934794680633,38.05934794680633,1448.5139661360708,0.6046577000015532,False,1,350.0,3500.0,-80.0,80.0,1.0,12,"[26, 19, 16, 18, 17, 22, 10, 3, 2, 0, 1, 6]",66,11,"[[0, 11], [10, 11], [8, 10], [7, 8], [9, 10], [6, 7], [0, 1], [1, 2], [2, 4], [3, 4], [4, 5]]"
DOA-V5B-POSTFREEZE-MST-TDOA-YAMAOKA2023-20260913,eigenmike,eigenmike,task4,recording4,3740,9,0,-16.718196417140486,-3.036122417726512,13.682073999413973,13.682073999413973,187.19914892543986,0.5331138999972609,False,1,350.0,3500.0,-80.0,80.0,1.0,12,"[26, 19, 16, 18, 17, 22, 10, 3, 2, 0, 1, 6]",66,11,"[[0, 1], [1, 3], [1, 2], [2, 4], [0, 11], [10, 11], [8, 10], [7, 8], [7, 9], [6, 7], [4, 5]]"
DOA-V5B-POSTFREEZE-MST-TDOA-YAMAOKA2023-20260913,eigenmike,eigenmike,task4,recording4,4163,10,0,-32.26006458395808,-42.12333967870619,-9.863275094748104,9.863275094748104,97.28419559467822,0.22302299999864772,False,1,350.0,3500.0,-80.0,80.0,1.0,12,"[26, 19, 16, 18, 17, 22, 10, 3, 2, 0, 1, 6]",66,11,"[[0, 1], [1, 2], [1, 3], [3, 4], [4, 5], [5, 6], [6, 7], [7, 9], [7, 8], [8, 10], [10, 11]]"
DOA-V5B-POSTFREEZE-MST-TDOA-YAMAOKA2023-20260913,eigenmike,eigenmike,task4,recording4,4225,11,0,-36.5735911406402,-14.117822776741397,22.455768363898812,22.455768363898812,504.26153281307876,0.22224890000507003,False,1,350.0,3500.0,-80.0,80.0,1.0,12,"[26, 19, 16, 18, 17, 22, 10, 3, 2, 0, 1, 6]",66,11,"[[0, 1], [1, 3], [1, 2], [3, 4], [4, 5], [5, 6], [6, 7], [7, 8], [7, 9], [9, 10], [10, 11]]"
DOA-V5B-POSTFREEZE-MST-TDOA-YAMAOKA2023-20260913,eigenmike,eigenmike,task4,recording4,4744,12,1,16.91572226150522,63.38034371563207,46.46462145412687,46.46462145412687,2158.961046875307,0.22204770000098506,False,1,350.0,3500.0,-80.0,80.0,1.0,12,"[26, 19, 16, 18, 17, 22, 10, 3, 2, 0, 1, 6]",66,11,"[[0, 1], [1, 3], [3, 4], [4, 5], [2, 4], [0, 11], [10, 11], [8, 10], [9, 10], [7, 9], [6, 7]]"
DOA-V5B-POSTFREEZE-MST-TDOA-YAMAOKA2023-20260913,eigenmike,eigenmike,task4,recording4,4890,13,0,-57.43053823601981,-60.59311284752081,-3.162574611500986,3.162574611500986,10.001878173310613,0.22540980000485433,False,1,350.0,3500.0,-80.0,80.0,1.0,12,"[26, 19, 16, 18, 17, 22, 10, 3, 2, 0, 1, 6]",66,11,"[[0, 1], [1, 3], [1, 2], [2, 4], [4, 5], [5, 6], [6, 7], [7, 9], [7, 8], [8, 10], [10, 11]]"
DOA-V5B-POSTFREEZE-MST-TDOA-YAMAOKA2023-20260913,eigenmike,eigenmike,task4,recording4,5209,14,0,-56.40590335979591,-40.64648185211654,15.759421507679377,15.759421507679377,248.35936625670735,0.22609470000315923,False,1,350.0,3500.0,-80.0,80.0,1.0,12,"[26, 19, 16, 18, 17, 22, 10, 3, 2, 0, 1, 6]",66,11,"[[0, 1], [1, 3], [3, 4], [2, 4], [4, 5], [5, 6], [6, 7], [7, 8], [7, 9], [8, 10], [10, 11]]"
DOA-V5B-POSTFREEZE-MST-TDOA-YAMAOKA2023-20260913,eigenmike,eigenmike,task4,recording4,5271,15,0,-55.295628243731926,-35.88853159227081,19.40709665146113,19.40709665146113,376.63540043915384,0.2270753999982844,False,1,350.0,3500.0,-80.0,80.0,1.0,12,"[26, 19, 16, 18, 17, 22, 10, 3, 2, 0, 1, 6]",66,11,"[[0, 1], [1, 3], [1, 2], [2, 4], [4, 5], [5, 6], [6, 7], [7, 8], [7, 9], [9, 10], [10, 11]]"
DOA-V5B-POSTFREEZE-MST-TDOA-YAMAOKA2023-20260913,eigenmike,eigenmike,task4,recording4,5425,16,1,12.124064898879995,33.742346159626,21.618281260746016,21.618281260746016,467.3500846687224,0.2266680999964592,False,1,350.0,3500.0,-80.0,80.0,1.0,12,"[26, 19, 16, 18, 17, 22, 10, 3, 2, 0, 1, 6]",66,11,"[[0, 11], [10, 11], [8, 10], [9, 10], [7, 9], [6, 7], [0, 1], [1, 2], [2, 4], [3, 4], [4, 5]]"
DOA-V5B-POSTFREEZE-MST-TDOA-YAMAOKA2023-20260913,eigenmike,eigenmike,task4,recording4,6027,17,1,14.650047692376813,44.83351899345704,30.183471301080232,30.183471301080232,911.041939783134,0.31381210000108695,False,1,350.0,3500.0,-80.0,80.0,1.0,12,"[26, 19, 16, 18, 17, 22, 10, 3, 2, 0, 1, 6]",66,11,"[[0, 1], [1, 3], [3, 4], [2, 4], [4, 5], [0, 11], [10, 11], [8, 10], [7, 8], [9, 10], [6, 7]]"
DOA-V5B-POSTFREEZE-MST-TDOA-YAMAOKA2023-20260913,eigenmike,eigenmike,task4,recording4,6976,18,0,47.63323173423867,68.25316936257624,20.619937628337567,20.619937628337567,425.1818277965315,0.611510199996701,False,1,350.0,3500.0,-80.0,80.0,1.0,12,"[26, 19, 16, 18, 17, 22, 10, 3, 2, 0, 1, 6]",66,11,"[[0, 1], [0, 11], [10, 11], [8, 10], [9, 10], [7, 8], [1, 2], [1, 3], [3, 4], [4, 5], [6, 7]]"
DOA-V5B-POSTFREEZE-MST-TDOA-YAMAOKA2023-20260913,eigenmike,eigenmike,task4,recording4,7300,19,0,43.69579644440174,67.38948307498221,23.69368663058046,23.69368663058046,561.3907861481472,0.6077095000000554,False,1,350.0,3500.0,-80.0,80.0,1.0,12,"[26, 19, 16, 18, 17, 22, 10, 3, 2, 0, 1, 6]",66,11,"[[0, 1], [1, 3], [1, 2], [0, 11], [10, 11], [9, 10], [8, 10], [7, 8], [3, 4], [4, 5], [6, 7]]"
DOA-V5B-POSTFREEZE-MST-TDOA-YAMAOKA2023-20260913,eigenmike,eigenmike,task4,recording5,307,0,0,-48.82868909783159,-51.927570642243836,-3.098881544412251,3.098881544412251,9.603066826298857,0.612710800000059,False,1,350.0,3500.0,-80.0,80.0,1.0,12,"[26, 19, 16, 18, 17, 22, 10, 3, 2, 0, 1, 6]",66,11,"[[0, 1], [1, 3], [1, 2], [2, 4], [4, 5], [5, 6], [6, 7], [7, 9], [7, 8], [8, 10], [10, 11]]"
DOA-V5B-POSTFREEZE-MST-TDOA-YAMAOKA2023-20260913,eigenmike,eigenmike,task4,recording5,351,1,0,-47.912870407674895,-44.67807017808534,3.2348002295895526,3.2348002295895526,10.463932525352622,0.6099978000056581,False,1,350.0,3500.0,-80.0,80.0,1.0,12,"[26, 19, 16, 18, 17, 22, 10, 3, 2, 0, 1, 6]",66,11,"[[0, 1], [1, 3], [2, 3], [0, 11], [10, 11], [8, 10], [8, 9], [7, 9], [6, 7], [5, 6], [4, 5]]"
DOA-V5B-POSTFREEZE-MST-TDOA-YAMAOKA2023-20260913,eigenmike,eigenmike,task4,recording5,396,2,0,-46.42565790086801,-44.41714480475104,2.0085130961169853,2.0085130961169853,4.034124857273438,0.21366799999668729,False,1,350.0,3500.0,-80.0,80.0,1.0,12,"[26, 19, 16, 18, 17, 22, 10, 3, 2, 0, 1, 6]",66,11,"[[0, 1], [1, 3], [2, 3], [0, 11], [10, 11], [8, 10], [8, 9], [7, 9], [6, 7], [5, 6], [4, 5]]"
DOA-V5B-POSTFREEZE-MST-TDOA-YAMAOKA2023-20260913,eigenmike,eigenmike,task4,recording5,440,3,0,-44.028859960988335,-44.36929396008736,-0.3404339990990195,0.3404339990990195,0.11589530774255122,0.22775069999624975,False,1,350.0,3500.0,-80.0,80.0,1.0,12,"[26, 19, 16, 18, 17, 22, 10, 3, 2, 0, 1, 6]",66,11,"[[0, 1], [1, 3], [1, 2], [2, 4], [4, 5], [5, 6], [6, 7], [7, 9], [7, 8], [8, 10], [10, 11]]"
DOA-V5B-POSTFREEZE-MST-TDOA-YAMAOKA2023-20260913,eigenmike,eigenmike,task4,recording5,484,4,0,-42.52843453868627,-45.42377296727528,-2.895338428589014,2.895338428589014,8.3829846160643,0.21483389999775682,False,1,350.0,3500.0,-80.0,80.0,1.0,12,"[26, 19, 16, 18, 17, 22, 10, 3, 2, 0, 1, 6]",66,11,"[[0, 1], [1, 3], [2, 3], [2, 4], [4, 5], [5, 6], [6, 7], [7, 9], [7, 8], [8, 10], [10, 11]]"
DOA-V5B-POSTFREEZE-MST-TDOA-YAMAOKA2023-20260913,eigenmike,eigenmike,task4,recording5,1052,5,0,14.322140720723251,45.678804801294234,31.356664080570994,31.356664080570994,983.2403822617712,0.21842369999649236,False,1,350.0,3500.0,-80.0,80.0,1.0,12,"[26, 19, 16, 18, 17, 22, 10, 3, 2, 0, 1, 6]",66,11,"[[0, 1], [1, 2], [1, 3], [3, 4], [0, 11], [10, 11], [9, 10], [8, 10], [7, 8], [6, 7], [5, 6]]"
DOA-V5B-POSTFREEZE-MST-TDOA-YAMAOKA2023-20260913,eigenmike,eigenmike,task4,recording5,1096,6,0,19.927143944940692,50.36846365856007,30.44131971361938,30.44131971361938,926.6739459067918,0.22093019999738317,False,1,350.0,3500.0,-80.0,80.0,1.0,12,"[26, 19, 16, 18, 17, 22, 10, 3, 2, 0, 1, 6]",66,11,"[[0, 1], [1, 2], [2, 4], [1, 3], [0, 11], [10, 11], [9, 10], [8, 10], [7, 8], [6, 7], [4, 5]]"
DOA-V5B-POSTFREEZE-MST-TDOA-YAMAOKA2023-20260913,eigenmike,eigenmike,task4,recording5,2248,7,0,-38.16617393406815,-54.53079545072918,-16.364621516661032,16.364621516661032,267.8008373835652,0.2131424999970477,False,1,350.0,3500.0,-80.0,80.0,1.0,12,"[26, 19, 16, 18, 17, 22, 10, 3, 2, 0, 1, 6]",66,11,"[[0, 1], [1, 3], [1, 2], [2, 4], [4, 5], [5, 6], [6, 7], [7, 9], [7, 8], [8, 10], [10, 11]]"
DOA-V5B-POSTFREEZE-MST-TDOA-YAMAOKA2023-20260913,eigenmike,eigenmike,task4,recording5,2473,8,1,4.8974170674100295,55.23972181046042,50.34230474305039,50.34230474305039,2534.347646842154,0.2126256000046851,False,1,350.0,3500.0,-80.0,80.0,1.0,12,"[26, 19, 16, 18, 17, 22, 10, 3, 2, 0, 1, 6]",66,11,"[[0, 1], [1, 2], [1, 3], [3, 4], [4, 5], [0, 11], [10, 11], [9, 10], [7, 9], [7, 8], [6, 7]]"
DOA-V5B-POSTFREEZE-MST-TDOA-YAMAOKA2023-20260913,eigenmike,eigenmike,task4,recording5,4007,9,1,-19.163166490557472,79.99965486413433,99.1628213546918,99.1628213546918,9833.26513902252,0.21625009999843314,False,1,350.0,3500.0,-80.0,80.0,1.0,12,"[26, 19, 16, 18, 17, 22, 10, 3, 2, 0, 1, 6]",66,11,"[[0, 1], [1, 3], [1, 2], [3, 4], [4, 5], [0, 11], [10, 11], [9, 10], [7, 9], [7, 8], [6, 7]]"
DOA-V5B-POSTFREEZE-MST-TDOA-YAMAOKA2023-20260913,eigenmike,eigenmike,task4,recording5,4313,10,0,36.76723848069081,52.78089615711915,16.013657676428352,16.013657676428352,256.4372321778327,0.5383374000011827,False,1,350.0,3500.0,-80.0,80.0,1.0,12,"[26, 19, 16, 18, 17, 22, 10, 3, 2, 0, 1, 6]",66,11,"[[0, 11], [10, 11], [8, 10], [9, 10], [7, 8], [6, 7], [0, 1], [1, 2], [2, 4], [4, 5], [3, 4]]"
DOA-V5B-POSTFREEZE-MST-TDOA-YAMAOKA2023-20260913,eigenmike,eigenmike,task4,recording5,4357,11,0,36.85997274895802,48.40518376832999,11.545211019371976,11.545211019371976,133.2918974818281,0.622486200001731,False,1,350.0,3500.0,-80.0,80.0,1.0,12,"[26, 19, 16, 18, 17, 22, 10, 3, 2, 0, 1, 6]",66,11,"[[0, 11], [10, 11], [9, 10], [8, 10], [7, 9], [6, 7], [0, 1], [1, 2], [1, 3], [3, 4], [4, 5]]"
DOA-V5B-POSTFREEZE-MST-TDOA-YAMAOKA2023-20260913,eigenmike,eigenmike,task4,recording5,4979,12,0,-13.81785077604836,-12.969863983308851,0.8479867927395048,0.8479867927395048,0.719081600660632,0.6052015000022948,False,1,350.0,3500.0,-80.0,80.0,1.0,12,"[26, 19, 16, 18, 17, 22, 10, 3, 2, 0, 1, 6]",66,11,"[[0, 1], [1, 2], [1, 3], [2, 4], [4, 5], [5, 6], [6, 7], [7, 9], [7, 8], [8, 10], [10, 11]]"
DOA-V5B-POSTFREEZE-MST-TDOA-YAMAOKA2023-20260913,eigenmike,eigenmike,task4,recording5,5107,13,1,-25.351688645362806,21.402053553853516,46.75374219921633,46.75374219921633,2185.912409630782,0.6111644999982673,False,1,350.0,3500.0,-80.0,80.0,1.0,12,"[26, 19, 16, 18, 17, 22, 10, 3, 2, 0, 1, 6]",66,11,"[[0, 1], [1, 3], [1, 2], [2, 4], [4, 5], [5, 6], [6, 7], [7, 8], [7, 9], [9, 10], [10, 11]]"
DOA-V5B-POSTFREEZE-MST-TDOA-YAMAOKA2023-20260913,eigenmike,eigenmike,task4,recording5,5151,14,1,-22.414787240749128,43.829230423026345,66.24401766377548,66.24401766377548,4388.269876238598,0.6088983000008739,False,1,350.0,3500.0,-80.0,80.0,1.0,12,"[26, 19, 16, 18, 17, 22, 10, 3, 2, 0, 1, 6]",66,11,"[[0, 1], [1, 3], [1, 2], [2, 4], [4, 5], [0, 11], [10, 11], [8, 10], [7, 8], [7, 9], [6, 7]]"
DOA-V5B-POSTFREEZE-MST-TDOA-YAMAOKA2023-20260913,eigenmike,eigenmike,task4,recording5,5662,15,0,-37.633143632464865,-75.77213167897538,-38.13898804651052,38.13898804651052,1454.5824092118723,0.6260070000062115,False,1,350.0,3500.0,-80.0,80.0,1.0,12,"[26, 19, 16, 18, 17, 22, 10, 3, 2, 0, 1, 6]",66,11,"[[0, 1], [1, 3], [3, 4], [2, 4], [4, 5], [5, 6], [6, 7], [7, 8], [7, 9], [8, 10], [10, 11]]"
DOA-V5B-POSTFREEZE-MST-TDOA-YAMAOKA2023-20260913,eigenmike,eigenmike,task4,recording5,6210,16,1,26.304837912973994,59.679222873997446,33.37438496102345,33.37438496102345,1113.8495715265883,0.24807870000222465,False,1,350.0,3500.0,-80.0,80.0,1.0,12,"[26, 19, 16, 18, 17, 22, 10, 3, 2, 0, 1, 6]",66,11,"[[0, 1], [1, 3], [3, 4], [4, 5], [2, 4], [0, 11], [10, 11], [8, 10], [9, 10], [7, 8], [6, 7]]"
DOA-V5B-POSTFREEZE-MST-TDOA-YAMAOKA2023-20260913,eigenmike,eigenmike,task4,recording5,6717,17,1,17.89844616526163,44.68800609581305,26.789559930551434,26.789559930551434,717.6805212726069,0.22643719999905443,False,1,350.0,3500.0,-80.0,80.0,1.0,12,"[26, 19, 16, 18, 17, 22, 10, 3, 2, 0, 1, 6]",66,11,"[[0, 11], [10, 11], [9, 10], [8, 10], [7, 8], [6, 7], [0, 1], [1, 3], [3, 4], [2, 4], [4, 5]]"
DOA-V5B-POSTFREEZE-MST-TDOA-YAMAOKA2023-20260913,eigenmike,eigenmike,task4,recording5,7095,18,0,45.43974205230225,74.67391233355215,29.234170281249902,29.234170281249902,854.636712033115,0.2250147000013385,False,1,350.0,3500.0,-80.0,80.0,1.0,12,"[26, 19, 16, 18, 17, 22, 10, 3, 2, 0, 1, 6]",66,11,"[[0, 11], [10, 11], [9, 10], [8, 10], [7, 9], [0, 1], [1, 2], [1, 3], [3, 4], [4, 5], [6, 7]]"
DOA-V5B-POSTFREEZE-MST-TDOA-YAMAOKA2023-20260913,eigenmike,eigenmike,task4,recording5,7139,19,0,47.83251770935808,70.52999788272412,22.697480173366046,22.697480173366046,515.1756062203448,0.22310339999967255,False,1,350.0,3500.0,-80.0,80.0,1.0,12,"[26, 19, 16, 18, 17, 22, 10, 3, 2, 0, 1, 6]",66,11,"[[0, 1], [1, 2], [1, 3], [3, 4], [4, 5], [0, 11], [10, 11], [9, 10], [8, 10], [7, 8], [6, 7]]"
DOA-V5B-POSTFREEZE-MST-TDOA-YAMAOKA2023-20260913,robothead,benchmark2,task1,recording1,294,0,0,12.95920799588529,22.197884909209396,9.238676913324099,9.238676913324099,85.3531511087877,0.21373689999745693,False,1,350.0,3500.0,-80.0,80.0,1.0,12,"[0, 1, 2, 3, 4, 5, 6, 7, 8, 9, 10, 11]",66,11,"[[0, 2], [0, 1], [1, 11], [4, 11], [4, 5], [5, 6], [6, 7], [7, 8], [0, 3], [5, 10], [5, 9]]"
DOA-V5B-POSTFREEZE-MST-TDOA-YAMAOKA2023-20260913,robothead,benchmark2,task1,recording1,307,1,0,12.95920799588529,19.65147677224255,6.692268776357253,6.692268776357253,44.7864613750062,0.21394229999714298,False,1,350.0,3500.0,-80.0,80.0,1.0,12,"[0, 1, 2, 3, 4, 5, 6, 7, 8, 9, 10, 11]",66,11,"[[0, 2], [0, 1], [1, 11], [4, 11], [4, 5], [5, 6], [6, 7], [7, 8], [0, 3], [5, 9], [7, 10]]"
DOA-V5B-POSTFREEZE-MST-TDOA-YAMAOKA2023-20260913,robothead,benchmark2,task1,recording1,321,2,0,12.95920799588529,22.086538666454857,9.127330670569563,9.127330670569563,83.30816516991983,0.2127011000047787,False,1,350.0,3500.0,-80.0,80.0,1.0,12,"[0, 1, 2, 3, 4, 5, 6, 7, 8, 9, 10, 11]",66,11,"[[0, 2], [0, 1], [1, 4], [4, 5], [5, 6], [4, 11], [6, 7], [7, 8], [0, 3], [5, 10], [5, 9]]"
DOA-V5B-POSTFREEZE-MST-TDOA-YAMAOKA2023-20260913,robothead,benchmark2,task1,recording1,334,3,0,12.95920799588529,22.474703026757002,9.515495030871705,9.515495030871705,90.5446456825441,0.21349490000284277,False,1,350.0,3500.0,-80.0,80.0,1.0,12,"[0, 1, 2, 3, 4, 5, 6, 7, 8, 9, 10, 11]",66,11,"[[0, 2], [0, 1], [1, 11], [4, 11], [4, 5], [5, 6], [6, 7], [7, 8], [0, 3], [4, 10], [5, 9]]"
DOA-V5B-POSTFREEZE-MST-TDOA-YAMAOKA2023-20260913,robothead,benchmark2,task1,recording1,347,4,0,12.95920799588529,22.868031270714553,9.908823274829274,9.908823274829274,98.18477869179834,0.23034150000603404,False,1,350.0,3500.0,-80.0,80.0,1.0,12,"[0, 1, 2, 3, 4, 5, 6, 7, 8, 9, 10, 11]",66,11,"[[0, 2], [0, 1], [1, 11], [4, 11], [4, 5], [5, 6], [6, 7], [7, 8], [0, 3], [4, 10], [5, 9]]"
DOA-V5B-POSTFREEZE-MST-TDOA-YAMAOKA2023-20260913,robothead,benchmark2,task1,recording1,360,5,0,12.95920799588529,22.697738388211974,9.73853039232668,9.73853039232668,94.83897420227045,0.21755879999545868,False,1,350.0,3500.0,-80.0,80.0,1.0,12,"[0, 1, 2, 3, 4, 5, 6, 7, 8, 9, 10, 11]",66,11,"[[0, 2], [0, 1], [1, 11], [4, 11], [4, 5], [5, 6], [6, 7], [7, 8], [0, 3], [4, 10], [5, 9]]"
DOA-V5B-POSTFREEZE-MST-TDOA-YAMAOKA2023-20260913,robothead,benchmark2,task1,recording1,374,6,0,12.95920799588529,22.980653075894665,10.021445080009386,10.021445080009386,100.42936149164433,0.21581000000151107,False,1,350.0,3500.0,-80.0,80.0,1.0,12,"[0, 1, 2, 3, 4, 5, 6, 7, 8, 9, 10, 11]",66,11,"[[0, 2], [0, 1], [1, 11], [4, 11], [4, 5], [5, 6], [6, 7], [7, 8], [0, 3], [4, 10], [5, 9]]"
DOA-V5B-POSTFREEZE-MST-TDOA-YAMAOKA2023-20260913,robothead,benchmark2,task1,recording1,387,7,0,12.95920799588529,23.72275520175707,10.763547205871788,10.763547205871788,115.85394845303037,0.21276490000309423,False,1,350.0,3500.0,-80.0,80.0,1.0,12,"[0, 1, 2, 3, 4, 5, 6, 7, 8, 9, 10, 11]",66,11,"[[0, 2], [0, 1], [1, 11], [4, 11], [4, 5], [5, 6], [6, 7], [7, 8], [0, 3], [4, 10], [5, 9]]"
DOA-V5B-POSTFREEZE-MST-TDOA-YAMAOKA2023-20260913,robothead,benchmark2,task1,recording1,400,8,0,12.95920799588529,24.396712239093105,11.437504243207826,11.437504243207826,130.81650331339702,0.2175797000018065,False,1,350.0,3500.0,-80.0,80.0,1.0,12,"[0, 1, 2, 3, 4, 5, 6, 7, 8, 9, 10, 11]",66,11,"[[0, 2], [0, 1], [1, 11], [4, 11], [4, 5], [5, 6], [6, 7], [7, 8], [0, 3], [4, 10], [5, 9]]"
DOA-V5B-POSTFREEZE-MST-TDOA-YAMAOKA2023-20260913,robothead,benchmark2,task1,recording1,413,9,0,12.95920799588529,21.533152817674797,8.573944821789496,8.573944821789496,73.51252980709091,0.21263310000358615,False,1,350.0,3500.0,-80.0,80.0,1.0,12,"[0, 1, 2, 3, 4, 5, 6, 7, 8, 9, 10, 11]",66,11,"[[0, 2], [0, 1], [1, 11], [4, 11], [4, 5], [5, 6], [6, 7], [7, 8], [0, 3], [7, 10], [4, 9]]"
DOA-V5B-POSTFREEZE-MST-TDOA-YAMAOKA2023-20260913,robothead,benchmark2,task1,recording1,555,10,0,12.95920799588529,20.424726658272522,7.46551866238724,7.46551866238724,55.73396889845216,0.212280899999314,False,1,350.0,3500.0,-80.0,80.0,1.0,12,"[0, 1, 2, 3, 4, 5, 6, 7, 8, 9, 10, 11]",66,11,"[[0, 2], [0, 1], [1, 4], [4, 5], [5, 6], [4, 11], [6, 7], [7, 8], [0, 3], [7, 10], [5, 9]]"
DOA-V5B-POSTFREEZE-MST-TDOA-YAMAOKA2023-20260913,robothead,benchmark2,task1,recording1,568,11,0,12.95920799588529,17.207445253752635,4.248237257867345,4.248237257867345,18.047519799132257,0.21143960000335937,False,1,350.0,3500.0,-80.0,80.0,1.0,12,"[0, 1, 2, 3, 4, 5, 6, 7, 8, 9, 10, 11]",66,11,"[[0, 2], [0, 1], [1, 11], [4, 11], [4, 5], [5, 6], [6, 7], [7, 8], [0, 3], [7, 10], [8, 9]]"
DOA-V5B-POSTFREEZE-MST-TDOA-YAMAOKA2023-20260913,robothead,benchmark2,task1,recording1,581,12,0,12.95920799588529,18.98689660106283,6.027688605177531,6.027688605177531,36.333029920987045,0.2128582000004826,False,1,350.0,3500.0,-80.0,80.0,1.0,12,"[0, 1, 2, 3, 4, 5, 6, 7, 8, 9, 10, 11]",66,11,"[[0, 2], [0, 1], [1, 11], [4, 11], [4, 5], [5, 6], [6, 7], [7, 8], [2, 3], [7, 10], [4, 9]]"
DOA-V5B-POSTFREEZE-MST-TDOA-YAMAOKA2023-20260913,robothead,benchmark2,task1,recording1,594,13,0,12.95920799588529,20.351747105644936,7.392539109759639,7.392539109759639,54.649634489325834,0.21326520000002347,False,1,350.0,3500.0,-80.0,80.0,1.0,12,"[0, 1, 2, 3, 4, 5, 6, 7, 8, 9, 10, 11]",66,11,"[[0, 2], [0, 1], [1, 4], [4, 5], [5, 6], [4, 11], [6, 7], [7, 8], [0, 3], [7, 10], [4, 9]]"
DOA-V5B-POSTFREEZE-MST-TDOA-YAMAOKA2023-20260913,robothead,benchmark2,task1,recording1,608,14,0,12.95920799588529,20.59294308191533,7.633735086030043,7.633735086030043,58.27391136368611,0.21464109999942593,False,1,350.0,3500.0,-80.0,80.0,1.0,12,"[0, 1, 2, 3, 4, 5, 6, 7, 8, 9, 10, 11]",66,11,"[[0, 2], [0, 1], [1, 11], [4, 11], [4, 5], [5, 6], [6, 7], [7, 8], [0, 3], [7, 10], [4, 9]]"
DOA-V5B-POSTFREEZE-MST-TDOA-YAMAOKA2023-20260913,robothead,benchmark2,task1,recording1,621,15,0,12.95920799588529,22.954499690758592,9.995291694873288,9.995291694873288,99.90585606560292,0.21361020000040298,False,1,350.0,3500.0,-80.0,80.0,1.0,12,"[0, 1, 2, 3, 4, 5, 6, 7, 8, 9, 10, 11]",66,11,"[[0, 2], [0, 1], [1, 11], [4, 11], [4, 5], [5, 6], [6, 7], [7, 8], [0, 3], [4, 10], [5, 9]]"
DOA-V5B-POSTFREEZE-MST-TDOA-YAMAOKA2023-20260913,robothead,benchmark2,task1,recording1,634,16,0,12.95920799588529,22.957750647699417,9.99854265181412,9.99854265181412,99.97085516014613,0.21987909999734256,False,1,350.0,3500.0,-80.0,80.0,1.0,12,"[0, 1, 2, 3, 4, 5, 6, 7, 8, 9, 10, 11]",66,11,"[[0, 2], [0, 1], [1, 11], [4, 11], [4, 5], [5, 6], [6, 7], [7, 8], [0, 3], [10, 11], [5, 9]]"
DOA-V5B-POSTFREEZE-MST-TDOA-YAMAOKA2023-20260913,robothead,benchmark2,task1,recording1,647,17,0,12.95920799588529,24.40293840236386,11.44373040647858,11.44373040647858,130.95896561616237,0.2135100999948918,False,1,350.0,3500.0,-80.0,80.0,1.0,12,"[0, 1, 2, 3, 4, 5, 6, 7, 8, 9, 10, 11]",66,11,"[[0, 2], [0, 1], [1, 11], [4, 11], [4, 5], [5, 6], [6, 7], [7, 8], [0, 3], [6, 10], [5, 9]]"
DOA-V5B-POSTFREEZE-MST-TDOA-YAMAOKA2023-20260913,robothead,benchmark2,task1,recording1,661,18,0,12.95920799588529,23.243534199895766,10.284326204010483,10.284326204010483,105.76736547049667,0.216174699999101,False,1,350.0,3500.0,-80.0,80.0,1.0,12,"[0, 1, 2, 3, 4, 5, 6, 7, 8, 9, 10, 11]",66,11,"[[0, 2], [0, 1], [1, 11], [4, 11], [4, 5], [5, 6], [6, 7], [7, 8], [0, 3], [5, 10], [5, 9]]"
DOA-V5B-POSTFREEZE-MST-TDOA-YAMAOKA2023-20260913,robothead,benchmark2,task1,recording1,674,19,0,12.95920799588529,23.655115498878263,10.69590750299298,10.69590750299298,114.40243731258154,0.2151847999994061,False,1,350.0,3500.0,-80.0,80.0,1.0,12,"[0, 1, 2, 3, 4, 5, 6, 7, 8, 9, 10, 11]",66,11,"[[0, 2], [0, 1], [1, 11], [4, 11], [4, 5], [5, 6], [6, 7], [7, 8], [0, 3], [4, 10], [5, 9]]"
DOA-V5B-POSTFREEZE-MST-TDOA-YAMAOKA2023-20260913,robothead,benchmark2,task1,recording10,91,0,0,-10.728892053035374,-9.975988807037442,0.7529032459979419,0.7529032459979419,0.5668632978342374,0.2149446000039461,False,1,350.0,3500.0,-80.0,80.0,1.0,12,"[0, 1, 2, 3, 4, 5, 6, 7, 8, 9, 10, 11]",66,11,"[[0, 2], [0, 1], [1, 11], [4, 11], [4, 5], [5, 6], [6, 7], [6, 10], [1, 3], [7, 8], [9, 10]]"
DOA-V5B-POSTFREEZE-MST-TDOA-YAMAOKA2023-20260913,robothead,benchmark2,task1,recording10,119,1,0,-10.728892053035374,-8.653447827173599,2.075444225861787,2.075444225861787,4.307468734663033,0.21580550000362564,False,1,350.0,3500.0,-80.0,80.0,1.0,12,"[0, 1, 2, 3, 4, 5, 6, 7, 8, 9, 10, 11]",66,11,"[[0, 2], [1, 2], [1, 11], [4, 11], [4, 5], [5, 6], [6, 10], [1, 3], [6, 7], [7, 8], [1, 9]]"
DOA-V5B-POSTFREEZE-MST-TDOA-YAMAOKA2023-20260913,robothead,benchmark2,task1,recording10,146,2,0,-10.728892053035374,-8.641483235259802,2.0874088177755823,2.0874088177755823,4.3572755725272545,0.2149217000041972,False,1,350.0,3500.0,-80.0,80.0,1.0,12,"[0, 1, 2, 3, 4, 5, 6, 7, 8, 9, 10, 11]",66,11,"[[0, 2], [1, 2], [1, 11], [4, 11], [4, 5], [5, 6], [6, 10], [6, 7], [1, 3], [7, 8], [1, 9]]"
DOA-V5B-POSTFREEZE-MST-TDOA-YAMAOKA2023-20260913,robothead,benchmark2,task1,recording10,174,3,0,-10.728892053035374,-8.49904978944781,2.2298422635875568,2.2298422635875568,4.972196520481279,0.21460970000043744,False,1,350.0,3500.0,-80.0,80.0,1.0,12,"[0, 1, 2, 3, 4, 5, 6, 7, 8, 9, 10, 11]",66,11,"[[0, 2], [1, 2], [1, 11], [4, 11], [4, 5], [5, 6], [6, 10], [6, 7], [1, 3], [7, 8], [1, 9]]"
DOA-V5B-POSTFREEZE-MST-TDOA-YAMAOKA2023-20260913,robothead,benchmark2,task1,recording10,202,4,0,-10.728892053035374,-7.8512240509635225,2.8776680020718572,2.8776680020718572,8.280973130148235,0.21592249999957858,False,1,350.0,3500.0,-80.0,80.0,1.0,12,"[0, 1, 2, 3, 4, 5, 6, 7, 8, 9, 10, 11]",66,11,"[[0, 2], [1, 2], [1, 11], [4, 11], [4, 5], [5, 6], [6, 10], [6, 7], [1, 3], [7, 8], [1, 9]]"
DOA-V5B-POSTFREEZE-MST-TDOA-YAMAOKA2023-20260913,robothead,benchmark2,task1,recording10,229,5,0,-10.728892053035374,-7.8979747673937055,2.830917285641675,2.830917285641675,8.014092678144829,0.21656989999610232,False,1,350.0,3500.0,-80.0,80.0,1.0,12,"[0, 1, 2, 3, 4, 5, 6, 7, 8, 9, 10, 11]",66,11,"[[0, 2], [0, 1], [1, 11], [4, 11], [4, 5], [5, 6], [6, 10], [6, 7], [7, 8], [1, 3], [1, 9]]"
DOA-V5B-POSTFREEZE-MST-TDOA-YAMAOKA2023-20260913,robothead,benchmark2,task1,recording10,257,6,0,-10.728892053035374,-10.190424117853706,0.5384679351816715,0.5384679351816715,0.28994771721881274,0.21621779999986757,False,1,350.0,3500.0,-80.0,80.0,1.0,12,"[0, 1, 2, 3, 4, 5, 6, 7, 8, 9, 10, 11]",66,11,"[[0, 2], [0, 1], [1, 11], [4, 11], [4, 5], [5, 6], [6, 7], [7, 8], [7, 10], [3, 7], [9, 10]]"
DOA-V5B-POSTFREEZE-MST-TDOA-YAMAOKA2023-20260913,robothead,benchmark2,task1,recording10,328,7,0,-10.728892053035374,-6.782468924484302,3.9464231285510607,3.9464231285510607,15.574255509562741,0.2122345999960089,False,1,350.0,3500.0,-80.0,80.0,1.0,12,"[0, 1, 2, 3, 4, 5, 6, 7, 8, 9, 10, 11]",66,11,"[[0, 2], [0, 1], [1, 11], [4, 11], [4, 5], [5, 6], [4, 10], [1, 3], [6, 7], [7, 8], [1, 9]]"
DOA-V5B-POSTFREEZE-MST-TDOA-YAMAOKA2023-20260913,robothead,benchmark2,task1,recording10,356,8,0,-10.728892053035374,-8.720154981191703,2.008737071843683,2.008737071843683,4.035024623799134,0.21352919999480946,False,1,350.0,3500.0,-80.0,80.0,1.0,12,"[0, 1, 2, 3, 4, 5, 6, 7, 8, 9, 10, 11]",66,11,"[[0, 2], [1, 2], [1, 11], [4, 11], [4, 5], [5, 6], [6, 10], [1, 3], [6, 7], [7, 8], [1, 9]]"
DOA-V5B-POSTFREEZE-MST-TDOA-YAMAOKA2023-20260913,robothead,benchmark2,task1,recording10,384,9,0,-10.728892053035374,-8.607652889483319,2.1212391635520476,2.1212391635520476,4.4996555889869905,0.2171338999978616,False,1,350.0,3500.0,-80.0,80.0,1.0,12,"[0, 1, 2, 3, 4, 5, 6, 7, 8, 9, 10, 11]",66,11,"[[0, 2], [1, 2], [1, 11], [4, 11], [4, 5], [5, 6], [6, 10], [1, 3], [6, 7], [7, 8], [1, 9]]"
DOA-V5B-POSTFREEZE-MST-TDOA-YAMAOKA2023-20260913,robothead,benchmark2,task1,recording10,411,10,0,-10.728892053035374,-8.474928878421924,2.2539631746134603,2.2539631746134603,5.080349992513588,0.2181979000015417,False,1,350.0,3500.0,-80.0,80.0,1.0,12,"[0, 1, 2, 3, 4, 5, 6, 7, 8, 9, 10, 11]",66,11,"[[0, 2], [1, 2], [1, 11], [4, 11], [4, 5], [5, 6], [6, 10], [1, 3], [6, 7], [7, 8], [1, 9]]"
DOA-V5B-POSTFREEZE-MST-TDOA-YAMAOKA2023-20260913,robothead,benchmark2,task1,recording10,439,11,0,-10.728892053035374,-6.620839178222802,4.108052874812586,4.108052874812586,16.87609842225595,0.21793939999770373,False,1,350.0,3500.0,-80.0,80.0,1.0,12,"[0, 1, 2, 3, 4, 5, 6, 7, 8, 9, 10, 11]",66,11,"[[0, 2], [0, 1], [1, 11], [4, 11], [4, 5], [5, 6], [4, 10], [0, 3], [6, 7], [7, 8], [4, 9]]"
DOA-V5B-POSTFREEZE-MST-TDOA-YAMAOKA2023-20260913,robothead,benchmark2,task1,recording10,467,12,0,-10.728892053035374,-8.559253798254211,2.169638254781148,2.169638254781148,4.707330156609786,0.21224249999795575,False,1,350.0,3500.0,-80.0,80.0,1.0,12,"[0, 1, 2, 3, 4, 5, 6, 7, 8, 9, 10, 11]",66,11,"[[0, 2], [1, 2], [1, 11], [4, 11], [4, 5], [5, 6], [6, 10], [1, 3], [6, 7], [7, 8], [1, 9]]"
DOA-V5B-POSTFREEZE-MST-TDOA-YAMAOKA2023-20260913,robothead,benchmark2,task1,recording10,494,13,0,-10.728892053035374,-8.325413341426547,2.403478711608841,2.403478711608841,5.776709917156894,0.2124961000008625,False,1,350.0,3500.0,-80.0,80.0,1.0,12,"[0, 1, 2, 3, 4, 5, 6, 7, 8, 9, 10, 11]",66,11,"[[0, 2], [0, 1], [1, 11], [4, 11], [4, 5], [5, 6], [6, 10], [6, 7], [1, 3], [7, 8], [1, 9]]"
DOA-V5B-POSTFREEZE-MST-TDOA-YAMAOKA2023-20260913,robothead,benchmark2,task1,recording10,522,14,0,-10.728892053035374,-8.208694239300918,2.5201978137344554,2.5201978137344554,6.3513970203519285,0.21307510000042384,False,1,350.0,3500.0,-80.0,80.0,1.0,12,"[0, 1, 2, 3, 4, 5, 6, 7, 8, 9, 10, 11]",66,11,"[[0, 2], [0, 1], [1, 11], [4, 11], [4, 5], [5, 6], [6, 10], [6, 7], [1, 3], [7, 8], [1, 9]]"
DOA-V5B-POSTFREEZE-MST-TDOA-YAMAOKA2023-20260913,robothead,benchmark2,task1,recording10,549,15,0,-10.728892053035374,-8.461567430416437,2.267324622618929,2.267324622618929,5.14076094433407,0.21263240000553196,False,1,350.0,3500.0,-80.0,80.0,1.0,12,"[0, 1, 2, 3, 4, 5, 6, 7, 8, 9, 10, 11]",66,11,"[[0, 2], [0, 1], [1, 11], [4, 11], [4, 5], [5, 6], [6, 10], [6, 7], [1, 3], [7, 8], [9, 11]]"
DOA-V5B-POSTFREEZE-MST-TDOA-YAMAOKA2023-20260913,robothead,benchmark2,task1,recording10,577,16,0,-10.728892053035374,-8.671381894614926,2.057510158420456,2.057510158420456,4.23334805200337,0.21289450000040233,False,1,350.0,3500.0,-80.0,80.0,1.0,12,"[0, 1, 2, 3, 4, 5, 6, 7, 8, 9, 10, 11]",66,11,"[[0, 2], [1, 2], [1, 11], [4, 11], [4, 5], [5, 6], [6, 10], [1, 3], [6, 7], [7, 8], [1, 9]]"
DOA-V5B-POSTFREEZE-MST-TDOA-YAMAOKA2023-20260913,robothead,benchmark2,task1,recording10,605,17,0,-10.728892053035374,-7.991056609374728,2.737835443660657,2.737835443660657,7.495742916564547,0.21148669999820413,False,1,350.0,3500.0,-80.0,80.0,1.0,12,"[0, 1, 2, 3, 4, 5, 6, 7, 8, 9, 10, 11]",66,11,"[[0, 2], [0, 1], [1, 11], [4, 11], [4, 5], [5, 6], [4, 10], [1, 3], [6, 7], [7, 8], [1, 9]]"
DOA-V5B-POSTFREEZE-MST-TDOA-YAMAOKA2023-20260913,robothead,benchmark2,task1,recording10,632,18,0,-10.728892053035374,-8.356994723025325,2.371897330010057,2.371897330010057,5.625896944108838,0.2140704999983427,False,1,350.0,3500.0,-80.0,80.0,1.0,12,"[0, 1, 2, 3, 4, 5, 6, 7, 8, 9, 10, 11]",66,11,"[[0, 2], [1, 2], [1, 11], [4, 11], [4, 5], [5, 6], [6, 10], [1, 3], [6, 7], [7, 8], [1, 9]]"
DOA-V5B-POSTFREEZE-MST-TDOA-YAMAOKA2023-20260913,robothead,benchmark2,task1,recording10,660,19,0,-10.728892053035374,-7.78702750007356,2.9418645529618175,2.9418645529618175,8.654567047973234,0.2150303999951575,False,1,350.0,3500.0,-80.0,80.0,1.0,12,"[0, 1, 2, 3, 4, 5, 6, 7, 8, 9, 10, 11]",66,11,"[[0, 2], [1, 2], [1, 11], [4, 11], [4, 5], [5, 6], [6, 10], [6, 7], [7, 8], [1, 3], [9, 11]]"
DOA-V5B-POSTFREEZE-MST-TDOA-YAMAOKA2023-20260913,robothead,benchmark2,task1,recording11,107,0,0,49.17518968918761,52.399570971576296,3.2243812823886913,3.2243812823886913,10.396634654218541,0.21271859999978915,False,1,350.0,3500.0,-80.0,80.0,1.0,12,"[0, 1, 2, 3, 4, 5, 6, 7, 8, 9, 10, 11]",66,11,"[[0, 1], [1, 4], [4, 5], [5, 6], [6, 7], [7, 8], [5, 11], [0, 3], [0, 2], [7, 10], [9, 10]]"
DOA-V5B-POSTFREEZE-MST-TDOA-YAMAOKA2023-20260913,robothead,benchmark2,task1,recording11,128,1,0,49.17518968918761,50.08371306399135,0.9085233748037354,0.9085233748037354,0.8254147225647686,0.21457740000187187,False,1,350.0,3500.0,-80.0,80.0,1.0,12,"[0, 1, 2, 3, 4, 5, 6, 7, 8, 9, 10, 11]",66,11,"[[0, 1], [1, 4], [4, 5], [5, 6], [6, 7], [7, 8], [6, 11], [0, 3], [0, 2], [10, 11], [1, 9]]"
DOA-V5B-POSTFREEZE-MST-TDOA-YAMAOKA2023-20260913,robothead,benchmark2,task1,recording11,149,2,0,49.17518968918761,50.38551475303231,1.2103250638446923,1.2103250638446923,1.4648867601706586,0.21832700000231853,False,1,350.0,3500.0,-80.0,80.0,1.0,12,"[0, 1, 2, 3, 4, 5, 6, 7, 8, 9, 10, 11]",66,11,"[[0, 1], [1, 4], [4, 5], [5, 6], [6, 7], [7, 8], [5, 11], [0, 3], [0, 2], [10, 11], [4, 9]]"
DOA-V5B-POSTFREEZE-MST-TDOA-YAMAOKA2023-20260913,robothead,benchmark2,task1,recording11,171,3,0,49.17518968918761,50.12069409602468,0.9455044068370739,0.9455044068370739,0.893978583348327,0.21204280000529252,False,1,350.0,3500.0,-80.0,80.0,1.0,12,"[0, 1, 2, 3, 4, 5, 6, 7, 8, 9, 10, 11]",66,11,"[[0, 1], [1, 4], [4, 5], [5, 6], [6, 7], [7, 8], [0, 3], [4, 11], [0, 2], [6, 10], [1, 9]]"
DOA-V5B-POSTFREEZE-MST-TDOA-YAMAOKA2023-20260913,robothead,benchmark2,task1,recording11,192,4,0,49.17518968918761,50.220489365715366,1.0452996765277476,1.0452996765277476,1.0926514137490138,0.21388670000305865,False,1,350.0,3500.0,-80.0,80.0,1.0,12,"[0, 1, 2, 3, 4, 5, 6, 7, 8, 9, 10, 11]",66,11,"[[0, 1], [1, 4], [4, 5], [5, 6], [6, 7], [7, 8], [4, 11], [0, 3], [0, 2], [6, 10], [1, 9]]"
DOA-V5B-POSTFREEZE-MST-TDOA-YAMAOKA2023-20260913,robothead,benchmark2,task1,recording11,213,5,0,49.17518968918761,50.3180605045503,1.1428708153626985,1.1428708153626985,1.3061537006077992,0.21368580000125803,False,1,350.0,3500.0,-80.0,80.0,1.0,12,"[0, 1, 2, 3, 4, 5, 6, 7, 8, 9, 10, 11]",66,11,"[[0, 1], [1, 4], [4, 5], [5, 6], [6, 7], [7, 8], [4, 11], [0, 3], [0, 2], [6, 10], [9, 11]]"
DOA-V5B-POSTFREEZE-MST-TDOA-YAMAOKA2023-20260913,robothead,benchmark2,task1,recording11,234,6,0,49.17518968918761,51.4650746524035,2.289884963215883,2.289884963215883,5.243573144762205,0.2130611000029603,False,1,350.0,3500.0,-80.0,80.0,1.0,12,"[0, 1, 2, 3, 4, 5, 6, 7, 8, 9, 10, 11]",66,11,"[[0, 1], [1, 4], [4, 5], [5, 6], [6, 7], [7, 8], [0, 3], [4, 11], [0, 2], [10, 11], [1, 9]]"
DOA-V5B-POSTFREEZE-MST-TDOA-YAMAOKA2023-20260913,robothead,benchmark2,task1,recording11,255,7,0,49.17518968918761,50.81891369979954,1.643724010611919,1.643724010611919,2.7018286230621325,0.21123660000012023,False,1,350.0,3500.0,-80.0,80.0,1.0,12,"[0, 1, 2, 3, 4, 5, 6, 7, 8, 9, 10, 11]",66,11,"[[0, 1], [1, 4], [4, 5], [5, 6], [6, 7], [7, 8], [0, 3], [4, 11], [0, 2], [10, 11], [1, 9]]"
DOA-V5B-POSTFREEZE-MST-TDOA-YAMAOKA2023-20260913,robothead,benchmark2,task1,recording11,277,8,0,49.17518968918761,51.005354684915936,1.8301649957283246,1.8301649957283246,3.349503911589258,0.21121839999977965,False,1,350.0,3500.0,-80.0,80.0,1.0,12,"[0, 1, 2, 3, 4, 5, 6, 7, 8, 9, 10, 11]",66,11,"[[0, 1], [1, 4], [4, 5], [5, 6], [6, 7], [7, 8], [0, 3], [4, 11], [0, 2], [10, 11], [4, 9]]"
DOA-V5B-POSTFREEZE-MST-TDOA-YAMAOKA2023-20260913,robothead,benchmark2,task1,recording11,487,9,0,49.17518968918761,51.22836495159188,2.0531752624042667,2.0531752624042667,4.21552865814883,0.21465529999841237,False,1,350.0,3500.0,-80.0,80.0,1.0,12,"[0, 1, 2, 3, 4, 5, 6, 7, 8, 9, 10, 11]",66,11,"[[0, 1], [1, 4], [4, 5], [5, 6], [6, 7], [7, 8], [5, 11], [0, 3], [0, 2], [10, 11], [1, 9]]"
DOA-V5B-POSTFREEZE-MST-TDOA-YAMAOKA2023-20260913,robothead,benchmark2,task1,recording11,508,10,0,49.17518968918761,50.24413094177912,1.0689412525915145,1.0689412525915145,1.142635401491916,0.21239140000398038,False,1,350.0,3500.0,-80.0,80.0,1.0,12,"[0, 1, 2, 3, 4, 5, 6, 7, 8, 9, 10, 11]",66,11,"[[0, 1], [1, 4], [4, 5], [5, 6], [6, 7], [7, 8], [0, 3], [5, 11], [0, 2], [10, 11], [1, 9]]"
DOA-V5B-POSTFREEZE-MST-TDOA-YAMAOKA2023-20260913,robothead,benchmark2,task1,recording11,529,11,0,49.17518968918761,50.39486512170764,1.2196754325200345,1.2196754325200345,1.4876081606929332,0.2130029999971157,False,1,350.0,3500.0,-80.0,80.0,1.0,12,"[0, 1, 2, 3, 4, 5, 6, 7, 8, 9, 10, 11]",66,11,"[[0, 1], [1, 4], [4, 5], [5, 6], [6, 7], [7, 8], [0, 3], [5, 11], [0, 2], [6, 10], [4, 9]]"
DOA-V5B-POSTFREEZE-MST-TDOA-YAMAOKA2023-20260913,robothead,benchmark2,task1,recording11,551,12,0,49.17518968918761,50.23731618653501,1.062126497347407,1.062126497347407,1.1281126963674712,0.2133105999964755,False,1,350.0,3500.0,-80.0,80.0,1.0,12,"[0, 1, 2, 3, 4, 5, 6, 7, 8, 9, 10, 11]",66,11,"[[0, 1], [1, 4], [4, 5], [5, 6], [6, 7], [7, 8], [0, 3], [4, 11], [0, 2], [6, 10], [1, 9]]"
DOA-V5B-POSTFREEZE-MST-TDOA-YAMAOKA2023-20260913,robothead,benchmark2,task1,recording11,572,13,0,49.17518968918761,50.94238905429978,1.7671993651121625,1.7671993651121625,3.12299359605283,0.21467280000069877,False,1,350.0,3500.0,-80.0,80.0,1.0,12,"[0, 1, 2, 3, 4, 5, 6, 7, 8, 9, 10, 11]",66,11,"[[0, 1], [1, 4], [4, 5], [5, 6], [6, 7], [7, 8], [0, 3], [4, 11], [0, 2], [6, 10], [4, 9]]"
DOA-V5B-POSTFREEZE-MST-TDOA-YAMAOKA2023-20260913,robothead,benchmark2,task1,recording11,593,14,0,49.17518968918761,50.64972665435933,1.4745369651717226,1.4745369651717226,2.174259261657834,0.21832309999444988,False,1,350.0,3500.0,-80.0,80.0,1.0,12,"[0, 1, 2, 3, 4, 5, 6, 7, 8, 9, 10, 11]",66,11,"[[0, 1], [1, 4], [4, 5], [5, 6], [6, 7], [7, 8], [0, 3], [4, 11], [0, 2], [6, 10], [4, 9]]"
DOA-V5B-POSTFREEZE-MST-TDOA-YAMAOKA2023-20260913,robothead,benchmark2,task1,recording11,614,15,0,49.17518968918761,51.04292258558213,1.8677328963945286,1.8677328963945286,3.488426172274295,0.21813989999645855,False,1,350.0,3500.0,-80.0,80.0,1.0,12,"[0, 1, 2, 3, 4, 5, 6, 7, 8, 9, 10, 11]",66,11,"[[0, 1], [1, 4], [4, 5], [5, 6], [6, 7], [7, 8], [0, 3], [4, 11], [0, 2], [10, 11], [4, 9]]"
DOA-V5B-POSTFREEZE-MST-TDOA-YAMAOKA2023-20260913,robothead,benchmark2,task1,recording11,635,16,0,49.17518968918761,50.69884959599338,1.5236599068057615,1.5236599068057615,2.321539511607342,0.21507450000353856,False,1,350.0,3500.0,-80.0,80.0,1.0,12,"[0, 1, 2, 3, 4, 5, 6, 7, 8, 9, 10, 11]",66,11,"[[0, 1], [1, 4], [4, 5], [5, 6], [6, 7], [7, 8], [0, 3], [4, 11], [0, 2], [10, 11], [1, 9]]"
DOA-V5B-POSTFREEZE-MST-TDOA-YAMAOKA2023-20260913,robothead,benchmark2,task1,recording11,657,17,0,49.17518968918761,52.21610618034341,3.040916491155798,3.040916491155798,9.24717310618329,0.21500060000107624,False,1,350.0,3500.0,-80.0,80.0,1.0,12,"[0, 1, 2, 3, 4, 5, 6, 7, 8, 9, 10, 11]",66,11,"[[0, 1], [0, 3], [1, 4], [4, 5], [5, 6], [6, 7], [7, 8], [5, 11], [0, 2], [10, 11], [9, 10]]"
DOA-V5B-POSTFREEZE-MST-TDOA-YAMAOKA2023-20260913,robothead,benchmark2,task1,recording11,678,18,0,49.17518968918761,50.12473258510721,0.949542895919592,0.949542895919592,0.9016317111913651,0.21551929999986896,False,1,350.0,3500.0,-80.0,80.0,1.0,12,"[0, 1, 2, 3, 4, 5, 6, 7, 8, 9, 10, 11]",66,11,"[[0, 1], [1, 4], [4, 5], [5, 6], [6, 7], [7, 8], [5, 11], [0, 3], [0, 2], [6, 10], [1, 9]]"
DOA-V5B-POSTFREEZE-MST-TDOA-YAMAOKA2023-20260913,robothead,benchmark2,task1,recording11,699,19,0,49.17518968918761,50.9788232264331,1.8036335372455028,1.8036335372455028,3.2530939366767244,0.21636089999810793,False,1,350.0,3500.0,-80.0,80.0,1.0,12,"[0, 1, 2, 3, 4, 5, 6, 7, 8, 9, 10, 11]",66,11,"[[0, 1], [1, 4], [4, 5], [5, 6], [6, 7], [7, 8], [0, 3], [5, 11], [0, 2], [6, 10], [5, 9]]"
DOA-V5B-POSTFREEZE-MST-TDOA-YAMAOKA2023-20260913,robothead,benchmark2,task1,recording12,182,0,0,-67.65799484036617,-72.37106593234138,-4.713071091975223,4.713071091975223,22.213039118012524,0.21617220000189263,False,1,350.0,3500.0,-80.0,80.0,1.0,12,"[0, 1, 2, 3, 4, 5, 6, 7, 8, 9, 10, 11]",66,11,"[[0, 2], [1, 2], [1, 11], [10, 11], [9, 10], [0, 4], [4, 5], [5, 6], [6, 7], [7, 8], [3, 8]]"
DOA-V5B-POSTFREEZE-MST-TDOA-YAMAOKA2023-20260913,robothead,benchmark2,task1,recording12,209,1,0,-67.65799484036617,-67.65966031304961,-0.0016654726834417488,0.0016654726834417488,2.7737992592906598e-06,0.21440940000320552,False,1,350.0,3500.0,-80.0,80.0,1.0,12,"[0, 1, 2, 3, 4, 5, 6, 7, 8, 9, 10, 11]",66,11,"[[0, 2], [1, 2], [1, 11], [10, 11], [9, 10], [1, 4], [4, 5], [5, 6], [6, 7], [7, 8], [3, 8]]"
DOA-V5B-POSTFREEZE-MST-TDOA-YAMAOKA2023-20260913,robothead,benchmark2,task1,recording12,236,2,0,-67.65799484036617,-67.29333149882062,0.36466334154556534,0.36466334154556534,0.13297935266717764,0.21416209999733837,False,1,350.0,3500.0,-80.0,80.0,1.0,12,"[0, 1, 2, 3, 4, 5, 6, 7, 8, 9, 10, 11]",66,11,"[[0, 2], [1, 2], [1, 11], [10, 11], [9, 10], [1, 4], [4, 5], [5, 6], [6, 7], [7, 8], [3, 8]]"
DOA-V5B-POSTFREEZE-MST-TDOA-YAMAOKA2023-20260913,robothead,benchmark2,task1,recording12,263,3,0,-67.65799484036617,-67.69460070202884,-0.03660586166267876,0.03660586166267876,0.0013399891080671748,0.21143650000158232,False,1,350.0,3500.0,-80.0,80.0,1.0,12,"[0, 1, 2, 3, 4, 5, 6, 7, 8, 9, 10, 11]",66,11,"[[0, 2], [1, 2], [1, 11], [10, 11], [9, 10], [1, 4], [4, 5], [5, 6], [6, 7], [7, 8], [3, 8]]"
DOA-V5B-POSTFREEZE-MST-TDOA-YAMAOKA2023-20260913,robothead,benchmark2,task1,recording12,290,4,0,-67.65799484036617,-67.15130078084587,0.5066940595202993,0.5066940595202993,0.25673886995316064,0.2124751999945147,False,1,350.0,3500.0,-80.0,80.0,1.0,12,"[0, 1, 2, 3, 4, 5, 6, 7, 8, 9, 10, 11]",66,11,"[[0, 2], [1, 2], [1, 11], [10, 11], [2, 9], [1, 4], [4, 5], [5, 6], [6, 7], [7, 8], [3, 8]]"
DOA-V5B-POSTFREEZE-MST-TDOA-YAMAOKA2023-20260913,robothead,benchmark2,task1,recording12,318,5,0,-67.65799484036617,-69.06604322276752,-1.408048382401347,1.408048382401347,1.98260024718305,0.2146305999995093,False,1,350.0,3500.0,-80.0,80.0,1.0,12,"[0, 1, 2, 3, 4, 5, 6, 7, 8, 9, 10, 11]",66,11,"[[0, 1], [1, 11], [10, 11], [1, 2], [9, 10], [1, 4], [4, 5], [5, 6], [6, 7], [7, 8], [3, 8]]"
DOA-V5B-POSTFREEZE-MST-TDOA-YAMAOKA2023-20260913,robothead,benchmark2,task1,recording12,345,6,0,-67.65799484036617,-68.050230653114,-0.3922358127478276,0.3922358127478276,0.15384893280194886,0.21316900000238093,False,1,350.0,3500.0,-80.0,80.0,1.0,12,"[0, 1, 2, 3, 4, 5, 6, 7, 8, 9, 10, 11]",66,11,"[[0, 2], [1, 2], [1, 11], [10, 11], [9, 10], [1, 4], [4, 5], [5, 6], [6, 7], [7, 8], [3, 8]]"
DOA-V5B-POSTFREEZE-MST-TDOA-YAMAOKA2023-20260913,robothead,benchmark2,task1,recording12,372,7,0,-67.65799484036617,-70.37156621312852,-2.7135713727623454,2.7135713727623454,7.36346959507532,0.21212089999607997,False,1,350.0,3500.0,-80.0,80.0,1.0,12,"[0, 1, 2, 3, 4, 5, 6, 7, 8, 9, 10, 11]",66,11,"[[0, 2], [1, 2], [1, 11], [10, 11], [9, 10], [0, 4], [4, 5], [5, 6], [6, 7], [7, 8], [3, 8]]"
DOA-V5B-POSTFREEZE-MST-TDOA-YAMAOKA2023-20260913,robothead,benchmark2,task1,recording12,399,8,0,-67.65799484036617,-67.14317067538396,0.5148241649822012,0.5148241649822012,0.2650439208496207,0.2117013999959454,False,1,350.0,3500.0,-80.0,80.0,1.0,12,"[0, 1, 2, 3, 4, 5, 6, 7, 8, 9, 10, 11]",66,11,"[[0, 2], [1, 2], [1, 11], [10, 11], [2, 9], [1, 4], [4, 5], [5, 6], [6, 7], [7, 8], [3, 8]]"
DOA-V5B-POSTFREEZE-MST-TDOA-YAMAOKA2023-20260913,robothead,benchmark2,task1,recording12,426,9,0,-67.65799484036617,-67.00928536268012,0.6487094776860545,0.6487094776860545,0.4208239864397136,0.21582599999965169,False,1,350.0,3500.0,-80.0,80.0,1.0,12,"[0, 1, 2, 3, 4, 5, 6, 7, 8, 9, 10, 11]",66,11,"[[0, 2], [1, 2], [1, 11], [10, 11], [2, 9], [1, 4], [4, 5], [5, 6], [6, 7], [7, 8], [3, 8]]"
DOA-V5B-POSTFREEZE-MST-TDOA-YAMAOKA2023-20260913,robothead,benchmark2,task1,recording12,453,10,0,-67.65799484036617,-67.0037069447307,0.6542878956354912,0.6542878956354912,0.4280926503751194,0.21255640000163112,False,1,350.0,3500.0,-80.0,80.0,1.0,12,"[0, 1, 2, 3, 4, 5, 6, 7, 8, 9, 10, 11]",66,11,"[[0, 2], [1, 2], [1, 11], [10, 11], [2, 9], [1, 4], [4, 5], [5, 6], [6, 7], [7, 8], [3, 8]]"
DOA-V5B-POSTFREEZE-MST-TDOA-YAMAOKA2023-20260913,robothead,benchmark2,task1,recording12,480,11,0,-67.65799484036617,-67.30024775895194,0.3577470814142316,0.3577470814142316,0.12798297426040087,0.21353480000107083,False,1,350.0,3500.0,-80.0,80.0,1.0,12,"[0, 1, 2, 3, 4, 5, 6, 7, 8, 9, 10, 11]",66,11,"[[0, 2], [1, 2], [1, 11], [10, 11], [9, 10], [1, 4], [4, 5], [5, 6], [6, 7], [7, 8], [3, 8]]"
DOA-V5B-POSTFREEZE-MST-TDOA-YAMAOKA2023-20260913,robothead,benchmark2,task1,recording12,572,12,0,-67.65799484036617,-66.9518225256108,0.7061723147553778,0.7061723147553778,0.49867933812696835,0.21282320000318578,False,1,350.0,3500.0,-80.0,80.0,1.0,12,"[0, 1, 2, 3, 4, 5, 6, 7, 8, 9, 10, 11]",66,11,"[[0, 2], [1, 2], [1, 11], [10, 11], [2, 9], [1, 4], [4, 5], [5, 6], [6, 7], [7, 8], [3, 8]]"
DOA-V5B-POSTFREEZE-MST-TDOA-YAMAOKA2023-20260913,robothead,benchmark2,task1,recording12,599,13,0,-67.65799484036617,-68.51870640947283,-0.8607115691066554,0.8607115691066554,0.7408244051940408,0.21720389999973122,False,1,350.0,3500.0,-80.0,80.0,1.0,12,"[0, 1, 2, 3, 4, 5, 6, 7, 8, 9, 10, 11]",66,11,"[[0, 2], [1, 2], [1, 11], [10, 11], [9, 10], [4, 10], [4, 5], [5, 6], [6, 7], [7, 8], [3, 8]]"
DOA-V5B-POSTFREEZE-MST-TDOA-YAMAOKA2023-20260913,robothead,benchmark2,task1,recording12,626,14,0,-67.65799484036617,-67.81547661957988,-0.15748177921369688,0.15748177921369688,0.024800510784311572,0.21470419999968726,False,1,350.0,3500.0,-80.0,80.0,1.0,12,"[0, 1, 2, 3, 4, 5, 6, 7, 8, 9, 10, 11]",66,11,"[[0, 2], [1, 2], [1, 11], [10, 11], [9, 10], [4, 10], [4, 5], [5, 6], [6, 7], [7, 8], [3, 8]]"
DOA-V5B-POSTFREEZE-MST-TDOA-YAMAOKA2023-20260913,robothead,benchmark2,task1,recording12,654,15,0,-67.65799484036617,-67.22038663639445,0.4376082039717062,0.4376082039717062,0.1915009401833424,0.21324879999883706,False,1,350.0,3500.0,-80.0,80.0,1.0,12,"[0, 1, 2, 3, 4, 5, 6, 7, 8, 9, 10, 11]",66,11,"[[0, 2], [1, 2], [1, 11], [10, 11], [2, 9], [1, 4], [4, 5], [5, 6], [6, 7], [7, 8], [3, 8]]"
DOA-V5B-POSTFREEZE-MST-TDOA-YAMAOKA2023-20260913,robothead,benchmark2,task1,recording12,681,16,0,-67.65799484036617,-67.46429361013675,0.19370123022940788,0.19370123022940788,0.03752016659238608,0.21515499999804888,False,1,350.0,3500.0,-80.0,80.0,1.0,12,"[0, 1, 2, 3, 4, 5, 6, 7, 8, 9, 10, 11]",66,11,"[[0, 2], [1, 2], [1, 11], [10, 11], [2, 9], [1, 4], [4, 5], [5, 6], [6, 7], [7, 8], [3, 8]]"
DOA-V5B-POSTFREEZE-MST-TDOA-YAMAOKA2023-20260913,robothead,benchmark2,task1,recording12,708,17,0,-67.65799484036617,-66.79549115066027,0.8625036897059033,0.8625036897059033,0.7439126147562971,0.21512329999677604,False,1,350.0,3500.0,-80.0,80.0,1.0,12,"[0, 1, 2, 3, 4, 5, 6, 7, 8, 9, 10, 11]",66,11,"[[0, 2], [2, 9], [1, 2], [1, 11], [10, 11], [1, 4], [4, 5], [5, 6], [6, 7], [7, 8], [3, 8]]"
DOA-V5B-POSTFREEZE-MST-TDOA-YAMAOKA2023-20260913,robothead,benchmark2,task1,recording12,735,18,0,-67.65799484036617,-67.1313880292845,0.5266068110816775,0.5266068110816775,0.2773147334776136,0.21334040000510868,False,1,350.0,3500.0,-80.0,80.0,1.0,12,"[0, 1, 2, 3, 4, 5, 6, 7, 8, 9, 10, 11]",66,11,"[[0, 2], [1, 2], [1, 11], [10, 11], [2, 9], [1, 4], [4, 5], [5, 6], [6, 7], [7, 8], [3, 8]]"
DOA-V5B-POSTFREEZE-MST-TDOA-YAMAOKA2023-20260913,robothead,benchmark2,task1,recording12,762,19,0,-67.65799484036617,-67.53099846822836,0.12699637213779624,0.12699637213779624,0.01612807853616163,0.2157024999978603,False,1,350.0,3500.0,-80.0,80.0,1.0,12,"[0, 1, 2, 3, 4, 5, 6, 7, 8, 9, 10, 11]",66,11,"[[0, 2], [1, 2], [1, 11], [10, 11], [2, 9], [1, 4], [4, 5], [5, 6], [6, 7], [7, 8], [3, 8]]"
DOA-V5B-POSTFREEZE-MST-TDOA-YAMAOKA2023-20260913,robothead,benchmark2,task1,recording13,164,0,0,26.503369427064076,32.54258270010312,6.039213273039053,6.039213273039053,36.47209695725107,0.21405269999377197,False,1,350.0,3500.0,-80.0,80.0,1.0,12,"[0, 1, 2, 3, 4, 5, 6, 7, 8, 9, 10, 11]",66,11,"[[0, 2], [0, 1], [1, 4], [4, 5], [5, 6], [6, 7], [7, 8], [4, 11], [0, 3], [7, 10], [4, 9]]"
DOA-V5B-POSTFREEZE-MST-TDOA-YAMAOKA2023-20260913,robothead,benchmark2,task1,recording13,190,1,0,26.503369427064076,32.31232675102648,5.808957323962403,5.808957323962403,33.743985191616446,0.2839668000015081,False,1,350.0,3500.0,-80.0,80.0,1.0,12,"[0, 1, 2, 3, 4, 5, 6, 7, 8, 9, 10, 11]",66,11,"[[0, 2], [0, 1], [1, 4], [4, 5], [5, 6], [6, 7], [7, 8], [4, 11], [0, 3], [7, 10], [9, 11]]"
DOA-V5B-POSTFREEZE-MST-TDOA-YAMAOKA2023-20260913,robothead,benchmark2,task1,recording13,216,2,0,26.503369427064076,32.195351853426665,5.691982426362586,5.691982426362586,32.398663942020505,0.21798069999931613,False,1,350.0,3500.0,-80.0,80.0,1.0,12,"[0, 1, 2, 3, 4, 5, 6, 7, 8, 9, 10, 11]",66,11,"[[0, 2], [0, 1], [1, 4], [4, 5], [5, 6], [6, 7], [7, 8], [4, 11], [0, 3], [7, 10], [9, 11]]"
DOA-V5B-POSTFREEZE-MST-TDOA-YAMAOKA2023-20260913,robothead,benchmark2,task1,recording13,242,3,0,26.503369427064076,31.886801891727504,5.383432464663429,5.383432464663429,28.981345101592158,0.21129479999945033,False,1,350.0,3500.0,-80.0,80.0,1.0,12,"[0, 1, 2, 3, 4, 5, 6, 7, 8, 9, 10, 11]",66,11,"[[0, 2], [0, 1], [1, 4], [4, 5], [5, 6], [6, 7], [7, 8], [4, 11], [0, 3], [7, 10], [9, 11]]"
DOA-V5B-POSTFREEZE-MST-TDOA-YAMAOKA2023-20260913,robothead,benchmark2,task1,recording13,267,4,0,26.503369427064076,31.9934980888384,5.490128661774321,5.490128661774321,30.1415127228359,0.21027280000271276,False,1,350.0,3500.0,-80.0,80.0,1.0,12,"[0, 1, 2, 3, 4, 5, 6, 7, 8, 9, 10, 11]",66,11,"[[0, 2], [0, 1], [1, 4], [4, 5], [5, 6], [6, 7], [7, 8], [4, 11], [0, 3], [8, 10], [9, 11]]"
DOA-V5B-POSTFREEZE-MST-TDOA-YAMAOKA2023-20260913,robothead,benchmark2,task1,recording13,293,5,0,26.503369427064076,32.641473851848744,6.138104424784672,6.138104424784672,37.676325929561166,0.2135790000029374,False,1,350.0,3500.0,-80.0,80.0,1.0,12,"[0, 1, 2, 3, 4, 5, 6, 7, 8, 9, 10, 11]",66,11,"[[0, 2], [0, 1], [1, 4], [4, 5], [5, 6], [6, 7], [7, 8], [4, 11], [0, 3], [7, 10], [4, 9]]"
DOA-V5B-POSTFREEZE-MST-TDOA-YAMAOKA2023-20260913,robothead,benchmark2,task1,recording13,319,6,0,26.503369427064076,32.058145414531495,5.554775987467423,5.554775987467423,30.855536270944683,0.21086300000024494,False,1,350.0,3500.0,-80.0,80.0,1.0,12,"[0, 1, 2, 3, 4, 5, 6, 7, 8, 9, 10, 11]",66,11,"[[0, 2], [0, 1], [1, 4], [4, 5], [5, 6], [6, 7], [7, 8], [4, 11], [0, 3], [7, 10], [9, 11]]"
DOA-V5B-POSTFREEZE-MST-TDOA-YAMAOKA2023-20260913,robothead,benchmark2,task1,recording13,345,7,0,26.503369427064076,31.57108045236747,5.067711025303396,5.067711025303396,25.681695035981598,0.21101079999789363,False,1,350.0,3500.0,-80.0,80.0,1.0,12,"[0, 1, 2, 3, 4, 5, 6, 7, 8, 9, 10, 11]",66,11,"[[0, 2], [0, 1], [1, 4], [4, 5], [5, 6], [6, 7], [7, 8], [4, 11], [0, 3], [8, 10], [9, 11]]"
DOA-V5B-POSTFREEZE-MST-TDOA-YAMAOKA2023-20260913,robothead,benchmark2,task1,recording13,371,8,0,26.503369427064076,31.439738699040642,4.9363692719765595,4.9363692719765595,24.367741589314388,0.21061080000072252,False,1,350.0,3500.0,-80.0,80.0,1.0,12,"[0, 1, 2, 3, 4, 5, 6, 7, 8, 9, 10, 11]",66,11,"[[0, 2], [0, 1], [1, 4], [4, 5], [5, 6], [6, 7], [7, 8], [4, 11], [0, 3], [9, 11], [8, 10]]"
DOA-V5B-POSTFREEZE-MST-TDOA-YAMAOKA2023-20260913,robothead,benchmark2,task1,recording13,397,9,0,26.503369427064076,33.27284512728545,6.7694757002213635,6.7694757002213635,45.82580125588752,0.21130529999936698,False,1,350.0,3500.0,-80.0,80.0,1.0,12,"[0, 1, 2, 3, 4, 5, 6, 7, 8, 9, 10, 11]",66,11,"[[0, 2], [0, 1], [1, 4], [4, 5], [5, 6], [6, 7], [7, 8], [4, 11], [0, 3], [7, 10], [9, 11]]"
DOA-V5B-POSTFREEZE-MST-TDOA-YAMAOKA2023-20260913,robothead,benchmark2,task1,recording13,422,10,0,26.503369427064076,31.346266780343985,4.842897353279909,4.842897353279909,23.45365477440555,0.21159329999500187,False,1,350.0,3500.0,-80.0,80.0,1.0,12,"[0, 1, 2, 3, 4, 5, 6, 7, 8, 9, 10, 11]",66,11,"[[0, 2], [0, 1], [1, 4], [4, 5], [5, 6], [6, 7], [7, 8], [4, 11], [0, 3], [9, 11], [7, 10]]"
DOA-V5B-POSTFREEZE-MST-TDOA-YAMAOKA2023-20260913,robothead,benchmark2,task1,recording13,448,11,0,26.503369427064076,31.833174952466123,5.329805525402037,5.329805525402037,28.406826938606084,0.21090910000202712,False,1,350.0,3500.0,-80.0,80.0,1.0,12,"[0, 1, 2, 3, 4, 5, 6, 7, 8, 9, 10, 11]",66,11,"[[0, 2], [0, 1], [1, 4], [4, 5], [5, 6], [6, 7], [7, 8], [4, 11], [0, 3], [9, 11], [7, 10]]"
DOA-V5B-POSTFREEZE-MST-TDOA-YAMAOKA2023-20260913,robothead,benchmark2,task1,recording13,849,12,0,26.503369427064076,31.914336231450424,5.410966804386362,5.410966804386362,29.27856175817116,0.20980969999800436,False,1,350.0,3500.0,-80.0,80.0,1.0,12,"[0, 1, 2, 3, 4, 5, 6, 7, 8, 9, 10, 11]",66,11,"[[0, 2], [0, 1], [1, 4], [4, 5], [5, 6], [6, 7], [7, 8], [4, 11], [0, 3], [9, 11], [7, 10]]"
DOA-V5B-POSTFREEZE-MST-TDOA-YAMAOKA2023-20260913,robothead,benchmark2,task1,recording13,875,13,0,26.503369427064076,31.805272132682877,5.301902705618801,5.301902705618801,28.11017229984796,0.21016290000261506,False,1,350.0,3500.0,-80.0,80.0,1.0,12,"[0, 1, 2, 3, 4, 5, 6, 7, 8, 9, 10, 11]",66,11,"[[0, 2], [0, 1], [1, 4], [4, 5], [5, 6], [6, 7], [7, 8], [4, 11], [0, 3], [9, 11], [7, 10]]"
DOA-V5B-POSTFREEZE-MST-TDOA-YAMAOKA2023-20260913,robothead,benchmark2,task1,recording13,901,14,0,26.503369427064076,31.72071170731108,5.21734228024701,5.21734228024701,27.22066046925307,0.21126349999394733,False,1,350.0,3500.0,-80.0,80.0,1.0,12,"[0, 1, 2, 3, 4, 5, 6, 7, 8, 9, 10, 11]",66,11,"[[0, 2], [0, 1], [1, 4], [4, 5], [5, 6], [6, 7], [7, 8], [4, 11], [0, 3], [9, 11], [7, 10]]"
DOA-V5B-POSTFREEZE-MST-TDOA-YAMAOKA2023-20260913,robothead,benchmark2,task1,recording13,927,15,0,26.503369427064076,31.555484183905584,5.052114756841519,5.052114756841519,25.523863516295837,0.21036079999612411,False,1,350.0,3500.0,-80.0,80.0,1.0,12,"[0, 1, 2, 3, 4, 5, 6, 7, 8, 9, 10, 11]",66,11,"[[0, 2], [0, 1], [1, 4], [4, 5], [5, 6], [6, 7], [7, 8], [4, 11], [0, 3], [8, 10], [9, 11]]"
DOA-V5B-POSTFREEZE-MST-TDOA-YAMAOKA2023-20260913,robothead,benchmark2,task1,recording13,952,16,0,26.503369427064076,33.27127130928854,6.767901882224464,6.767901882224464,45.804495887417445,0.2113348999992013,False,1,350.0,3500.0,-80.0,80.0,1.0,12,"[0, 1, 2, 3, 4, 5, 6, 7, 8, 9, 10, 11]",66,11,"[[0, 2], [0, 1], [1, 4], [4, 5], [5, 6], [6, 7], [7, 8], [4, 11], [0, 3], [7, 10], [9, 11]]"
DOA-V5B-POSTFREEZE-MST-TDOA-YAMAOKA2023-20260913,robothead,benchmark2,task1,recording13,978,17,0,26.503369427064076,33.25303264719671,6.749663220132646,6.749663220132646,45.5579535852114,0.21226749999914318,False,1,350.0,3500.0,-80.0,80.0,1.0,12,"[0, 1, 2, 3, 4, 5, 6, 7, 8, 9, 10, 11]",66,11,"[[0, 2], [0, 1], [1, 4], [4, 5], [5, 6], [6, 7], [7, 8], [4, 11], [0, 3], [7, 10], [9, 11]]"
DOA-V5B-POSTFREEZE-MST-TDOA-YAMAOKA2023-20260913,robothead,benchmark2,task1,recording13,1004,18,0,26.503369427064076,31.96096600647551,5.457596579411444,5.457596579411444,29.785360423603493,0.21023000000423053,False,1,350.0,3500.0,-80.0,80.0,1.0,12,"[0, 1, 2, 3, 4, 5, 6, 7, 8, 9, 10, 11]",66,11,"[[0, 2], [0, 1], [1, 4], [4, 5], [5, 6], [6, 7], [7, 8], [4, 11], [0, 3], [7, 10], [9, 11]]"
DOA-V5B-POSTFREEZE-MST-TDOA-YAMAOKA2023-20260913,robothead,benchmark2,task1,recording13,1030,19,0,26.503369427064076,32.02001739715047,5.516647970086382,5.516647970086382,30.433404825858197,0.2123104000056628,False,1,350.0,3500.0,-80.0,80.0,1.0,12,"[0, 1, 2, 3, 4, 5, 6, 7, 8, 9, 10, 11]",66,11,"[[0, 2], [0, 1], [1, 4], [4, 5], [5, 6], [6, 7], [7, 8], [4, 11], [0, 3], [9, 11], [7, 10]]"
DOA-V5B-POSTFREEZE-MST-TDOA-YAMAOKA2023-20260913,robothead,benchmark2,task1,recording2,117,0,0,36.37191346854593,41.991509067528405,5.619595598982471,5.619595598982471,31.57985469610316,0.21066690000589006,False,1,350.0,3500.0,-80.0,80.0,1.0,12,"[0, 1, 2, 3, 4, 5, 6, 7, 8, 9, 10, 11]",66,11,"[[0, 1], [0, 2], [0, 3], [1, 4], [4, 5], [5, 6], [6, 7], [7, 8], [4, 11], [2, 9], [7, 10]]"
DOA-V5B-POSTFREEZE-MST-TDOA-YAMAOKA2023-20260913,robothead,benchmark2,task1,recording2,140,1,0,36.37191346854593,41.64081801178083,5.268904543234896,5.268904543234896,27.76135508572133,0.22053130000131205,False,1,350.0,3500.0,-80.0,80.0,1.0,12,"[0, 1, 2, 3, 4, 5, 6, 7, 8, 9, 10, 11]",66,11,"[[0, 1], [0, 2], [0, 3], [1, 4], [4, 5], [5, 6], [6, 7], [7, 8], [5, 11], [7, 10], [2, 9]]"
DOA-V5B-POSTFREEZE-MST-TDOA-YAMAOKA2023-20260913,robothead,benchmark2,task1,recording2,163,2,0,36.37191346854593,42.42301441892977,6.051100950383841,6.051100950383841,36.61582271173622,0.2171089000039501,False,1,350.0,3500.0,-80.0,80.0,1.0,12,"[0, 1, 2, 3, 4, 5, 6, 7, 8, 9, 10, 11]",66,11,"[[0, 1], [0, 2], [1, 4], [4, 5], [5, 6], [6, 7], [7, 8], [4, 11], [0, 3], [7, 10], [2, 9]]"
DOA-V5B-POSTFREEZE-MST-TDOA-YAMAOKA2023-20260913,robothead,benchmark2,task1,recording2,186,3,0,36.37191346854593,42.083981362398795,5.712067893852861,5.712067893852861,32.62771962398466,0.21387070000491804,False,1,350.0,3500.0,-80.0,80.0,1.0,12,"[0, 1, 2, 3, 4, 5, 6, 7, 8, 9, 10, 11]",66,11,"[[0, 1], [0, 2], [0, 3], [1, 4], [4, 5], [5, 6], [6, 7], [7, 8], [4, 11], [7, 10], [2, 9]]"
DOA-V5B-POSTFREEZE-MST-TDOA-YAMAOKA2023-20260913,robothead,benchmark2,task1,recording2,209,4,0,36.37191346854593,43.19140528334573,6.81949181479979,6.81949181479979,46.50546861212133,0.21256580000044778,False,1,350.0,3500.0,-80.0,80.0,1.0,12,"[0, 1, 2, 3, 4, 5, 6, 7, 8, 9, 10, 11]",66,11,"[[0, 1], [0, 2], [0, 3], [1, 4], [4, 5], [5, 6], [6, 7], [7, 8], [4, 11], [2, 9], [7, 10]]"
DOA-V5B-POSTFREEZE-MST-TDOA-YAMAOKA2023-20260913,robothead,benchmark2,task1,recording2,232,5,0,36.37191346854593,42.78320969927592,6.411296230729988,6.411296230729988,41.10471935817255,0.2115272000010009,False,1,350.0,3500.0,-80.0,80.0,1.0,12,"[0, 1, 2, 3, 4, 5, 6, 7, 8, 9, 10, 11]",66,11,"[[0, 1], [0, 2], [0, 3], [1, 4], [4, 5], [5, 6], [6, 7], [7, 8], [4, 11], [2, 9], [10, 11]]"
DOA-V5B-POSTFREEZE-MST-TDOA-YAMAOKA2023-20260913,robothead,benchmark2,task1,recording2,255,6,0,36.37191346854593,43.48668591322603,7.1147724446801135,7.1147724446801135,50.61998693957944,0.21359359999769367,False,1,350.0,3500.0,-80.0,80.0,1.0,12,"[0, 1, 2, 3, 4, 5, 6, 7, 8, 9, 10, 11]",66,11,"[[0, 1], [0, 2], [0, 3], [1, 4], [4, 5], [5, 6], [6, 7], [7, 8], [4, 11], [3, 9], [7, 10]]"
DOA-V5B-POSTFREEZE-MST-TDOA-YAMAOKA2023-20260913,robothead,benchmark2,task1,recording2,278,7,0,36.37191346854593,44.07828694713415,7.706373478588233,7.706373478588233,59.38819219148811,0.21836099999927683,False,1,350.0,3500.0,-80.0,80.0,1.0,12,"[0, 1, 2, 3, 4, 5, 6, 7, 8, 9, 10, 11]",66,11,"[[0, 1], [0, 2], [1, 4], [4, 5], [5, 6], [6, 7], [7, 8], [0, 3], [4, 11], [2, 9], [10, 11]]"
DOA-V5B-POSTFREEZE-MST-TDOA-YAMAOKA2023-20260913,robothead,benchmark2,task1,recording2,301,8,0,36.37191346854593,43.88103516675571,7.509121698209782,7.509121698209782,56.38690867852496,0.21913569999742322,False,1,350.0,3500.0,-80.0,80.0,1.0,12,"[0, 1, 2, 3, 4, 5, 6, 7, 8, 9, 10, 11]",66,11,"[[0, 1], [0, 2], [0, 3], [1, 4], [4, 5], [5, 6], [6, 7], [7, 8], [5, 11], [10, 11], [2, 9]]"
DOA-V5B-POSTFREEZE-MST-TDOA-YAMAOKA2023-20260913,robothead,benchmark2,task1,recording2,379,9,0,36.37191346854593,39.67775140273027,3.3058379341843533,3.3058379341843533,10.928564447092272,0.213043399999151,False,1,350.0,3500.0,-80.0,80.0,1.0,12,"[0, 1, 2, 3, 4, 5, 6, 7, 8, 9, 10, 11]",66,11,"[[0, 1], [0, 2], [0, 3], [1, 4], [4, 5], [5, 6], [6, 7], [7, 8], [6, 11], [7, 10], [3, 9]]"
DOA-V5B-POSTFREEZE-MST-TDOA-YAMAOKA2023-20260913,robothead,benchmark2,task1,recording2,401,10,0,36.37191346854593,43.61728854469281,7.2453750761469,7.2453750761469,52.49545999405069,0.2110474000000977,False,1,350.0,3500.0,-80.0,80.0,1.0,12,"[0, 1, 2, 3, 4, 5, 6, 7, 8, 9, 10, 11]",66,11,"[[0, 1], [0, 2], [0, 3], [1, 4], [4, 5], [5, 6], [6, 7], [7, 8], [4, 11], [10, 11], [3, 9]]"
DOA-V5B-POSTFREEZE-MST-TDOA-YAMAOKA2023-20260913,robothead,benchmark2,task1,recording2,424,11,0,36.37191346854593,42.05755007958448,5.685636611038547,5.685636611038547,32.32646367278189,0.21306360000016866,False,1,350.0,3500.0,-80.0,80.0,1.0,12,"[0, 1, 2, 3, 4, 5, 6, 7, 8, 9, 10, 11]",66,11,"[[0, 1], [0, 2], [0, 3], [1, 4], [4, 5], [5, 6], [6, 7], [7, 8], [5, 11], [2, 9], [7, 10]]"
DOA-V5B-POSTFREEZE-MST-TDOA-YAMAOKA2023-20260913,robothead,benchmark2,task1,recording2,447,12,0,36.37191346854593,42.220352456337736,5.848438987791809,5.848438987791809,34.20423859392328,0.2156907999960822,False,1,350.0,3500.0,-80.0,80.0,1.0,12,"[0, 1, 2, 3, 4, 5, 6, 7, 8, 9, 10, 11]",66,11,"[[0, 1], [0, 2], [0, 3], [1, 4], [4, 5], [5, 6], [6, 7], [7, 8], [5, 11], [2, 9], [10, 11]]"
DOA-V5B-POSTFREEZE-MST-TDOA-YAMAOKA2023-20260913,robothead,benchmark2,task1,recording2,470,13,0,36.37191346854593,44.568676222886516,8.196762754340597,8.196762754340597,67.18691965094524,0.21157310000126017,False,1,350.0,3500.0,-80.0,80.0,1.0,12,"[0, 1, 2, 3, 4, 5, 6, 7, 8, 9, 10, 11]",66,11,"[[0, 1], [0, 2], [1, 4], [4, 5], [5, 6], [6, 7], [7, 8], [0, 3], [5, 11], [10, 11], [9, 10]]"
DOA-V5B-POSTFREEZE-MST-TDOA-YAMAOKA2023-20260913,robothead,benchmark2,task1,recording2,493,14,0,36.37191346854593,42.13713402513853,5.765220556592595,5.765220556592595,33.237768066157834,0.21370249999745283,False,1,350.0,3500.0,-80.0,80.0,1.0,12,"[0, 1, 2, 3, 4, 5, 6, 7, 8, 9, 10, 11]",66,11,"[[0, 1], [0, 2], [0, 3], [1, 4], [4, 5], [5, 6], [6, 7], [7, 8], [5, 11], [2, 9], [10, 11]]"
DOA-V5B-POSTFREEZE-MST-TDOA-YAMAOKA2023-20260913,robothead,benchmark2,task1,recording2,516,15,0,36.37191346854593,44.93749502605866,8.56558155751273,8.56558155751273,73.36918741840219,0.2132670999999391,False,1,350.0,3500.0,-80.0,80.0,1.0,12,"[0, 1, 2, 3, 4, 5, 6, 7, 8, 9, 10, 11]",66,11,"[[0, 1], [1, 4], [4, 5], [5, 6], [6, 7], [7, 8], [0, 2], [4, 11], [0, 3], [10, 11], [9, 10]]"
DOA-V5B-POSTFREEZE-MST-TDOA-YAMAOKA2023-20260913,robothead,benchmark2,task1,recording2,539,16,0,36.37191346854593,42.49141751854782,6.119504050001893,6.119504050001893,37.448329817989574,0.2122129000053974,False,1,350.0,3500.0,-80.0,80.0,1.0,12,"[0, 1, 2, 3, 4, 5, 6, 7, 8, 9, 10, 11]",66,11,"[[0, 1], [0, 2], [1, 4], [4, 5], [5, 6], [6, 7], [7, 8], [4, 11], [0, 3], [7, 10], [2, 9]]"
DOA-V5B-POSTFREEZE-MST-TDOA-YAMAOKA2023-20260913,robothead,benchmark2,task1,recording2,562,17,0,36.37191346854593,41.92464351824116,5.552730049695242,5.552730049695242,30.832811004788525,0.21231939999415772,False,1,350.0,3500.0,-80.0,80.0,1.0,12,"[0, 1, 2, 3, 4, 5, 6, 7, 8, 9, 10, 11]",66,11,"[[0, 1], [0, 2], [1, 4], [4, 5], [5, 6], [6, 7], [7, 8], [4, 11], [0, 3], [7, 10], [3, 9]]"
DOA-V5B-POSTFREEZE-MST-TDOA-YAMAOKA2023-20260913,robothead,benchmark2,task1,recording2,585,18,0,36.37191346854593,43.556052765100155,7.184139296554235,7.184139296554235,51.611857432294784,0.211280399998941,False,1,350.0,3500.0,-80.0,80.0,1.0,12,"[0, 1, 2, 3, 4, 5, 6, 7, 8, 9, 10, 11]",66,11,"[[0, 1], [0, 2], [1, 4], [4, 5], [5, 6], [6, 7], [7, 8], [0, 3], [4, 11], [10, 11], [2, 9]]"
DOA-V5B-POSTFREEZE-MST-TDOA-YAMAOKA2023-20260913,robothead,benchmark2,task1,recording2,608,19,0,36.37191346854593,42.64335330014069,6.271439831594762,6.271439831594762,39.33095756131333,0.21182459999545245,False,1,350.0,3500.0,-80.0,80.0,1.0,12,"[0, 1, 2, 3, 4, 5, 6, 7, 8, 9, 10, 11]",66,11,"[[0, 1], [0, 2], [1, 4], [4, 5], [5, 6], [6, 7], [7, 8], [5, 11], [0, 3], [7, 10], [9, 10]]"
DOA-V5B-POSTFREEZE-MST-TDOA-YAMAOKA2023-20260913,robothead,benchmark2,task1,recording3,126,0,0,-51.86773890552769,-50.04852758662272,1.8192113189049621,1.8192113189049621,3.309529822831932,0.21183779999410035,False,1,350.0,3500.0,-80.0,80.0,1.0,12,"[0, 1, 2, 3, 4, 5, 6, 7, 8, 9, 10, 11]",66,11,"[[0, 2], [1, 2], [1, 11], [10, 11], [4, 11], [4, 5], [5, 6], [9, 10], [6, 7], [7, 8], [3, 8]]"
DOA-V5B-POSTFREEZE-MST-TDOA-YAMAOKA2023-20260913,robothead,benchmark2,task1,recording3,154,1,0,-51.86773890552769,-51.14835998281395,0.7193789227137302,0.7193789227137302,0.517506034444767,0.21412229999987176,False,1,350.0,3500.0,-80.0,80.0,1.0,12,"[0, 1, 2, 3, 4, 5, 6, 7, 8, 9, 10, 11]",66,11,"[[0, 2], [1, 2], [1, 11], [10, 11], [4, 11], [4, 5], [5, 6], [9, 10], [6, 7], [7, 8], [3, 11]]"
DOA-V5B-POSTFREEZE-MST-TDOA-YAMAOKA2023-20260913,robothead,benchmark2,task1,recording3,182,2,0,-51.86773890552769,-49.83685136594671,2.0308875395809878,2.0308875395809878,4.124504198425318,0.22123560000181897,False,1,350.0,3500.0,-80.0,80.0,1.0,12,"[0, 1, 2, 3, 4, 5, 6, 7, 8, 9, 10, 11]",66,11,"[[0, 2], [1, 2], [1, 11], [10, 11], [4, 11], [4, 5], [5, 6], [2, 9], [6, 7], [7, 8], [3, 8]]"
DOA-V5B-POSTFREEZE-MST-TDOA-YAMAOKA2023-20260913,robothead,benchmark2,task1,recording3,210,3,0,-51.86773890552769,-50.51147386154794,1.3562650439797608,1.3562650439797608,1.8394548695214223,0.2127844000060577,False,1,350.0,3500.0,-80.0,80.0,1.0,12,"[0, 1, 2, 3, 4, 5, 6, 7, 8, 9, 10, 11]",66,11,"[[0, 2], [1, 2], [1, 11], [10, 11], [4, 11], [4, 5], [5, 6], [2, 9], [6, 7], [7, 8], [3, 11]]"
DOA-V5B-POSTFREEZE-MST-TDOA-YAMAOKA2023-20260913,robothead,benchmark2,task1,recording3,238,4,0,-51.86773890552769,-49.812820360703626,2.054918544824062,2.054918544824062,4.222690225861841,0.21313850000296952,False,1,350.0,3500.0,-80.0,80.0,1.0,12,"[0, 1, 2, 3, 4, 5, 6, 7, 8, 9, 10, 11]",66,11,"[[0, 2], [1, 2], [1, 11], [10, 11], [4, 11], [4, 5], [5, 6], [9, 10], [6, 7], [7, 8], [3, 8]]"
DOA-V5B-POSTFREEZE-MST-TDOA-YAMAOKA2023-20260913,robothead,benchmark2,task1,recording3,266,5,0,-51.86773890552769,-49.756770082666726,2.1109688228609684,2.1109688228609684,4.456189371091023,0.21178850000433158,False,1,350.0,3500.0,-80.0,80.0,1.0,12,"[0, 1, 2, 3, 4, 5, 6, 7, 8, 9, 10, 11]",66,11,"[[0, 2], [1, 2], [1, 11], [10, 11], [4, 11], [4, 5], [5, 6], [2, 9], [6, 7], [7, 8], [3, 8]]"
DOA-V5B-POSTFREEZE-MST-TDOA-YAMAOKA2023-20260913,robothead,benchmark2,task1,recording3,294,6,0,-51.86773890552769,-51.07151945030308,0.796219455224616,0.796219455224616,0.6339654208781843,0.21244649999425747,False,1,350.0,3500.0,-80.0,80.0,1.0,12,"[0, 1, 2, 3, 4, 5, 6, 7, 8, 9, 10, 11]",66,11,"[[0, 2], [1, 2], [1, 11], [10, 11], [1, 4], [4, 5], [5, 6], [9, 10], [6, 7], [7, 8], [3, 8]]"
DOA-V5B-POSTFREEZE-MST-TDOA-YAMAOKA2023-20260913,robothead,benchmark2,task1,recording3,322,7,0,-51.86773890552769,-49.98075564237228,1.8869832631554004,1.8869832631554004,3.560705835428603,0.21458569999958854,False,1,350.0,3500.0,-80.0,80.0,1.0,12,"[0, 1, 2, 3, 4, 5, 6, 7, 8, 9, 10, 11]",66,11,"[[0, 2], [1, 2], [1, 11], [10, 11], [4, 10], [4, 5], [5, 6], [9, 10], [6, 7], [7, 8], [3, 8]]"
DOA-V5B-POSTFREEZE-MST-TDOA-YAMAOKA2023-20260913,robothead,benchmark2,task1,recording3,448,8,0,-51.86773890552769,-50.61287123518476,1.254867670342918,1.254867670342918,1.5746928700718623,0.21258579999994254,False,1,350.0,3500.0,-80.0,80.0,1.0,12,"[0, 1, 2, 3, 4, 5, 6, 7, 8, 9, 10, 11]",66,11,"[[0, 2], [1, 2], [1, 11], [10, 11], [4, 11], [4, 5], [5, 6], [9, 10], [6, 7], [7, 8], [3, 8]]"
DOA-V5B-POSTFREEZE-MST-TDOA-YAMAOKA2023-20260913,robothead,benchmark2,task1,recording3,476,9,0,-51.86773890552769,-49.964813762971666,1.902925142556029,1.902925142556029,3.621124098171883,0.2177557999966666,False,1,350.0,3500.0,-80.0,80.0,1.0,12,"[0, 1, 2, 3, 4, 5, 6, 7, 8, 9, 10, 11]",66,11,"[[0, 2], [1, 2], [1, 11], [10, 11], [4, 11], [4, 5], [5, 6], [9, 10], [6, 7], [7, 8], [3, 8]]"
DOA-V5B-POSTFREEZE-MST-TDOA-YAMAOKA2023-20260913,robothead,benchmark2,task1,recording3,505,10,0,-51.86773890552769,-50.60754313530961,1.2601957702180755,1.2601957702180755,1.5880933792755285,0.21202249999623746,False,1,350.0,3500.0,-80.0,80.0,1.0,12,"[0, 1, 2, 3, 4, 5, 6, 7, 8, 9, 10, 11]",66,11,"[[0, 2], [1, 2], [1, 11], [10, 11], [1, 4], [4, 5], [5, 6], [9, 10], [6, 7], [7, 8], [3, 11]]"
DOA-V5B-POSTFREEZE-MST-TDOA-YAMAOKA2023-20260913,robothead,benchmark2,task1,recording3,533,11,0,-51.86773890552769,-50.803737583153456,1.0640013223742244,1.0640013223742244,1.1320988140140982,0.21196580000105314,False,1,350.0,3500.0,-80.0,80.0,1.0,12,"[0, 1, 2, 3, 4, 5, 6, 7, 8, 9, 10, 11]",66,11,"[[0, 2], [1, 2], [1, 11], [10, 11], [4, 11], [4, 5], [5, 6], [9, 10], [6, 7], [7, 8], [3, 11]]"
DOA-V5B-POSTFREEZE-MST-TDOA-YAMAOKA2023-20260913,robothead,benchmark2,task1,recording3,561,12,0,-51.86773890552769,-51.24382477326419,0.6239141322635078,0.6239141322635078,0.38926884443812587,0.2132292999958736,False,1,350.0,3500.0,-80.0,80.0,1.0,12,"[0, 1, 2, 3, 4, 5, 6, 7, 8, 9, 10, 11]",66,11,"[[0, 2], [1, 2], [1, 11], [10, 11], [1, 4], [4, 5], [5, 6], [9, 10], [6, 7], [7, 8], [3, 11]]"
DOA-V5B-POSTFREEZE-MST-TDOA-YAMAOKA2023-20260913,robothead,benchmark2,task1,recording3,589,13,0,-51.86773890552769,-50.311275126821805,1.5564637787058757,1.5564637787058757,2.422579494423373,0.2124266999962856,False,1,350.0,3500.0,-80.0,80.0,1.0,12,"[0, 1, 2, 3, 4, 5, 6, 7, 8, 9, 10, 11]",66,11,"[[0, 2], [1, 2], [1, 11], [10, 11], [4, 11], [4, 5], [5, 6], [9, 10], [6, 7], [7, 8], [3, 8]]"
DOA-V5B-POSTFREEZE-MST-TDOA-YAMAOKA2023-20260913,robothead,benchmark2,task1,recording3,617,14,0,-51.86773890552769,-50.06641904581666,1.8013198597110431,1.8013198597110431,3.2447532369894123,0.21084500000142725,False,1,350.0,3500.0,-80.0,80.0,1.0,12,"[0, 1, 2, 3, 4, 5, 6, 7, 8, 9, 10, 11]",66,11,"[[0, 2], [1, 2], [1, 11], [10, 11], [4, 10], [4, 5], [5, 6], [9, 10], [6, 7], [7, 8], [3, 8]]"
DOA-V5B-POSTFREEZE-MST-TDOA-YAMAOKA2023-20260913,robothead,benchmark2,task1,recording3,645,15,0,-51.86773890552769,-50.28288171843393,1.5848571870937462,1.5848571870937462,2.5117723034827018,0.21180219999951078,False,1,350.0,3500.0,-80.0,80.0,1.0,12,"[0, 1, 2, 3, 4, 5, 6, 7, 8, 9, 10, 11]",66,11,"[[0, 2], [1, 2], [1, 11], [10, 11], [4, 11], [4, 5], [5, 6], [9, 10], [6, 7], [7, 8], [3, 8]]"
DOA-V5B-POSTFREEZE-MST-TDOA-YAMAOKA2023-20260913,robothead,benchmark2,task1,recording3,673,16,0,-51.86773890552769,-50.91295318734516,0.954785718182535,0.954785718182535,0.9116157676453391,0.2126328000013018,False,1,350.0,3500.0,-80.0,80.0,1.0,12,"[0, 1, 2, 3, 4, 5, 6, 7, 8, 9, 10, 11]",66,11,"[[0, 2], [1, 2], [1, 11], [10, 11], [4, 11], [4, 5], [5, 6], [9, 10], [6, 7], [7, 8], [3, 11]]"
DOA-V5B-POSTFREEZE-MST-TDOA-YAMAOKA2023-20260913,robothead,benchmark2,task1,recording3,701,17,0,-51.86773890552769,-50.717251236296484,1.150487669231211,1.150487669231211,1.323621877053064,0.21325780000188388,False,1,350.0,3500.0,-80.0,80.0,1.0,12,"[0, 1, 2, 3, 4, 5, 6, 7, 8, 9, 10, 11]",66,11,"[[0, 2], [1, 2], [1, 11], [10, 11], [4, 11], [4, 5], [5, 6], [2, 9], [6, 7], [7, 8], [3, 11]]"
DOA-V5B-POSTFREEZE-MST-TDOA-YAMAOKA2023-20260913,robothead,benchmark2,task1,recording3,729,18,0,-51.86773890552769,-51.169796809879394,0.6979420956483011,0.6979420956483011,0.4871231688779423,0.21663689999695634,False,1,350.0,3500.0,-80.0,80.0,1.0,12,"[0, 1, 2, 3, 4, 5, 6, 7, 8, 9, 10, 11]",66,11,"[[0, 2], [1, 2], [1, 11], [10, 11], [4, 11], [4, 5], [5, 6], [9, 10], [6, 7], [7, 8], [3, 11]]"
DOA-V5B-POSTFREEZE-MST-TDOA-YAMAOKA2023-20260913,robothead,benchmark2,task1,recording3,757,19,0,-51.86773890552769,-49.0481347797527,2.819604125774987,2.819604125774987,7.950167426087328,0.21501110000099288,False,1,350.0,3500.0,-80.0,80.0,1.0,12,"[0, 1, 2, 3, 4, 5, 6, 7, 8, 9, 10, 11]",66,11,"[[0, 2], [1, 2], [1, 11], [10, 11], [1, 4], [4, 5], [5, 6], [9, 10], [6, 7], [7, 8], [3, 8]]"
DOA-V5B-POSTFREEZE-MST-TDOA-YAMAOKA2023-20260913,robothead,benchmark2,task1,recording4,106,0,0,22.455657281263655,27.108423451489685,4.652766170226016,4.652766170226016,21.64823303479967,0.2104274000012083,False,1,350.0,3500.0,-80.0,80.0,1.0,12,"[0, 1, 2, 3, 4, 5, 6, 7, 8, 9, 10, 11]",66,11,"[[0, 2], [0, 1], [1, 4], [4, 5], [5, 6], [4, 11], [6, 7], [7, 8], [0, 3], [4, 9], [7, 10]]"
DOA-V5B-POSTFREEZE-MST-TDOA-YAMAOKA2023-20260913,robothead,benchmark2,task1,recording4,135,1,0,22.455657281263655,27.116713299030444,4.661056017766782,4.661056017766782,21.725443200759933,0.28318559999752324,False,1,350.0,3500.0,-80.0,80.0,1.0,12,"[0, 1, 2, 3, 4, 5, 6, 7, 8, 9, 10, 11]",66,11,"[[0, 1], [0, 2], [1, 11], [4, 11], [4, 5], [5, 6], [6, 7], [7, 8], [0, 3], [4, 9], [7, 10]]"
DOA-V5B-POSTFREEZE-MST-TDOA-YAMAOKA2023-20260913,robothead,benchmark2,task1,recording4,165,2,0,22.455657281263655,27.223565371294434,4.767908090030772,4.767908090030772,22.73294755498089,0.28575180000188993,False,1,350.0,3500.0,-80.0,80.0,1.0,12,"[0, 1, 2, 3, 4, 5, 6, 7, 8, 9, 10, 11]",66,11,"[[0, 1], [0, 2], [1, 11], [4, 11], [4, 5], [5, 6], [6, 7], [7, 8], [0, 3], [4, 9], [7, 10]]"
DOA-V5B-POSTFREEZE-MST-TDOA-YAMAOKA2023-20260913,robothead,benchmark2,task1,recording4,194,3,0,22.455657281263655,27.44753933781477,4.9918820565511055,4.9918820565511055,24.918886466516895,0.2875253000020166,False,1,350.0,3500.0,-80.0,80.0,1.0,12,"[0, 1, 2, 3, 4, 5, 6, 7, 8, 9, 10, 11]",66,11,"[[0, 1], [0, 2], [1, 11], [4, 11], [4, 5], [5, 6], [6, 7], [7, 8], [0, 3], [4, 9], [6, 10]]"
DOA-V5B-POSTFREEZE-MST-TDOA-YAMAOKA2023-20260913,robothead,benchmark2,task1,recording4,223,4,0,22.455657281263655,27.198482084020835,4.742824802757184,4.742824802757184,22.49438710964872,0.23460740000155056,False,1,350.0,3500.0,-80.0,80.0,1.0,12,"[0, 1, 2, 3, 4, 5, 6, 7, 8, 9, 10, 11]",66,11,"[[0, 1], [0, 2], [1, 4], [4, 5], [5, 6], [4, 11], [6, 7], [7, 8], [0, 3], [4, 9], [7, 10]]"
DOA-V5B-POSTFREEZE-MST-TDOA-YAMAOKA2023-20260913,robothead,benchmark2,task1,recording4,253,5,0,22.455657281263655,27.31023548064796,4.854578199384321,4.854578199384321,23.56692949393751,0.21158899999863934,False,1,350.0,3500.0,-80.0,80.0,1.0,12,"[0, 1, 2, 3, 4, 5, 6, 7, 8, 9, 10, 11]",66,11,"[[0, 1], [0, 2], [1, 11], [4, 11], [4, 5], [5, 6], [6, 7], [7, 8], [0, 3], [4, 9], [7, 10]]"
DOA-V5B-POSTFREEZE-MST-TDOA-YAMAOKA2023-20260913,robothead,benchmark2,task1,recording4,282,6,0,22.455657281263655,29.333963543271032,6.878306262007385,6.878306262007385,47.31109703397001,0.21138019999489188,False,1,350.0,3500.0,-80.0,80.0,1.0,12,"[0, 1, 2, 3, 4, 5, 6, 7, 8, 9, 10, 11]",66,11,"[[0, 2], [0, 1], [1, 11], [4, 11], [4, 5], [5, 6], [6, 7], [7, 8], [0, 3], [7, 10], [5, 9]]"
DOA-V5B-POSTFREEZE-MST-TDOA-YAMAOKA2023-20260913,robothead,benchmark2,task1,recording4,442,7,0,22.455657281263655,27.15815352514505,4.702496243881399,4.702496243881399,22.113470923718662,0.21020309999585152,False,1,350.0,3500.0,-80.0,80.0,1.0,12,"[0, 1, 2, 3, 4, 5, 6, 7, 8, 9, 10, 11]",66,11,"[[0, 1], [0, 2], [1, 11], [4, 11], [4, 5], [5, 6], [6, 7], [7, 8], [0, 3], [4, 9], [7, 10]]"
DOA-V5B-POSTFREEZE-MST-TDOA-YAMAOKA2023-20260913,robothead,benchmark2,task1,recording4,471,8,0,22.455657281263655,26.998068362654113,4.542411081390469,4.542411081390469,20.63349843233893,0.2108963999999105,False,1,350.0,3500.0,-80.0,80.0,1.0,12,"[0, 1, 2, 3, 4, 5, 6, 7, 8, 9, 10, 11]",66,11,"[[0, 1], [0, 2], [1, 4], [4, 5], [5, 6], [4, 11], [6, 7], [7, 8], [0, 3], [4, 9], [7, 10]]"
DOA-V5B-POSTFREEZE-MST-TDOA-YAMAOKA2023-20260913,robothead,benchmark2,task1,recording4,500,9,0,22.455657281263655,27.447595892499404,4.991938611235753,4.991938611235753,24.919451098346336,0.21159970000007888,False,1,350.0,3500.0,-80.0,80.0,1.0,12,"[0, 1, 2, 3, 4, 5, 6, 7, 8, 9, 10, 11]",66,11,"[[0, 1], [0, 2], [1, 4], [4, 5], [5, 6], [4, 11], [6, 7], [7, 8], [0, 3], [4, 9], [7, 10]]"
DOA-V5B-POSTFREEZE-MST-TDOA-YAMAOKA2023-20260913,robothead,benchmark2,task1,recording4,530,10,0,22.455657281263655,29.452308506386267,6.996651225122605,6.996651225122605,48.95312836600965,0.21010609999939334,False,1,350.0,3500.0,-80.0,80.0,1.0,12,"[0, 1, 2, 3, 4, 5, 6, 7, 8, 9, 10, 11]",66,11,"[[0, 1], [0, 2], [1, 4], [4, 5], [5, 6], [6, 7], [7, 8], [4, 11], [0, 3], [7, 10], [5, 9]]"
DOA-V5B-POSTFREEZE-MST-TDOA-YAMAOKA2023-20260913,robothead,benchmark2,task1,recording4,684,11,0,22.455657281263655,27.335459574315735,4.87980229305208,4.87980229305208,23.81247041927634,0.21246979999705218,False,1,350.0,3500.0,-80.0,80.0,1.0,12,"[0, 1, 2, 3, 4, 5, 6, 7, 8, 9, 10, 11]",66,11,"[[0, 1], [0, 2], [1, 11], [4, 11], [4, 5], [5, 6], [6, 7], [7, 8], [0, 3], [4, 9], [7, 10]]"
DOA-V5B-POSTFREEZE-MST-TDOA-YAMAOKA2023-20260913,robothead,benchmark2,task1,recording4,713,12,0,22.455657281263655,27.286096780090773,4.830439498827104,4.830439498827104,23.333145751829047,0.21199709999928018,False,1,350.0,3500.0,-80.0,80.0,1.0,12,"[0, 1, 2, 3, 4, 5, 6, 7, 8, 9, 10, 11]",66,11,"[[0, 1], [0, 2], [1, 11], [4, 11], [4, 5], [5, 6], [6, 7], [7, 8], [0, 3], [4, 9], [7, 10]]"
DOA-V5B-POSTFREEZE-MST-TDOA-YAMAOKA2023-20260913,robothead,benchmark2,task1,recording4,743,13,0,22.455657281263655,27.17598395694683,4.720326675683168,4.720326675683168,22.28148392516611,0.21760699999867938,False,1,350.0,3500.0,-80.0,80.0,1.0,12,"[0, 1, 2, 3, 4, 5, 6, 7, 8, 9, 10, 11]",66,11,"[[0, 1], [0, 2], [1, 11], [4, 11], [4, 5], [5, 6], [6, 7], [7, 8], [0, 3], [4, 9], [7, 10]]"
DOA-V5B-POSTFREEZE-MST-TDOA-YAMAOKA2023-20260913,robothead,benchmark2,task1,recording4,772,14,0,22.455657281263655,28.262099242328457,5.806441961064792,5.806441961064792,33.71476824721395,0.21314439999696333,False,1,350.0,3500.0,-80.0,80.0,1.0,12,"[0, 1, 2, 3, 4, 5, 6, 7, 8, 9, 10, 11]",66,11,"[[0, 1], [0, 2], [1, 4], [4, 5], [5, 6], [4, 11], [6, 7], [7, 8], [0, 3], [4, 9], [7, 10]]"
DOA-V5B-POSTFREEZE-MST-TDOA-YAMAOKA2023-20260913,robothead,benchmark2,task1,recording4,802,15,0,22.455657281263655,27.76519281097054,5.309535529706892,5.309535529706892,28.191167541219848,0.21407599999656668,False,1,350.0,3500.0,-80.0,80.0,1.0,12,"[0, 1, 2, 3, 4, 5, 6, 7, 8, 9, 10, 11]",66,11,"[[0, 1], [0, 2], [1, 4], [4, 5], [5, 6], [6, 7], [7, 8], [4, 11], [0, 3], [4, 9], [7, 10]]"
DOA-V5B-POSTFREEZE-MST-TDOA-YAMAOKA2023-20260913,robothead,benchmark2,task1,recording4,831,16,0,22.455657281263655,27.659352285888847,5.203695004625189,5.203695004625189,27.078441701161143,0.22243880000314675,False,1,350.0,3500.0,-80.0,80.0,1.0,12,"[0, 1, 2, 3, 4, 5, 6, 7, 8, 9, 10, 11]",66,11,"[[0, 1], [0, 2], [1, 4], [4, 5], [5, 6], [4, 11], [6, 7], [7, 8], [0, 3], [4, 9], [7, 10]]"
DOA-V5B-POSTFREEZE-MST-TDOA-YAMAOKA2023-20260913,robothead,benchmark2,task1,recording4,860,17,0,22.455657281263655,27.625814342179645,5.170157060915983,5.170157060915983,26.730524034539396,0.22263209999800893,False,1,350.0,3500.0,-80.0,80.0,1.0,12,"[0, 1, 2, 3, 4, 5, 6, 7, 8, 9, 10, 11]",66,11,"[[0, 1], [0, 2], [1, 11], [4, 11], [4, 5], [5, 6], [6, 7], [7, 8], [0, 3], [4, 9], [7, 10]]"
DOA-V5B-POSTFREEZE-MST-TDOA-YAMAOKA2023-20260913,robothead,benchmark2,task1,recording4,890,18,0,22.455657281263655,27.390480961581645,4.934823680318004,4.934823680318004,24.352484755827334,0.21974699999555014,False,1,350.0,3500.0,-80.0,80.0,1.0,12,"[0, 1, 2, 3, 4, 5, 6, 7, 8, 9, 10, 11]",66,11,"[[0, 1], [0, 2], [1, 11], [4, 11], [4, 5], [5, 6], [6, 7], [7, 8], [0, 3], [4, 9], [7, 10]]"
DOA-V5B-POSTFREEZE-MST-TDOA-YAMAOKA2023-20260913,robothead,benchmark2,task1,recording4,919,19,0,22.455657281263655,28.34133318000252,5.885675898738867,5.885675898738867,34.641180784995576,0.23032249999960186,False,1,350.0,3500.0,-80.0,80.0,1.0,12,"[0, 1, 2, 3, 4, 5, 6, 7, 8, 9, 10, 11]",66,11,"[[0, 1], [0, 2], [1, 11], [4, 11], [4, 5], [5, 6], [6, 7], [7, 8], [0, 3], [9, 11], [7, 10]]"
DOA-V5B-POSTFREEZE-MST-TDOA-YAMAOKA2023-20260913,robothead,benchmark2,task1,recording5,90,0,0,-27.069604071052936,-21.928552207662847,5.141051863390089,5.141051863390089,26.43041426206671,0.22191290000046138,False,1,350.0,3500.0,-80.0,80.0,1.0,12,"[0, 1, 2, 3, 4, 5, 6, 7, 8, 9, 10, 11]",66,11,"[[0, 2], [1, 2], [1, 11], [4, 11], [4, 5], [5, 6], [6, 10], [6, 7], [7, 8], [1, 9], [3, 7]]"
DOA-V5B-POSTFREEZE-MST-TDOA-YAMAOKA2023-20260913,robothead,benchmark2,task1,recording5,121,1,0,-27.069604071052936,-21.499786704722386,5.56981736633054,5.56981736633054,31.02286549427727,0.22675529999833088,False,1,350.0,3500.0,-80.0,80.0,1.0,12,"[0, 1, 2, 3, 4, 5, 6, 7, 8, 9, 10, 11]",66,11,"[[0, 2], [1, 2], [1, 11], [4, 11], [4, 5], [5, 6], [10, 11], [1, 9], [6, 7], [7, 8], [3, 7]]"
DOA-V5B-POSTFREEZE-MST-TDOA-YAMAOKA2023-20260913,robothead,benchmark2,task1,recording5,152,2,0,-27.069604071052936,-22.51701450588764,4.552589565165306,4.552589565165306,20.72607174885203,0.21564719999878434,False,1,350.0,3500.0,-80.0,80.0,1.0,12,"[0, 1, 2, 3, 4, 5, 6, 7, 8, 9, 10, 11]",66,11,"[[0, 2], [1, 2], [1, 11], [4, 11], [4, 5], [5, 6], [6, 10], [9, 11], [6, 7], [7, 8], [3, 7]]"
DOA-V5B-POSTFREEZE-MST-TDOA-YAMAOKA2023-20260913,robothead,benchmark2,task1,recording5,183,3,0,-27.069604071052936,-21.4947942152954,5.574809855757536,5.574809855757536,31.07850492785136,0.21277920000284212,False,1,350.0,3500.0,-80.0,80.0,1.0,12,"[0, 1, 2, 3, 4, 5, 6, 7, 8, 9, 10, 11]",66,11,"[[0, 2], [1, 2], [1, 11], [4, 11], [4, 5], [5, 6], [10, 11], [9, 11], [6, 7], [7, 8], [3, 7]]"
DOA-V5B-POSTFREEZE-MST-TDOA-YAMAOKA2023-20260913,robothead,benchmark2,task1,recording5,214,4,0,-27.069604071052936,-19.358624145292612,7.710979925760313,7.710979925760313,59.45921141547852,0.2113004000057117,False,1,350.0,3500.0,-80.0,80.0,1.0,12,"[0, 1, 2, 3, 4, 5, 6, 7, 8, 9, 10, 11]",66,11,"[[0, 2], [1, 2], [1, 11], [4, 11], [4, 5], [5, 6], [10, 11], [6, 7], [7, 8], [1, 9], [3, 7]]"
DOA-V5B-POSTFREEZE-MST-TDOA-YAMAOKA2023-20260913,robothead,benchmark2,task1,recording5,245,5,0,-27.069604071052936,-20.99028204897752,6.0793220220754165,6.0793220220754165,36.95815624809113,0.21285450000141282,False,1,350.0,3500.0,-80.0,80.0,1.0,12,"[0, 1, 2, 3, 4, 5, 6, 7, 8, 9, 10, 11]",66,11,"[[0, 2], [1, 2], [1, 11], [4, 11], [4, 5], [5, 6], [6, 10], [6, 7], [7, 8], [1, 9], [3, 7]]"
DOA-V5B-POSTFREEZE-MST-TDOA-YAMAOKA2023-20260913,robothead,benchmark2,task1,recording5,349,6,0,-27.069604071052936,-25.198039831540143,1.871564239512793,1.871564239512793,3.502752702623099,0.2141498000055435,False,1,350.0,3500.0,-80.0,80.0,1.0,12,"[0, 1, 2, 3, 4, 5, 6, 7, 8, 9, 10, 11]",66,11,"[[0, 2], [1, 2], [1, 11], [4, 11], [4, 5], [5, 6], [6, 10], [6, 7], [9, 10], [7, 8], [3, 7]]"
DOA-V5B-POSTFREEZE-MST-TDOA-YAMAOKA2023-20260913,robothead,benchmark2,task1,recording5,380,7,0,-27.069604071052936,-24.67585503077571,2.393749040277214,2.393749040277214,5.730034467828084,0.21087399999669287,False,1,350.0,3500.0,-80.0,80.0,1.0,12,"[0, 1, 2, 3, 4, 5, 6, 7, 8, 9, 10, 11]",66,11,"[[0, 2], [1, 2], [1, 11], [4, 11], [4, 5], [5, 6], [6, 10], [6, 7], [7, 8], [3, 7], [9, 10]]"
DOA-V5B-POSTFREEZE-MST-TDOA-YAMAOKA2023-20260913,robothead,benchmark2,task1,recording5,411,8,0,-27.069604071052936,-22.65835768711668,4.411246383936259,4.411246383936259,19.459094659790722,0.2111111999984132,False,1,350.0,3500.0,-80.0,80.0,1.0,12,"[0, 1, 2, 3, 4, 5, 6, 7, 8, 9, 10, 11]",66,11,"[[0, 2], [1, 2], [1, 11], [4, 11], [4, 5], [5, 6], [6, 10], [9, 11], [6, 7], [7, 8], [3, 7]]"
DOA-V5B-POSTFREEZE-MST-TDOA-YAMAOKA2023-20260913,robothead,benchmark2,task1,recording5,442,9,0,-27.069604071052936,-21.469479627321267,5.600124443731659,5.600124443731659,31.361393785280818,0.2102175999971223,False,1,350.0,3500.0,-80.0,80.0,1.0,12,"[0, 1, 2, 3, 4, 5, 6, 7, 8, 9, 10, 11]",66,11,"[[0, 2], [1, 2], [1, 11], [4, 11], [4, 5], [5, 6], [10, 11], [1, 9], [6, 7], [7, 8], [3, 7]]"
DOA-V5B-POSTFREEZE-MST-TDOA-YAMAOKA2023-20260913,robothead,benchmark2,task1,recording5,473,10,0,-27.069604071052936,-23.907686294911795,3.161917776141138,3.161917776141138,9.99772402307732,0.21210119999886956,False,1,350.0,3500.0,-80.0,80.0,1.0,12,"[0, 1, 2, 3, 4, 5, 6, 7, 8, 9, 10, 11]",66,11,"[[0, 2], [1, 2], [1, 11], [4, 11], [4, 5], [5, 6], [6, 10], [9, 10], [6, 7], [7, 8], [3, 7]]"
DOA-V5B-POSTFREEZE-MST-TDOA-YAMAOKA2023-20260913,robothead,benchmark2,task1,recording5,504,11,0,-27.069604071052936,-22.39928451429088,4.670319556762053,4.670319556762053,21.811884762274094,0.21412050000071758,False,1,350.0,3500.0,-80.0,80.0,1.0,12,"[0, 1, 2, 3, 4, 5, 6, 7, 8, 9, 10, 11]",66,11,"[[0, 2], [1, 2], [1, 11], [4, 11], [4, 5], [5, 6], [6, 10], [9, 11], [6, 7], [7, 8], [3, 7]]"
DOA-V5B-POSTFREEZE-MST-TDOA-YAMAOKA2023-20260913,robothead,benchmark2,task1,recording5,535,12,0,-27.069604071052936,-22.426753765454997,4.642850305597932,4.642850305597932,21.55605896019081,0.21183839999866905,False,1,350.0,3500.0,-80.0,80.0,1.0,12,"[0, 1, 2, 3, 4, 5, 6, 7, 8, 9, 10, 11]",66,11,"[[0, 2], [1, 2], [1, 11], [4, 11], [4, 5], [5, 6], [6, 10], [6, 7], [9, 11], [7, 8], [3, 7]]"
DOA-V5B-POSTFREEZE-MST-TDOA-YAMAOKA2023-20260913,robothead,benchmark2,task1,recording5,566,13,0,-27.069604071052936,-19.477422307776774,7.592181763276159,7.592181763276159,57.641223926623084,0.21310350000567269,False,1,350.0,3500.0,-80.0,80.0,1.0,12,"[0, 1, 2, 3, 4, 5, 6, 7, 8, 9, 10, 11]",66,11,"[[0, 2], [1, 2], [1, 11], [4, 11], [4, 5], [5, 6], [10, 11], [6, 7], [7, 8], [9, 11], [3, 7]]"
DOA-V5B-POSTFREEZE-MST-TDOA-YAMAOKA2023-20260913,robothead,benchmark2,task1,recording5,597,14,0,-27.069604071052936,-21.693866841581894,5.375737229471042,5.375737229471042,28.898550760320997,0.211071699995955,False,1,350.0,3500.0,-80.0,80.0,1.0,12,"[0, 1, 2, 3, 4, 5, 6, 7, 8, 9, 10, 11]",66,11,"[[0, 2], [1, 2], [1, 11], [4, 11], [4, 5], [5, 6], [6, 10], [9, 11], [6, 7], [7, 8], [3, 7]]"
DOA-V5B-POSTFREEZE-MST-TDOA-YAMAOKA2023-20260913,robothead,benchmark2,task1,recording5,693,15,0,-27.069604071052936,-22.634620623097145,4.434983447955801,4.434983447955801,19.669078183641926,0.2133451999980025,False,1,350.0,3500.0,-80.0,80.0,1.0,12,"[0, 1, 2, 3, 4, 5, 6, 7, 8, 9, 10, 11]",66,11,"[[0, 2], [1, 2], [1, 11], [4, 11], [4, 5], [5, 6], [6, 10], [6, 7], [7, 8], [0, 9], [3, 7]]"
DOA-V5B-POSTFREEZE-MST-TDOA-YAMAOKA2023-20260913,robothead,benchmark2,task1,recording5,724,16,0,-27.069604071052936,-22.500447454749878,4.569156616303047,4.569156616303047,20.877192184305912,0.21200189999944996,False,1,350.0,3500.0,-80.0,80.0,1.0,12,"[0, 1, 2, 3, 4, 5, 6, 7, 8, 9, 10, 11]",66,11,"[[0, 2], [1, 2], [1, 11], [4, 11], [4, 5], [5, 6], [6, 10], [9, 11], [6, 7], [7, 8], [3, 7]]"
DOA-V5B-POSTFREEZE-MST-TDOA-YAMAOKA2023-20260913,robothead,benchmark2,task1,recording5,755,17,0,-27.069604071052936,-22.388142866109906,4.6814612049430195,4.6814612049430195,21.916079013386547,0.2112275999970734,False,1,350.0,3500.0,-80.0,80.0,1.0,12,"[0, 1, 2, 3, 4, 5, 6, 7, 8, 9, 10, 11]",66,11,"[[0, 2], [1, 2], [1, 11], [4, 11], [4, 5], [5, 6], [6, 10], [1, 9], [6, 7], [7, 8], [3, 7]]"
DOA-V5B-POSTFREEZE-MST-TDOA-YAMAOKA2023-20260913,robothead,benchmark2,task1,recording5,837,18,0,-27.069604071052936,-7.094206630036441,19.975397441016497,19.975397441016497,399.0165029265684,0.21383459999924526,False,1,350.0,3500.0,-80.0,80.0,1.0,12,"[0, 1, 2, 3, 4, 5, 6, 7, 8, 9, 10, 11]",66,11,"[[0, 2], [2, 11], [1, 11], [4, 11], [4, 5], [5, 6], [6, 7], [7, 8], [6, 10], [3, 7], [9, 11]]"
DOA-V5B-POSTFREEZE-MST-TDOA-YAMAOKA2023-20260913,robothead,benchmark2,task1,recording5,868,19,0,-27.069604071052936,-22.13879708121649,4.930806989836441,4.930806989836441,24.312857571019904,0.212972000001173,False,1,350.0,3500.0,-80.0,80.0,1.0,12,"[0, 1, 2, 3, 4, 5, 6, 7, 8, 9, 10, 11]",66,11,"[[0, 2], [1, 2], [1, 11], [4, 11], [4, 5], [5, 6], [6, 10], [9, 11], [6, 7], [7, 8], [3, 7]]"
DOA-V5B-POSTFREEZE-MST-TDOA-YAMAOKA2023-20260913,robothead,benchmark2,task1,recording6,100,0,0,-12.772426148318965,-7.096291696503339,5.676134451815614,5.676134451815614,32.21850231508814,0.21116510000138078,False,1,350.0,3500.0,-80.0,80.0,1.0,12,"[0, 1, 2, 3, 4, 5, 6, 7, 8, 9, 10, 11]",66,11,"[[0, 2], [0, 1], [1, 11], [4, 11], [4, 5], [5, 6], [6, 7], [7, 8], [6, 10], [2, 9], [3, 9]]"
DOA-V5B-POSTFREEZE-MST-TDOA-YAMAOKA2023-20260913,robothead,benchmark2,task1,recording6,128,1,0,-12.772426148318965,-3.313230326913037,9.459195821405928,9.459195821405928,89.47638558770336,0.21449489999940852,False,1,350.0,3500.0,-80.0,80.0,1.0,12,"[0, 1, 2, 3, 4, 5, 6, 7, 8, 9, 10, 11]",66,11,"[[0, 2], [0, 1], [1, 11], [4, 11], [4, 5], [5, 6], [6, 7], [7, 8], [4, 10], [0, 3], [0, 9]]"
DOA-V5B-POSTFREEZE-MST-TDOA-YAMAOKA2023-20260913,robothead,benchmark2,task1,recording6,157,2,0,-12.772426148318965,-8.35502411399811,4.417402034320844,4.417402034320844,19.51344073282193,0.21369639999466017,False,1,350.0,3500.0,-80.0,80.0,1.0,12,"[0, 1, 2, 3, 4, 5, 6, 7, 8, 9, 10, 11]",66,11,"[[0, 2], [0, 1], [1, 11], [4, 11], [4, 5], [5, 6], [6, 7], [7, 8], [6, 10], [0, 3], [3, 9]]"
DOA-V5B-POSTFREEZE-MST-TDOA-YAMAOKA2023-20260913,robothead,benchmark2,task1,recording6,185,3,0,-12.772426148318965,-7.8284590800548,4.943967068264158,4.943967068264158,24.44281037208049,0.21389089999865973,False,1,350.0,3500.0,-80.0,80.0,1.0,12,"[0, 1, 2, 3, 4, 5, 6, 7, 8, 9, 10, 11]",66,11,"[[0, 2], [0, 1], [1, 11], [4, 11], [4, 5], [5, 6], [6, 7], [7, 8], [6, 10], [0, 3], [3, 9]]"
DOA-V5B-POSTFREEZE-MST-TDOA-YAMAOKA2023-20260913,robothead,benchmark2,task1,recording6,214,4,0,-12.772426148318965,-8.332889882421929,4.439536265897033,4.439536265897033,19.70948225621497,0.2125199000001885,False,1,350.0,3500.0,-80.0,80.0,1.0,12,"[0, 1, 2, 3, 4, 5, 6, 7, 8, 9, 10, 11]",66,11,"[[0, 2], [0, 1], [1, 11], [4, 11], [4, 5], [5, 6], [6, 7], [7, 8], [6, 10], [0, 3], [3, 9]]"
DOA-V5B-POSTFREEZE-MST-TDOA-YAMAOKA2023-20260913,robothead,benchmark2,task1,recording6,242,5,0,-12.772426148318965,-6.931226328135978,5.841199820182993,5.841199820182993,34.11961533930583,0.21302840000134893,False,1,350.0,3500.0,-80.0,80.0,1.0,12,"[0, 1, 2, 3, 4, 5, 6, 7, 8, 9, 10, 11]",66,11,"[[0, 2], [0, 1], [1, 11], [4, 11], [4, 5], [5, 6], [6, 7], [7, 8], [6, 10], [9, 10], [3, 9]]"
DOA-V5B-POSTFREEZE-MST-TDOA-YAMAOKA2023-20260913,robothead,benchmark2,task1,recording6,271,6,0,-12.772426148318965,-5.425214172717648,7.3472119756013115,7.3472119756013115,53.981523814419326,0.28501949999917997,False,1,350.0,3500.0,-80.0,80.0,1.0,12,"[0, 1, 2, 3, 4, 5, 6, 7, 8, 9, 10, 11]",66,11,"[[0, 2], [0, 1], [1, 11], [4, 11], [4, 5], [5, 6], [6, 7], [7, 8], [6, 10], [0, 3], [0, 9]]"
DOA-V5B-POSTFREEZE-MST-TDOA-YAMAOKA2023-20260913,robothead,benchmark2,task1,recording6,299,7,0,-12.772426148318965,-7.644664891600746,5.12776125671823,5.12776125671823,26.293935505900524,0.22248039999976754,False,1,350.0,3500.0,-80.0,80.0,1.0,12,"[0, 1, 2, 3, 4, 5, 6, 7, 8, 9, 10, 11]",66,11,"[[0, 2], [0, 1], [1, 11], [4, 11], [4, 5], [5, 6], [6, 7], [7, 8], [6, 10], [0, 3], [3, 9]]"
DOA-V5B-POSTFREEZE-MST-TDOA-YAMAOKA2023-20260913,robothead,benchmark2,task1,recording6,542,8,0,-12.772426148318965,-5.5037043360480284,7.26872181227094,7.26872181227094,52.83431678418333,0.21152560000336962,False,1,350.0,3500.0,-80.0,80.0,1.0,12,"[0, 1, 2, 3, 4, 5, 6, 7, 8, 9, 10, 11]",66,11,"[[0, 2], [0, 1], [1, 11], [4, 11], [4, 5], [5, 6], [6, 7], [7, 8], [6, 10], [3, 7], [3, 9]]"
DOA-V5B-POSTFREEZE-MST-TDOA-YAMAOKA2023-20260913,robothead,benchmark2,task1,recording6,570,9,0,-12.772426148318965,-8.276002547520223,4.4964236007987495,4.4964236007987495,20.21782519781999,0.2121130000014091,False,1,350.0,3500.0,-80.0,80.0,1.0,12,"[0, 1, 2, 3, 4, 5, 6, 7, 8, 9, 10, 11]",66,11,"[[0, 2], [0, 1], [1, 11], [4, 11], [4, 5], [5, 6], [6, 7], [7, 8], [6, 10], [0, 3], [3, 9]]"
DOA-V5B-POSTFREEZE-MST-TDOA-YAMAOKA2023-20260913,robothead,benchmark2,task1,recording6,599,10,0,-12.772426148318965,-8.571714925894172,4.200711222424786,4.200711222424786,17.64597477420554,0.2117480999950203,False,1,350.0,3500.0,-80.0,80.0,1.0,12,"[0, 1, 2, 3, 4, 5, 6, 7, 8, 9, 10, 11]",66,11,"[[0, 2], [0, 1], [1, 11], [4, 11], [4, 5], [5, 6], [6, 7], [7, 8], [6, 10], [0, 3], [3, 9]]"
DOA-V5B-POSTFREEZE-MST-TDOA-YAMAOKA2023-20260913,robothead,benchmark2,task1,recording6,627,11,0,-12.772426148318965,-8.180475875008115,4.591950273310857,4.591950273310857,21.086007312559655,0.21271530000376515,False,1,350.0,3500.0,-80.0,80.0,1.0,12,"[0, 1, 2, 3, 4, 5, 6, 7, 8, 9, 10, 11]",66,11,"[[0, 2], [0, 1], [1, 11], [4, 11], [4, 5], [5, 6], [6, 7], [7, 8], [6, 10], [0, 3], [3, 9]]"
DOA-V5B-POSTFREEZE-MST-TDOA-YAMAOKA2023-20260913,robothead,benchmark2,task1,recording6,656,12,0,-12.772426148318965,-6.8309413155365055,5.941484832782464,5.941484832782464,35.30124201818407,0.21172039999510162,False,1,350.0,3500.0,-80.0,80.0,1.0,12,"[0, 1, 2, 3, 4, 5, 6, 7, 8, 9, 10, 11]",66,11,"[[0, 2], [0, 1], [1, 11], [4, 11], [4, 5], [5, 6], [6, 7], [7, 8], [6, 10], [0, 3], [3, 9]]"
DOA-V5B-POSTFREEZE-MST-TDOA-YAMAOKA2023-20260913,robothead,benchmark2,task1,recording6,684,13,0,-12.772426148318965,-6.670047377328015,6.102378770990953,6.102378770990953,37.23902666464105,0.21236839999619406,False,1,350.0,3500.0,-80.0,80.0,1.0,12,"[0, 1, 2, 3, 4, 5, 6, 7, 8, 9, 10, 11]",66,11,"[[0, 2], [0, 1], [1, 11], [4, 11], [4, 5], [5, 6], [6, 7], [7, 8], [6, 10], [1, 9], [3, 9]]"
DOA-V5B-POSTFREEZE-MST-TDOA-YAMAOKA2023-20260913,robothead,benchmark2,task1,recording6,713,14,0,-12.772426148318965,-5.9084095795055305,6.86401656881344,6.86401656881344,47.114723456945434,0.21228059999702964,False,1,350.0,3500.0,-80.0,80.0,1.0,12,"[0, 1, 2, 3, 4, 5, 6, 7, 8, 9, 10, 11]",66,11,"[[0, 2], [0, 1], [1, 11], [4, 11], [4, 5], [5, 6], [6, 7], [7, 8], [6, 10], [0, 3], [3, 9]]"
DOA-V5B-POSTFREEZE-MST-TDOA-YAMAOKA2023-20260913,robothead,benchmark2,task1,recording6,741,15,0,-12.772426148318965,-7.351342255133931,5.421083893185028,5.421083893185028,29.388150576950135,0.21162080000067363,False,1,350.0,3500.0,-80.0,80.0,1.0,12,"[0, 1, 2, 3, 4, 5, 6, 7, 8, 9, 10, 11]",66,11,"[[0, 2], [0, 1], [1, 11], [4, 11], [4, 5], [5, 6], [6, 7], [7, 8], [6, 10], [0, 3], [3, 9]]"
DOA-V5B-POSTFREEZE-MST-TDOA-YAMAOKA2023-20260913,robothead,benchmark2,task1,recording6,770,16,0,-12.772426148318965,-7.774869935023714,4.9975562132952405,4.9975562132952405,24.975568105045863,0.2113824999978533,False,1,350.0,3500.0,-80.0,80.0,1.0,12,"[0, 1, 2, 3, 4, 5, 6, 7, 8, 9, 10, 11]",66,11,"[[0, 2], [0, 1], [1, 11], [4, 11], [4, 5], [5, 6], [6, 7], [7, 8], [6, 10], [0, 3], [3, 9]]"
DOA-V5B-POSTFREEZE-MST-TDOA-YAMAOKA2023-20260913,robothead,benchmark2,task1,recording6,798,17,0,-12.772426148318965,-7.788977856400671,4.983448291918307,4.983448291918307,24.834756878223494,0.21153359999880195,False,1,350.0,3500.0,-80.0,80.0,1.0,12,"[0, 1, 2, 3, 4, 5, 6, 7, 8, 9, 10, 11]",66,11,"[[0, 2], [0, 1], [1, 11], [4, 11], [4, 5], [5, 6], [6, 7], [7, 8], [6, 10], [0, 3], [3, 9]]"
DOA-V5B-POSTFREEZE-MST-TDOA-YAMAOKA2023-20260913,robothead,benchmark2,task1,recording6,827,18,0,-12.772426148318965,-6.953057907338451,5.819368240980509,5.819368240980509,33.86504672413258,0.21212860000377987,False,1,350.0,3500.0,-80.0,80.0,1.0,12,"[0, 1, 2, 3, 4, 5, 6, 7, 8, 9, 10, 11]",66,11,"[[0, 2], [0, 1], [1, 11], [4, 11], [4, 5], [5, 6], [6, 7], [7, 8], [6, 10], [0, 3], [3, 9]]"
DOA-V5B-POSTFREEZE-MST-TDOA-YAMAOKA2023-20260913,robothead,benchmark2,task1,recording6,855,19,0,-12.772426148318965,-4.763364929492285,8.009061218826673,8.009061218826673,64.1450616069134,0.21539869999833172,False,1,350.0,3500.0,-80.0,80.0,1.0,12,"[0, 1, 2, 3, 4, 5, 6, 7, 8, 9, 10, 11]",66,11,"[[0, 2], [1, 2], [1, 11], [4, 11], [4, 5], [5, 6], [6, 7], [7, 8], [6, 10], [3, 7], [3, 9]]"
DOA-V5B-POSTFREEZE-MST-TDOA-YAMAOKA2023-20260913,robothead,benchmark2,task1,recording7,142,0,0,37.76665434133786,37.90059005446988,0.13393571313201846,0.13393571313201846,0.01793877525218234,0.21195190000435105,False,1,350.0,3500.0,-80.0,80.0,1.0,12,"[0, 1, 2, 3, 4, 5, 6, 7, 8, 9, 10, 11]",66,11,"[[0, 2], [2, 3], [0, 1], [1, 4], [4, 5], [5, 6], [4, 11], [6, 7], [7, 8], [3, 9], [8, 10]]"
DOA-V5B-POSTFREEZE-MST-TDOA-YAMAOKA2023-20260913,robothead,benchmark2,task1,recording7,166,1,0,37.76665434133786,39.152971709487446,1.3863173681495766,1.3863173681495766,1.9218758452331688,0.2129021999935503,False,1,350.0,3500.0,-80.0,80.0,1.0,12,"[0, 1, 2, 3, 4, 5, 6, 7, 8, 9, 10, 11]",66,11,"[[0, 1], [1, 4], [4, 5], [5, 6], [6, 7], [7, 8], [4, 11], [0, 2], [0, 3], [9, 11], [8, 10]]"
DOA-V5B-POSTFREEZE-MST-TDOA-YAMAOKA2023-20260913,robothead,benchmark2,task1,recording7,189,2,0,37.76665434133786,39.03053514101926,1.2638807996814023,1.2638807996814023,1.597394675803301,0.21557939999911468,False,1,350.0,3500.0,-80.0,80.0,1.0,12,"[0, 1, 2, 3, 4, 5, 6, 7, 8, 9, 10, 11]",66,11,"[[0, 1], [1, 4], [4, 5], [5, 6], [6, 7], [7, 8], [4, 11], [0, 2], [0, 3], [6, 9], [8, 10]]"
DOA-V5B-POSTFREEZE-MST-TDOA-YAMAOKA2023-20260913,robothead,benchmark2,task1,recording7,213,3,0,37.76665434133786,38.849158893574405,1.0825045522365428,1.0825045522365428,1.1718161056128382,0.21575460000167368,False,1,350.0,3500.0,-80.0,80.0,1.0,12,"[0, 1, 2, 3, 4, 5, 6, 7, 8, 9, 10, 11]",66,11,"[[0, 1], [1, 4], [4, 5], [5, 6], [6, 7], [7, 8], [4, 11], [0, 2], [0, 3], [6, 9], [8, 10]]"
DOA-V5B-POSTFREEZE-MST-TDOA-YAMAOKA2023-20260913,robothead,benchmark2,task1,recording7,237,4,0,37.76665434133786,40.66741886901013,2.9007645276722656,2.9007645276722656,8.414434845001702,0.2158274999965215,False,1,350.0,3500.0,-80.0,80.0,1.0,12,"[0, 1, 2, 3, 4, 5, 6, 7, 8, 9, 10, 11]",66,11,"[[0, 1], [1, 4], [4, 5], [5, 6], [6, 7], [7, 8], [0, 2], [4, 11], [0, 3], [9, 11], [8, 10]]"
DOA-V5B-POSTFREEZE-MST-TDOA-YAMAOKA2023-20260913,robothead,benchmark2,task1,recording7,435,5,0,37.76665434133786,38.901897170755696,1.135242829417848,1.135242829417848,1.2887762817446413,0.21380759999738075,False,1,350.0,3500.0,-80.0,80.0,1.0,12,"[0, 1, 2, 3, 4, 5, 6, 7, 8, 9, 10, 11]",66,11,"[[0, 1], [1, 4], [4, 5], [5, 6], [6, 7], [7, 8], [4, 11], [0, 2], [0, 3], [9, 11], [8, 10]]"
DOA-V5B-POSTFREEZE-MST-TDOA-YAMAOKA2023-20260913,robothead,benchmark2,task1,recording7,459,6,0,37.76665434133786,38.84564695273221,1.0789926113943409,1.0789926113943409,1.1642250554435791,0.21239149999746587,False,1,350.0,3500.0,-80.0,80.0,1.0,12,"[0, 1, 2, 3, 4, 5, 6, 7, 8, 9, 10, 11]",66,11,"[[0, 1], [1, 4], [4, 5], [5, 6], [6, 7], [7, 8], [4, 11], [0, 2], [0, 3], [9, 11], [8, 10]]"
DOA-V5B-POSTFREEZE-MST-TDOA-YAMAOKA2023-20260913,robothead,benchmark2,task1,recording7,483,7,0,37.76665434133786,39.410769990699414,1.644115649361538,1.644115649361538,2.703116268475512,0.21968979999655858,False,1,350.0,3500.0,-80.0,80.0,1.0,12,"[0, 1, 2, 3, 4, 5, 6, 7, 8, 9, 10, 11]",66,11,"[[0, 1], [1, 4], [4, 5], [5, 6], [6, 7], [7, 8], [4, 11], [0, 2], [0, 3], [9, 11], [10, 11]]"
DOA-V5B-POSTFREEZE-MST-TDOA-YAMAOKA2023-20260913,robothead,benchmark2,task1,recording7,506,8,0,37.76665434133786,38.82712899598887,1.060474654651017,1.060474654651017,1.124606493157194,0.21080549999896903,False,1,350.0,3500.0,-80.0,80.0,1.0,12,"[0, 1, 2, 3, 4, 5, 6, 7, 8, 9, 10, 11]",66,11,"[[0, 1], [1, 4], [4, 5], [5, 6], [6, 7], [7, 8], [4, 11], [0, 2], [0, 3], [9, 11], [8, 10]]"
DOA-V5B-POSTFREEZE-MST-TDOA-YAMAOKA2023-20260913,robothead,benchmark2,task1,recording7,530,9,0,37.76665434133786,39.26075924469063,1.4941049033527634,1.4941049033527634,2.2323494622227704,0.2189684999975725,False,1,350.0,3500.0,-80.0,80.0,1.0,12,"[0, 1, 2, 3, 4, 5, 6, 7, 8, 9, 10, 11]",66,11,"[[0, 1], [1, 4], [4, 5], [5, 6], [6, 7], [7, 8], [4, 11], [0, 2], [0, 3], [9, 11], [8, 10]]"
DOA-V5B-POSTFREEZE-MST-TDOA-YAMAOKA2023-20260913,robothead,benchmark2,task1,recording7,554,10,0,37.76665434133786,41.10854854712145,3.3418942057836034,3.3418942057836034,11.168256882650022,0.22019799999543466,False,1,350.0,3500.0,-80.0,80.0,1.0,12,"[0, 1, 2, 3, 4, 5, 6, 7, 8, 9, 10, 11]",66,11,"[[0, 1], [1, 4], [4, 5], [5, 6], [6, 7], [7, 8], [4, 11], [0, 2], [0, 3], [6, 9], [8, 10]]"
DOA-V5B-POSTFREEZE-MST-TDOA-YAMAOKA2023-20260913,robothead,benchmark2,task1,recording7,578,11,0,37.76665434133786,39.67019220805648,1.903537866718608,1.903537866718608,3.623456410031629,0.21854249999887543,False,1,350.0,3500.0,-80.0,80.0,1.0,12,"[0, 1, 2, 3, 4, 5, 6, 7, 8, 9, 10, 11]",66,11,"[[0, 1], [1, 4], [4, 5], [5, 6], [6, 7], [7, 8], [6, 11], [0, 2], [0, 3], [8, 10], [9, 11]]"
DOA-V5B-POSTFREEZE-MST-TDOA-YAMAOKA2023-20260913,robothead,benchmark2,task1,recording7,601,12,0,37.76665434133786,39.15276586644384,1.3861115251059744,1.3861115251059744,1.9213051600316102,0.22057130000030156,False,1,350.0,3500.0,-80.0,80.0,1.0,12,"[0, 1, 2, 3, 4, 5, 6, 7, 8, 9, 10, 11]",66,11,"[[0, 1], [1, 4], [4, 5], [5, 6], [6, 7], [7, 8], [4, 11], [0, 2], [0, 3], [9, 11], [8, 10]]"
DOA-V5B-POSTFREEZE-MST-TDOA-YAMAOKA2023-20260913,robothead,benchmark2,task1,recording7,625,13,0,37.76665434133786,39.02279439069916,1.2561400493613064,1.2561400493613064,1.5778878236094254,0.21894119999342365,False,1,350.0,3500.0,-80.0,80.0,1.0,12,"[0, 1, 2, 3, 4, 5, 6, 7, 8, 9, 10, 11]",66,11,"[[0, 1], [1, 4], [4, 5], [5, 6], [6, 7], [7, 8], [4, 11], [0, 2], [0, 3], [6, 9], [8, 10]]"
DOA-V5B-POSTFREEZE-MST-TDOA-YAMAOKA2023-20260913,robothead,benchmark2,task1,recording7,649,14,0,37.76665434133786,39.290771444578716,1.5241171032408545,1.5241171032408545,2.3229329443912934,0.2191268999958993,False,1,350.0,3500.0,-80.0,80.0,1.0,12,"[0, 1, 2, 3, 4, 5, 6, 7, 8, 9, 10, 11]",66,11,"[[0, 1], [1, 4], [4, 5], [5, 6], [6, 7], [7, 8], [4, 11], [0, 2], [0, 3], [9, 11], [8, 10]]"
DOA-V5B-POSTFREEZE-MST-TDOA-YAMAOKA2023-20260913,robothead,benchmark2,task1,recording7,672,15,0,37.76665434133786,39.62925696801861,1.86260262668074,1.86260262668074,3.469288544917992,0.2225901999991038,False,1,350.0,3500.0,-80.0,80.0,1.0,12,"[0, 1, 2, 3, 4, 5, 6, 7, 8, 9, 10, 11]",66,11,"[[0, 1], [1, 4], [4, 5], [5, 6], [6, 7], [7, 8], [4, 11], [0, 2], [0, 3], [2, 9], [8, 10]]"
DOA-V5B-POSTFREEZE-MST-TDOA-YAMAOKA2023-20260913,robothead,benchmark2,task1,recording7,696,16,0,37.76665434133786,39.288170475349744,1.5215161340118755,1.5215161340118755,2.3150113460584434,0.21888580000086222,False,1,350.0,3500.0,-80.0,80.0,1.0,12,"[0, 1, 2, 3, 4, 5, 6, 7, 8, 9, 10, 11]",66,11,"[[0, 1], [1, 4], [4, 5], [5, 6], [6, 7], [7, 8], [4, 11], [0, 2], [0, 3], [9, 11], [8, 10]]"
DOA-V5B-POSTFREEZE-MST-TDOA-YAMAOKA2023-20260913,robothead,benchmark2,task1,recording7,720,17,0,37.76665434133786,39.210724641526426,1.4440703001885709,1.4440703001885709,2.085339031886709,0.212359800003469,False,1,350.0,3500.0,-80.0,80.0,1.0,12,"[0, 1, 2, 3, 4, 5, 6, 7, 8, 9, 10, 11]",66,11,"[[0, 1], [1, 4], [4, 5], [5, 6], [6, 7], [7, 8], [4, 11], [0, 2], [0, 3], [9, 11], [8, 10]]"
DOA-V5B-POSTFREEZE-MST-TDOA-YAMAOKA2023-20260913,robothead,benchmark2,task1,recording7,743,18,0,37.76665434133786,41.30766385566976,3.541009514331904,3.541009514331904,12.538748380589066,0.21069680000073276,False,1,350.0,3500.0,-80.0,80.0,1.0,12,"[0, 1, 2, 3, 4, 5, 6, 7, 8, 9, 10, 11]",66,11,"[[0, 1], [1, 4], [4, 5], [5, 6], [6, 7], [7, 8], [1, 11], [0, 2], [0, 3], [9, 11], [1, 10]]"
DOA-V5B-POSTFREEZE-MST-TDOA-YAMAOKA2023-20260913,robothead,benchmark2,task1,recording7,767,19,0,37.76665434133786,39.742772559571314,1.9761182182334665,1.9761182182334665,3.9050432124342103,0.21195069999521365,False,1,350.0,3500.0,-80.0,80.0,1.0,12,"[0, 1, 2, 3, 4, 5, 6, 7, 8, 9, 10, 11]",66,11,"[[0, 1], [1, 4], [4, 5], [5, 6], [6, 7], [7, 8], [4, 11], [0, 2], [0, 3], [9, 11], [8, 10]]"
DOA-V5B-POSTFREEZE-MST-TDOA-YAMAOKA2023-20260913,robothead,benchmark2,task1,recording8,236,0,0,-45.86793436240954,-45.060027335673524,0.807907026736018,0.807907026736018,0.6527137638494329,0.21231709999847226,False,1,350.0,3500.0,-80.0,80.0,1.0,12,"[0, 1, 2, 3, 4, 5, 6, 7, 8, 9, 10, 11]",66,11,"[[0, 2], [1, 2], [1, 11], [10, 11], [4, 11], [4, 5], [5, 6], [2, 9], [6, 7], [7, 8], [1, 3]]"
DOA-V5B-POSTFREEZE-MST-TDOA-YAMAOKA2023-20260913,robothead,benchmark2,task1,recording8,245,1,0,-45.86793436240954,-42.509383289368394,3.3585510730411556,3.3585510730411556,11.279865310225897,0.21278029999666614,False,1,350.0,3500.0,-80.0,80.0,1.0,12,"[0, 1, 2, 3, 4, 5, 6, 7, 8, 9, 10, 11]",66,11,"[[0, 2], [1, 2], [1, 11], [10, 11], [1, 4], [4, 5], [5, 6], [9, 10], [6, 7], [7, 8], [3, 8]]"
DOA-V5B-POSTFREEZE-MST-TDOA-YAMAOKA2023-20260913,robothead,benchmark2,task1,recording8,254,2,0,-45.86793436240954,-42.902487946852204,2.9654464155573237,2.9654464155573237,8.79387244354178,0.2103579999966314,False,1,350.0,3500.0,-80.0,80.0,1.0,12,"[0, 1, 2, 3, 4, 5, 6, 7, 8, 9, 10, 11]",66,11,"[[0, 2], [1, 2], [1, 11], [10, 11], [4, 11], [4, 5], [5, 6], [2, 9], [2, 8], [7, 8], [1, 3]]"
DOA-V5B-POSTFREEZE-MST-TDOA-YAMAOKA2023-20260913,robothead,benchmark2,task1,recording8,263,3,0,-45.86793436240954,-45.49066061143151,0.37727375097801996,0.37727375097801996,0.14233548317702502,0.21649020000040764,False,1,350.0,3500.0,-80.0,80.0,1.0,12,"[0, 1, 2, 3, 4, 5, 6, 7, 8, 9, 10, 11]",66,11,"[[0, 2], [1, 2], [1, 11], [10, 11], [4, 11], [4, 5], [5, 6], [2, 9], [6, 7], [7, 8], [1, 3]]"
DOA-V5B-POSTFREEZE-MST-TDOA-YAMAOKA2023-20260913,robothead,benchmark2,task1,recording8,272,4,0,-45.86793436240954,-45.37606443871924,0.49186992369030236,0.49186992369030236,0.24193602183110385,0.21254100000078324,False,1,350.0,3500.0,-80.0,80.0,1.0,12,"[0, 1, 2, 3, 4, 5, 6, 7, 8, 9, 10, 11]",66,11,"[[0, 2], [1, 2], [1, 11], [10, 11], [4, 11], [4, 5], [5, 6], [2, 9], [6, 7], [7, 8], [1, 3]]"
DOA-V5B-POSTFREEZE-MST-TDOA-YAMAOKA2023-20260913,robothead,benchmark2,task1,recording8,282,5,0,-45.86793436240954,-45.36398647014359,0.5039478922659555,0.5039478922659555,0.2539634781192991,0.2124273000008543,False,1,350.0,3500.0,-80.0,80.0,1.0,12,"[0, 1, 2, 3, 4, 5, 6, 7, 8, 9, 10, 11]",66,11,"[[0, 2], [1, 2], [1, 11], [10, 11], [4, 11], [4, 5], [5, 6], [2, 9], [6, 7], [7, 8], [1, 3]]"
DOA-V5B-POSTFREEZE-MST-TDOA-YAMAOKA2023-20260913,robothead,benchmark2,task1,recording8,291,6,0,-45.86793436240954,-45.491050882917214,0.376883479492335,0.376883479492335,0.1420411571142493,0.21271600000181934,False,1,350.0,3500.0,-80.0,80.0,1.0,12,"[0, 1, 2, 3, 4, 5, 6, 7, 8, 9, 10, 11]",66,11,"[[0, 2], [1, 2], [1, 11], [10, 11], [4, 11], [4, 5], [5, 6], [2, 9], [6, 7], [7, 8], [1, 3]]"
DOA-V5B-POSTFREEZE-MST-TDOA-YAMAOKA2023-20260913,robothead,benchmark2,task1,recording8,300,7,0,-45.86793436240954,-46.28460957279143,-0.4166752103818965,0.4166752103818965,0.17361823094679768,0.2139058999964618,False,1,350.0,3500.0,-80.0,80.0,1.0,12,"[0, 1, 2, 3, 4, 5, 6, 7, 8, 9, 10, 11]",66,11,"[[0, 2], [1, 2], [1, 11], [10, 11], [4, 11], [4, 5], [5, 6], [9, 10], [6, 7], [7, 8], [1, 3]]"
DOA-V5B-POSTFREEZE-MST-TDOA-YAMAOKA2023-20260913,robothead,benchmark2,task1,recording8,309,8,0,-45.86793436240954,-45.51855557884078,0.34937878356876695,0.34937878356876695,0.1220655344079913,0.21134639999945648,False,1,350.0,3500.0,-80.0,80.0,1.0,12,"[0, 1, 2, 3, 4, 5, 6, 7, 8, 9, 10, 11]",66,11,"[[0, 2], [1, 2], [1, 11], [10, 11], [4, 11], [4, 5], [5, 6], [2, 9], [6, 7], [7, 8], [1, 3]]"
DOA-V5B-POSTFREEZE-MST-TDOA-YAMAOKA2023-20260913,robothead,benchmark2,task1,recording8,318,9,0,-45.86793436240954,-45.39658173045483,0.47135263195471566,0.47135263195471566,0.22217330365063764,0.21283699999912642,False,1,350.0,3500.0,-80.0,80.0,1.0,12,"[0, 1, 2, 3, 4, 5, 6, 7, 8, 9, 10, 11]",66,11,"[[0, 2], [1, 2], [1, 11], [10, 11], [4, 11], [4, 5], [5, 6], [2, 9], [6, 7], [7, 8], [1, 3]]"
DOA-V5B-POSTFREEZE-MST-TDOA-YAMAOKA2023-20260913,robothead,benchmark2,task1,recording8,327,10,0,-45.86793436240954,-40.30222271219313,5.5657116502164286,5.5657116502164286,30.977146173354882,0.21192200000223238,False,1,350.0,3500.0,-80.0,80.0,1.0,12,"[0, 1, 2, 3, 4, 5, 6, 7, 8, 9, 10, 11]",66,11,"[[0, 2], [1, 2], [1, 11], [10, 11], [4, 11], [4, 5], [5, 6], [2, 9], [6, 7], [7, 8], [3, 8]]"
DOA-V5B-POSTFREEZE-MST-TDOA-YAMAOKA2023-20260913,robothead,benchmark2,task1,recording8,336,11,0,-45.86793436240954,-40.0143216888049,5.85361267360463,5.85361267360463,34.26478133258475,0.2121698999981163,False,1,350.0,3500.0,-80.0,80.0,1.0,12,"[0, 1, 2, 3, 4, 5, 6, 7, 8, 9, 10, 11]",66,11,"[[0, 2], [1, 2], [1, 11], [10, 11], [4, 11], [4, 5], [5, 6], [2, 9], [6, 7], [7, 8], [3, 8]]"
DOA-V5B-POSTFREEZE-MST-TDOA-YAMAOKA2023-20260913,robothead,benchmark2,task1,recording8,345,12,0,-45.86793436240954,-40.491858011374774,5.376076351034783,5.376076351034783,28.902196932155466,0.2127215000000433,False,1,350.0,3500.0,-80.0,80.0,1.0,12,"[0, 1, 2, 3, 4, 5, 6, 7, 8, 9, 10, 11]",66,11,"[[0, 2], [1, 2], [1, 11], [10, 11], [1, 4], [4, 5], [5, 6], [6, 7], [7, 8], [9, 10], [3, 8]]"
DOA-V5B-POSTFREEZE-MST-TDOA-YAMAOKA2023-20260913,robothead,benchmark2,task1,recording8,354,13,0,-45.86793436240954,-40.02800060477683,5.839933757632707,5.839933757632707,34.10482629353807,0.2142526999959955,False,1,350.0,3500.0,-80.0,80.0,1.0,12,"[0, 1, 2, 3, 4, 5, 6, 7, 8, 9, 10, 11]",66,11,"[[0, 2], [1, 2], [1, 11], [10, 11], [4, 11], [4, 5], [5, 6], [9, 10], [6, 7], [7, 8], [3, 8]]"
DOA-V5B-POSTFREEZE-MST-TDOA-YAMAOKA2023-20260913,robothead,benchmark2,task1,recording8,363,14,0,-45.86793436240954,-40.4914188991394,5.376515463270152,5.376515463270152,28.906918526783063,0.2132454999955371,False,1,350.0,3500.0,-80.0,80.0,1.0,12,"[0, 1, 2, 3, 4, 5, 6, 7, 8, 9, 10, 11]",66,11,"[[0, 2], [1, 2], [1, 11], [10, 11], [4, 11], [4, 5], [5, 6], [9, 10], [6, 7], [7, 8], [3, 8]]"
DOA-V5B-POSTFREEZE-MST-TDOA-YAMAOKA2023-20260913,robothead,benchmark2,task1,recording8,373,15,0,-45.86793436240954,-46.02954736043839,-0.16161299802885765,0.16161299802885765,0.026118761131875546,0.21332280000206083,False,1,350.0,3500.0,-80.0,80.0,1.0,12,"[0, 1, 2, 3, 4, 5, 6, 7, 8, 9, 10, 11]",66,11,"[[0, 2], [1, 2], [1, 11], [10, 11], [1, 4], [4, 5], [5, 6], [2, 9], [6, 7], [7, 8], [1, 3]]"
DOA-V5B-POSTFREEZE-MST-TDOA-YAMAOKA2023-20260913,robothead,benchmark2,task1,recording8,382,16,0,-45.86793436240954,-46.828841057474136,-0.9609066950645797,0.9609066950645797,0.9233416766199332,0.21211730000504758,False,1,350.0,3500.0,-80.0,80.0,1.0,12,"[0, 1, 2, 3, 4, 5, 6, 7, 8, 9, 10, 11]",66,11,"[[0, 2], [1, 2], [1, 11], [10, 11], [1, 4], [4, 5], [5, 6], [9, 10], [6, 7], [7, 8], [1, 3]]"
DOA-V5B-POSTFREEZE-MST-TDOA-YAMAOKA2023-20260913,robothead,benchmark2,task1,recording8,391,17,0,-45.86793436240954,-42.875121812045506,2.9928125503640217,2.9928125503640217,8.9569269616164,0.2134141999995336,False,1,350.0,3500.0,-80.0,80.0,1.0,12,"[0, 1, 2, 3, 4, 5, 6, 7, 8, 9, 10, 11]",66,11,"[[0, 2], [1, 2], [1, 11], [10, 11], [1, 4], [4, 5], [5, 6], [9, 10], [6, 7], [7, 8], [3, 8]]"
DOA-V5B-POSTFREEZE-MST-TDOA-YAMAOKA2023-20260913,robothead,benchmark2,task1,recording8,400,18,0,-45.86793436240954,-40.93005166029939,4.937882702110159,4.937882702110159,24.38268557979872,0.21301230000244686,False,1,350.0,3500.0,-80.0,80.0,1.0,12,"[0, 1, 2, 3, 4, 5, 6, 7, 8, 9, 10, 11]",66,11,"[[0, 2], [1, 2], [1, 11], [10, 11], [1, 4], [4, 5], [5, 6], [9, 10], [6, 7], [7, 8], [3, 8]]"
DOA-V5B-POSTFREEZE-MST-TDOA-YAMAOKA2023-20260913,robothead,benchmark2,task1,recording8,409,19,0,-45.86793436240954,-40.01154990031454,5.856384462095008,5.856384462095008,34.297238967867834,0.2123684999969555,False,1,350.0,3500.0,-80.0,80.0,1.0,12,"[0, 1, 2, 3, 4, 5, 6, 7, 8, 9, 10, 11]",66,11,"[[0, 2], [1, 2], [1, 11], [10, 11], [1, 4], [4, 5], [5, 6], [9, 10], [6, 7], [7, 8], [3, 8]]"
DOA-V5B-POSTFREEZE-MST-TDOA-YAMAOKA2023-20260913,robothead,benchmark2,task1,recording9,91,0,0,21.350522112519474,22.063415905235022,0.7128937927155334,0.7128937927155334,0.508217559692338,0.21493999999802327,False,1,350.0,3500.0,-80.0,80.0,1.0,12,"[0, 1, 2, 3, 4, 5, 6, 7, 8, 9, 10, 11]",66,11,"[[0, 1], [0, 2], [1, 4], [4, 5], [5, 6], [4, 11], [6, 7], [7, 8], [0, 3], [4, 9], [8, 10]]"
DOA-V5B-POSTFREEZE-MST-TDOA-YAMAOKA2023-20260913,robothead,benchmark2,task1,recording9,116,1,0,21.350522112519474,22.14379116434944,0.7932690518299523,0.7932690518299523,0.6292757885911916,0.21555760000046575,False,1,350.0,3500.0,-80.0,80.0,1.0,12,"[0, 1, 2, 3, 4, 5, 6, 7, 8, 9, 10, 11]",66,11,"[[0, 2], [0, 1], [1, 4], [4, 5], [5, 6], [4, 11], [6, 7], [7, 8], [1, 3], [4, 9], [8, 10]]"
DOA-V5B-POSTFREEZE-MST-TDOA-YAMAOKA2023-20260913,robothead,benchmark2,task1,recording9,140,2,0,21.350522112519474,22.21262399325639,0.8621018807369296,0.8621018807369296,0.7432196527701512,0.21646160000091186,False,1,350.0,3500.0,-80.0,80.0,1.0,12,"[0, 1, 2, 3, 4, 5, 6, 7, 8, 9, 10, 11]",66,11,"[[0, 1], [0, 2], [1, 4], [4, 5], [5, 6], [4, 11], [6, 7], [7, 8], [0, 3], [4, 9], [8, 10]]"
DOA-V5B-POSTFREEZE-MST-TDOA-YAMAOKA2023-20260913,robothead,benchmark2,task1,recording9,165,3,0,21.350522112519474,22.252305214799318,0.9017831022798362,0.9017831022798362,0.8132127635574454,0.21112429999629967,False,1,350.0,3500.0,-80.0,80.0,1.0,12,"[0, 1, 2, 3, 4, 5, 6, 7, 8, 9, 10, 11]",66,11,"[[0, 2], [0, 1], [1, 4], [4, 5], [5, 6], [4, 11], [6, 7], [7, 8], [0, 3], [4, 9], [8, 10]]"
DOA-V5B-POSTFREEZE-MST-TDOA-YAMAOKA2023-20260913,robothead,benchmark2,task1,recording9,189,4,0,21.350522112519474,22.508869047626003,1.1583469351065219,1.1583469351065219,1.3417676220706727,0.2134407999983523,False,1,350.0,3500.0,-80.0,80.0,1.0,12,"[0, 1, 2, 3, 4, 5, 6, 7, 8, 9, 10, 11]",66,11,"[[0, 1], [0, 2], [1, 4], [4, 5], [5, 6], [4, 11], [6, 7], [7, 8], [0, 3], [4, 9], [8, 10]]"
DOA-V5B-POSTFREEZE-MST-TDOA-YAMAOKA2023-20260913,robothead,benchmark2,task1,recording9,214,5,0,21.350522112519474,22.132786527183576,0.7822644146640982,0.7822644146640982,0.6119376144497642,0.21212650000234134,False,1,350.0,3500.0,-80.0,80.0,1.0,12,"[0, 1, 2, 3, 4, 5, 6, 7, 8, 9, 10, 11]",66,11,"[[0, 2], [0, 1], [1, 4], [4, 5], [5, 6], [4, 11], [6, 7], [7, 8], [0, 3], [4, 9], [8, 10]]"
DOA-V5B-POSTFREEZE-MST-TDOA-YAMAOKA2023-20260913,robothead,benchmark2,task1,recording9,238,6,0,21.350522112519474,22.16454731329543,0.8140252007759443,0.8140252007759443,0.6626370274983164,0.21253499999875203,False,1,350.0,3500.0,-80.0,80.0,1.0,12,"[0, 1, 2, 3, 4, 5, 6, 7, 8, 9, 10, 11]",66,11,"[[0, 1], [0, 2], [1, 4], [4, 5], [5, 6], [4, 11], [6, 7], [7, 8], [0, 3], [4, 9], [8, 10]]"
DOA-V5B-POSTFREEZE-MST-TDOA-YAMAOKA2023-20260913,robothead,benchmark2,task1,recording9,263,7,0,21.350522112519474,22.07698064759563,0.7264585350761479,0.7264585350761479,0.5277420031849828,0.21313609999924665,False,1,350.0,3500.0,-80.0,80.0,1.0,12,"[0, 1, 2, 3, 4, 5, 6, 7, 8, 9, 10, 11]",66,11,"[[0, 1], [0, 2], [1, 4], [4, 5], [5, 6], [4, 11], [6, 7], [7, 8], [0, 3], [4, 9], [8, 10]]"
DOA-V5B-POSTFREEZE-MST-TDOA-YAMAOKA2023-20260913,robothead,benchmark2,task1,recording9,287,8,0,21.350522112519474,22.73865916142602,1.3881370489065432,1.3881370489065432,1.9269244665469667,0.21563639999658335,False,1,350.0,3500.0,-80.0,80.0,1.0,12,"[0, 1, 2, 3, 4, 5, 6, 7, 8, 9, 10, 11]",66,11,"[[0, 1], [0, 2], [1, 4], [4, 5], [5, 6], [4, 11], [6, 7], [7, 8], [0, 3], [4, 9], [8, 10]]"
DOA-V5B-POSTFREEZE-MST-TDOA-YAMAOKA2023-20260913,robothead,benchmark2,task1,recording9,312,9,0,21.350522112519474,23.22552047316641,1.8749983606469414,1.8749983606469414,3.5156188524287177,0.22720229999686126,False,1,350.0,3500.0,-80.0,80.0,1.0,12,"[0, 1, 2, 3, 4, 5, 6, 7, 8, 9, 10, 11]",66,11,"[[0, 1], [0, 2], [1, 4], [4, 5], [5, 6], [4, 11], [6, 7], [7, 8], [0, 3], [4, 9], [8, 10]]"
DOA-V5B-POSTFREEZE-MST-TDOA-YAMAOKA2023-20260913,robothead,benchmark2,task1,recording9,336,10,0,21.350522112519474,22.945150447823565,1.594628335304094,1.594628335304094,2.542839527754706,0.22042940000392264,False,1,350.0,3500.0,-80.0,80.0,1.0,12,"[0, 1, 2, 3, 4, 5, 6, 7, 8, 9, 10, 11]",66,11,"[[0, 2], [0, 1], [1, 4], [4, 5], [5, 6], [4, 11], [6, 7], [7, 8], [0, 3], [4, 9], [8, 10]]"
DOA-V5B-POSTFREEZE-MST-TDOA-YAMAOKA2023-20260913,robothead,benchmark2,task1,recording9,361,11,0,21.350522112519474,22.384964143111365,1.0344420305918902,1.0344420305918902,1.0700703146550732,0.2270755999998073,False,1,350.0,3500.0,-80.0,80.0,1.0,12,"[0, 1, 2, 3, 4, 5, 6, 7, 8, 9, 10, 11]",66,11,"[[0, 1], [0, 2], [1, 4], [4, 5], [5, 6], [4, 11], [6, 7], [7, 8], [0, 3], [4, 9], [8, 10]]"
DOA-V5B-POSTFREEZE-MST-TDOA-YAMAOKA2023-20260913,robothead,benchmark2,task1,recording9,385,12,0,21.350522112519474,22.374365839936015,1.0238437274165335,1.0238437274165335,1.048255978170181,0.21745709999959217,False,1,350.0,3500.0,-80.0,80.0,1.0,12,"[0, 1, 2, 3, 4, 5, 6, 7, 8, 9, 10, 11]",66,11,"[[0, 1], [0, 2], [1, 4], [4, 5], [5, 6], [4, 11], [6, 7], [7, 8], [0, 3], [4, 9], [8, 10]]"
DOA-V5B-POSTFREEZE-MST-TDOA-YAMAOKA2023-20260913,robothead,benchmark2,task1,recording9,410,13,0,21.350522112519474,23.317225439281838,1.9667033267623708,1.9667033267623708,3.867921975498177,0.21537610000086715,False,1,350.0,3500.0,-80.0,80.0,1.0,12,"[0, 1, 2, 3, 4, 5, 6, 7, 8, 9, 10, 11]",66,11,"[[0, 1], [0, 2], [1, 4], [4, 5], [5, 6], [6, 7], [7, 8], [4, 11], [0, 3], [4, 9], [8, 10]]"
DOA-V5B-POSTFREEZE-MST-TDOA-YAMAOKA2023-20260913,robothead,benchmark2,task1,recording9,480,14,0,21.350522112519474,22.119116096101358,0.7685939835818942,0.7685939835818942,0.5907367115982851,0.21290149999549612,False,1,350.0,3500.0,-80.0,80.0,1.0,12,"[0, 1, 2, 3, 4, 5, 6, 7, 8, 9, 10, 11]",66,11,"[[0, 2], [0, 1], [1, 4], [4, 5], [5, 6], [4, 11], [6, 7], [7, 8], [1, 3], [4, 9], [8, 10]]"
DOA-V5B-POSTFREEZE-MST-TDOA-YAMAOKA2023-20260913,robothead,benchmark2,task1,recording9,505,15,0,21.350522112519474,22.127271491485757,0.7767493789662865,0.7767493789662865,0.6033395977245117,0.21318220000102883,False,1,350.0,3500.0,-80.0,80.0,1.0,12,"[0, 1, 2, 3, 4, 5, 6, 7, 8, 9, 10, 11]",66,11,"[[0, 1], [0, 2], [1, 4], [4, 5], [5, 6], [4, 11], [6, 7], [7, 8], [0, 3], [4, 9], [8, 10]]"
DOA-V5B-POSTFREEZE-MST-TDOA-YAMAOKA2023-20260913,robothead,benchmark2,task1,recording9,529,16,0,21.350522112519474,21.894252705110556,0.5437305925910891,0.5437305925910891,0.29564295731945694,0.21234109999932116,False,1,350.0,3500.0,-80.0,80.0,1.0,12,"[0, 1, 2, 3, 4, 5, 6, 7, 8, 9, 10, 11]",66,11,"[[0, 1], [0, 2], [1, 4], [4, 5], [5, 6], [4, 11], [0, 3], [6, 7], [7, 8], [4, 9], [8, 10]]"
DOA-V5B-POSTFREEZE-MST-TDOA-YAMAOKA2023-20260913,robothead,benchmark2,task1,recording9,554,17,0,21.350522112519474,22.21771505260276,0.867192940083271,0.867192940083271,0.7520235953302676,0.21089490000304068,False,1,350.0,3500.0,-80.0,80.0,1.0,12,"[0, 1, 2, 3, 4, 5, 6, 7, 8, 9, 10, 11]",66,11,"[[0, 1], [0, 2], [1, 4], [4, 5], [5, 6], [4, 11], [6, 7], [7, 8], [0, 3], [4, 9], [8, 10]]"
DOA-V5B-POSTFREEZE-MST-TDOA-YAMAOKA2023-20260913,robothead,benchmark2,task1,recording9,578,18,0,21.350522112519474,22.10866064603375,0.7581385335142841,0.7581385335142841,0.5747740359991892,0.21127790000173263,False,1,350.0,3500.0,-80.0,80.0,1.0,12,"[0, 1, 2, 3, 4, 5, 6, 7, 8, 9, 10, 11]",66,11,"[[0, 2], [0, 1], [1, 4], [4, 5], [5, 6], [4, 11], [6, 7], [7, 8], [0, 3], [4, 9], [8, 10]]"
DOA-V5B-POSTFREEZE-MST-TDOA-YAMAOKA2023-20260913,robothead,benchmark2,task1,recording9,603,19,0,21.350522112519474,22.439543467045446,1.0890213545259826,1.0890213545259826,1.1859675106136058,0.21114450000459328,False,1,350.0,3500.0,-80.0,80.0,1.0,12,"[0, 1, 2, 3, 4, 5, 6, 7, 8, 9, 10, 11]",66,11,"[[0, 1], [0, 2], [1, 4], [4, 5], [5, 6], [4, 11], [6, 7], [7, 8], [0, 3], [4, 9], [8, 10]]"
DOA-V5B-POSTFREEZE-MST-TDOA-YAMAOKA2023-20260913,robothead,benchmark2,task2,recording10,738,0,0,-25.075060752975737,-50.42339637514567,-25.34833562216994,25.34833562216994,642.5381188141696,0.21175120000407333,False,1,350.0,3500.0,-80.0,80.0,1.0,12,"[0, 1, 2, 3, 4, 5, 6, 7, 8, 9, 10, 11]",66,11,"[[0, 2], [1, 2], [1, 11], [4, 11], [4, 5], [5, 6], [6, 10], [6, 7], [7, 8], [0, 3], [3, 9]]"
DOA-V5B-POSTFREEZE-MST-TDOA-YAMAOKA2023-20260913,robothead,benchmark2,task2,recording10,746,1,0,-25.075060752975737,-20.828901004933478,4.24615974804226,4.24615974804226,18.029872605894308,0.21273030000156723,False,1,350.0,3500.0,-80.0,80.0,1.0,12,"[0, 1, 2, 3, 4, 5, 6, 7, 8, 9, 10, 11]",66,11,"[[0, 2], [1, 2], [1, 11], [4, 11], [4, 5], [5, 6], [6, 10], [0, 9], [3, 9], [7, 10], [7, 8]]"
DOA-V5B-POSTFREEZE-MST-TDOA-YAMAOKA2023-20260913,robothead,benchmark2,task2,recording10,753,2,0,-25.075060752975737,-20.228991949056933,4.846068803918797,4.846068803918797,23.484382852314962,0.21393249999528052,False,1,350.0,3500.0,-80.0,80.0,1.0,12,"[0, 1, 2, 3, 4, 5, 6, 7, 8, 9, 10, 11]",66,11,"[[0, 2], [1, 2], [1, 11], [4, 11], [4, 5], [5, 6], [6, 10], [0, 9], [3, 9], [7, 10], [7, 8]]"
DOA-V5B-POSTFREEZE-MST-TDOA-YAMAOKA2023-20260913,robothead,benchmark2,task2,recording10,761,3,0,-25.075060752975737,-18.884434885706735,6.190625867269006,6.190625867269006,38.32384862850013,0.2157731999977841,False,1,350.0,3500.0,-80.0,80.0,1.0,12,"[0, 1, 2, 3, 4, 5, 6, 7, 8, 9, 10, 11]",66,11,"[[0, 2], [1, 2], [1, 11], [4, 11], [4, 5], [5, 6], [6, 10], [6, 7], [7, 8], [0, 9], [2, 3]]"
DOA-V5B-POSTFREEZE-MST-TDOA-YAMAOKA2023-20260913,robothead,benchmark2,task2,recording10,769,4,0,-25.075060752975737,-18.487924590801086,6.587136162174659,6.587136162174659,43.39036281902909,0.2179217000011704,False,1,350.0,3500.0,-80.0,80.0,1.0,12,"[0, 1, 2, 3, 4, 5, 6, 7, 8, 9, 10, 11]",66,11,"[[0, 2], [1, 2], [1, 11], [4, 11], [4, 5], [5, 6], [6, 7], [7, 8], [6, 10], [0, 9], [3, 9]]"
DOA-V5B-POSTFREEZE-MST-TDOA-YAMAOKA2023-20260913,robothead,benchmark2,task2,recording10,776,5,0,-25.075060752975737,-18.38461313872447,6.690447614251269,6.690447614251269,44.7620892790405,0.21327139999630162,False,1,350.0,3500.0,-80.0,80.0,1.0,12,"[0, 1, 2, 3, 4, 5, 6, 7, 8, 9, 10, 11]",66,11,"[[0, 2], [1, 2], [1, 11], [4, 11], [4, 5], [5, 6], [6, 7], [7, 8], [6, 10], [0, 9], [3, 9]]"
DOA-V5B-POSTFREEZE-MST-TDOA-YAMAOKA2023-20260913,robothead,benchmark2,task2,recording10,784,6,0,-25.075060752975737,-18.497315514364118,6.577745238611612,6.577745238611612,43.26673242407774,0.21232440000312636,False,1,350.0,3500.0,-80.0,80.0,1.0,12,"[0, 1, 2, 3, 4, 5, 6, 7, 8, 9, 10, 11]",66,11,"[[0, 2], [1, 2], [1, 11], [4, 11], [4, 5], [5, 6], [6, 7], [7, 8], [6, 10], [0, 9], [3, 9]]"
DOA-V5B-POSTFREEZE-MST-TDOA-YAMAOKA2023-20260913,robothead,benchmark2,task2,recording10,791,7,0,-25.075060752975737,-18.480076994285138,6.594983758690603,6.594983758690603,43.49381077739283,0.2139764000021387,False,1,350.0,3500.0,-80.0,80.0,1.0,12,"[0, 1, 2, 3, 4, 5, 6, 7, 8, 9, 10, 11]",66,11,"[[0, 2], [1, 2], [1, 11], [4, 11], [4, 5], [5, 6], [6, 7], [7, 8], [6, 10], [0, 9], [3, 9]]"
DOA-V5B-POSTFREEZE-MST-TDOA-YAMAOKA2023-20260913,robothead,benchmark2,task2,recording10,799,8,0,-25.075060752975737,-18.416617878968303,6.658442874007449,6.658442874007449,44.33486150642057,0.21235080000042217,False,1,350.0,3500.0,-80.0,80.0,1.0,12,"[0, 1, 2, 3, 4, 5, 6, 7, 8, 9, 10, 11]",66,11,"[[0, 2], [1, 2], [1, 11], [4, 11], [4, 5], [5, 6], [6, 7], [7, 8], [6, 10], [0, 9], [3, 9]]"
DOA-V5B-POSTFREEZE-MST-TDOA-YAMAOKA2023-20260913,robothead,benchmark2,task2,recording10,807,9,0,-25.075060752975737,-18.302585484301375,6.772475268674356,6.772475268674356,45.86642126480579,0.21292890000040643,False,1,350.0,3500.0,-80.0,80.0,1.0,12,"[0, 1, 2, 3, 4, 5, 6, 7, 8, 9, 10, 11]",66,11,"[[0, 2], [1, 2], [1, 11], [4, 11], [4, 5], [5, 6], [6, 7], [7, 8], [6, 10], [0, 9], [3, 9]]"
DOA-V5B-POSTFREEZE-MST-TDOA-YAMAOKA2023-20260913,robothead,benchmark2,task2,recording10,814,10,0,-25.075060752975737,-18.188049034008845,6.887011718966903,6.887011718966903,47.430930417187454,0.21432740000454942,False,1,350.0,3500.0,-80.0,80.0,1.0,12,"[0, 1, 2, 3, 4, 5, 6, 7, 8, 9, 10, 11]",66,11,"[[0, 2], [1, 2], [1, 11], [4, 11], [4, 5], [5, 6], [6, 7], [7, 8], [6, 10], [0, 9], [3, 9]]"
DOA-V5B-POSTFREEZE-MST-TDOA-YAMAOKA2023-20260913,robothead,benchmark2,task2,recording10,822,11,0,-25.075060752975737,-18.524699502767653,6.550361250208084,6.550361250208084,42.907232508227615,0.21242849999543978,False,1,350.0,3500.0,-80.0,80.0,1.0,12,"[0, 1, 2, 3, 4, 5, 6, 7, 8, 9, 10, 11]",66,11,"[[0, 2], [1, 2], [1, 11], [4, 11], [4, 5], [5, 6], [6, 7], [7, 8], [6, 10], [0, 9], [3, 9]]"
DOA-V5B-POSTFREEZE-MST-TDOA-YAMAOKA2023-20260913,robothead,benchmark2,task2,recording10,830,12,0,-25.075060752975737,-18.094963810532267,6.980096942443481,6.980096942443481,48.721753325908836,0.21238720000110334,False,1,350.0,3500.0,-80.0,80.0,1.0,12,"[0, 1, 2, 3, 4, 5, 6, 7, 8, 9, 10, 11]",66,11,"[[0, 2], [1, 2], [1, 11], [4, 11], [4, 5], [5, 6], [6, 7], [7, 8], [6, 10], [0, 9], [3, 9]]"
DOA-V5B-POSTFREEZE-MST-TDOA-YAMAOKA2023-20260913,robothead,benchmark2,task2,recording10,837,13,0,-25.075060752975737,-17.86691390808765,7.208146844888091,7.208146844888091,51.95738093747014,0.21338470000046073,False,1,350.0,3500.0,-80.0,80.0,1.0,12,"[0, 1, 2, 3, 4, 5, 6, 7, 8, 9, 10, 11]",66,11,"[[0, 2], [1, 2], [1, 11], [4, 11], [4, 5], [5, 6], [6, 7], [7, 8], [6, 10], [0, 9], [3, 9]]"
DOA-V5B-POSTFREEZE-MST-TDOA-YAMAOKA2023-20260913,robothead,benchmark2,task2,recording10,845,14,0,-25.075060752975737,-18.89595133877843,6.179109414197313,6.179109414197313,38.181393152621865,0.21228519999567652,False,1,350.0,3500.0,-80.0,80.0,1.0,12,"[0, 1, 2, 3, 4, 5, 6, 7, 8, 9, 10, 11]",66,11,"[[0, 2], [1, 2], [1, 11], [4, 11], [4, 5], [5, 6], [6, 7], [7, 8], [6, 10], [2, 9], [2, 3]]"
DOA-V5B-POSTFREEZE-MST-TDOA-YAMAOKA2023-20260913,robothead,benchmark2,task2,recording10,852,15,0,-25.075060752975737,15.801065386559227,40.87612613953496,40.87612613953496,1670.8576881751733,0.2113309000051231,False,1,350.0,3500.0,-80.0,80.0,1.0,12,"[0, 1, 2, 3, 4, 5, 6, 7, 8, 9, 10, 11]",66,11,"[[0, 2], [1, 2], [1, 11], [4, 11], [4, 5], [5, 6], [6, 7], [7, 8], [10, 11], [9, 10], [0, 3]]"
DOA-V5B-POSTFREEZE-MST-TDOA-YAMAOKA2023-20260913,robothead,benchmark2,task2,recording10,860,16,0,-25.075060752975737,-16.80104200704425,8.2740187459315,8.2740187459315,68.45938620802586,0.21298050000041258,False,1,350.0,3500.0,-80.0,80.0,1.0,12,"[0, 1, 2, 3, 4, 5, 6, 7, 8, 9, 10, 11]",66,11,"[[0, 2], [1, 2], [1, 11], [4, 11], [4, 5], [5, 6], [6, 7], [7, 8], [6, 10], [2, 9], [3, 9]]"
DOA-V5B-POSTFREEZE-MST-TDOA-YAMAOKA2023-20260913,robothead,benchmark2,task2,recording10,868,17,0,-25.075060752975737,-17.88104864297259,7.194012110003143,7.194012110003143,51.75381023887188,0.21235709999746177,False,1,350.0,3500.0,-80.0,80.0,1.0,12,"[0, 1, 2, 3, 4, 5, 6, 7, 8, 9, 10, 11]",66,11,"[[0, 2], [1, 2], [1, 11], [4, 11], [4, 5], [5, 6], [6, 7], [7, 8], [6, 10], [0, 9], [3, 9]]"
DOA-V5B-POSTFREEZE-MST-TDOA-YAMAOKA2023-20260913,robothead,benchmark2,task2,recording10,875,18,0,-25.075060752975737,-18.06593594693004,7.0091248060456905,7.0091248060456905,49.127830546725036,0.21217269999760902,False,1,350.0,3500.0,-80.0,80.0,1.0,12,"[0, 1, 2, 3, 4, 5, 6, 7, 8, 9, 10, 11]",66,11,"[[0, 2], [1, 2], [1, 11], [4, 11], [4, 5], [5, 6], [6, 10], [6, 7], [7, 8], [0, 9], [3, 9]]"
DOA-V5B-POSTFREEZE-MST-TDOA-YAMAOKA2023-20260913,robothead,benchmark2,task2,recording10,883,19,0,-25.075060752975737,-18.243070916168527,6.8319898368072245,6.8319898368072245,46.676085130237205,0.21374740000464953,False,1,350.0,3500.0,-80.0,80.0,1.0,12,"[0, 1, 2, 3, 4, 5, 6, 7, 8, 9, 10, 11]",66,11,"[[0, 2], [1, 2], [1, 11], [4, 11], [4, 5], [5, 6], [6, 7], [7, 8], [6, 10], [0, 9], [3, 9]]"
DOA-V5B-POSTFREEZE-MST-TDOA-YAMAOKA2023-20260913,robothead,benchmark2,task2,recording11,91,0,1,-5.472921218947986,0.6531741394370509,6.126095358385044,6.126095358385044,37.52904434002678,0.21084349999728147,False,1,350.0,3500.0,-80.0,80.0,1.0,12,"[0, 1, 2, 3, 4, 5, 6, 7, 8, 9, 10, 11]",66,11,"[[0, 2], [1, 2], [1, 11], [4, 11], [4, 5], [5, 6], [6, 7], [7, 8], [6, 10], [1, 3], [0, 9]]"
DOA-V5B-POSTFREEZE-MST-TDOA-YAMAOKA2023-20260913,robothead,benchmark2,task2,recording11,93,1,1,-5.472921218947986,0.9165495645395694,6.389470783487553,6.389470783487553,40.82533689304105,0.21821949999866774,False,1,350.0,3500.0,-80.0,80.0,1.0,12,"[0, 1, 2, 3, 4, 5, 6, 7, 8, 9, 10, 11]",66,11,"[[0, 2], [0, 1], [1, 11], [4, 11], [4, 5], [5, 6], [6, 7], [7, 8], [6, 10], [0, 3], [0, 9]]"
DOA-V5B-POSTFREEZE-MST-TDOA-YAMAOKA2023-20260913,robothead,benchmark2,task2,recording11,96,2,1,-5.472921218947986,-0.3100855930310303,5.162835625916955,5.162835625916955,26.654871700237315,0.21669359999941662,False,1,350.0,3500.0,-80.0,80.0,1.0,12,"[0, 1, 2, 3, 4, 5, 6, 7, 8, 9, 10, 11]",66,11,"[[0, 2], [0, 1], [1, 11], [4, 11], [4, 5], [5, 6], [6, 7], [7, 8], [6, 10], [1, 3], [1, 9]]"
DOA-V5B-POSTFREEZE-MST-TDOA-YAMAOKA2023-20260913,robothead,benchmark2,task2,recording11,98,3,1,-5.472921218947986,0.12143975018072935,5.594360969128729,5.594360969128729,31.296874652910933,0.21502460000192514,False,1,350.0,3500.0,-80.0,80.0,1.0,12,"[0, 1, 2, 3, 4, 5, 6, 7, 8, 9, 10, 11]",66,11,"[[0, 2], [0, 1], [1, 11], [4, 11], [4, 5], [5, 6], [6, 7], [7, 8], [6, 10], [0, 3], [0, 9]]"
DOA-V5B-POSTFREEZE-MST-TDOA-YAMAOKA2023-20260913,robothead,benchmark2,task2,recording11,101,4,1,-5.472921218947986,0.018382742675658703,5.491303961623657,5.491303961623657,30.154419198943675,0.21550859999842942,False,1,350.0,3500.0,-80.0,80.0,1.0,12,"[0, 1, 2, 3, 4, 5, 6, 7, 8, 9, 10, 11]",66,11,"[[0, 2], [0, 1], [1, 11], [4, 11], [4, 5], [5, 6], [6, 7], [7, 8], [6, 10], [1, 3], [1, 9]]"
DOA-V5B-POSTFREEZE-MST-TDOA-YAMAOKA2023-20260913,robothead,benchmark2,task2,recording11,103,5,1,-5.472921218947986,0.6974587439035811,6.17037996285157,6.17037996285157,38.073588885960135,0.21592840000084834,False,1,350.0,3500.0,-80.0,80.0,1.0,12,"[0, 1, 2, 3, 4, 5, 6, 7, 8, 9, 10, 11]",66,11,"[[0, 2], [0, 1], [1, 11], [4, 11], [4, 5], [5, 6], [6, 7], [7, 8], [6, 10], [0, 3], [1, 9]]"
DOA-V5B-POSTFREEZE-MST-TDOA-YAMAOKA2023-20260913,robothead,benchmark2,task2,recording11,106,6,1,-5.472921218947986,0.31946799238928386,5.79238921133728,5.79238921133728,33.55177277561652,0.21598750000703149,False,1,350.0,3500.0,-80.0,80.0,1.0,12,"[0, 1, 2, 3, 4, 5, 6, 7, 8, 9, 10, 11]",66,11,"[[0, 2], [0, 1], [1, 11], [4, 11], [4, 5], [5, 6], [6, 7], [7, 8], [6, 10], [1, 3], [1, 9]]"
DOA-V5B-POSTFREEZE-MST-TDOA-YAMAOKA2023-20260913,robothead,benchmark2,task2,recording11,361,7,1,-5.472921218947986,-1.505963346825343,3.9669578721226344,3.9669578721226344,15.736754759195739,0.21834769999986747,False,1,350.0,3500.0,-80.0,80.0,1.0,12,"[0, 1, 2, 3, 4, 5, 6, 7, 8, 9, 10, 11]",66,11,"[[0, 2], [1, 2], [1, 11], [4, 11], [4, 5], [5, 6], [6, 10], [7, 10], [7, 8], [0, 3], [3, 9]]"
DOA-V5B-POSTFREEZE-MST-TDOA-YAMAOKA2023-20260913,robothead,benchmark2,task2,recording11,364,8,1,-5.472921218947986,-0.4600741829848692,5.012847035963119,5.012847035963119,25.128635405964232,0.2119756000029156,False,1,350.0,3500.0,-80.0,80.0,1.0,12,"[0, 1, 2, 3, 4, 5, 6, 7, 8, 9, 10, 11]",66,11,"[[0, 2], [0, 1], [1, 11], [4, 11], [4, 5], [5, 6], [4, 10], [6, 7], [7, 8], [1, 3], [3, 9]]"
DOA-V5B-POSTFREEZE-MST-TDOA-YAMAOKA2023-20260913,robothead,benchmark2,task2,recording11,366,9,1,-5.472921218947986,1.3417447287451292,6.814665947693129,6.814665947693129,46.43967197864829,0.21226860000024317,False,1,350.0,3500.0,-80.0,80.0,1.0,12,"[0, 1, 2, 3, 4, 5, 6, 7, 8, 9, 10, 11]",66,11,"[[0, 2], [0, 1], [1, 11], [4, 11], [4, 5], [5, 6], [6, 7], [7, 8], [1, 10], [1, 3], [4, 9]]"
DOA-V5B-POSTFREEZE-MST-TDOA-YAMAOKA2023-20260913,robothead,benchmark2,task2,recording11,369,10,1,-5.472921218947986,-1.097239378886483,4.375681840061503,4.375681840061503,19.146591565444023,0.21200239999598125,False,1,350.0,3500.0,-80.0,80.0,1.0,12,"[0, 1, 2, 3, 4, 5, 6, 7, 8, 9, 10, 11]",66,11,"[[0, 2], [0, 1], [1, 11], [4, 11], [4, 5], [5, 6], [6, 10], [1, 3], [7, 10], [7, 8], [4, 9]]"
DOA-V5B-POSTFREEZE-MST-TDOA-YAMAOKA2023-20260913,robothead,benchmark2,task2,recording11,371,11,1,-5.472921218947986,-0.9733398812507764,4.499581337697208,4.499581337697208,20.246232214552997,0.21189069999672938,False,1,350.0,3500.0,-80.0,80.0,1.0,12,"[0, 1, 2, 3, 4, 5, 6, 7, 8, 9, 10, 11]",66,11,"[[0, 2], [0, 1], [1, 11], [4, 11], [4, 5], [5, 6], [6, 10], [0, 3], [7, 10], [7, 8], [0, 9]]"
DOA-V5B-POSTFREEZE-MST-TDOA-YAMAOKA2023-20260913,robothead,benchmark2,task2,recording11,374,12,1,-5.472921218947986,0.2219561610921319,5.694877380040111,5.694877380040111,32.431628373692526,0.21756720000121277,False,1,350.0,3500.0,-80.0,80.0,1.0,12,"[0, 1, 2, 3, 4, 5, 6, 7, 8, 9, 10, 11]",66,11,"[[0, 2], [0, 1], [1, 11], [4, 11], [4, 5], [5, 6], [6, 7], [7, 8], [6, 10], [0, 3], [0, 9]]"
DOA-V5B-POSTFREEZE-MST-TDOA-YAMAOKA2023-20260913,robothead,benchmark2,task2,recording11,376,13,1,-5.472921218947986,-0.02563746587158816,5.447283753076391,5.447283753076391,29.672900286530012,0.21515839999483433,False,1,350.0,3500.0,-80.0,80.0,1.0,12,"[0, 1, 2, 3, 4, 5, 6, 7, 8, 9, 10, 11]",66,11,"[[0, 2], [0, 1], [1, 11], [4, 11], [4, 5], [5, 6], [6, 10], [6, 7], [7, 8], [1, 3], [0, 9]]"
DOA-V5B-POSTFREEZE-MST-TDOA-YAMAOKA2023-20260913,robothead,benchmark2,task2,recording11,379,14,1,-5.472921218947986,0.24316549926321693,5.716086718211216,5.716086718211216,32.673647370110665,0.21699140000418993,False,1,350.0,3500.0,-80.0,80.0,1.0,12,"[0, 1, 2, 3, 4, 5, 6, 7, 8, 9, 10, 11]",66,11,"[[0, 2], [0, 1], [1, 11], [4, 11], [4, 5], [5, 6], [6, 10], [6, 7], [7, 8], [1, 3], [1, 9]]"
DOA-V5B-POSTFREEZE-MST-TDOA-YAMAOKA2023-20260913,robothead,benchmark2,task2,recording11,381,15,1,-5.472921218947986,0.2555824870243955,5.728503705972372,5.728503705972372,32.8157547093392,0.2157632000016747,False,1,350.0,3500.0,-80.0,80.0,1.0,12,"[0, 1, 2, 3, 4, 5, 6, 7, 8, 9, 10, 11]",66,11,"[[0, 2], [0, 1], [1, 11], [4, 11], [4, 5], [5, 6], [6, 7], [7, 8], [6, 10], [1, 3], [1, 9]]"
DOA-V5B-POSTFREEZE-MST-TDOA-YAMAOKA2023-20260913,robothead,benchmark2,task2,recording11,384,16,1,-5.472921218947986,0.27449996431931595,5.747421183267306,5.747421183267306,33.03285025786976,0.2150575999985449,False,1,350.0,3500.0,-80.0,80.0,1.0,12,"[0, 1, 2, 3, 4, 5, 6, 7, 8, 9, 10, 11]",66,11,"[[0, 2], [0, 1], [1, 11], [4, 11], [4, 5], [5, 6], [6, 7], [7, 8], [6, 10], [1, 3], [1, 9]]"
DOA-V5B-POSTFREEZE-MST-TDOA-YAMAOKA2023-20260913,robothead,benchmark2,task2,recording11,386,17,1,-5.472921218947986,0.30263480680009325,5.775556025748074,5.775556025748074,33.357047406554884,0.21918839999852935,False,1,350.0,3500.0,-80.0,80.0,1.0,12,"[0, 1, 2, 3, 4, 5, 6, 7, 8, 9, 10, 11]",66,11,"[[0, 2], [0, 1], [1, 11], [4, 11], [4, 5], [5, 6], [6, 7], [7, 8], [6, 10], [1, 3], [1, 9]]"
DOA-V5B-POSTFREEZE-MST-TDOA-YAMAOKA2023-20260913,robothead,benchmark2,task2,recording11,389,18,1,-5.472921218947986,0.23883913639295878,5.711760355340942,5.711760355340942,32.62420635684449,0.2152829999977257,False,1,350.0,3500.0,-80.0,80.0,1.0,12,"[0, 1, 2, 3, 4, 5, 6, 7, 8, 9, 10, 11]",66,11,"[[0, 2], [0, 1], [1, 11], [4, 11], [4, 5], [5, 6], [6, 7], [7, 8], [6, 10], [1, 3], [1, 9]]"
DOA-V5B-POSTFREEZE-MST-TDOA-YAMAOKA2023-20260913,robothead,benchmark2,task2,recording11,391,19,1,-5.472921218947986,0.2535437958021065,5.72646501475009,5.72646501475009,32.79240156515675,0.2140956000002916,False,1,350.0,3500.0,-80.0,80.0,1.0,12,"[0, 1, 2, 3, 4, 5, 6, 7, 8, 9, 10, 11]",66,11,"[[0, 2], [0, 1], [1, 11], [4, 11], [4, 5], [5, 6], [6, 7], [7, 8], [6, 10], [1, 3], [1, 9]]"
DOA-V5B-POSTFREEZE-MST-TDOA-YAMAOKA2023-20260913,robothead,benchmark2,task2,recording12,110,0,1,20.979147201342514,24.464585709404265,3.4854385080617476,3.4854385080617476,12.148281593479702,0.21649230000184616,False,1,350.0,3500.0,-80.0,80.0,1.0,12,"[0, 1, 2, 3, 4, 5, 6, 7, 8, 9, 10, 11]",66,11,"[[0, 1], [1, 4], [4, 5], [5, 6], [4, 11], [0, 2], [6, 7], [7, 8], [0, 3], [4, 9], [8, 10]]"
DOA-V5B-POSTFREEZE-MST-TDOA-YAMAOKA2023-20260913,robothead,benchmark2,task2,recording12,114,1,1,20.979147201342514,24.532416101223813,3.5532688998812887,3.5532688998812887,12.625719874863584,0.21493719999853056,False,1,350.0,3500.0,-80.0,80.0,1.0,12,"[0, 1, 2, 3, 4, 5, 6, 7, 8, 9, 10, 11]",66,11,"[[0, 1], [1, 4], [4, 5], [5, 6], [4, 11], [0, 2], [6, 7], [7, 8], [0, 3], [4, 9], [8, 10]]"
DOA-V5B-POSTFREEZE-MST-TDOA-YAMAOKA2023-20260913,robothead,benchmark2,task2,recording12,118,2,1,20.979147201342514,24.500395953054873,3.5212487517123634,3.5212487517123634,12.399192771435878,0.21107520000077784,False,1,350.0,3500.0,-80.0,80.0,1.0,12,"[0, 1, 2, 3, 4, 5, 6, 7, 8, 9, 10, 11]",66,11,"[[0, 1], [0, 2], [1, 4], [4, 5], [5, 6], [4, 11], [6, 7], [7, 8], [0, 3], [4, 9], [8, 10]]"
DOA-V5B-POSTFREEZE-MST-TDOA-YAMAOKA2023-20260913,robothead,benchmark2,task2,recording12,122,3,1,20.979147201342514,23.53907098380001,2.5599237824575027,2.5599237824575027,6.553209771991527,0.21502200000395533,False,1,350.0,3500.0,-80.0,80.0,1.0,12,"[0, 1, 2, 3, 4, 5, 6, 7, 8, 9, 10, 11]",66,11,"[[0, 4], [4, 5], [5, 6], [1, 4], [1, 2], [1, 11], [6, 7], [7, 8], [0, 3], [9, 11], [10, 11]]"
DOA-V5B-POSTFREEZE-MST-TDOA-YAMAOKA2023-20260913,robothead,benchmark2,task2,recording12,126,4,1,20.979147201342514,24.110038882397422,3.130891681054919,3.130891681054919,9.802482718498897,0.21234890000050655,False,1,350.0,3500.0,-80.0,80.0,1.0,12,"[0, 1, 2, 3, 4, 5, 6, 7, 8, 9, 10, 11]",66,11,"[[0, 1], [1, 4], [4, 5], [5, 6], [6, 7], [7, 8], [1, 2], [5, 11], [0, 3], [9, 11], [8, 10]]"
DOA-V5B-POSTFREEZE-MST-TDOA-YAMAOKA2023-20260913,robothead,benchmark2,task2,recording12,130,5,1,20.979147201342514,24.68885329644792,3.7097060951054175,3.7097060951054175,13.761919312062284,0.2110088000044925,False,1,350.0,3500.0,-80.0,80.0,1.0,12,"[0, 1, 2, 3, 4, 5, 6, 7, 8, 9, 10, 11]",66,11,"[[0, 1], [0, 2], [1, 4], [4, 5], [5, 6], [4, 11], [6, 7], [7, 8], [0, 3], [9, 11], [8, 10]]"
DOA-V5B-POSTFREEZE-MST-TDOA-YAMAOKA2023-20260913,robothead,benchmark2,task2,recording12,134,6,1,20.979147201342514,24.450716677346154,3.4715694760036513,3.4715694760036513,12.051794626720266,0.21247089999815216,False,1,350.0,3500.0,-80.0,80.0,1.0,12,"[0, 1, 2, 3, 4, 5, 6, 7, 8, 9, 10, 11]",66,11,"[[0, 1], [1, 4], [4, 5], [5, 6], [0, 2], [4, 11], [6, 7], [7, 8], [0, 3], [9, 11], [8, 10]]"
DOA-V5B-POSTFREEZE-MST-TDOA-YAMAOKA2023-20260913,robothead,benchmark2,task2,recording12,425,7,1,20.979147201342514,24.06914013752633,3.089992936183819,3.089992936183819,9.548056345665898,0.2112282000016421,False,1,350.0,3500.0,-80.0,80.0,1.0,12,"[0, 1, 2, 3, 4, 5, 6, 7, 8, 9, 10, 11]",66,11,"[[0, 1], [1, 4], [4, 5], [5, 6], [4, 11], [0, 2], [6, 7], [7, 8], [0, 3], [4, 9], [8, 10]]"
DOA-V5B-POSTFREEZE-MST-TDOA-YAMAOKA2023-20260913,robothead,benchmark2,task2,recording12,429,8,1,20.979147201342514,24.028603825887124,3.0494566245446038,3.0494566245446038,9.299185704978969,0.21296609999990324,False,1,350.0,3500.0,-80.0,80.0,1.0,12,"[0, 1, 2, 3, 4, 5, 6, 7, 8, 9, 10, 11]",66,11,"[[0, 1], [1, 4], [4, 5], [5, 6], [4, 11], [0, 2], [6, 7], [7, 8], [0, 3], [4, 9], [8, 10]]"
DOA-V5B-POSTFREEZE-MST-TDOA-YAMAOKA2023-20260913,robothead,benchmark2,task2,recording12,433,9,1,20.979147201342514,24.03610159441051,3.056954393067997,3.056954393067997,9.344970161297725,0.21095499999501044,False,1,350.0,3500.0,-80.0,80.0,1.0,12,"[0, 1, 2, 3, 4, 5, 6, 7, 8, 9, 10, 11]",66,11,"[[0, 1], [1, 4], [4, 5], [5, 6], [4, 11], [0, 2], [6, 7], [7, 8], [0, 3], [4, 9], [8, 10]]"
DOA-V5B-POSTFREEZE-MST-TDOA-YAMAOKA2023-20260913,robothead,benchmark2,task2,recording12,436,10,1,20.979147201342514,24.025375619055076,3.0462284177125696,3.0462284177125696,9.279507572879625,0.21245949999865843,False,1,350.0,3500.0,-80.0,80.0,1.0,12,"[0, 1, 2, 3, 4, 5, 6, 7, 8, 9, 10, 11]",66,11,"[[0, 1], [1, 4], [4, 5], [5, 6], [4, 11], [0, 2], [6, 7], [7, 8], [0, 3], [4, 9], [8, 10]]"
DOA-V5B-POSTFREEZE-MST-TDOA-YAMAOKA2023-20260913,robothead,benchmark2,task2,recording12,716,11,0,-28.374789391218535,-20.767215730586248,7.6075736606322835,7.6075736606322835,57.875177001946085,0.2117112999985693,False,1,350.0,3500.0,-80.0,80.0,1.0,12,"[0, 1, 2, 3, 4, 5, 6, 7, 8, 9, 10, 11]",66,11,"[[0, 2], [1, 2], [1, 11], [4, 11], [4, 5], [5, 6], [10, 11], [6, 7], [7, 8], [9, 11], [3, 9]]"
DOA-V5B-POSTFREEZE-MST-TDOA-YAMAOKA2023-20260913,robothead,benchmark2,task2,recording12,720,12,0,-28.374789391218535,-20.930448418504188,7.444340972714343,7.444340972714343,55.418212518033535,0.21336239999800455,False,1,350.0,3500.0,-80.0,80.0,1.0,12,"[0, 1, 2, 3, 4, 5, 6, 7, 8, 9, 10, 11]",66,11,"[[0, 2], [1, 2], [1, 11], [4, 11], [4, 5], [5, 6], [10, 11], [6, 7], [7, 8], [9, 11], [3, 9]]"
DOA-V5B-POSTFREEZE-MST-TDOA-YAMAOKA2023-20260913,robothead,benchmark2,task2,recording12,724,13,0,-28.374789391218535,-21.37322266571289,7.001566725505654,7.001566725505654,49.02193661170797,0.2120087000002968,False,1,350.0,3500.0,-80.0,80.0,1.0,12,"[0, 1, 2, 3, 4, 5, 6, 7, 8, 9, 10, 11]",66,11,"[[0, 2], [1, 2], [1, 11], [4, 11], [4, 5], [5, 6], [10, 11], [6, 7], [7, 8], [9, 11], [3, 9]]"
DOA-V5B-POSTFREEZE-MST-TDOA-YAMAOKA2023-20260913,robothead,benchmark2,task2,recording12,728,14,0,-28.374789391218535,-21.68267480562117,6.6921145855973805,6.6921145855973805,44.7843976267652,0.21184669999638572,False,1,350.0,3500.0,-80.0,80.0,1.0,12,"[0, 1, 2, 3, 4, 5, 6, 7, 8, 9, 10, 11]",66,11,"[[0, 2], [1, 2], [1, 11], [4, 11], [4, 5], [5, 6], [10, 11], [6, 7], [7, 8], [9, 11], [3, 9]]"
DOA-V5B-POSTFREEZE-MST-TDOA-YAMAOKA2023-20260913,robothead,benchmark2,task2,recording12,732,15,0,-28.374789391218535,-21.688716404397066,6.686072986821472,6.686072986821472,44.7035719851038,0.21233370000118157,False,1,350.0,3500.0,-80.0,80.0,1.0,12,"[0, 1, 2, 3, 4, 5, 6, 7, 8, 9, 10, 11]",66,11,"[[0, 2], [1, 2], [1, 11], [4, 11], [4, 5], [5, 6], [10, 11], [6, 7], [7, 8], [9, 11], [3, 9]]"
DOA-V5B-POSTFREEZE-MST-TDOA-YAMAOKA2023-20260913,robothead,benchmark2,task2,recording12,736,16,0,-28.374789391218535,-21.750970556783418,6.623818834435127,6.623818834435127,43.874975951417525,0.21186999999918044,False,1,350.0,3500.0,-80.0,80.0,1.0,12,"[0, 1, 2, 3, 4, 5, 6, 7, 8, 9, 10, 11]",66,11,"[[0, 2], [1, 2], [1, 11], [4, 11], [4, 5], [5, 6], [10, 11], [6, 7], [7, 8], [9, 11], [3, 9]]"
DOA-V5B-POSTFREEZE-MST-TDOA-YAMAOKA2023-20260913,robothead,benchmark2,task2,recording12,740,17,0,-28.374789391218535,-21.529014421807624,6.845774969410911,6.845774969410911,46.86463493181296,0.21372100000007777,False,1,350.0,3500.0,-80.0,80.0,1.0,12,"[0, 1, 2, 3, 4, 5, 6, 7, 8, 9, 10, 11]",66,11,"[[0, 2], [1, 2], [1, 11], [4, 11], [4, 5], [5, 6], [10, 11], [6, 7], [7, 8], [9, 11], [3, 9]]"
DOA-V5B-POSTFREEZE-MST-TDOA-YAMAOKA2023-20260913,robothead,benchmark2,task2,recording12,744,18,0,-28.374789391218535,-21.541445971707876,6.833343419510669,6.833343419510669,46.69458228896976,0.21242899999924703,False,1,350.0,3500.0,-80.0,80.0,1.0,12,"[0, 1, 2, 3, 4, 5, 6, 7, 8, 9, 10, 11]",66,11,"[[0, 2], [1, 2], [1, 11], [4, 11], [4, 5], [5, 6], [10, 11], [6, 7], [7, 8], [9, 11], [3, 9]]"
DOA-V5B-POSTFREEZE-MST-TDOA-YAMAOKA2023-20260913,robothead,benchmark2,task2,recording12,748,19,0,-28.374789391218535,-21.696492068129913,6.6782973230886284,6.6782973230886284,44.59965513557274,0.2117657999988296,False,1,350.0,3500.0,-80.0,80.0,1.0,12,"[0, 1, 2, 3, 4, 5, 6, 7, 8, 9, 10, 11]",66,11,"[[0, 2], [1, 2], [1, 11], [4, 11], [4, 5], [5, 6], [10, 11], [6, 7], [7, 8], [9, 11], [3, 9]]"
DOA-V5B-POSTFREEZE-MST-TDOA-YAMAOKA2023-20260913,robothead,benchmark2,task2,recording13,90,0,0,34.39444533386596,39.83746297431754,5.443017640451586,5.443017640451586,29.626441034267152,0.21315550000144867,False,1,350.0,3500.0,-80.0,80.0,1.0,12,"[0, 1, 2, 3, 4, 5, 6, 7, 8, 9, 10, 11]",66,11,"[[0, 1], [1, 4], [4, 5], [5, 6], [6, 7], [7, 8], [0, 2], [5, 11], [0, 3], [7, 9], [9, 10]]"
DOA-V5B-POSTFREEZE-MST-TDOA-YAMAOKA2023-20260913,robothead,benchmark2,task2,recording13,98,1,0,34.39444533386596,39.76380852614766,5.369363192281696,5.369363192281696,28.83006109062949,0.2135511000014958,False,1,350.0,3500.0,-80.0,80.0,1.0,12,"[0, 1, 2, 3, 4, 5, 6, 7, 8, 9, 10, 11]",66,11,"[[0, 1], [1, 4], [4, 5], [5, 6], [6, 7], [7, 8], [0, 2], [0, 3], [5, 11], [7, 9], [9, 10]]"
DOA-V5B-POSTFREEZE-MST-TDOA-YAMAOKA2023-20260913,robothead,benchmark2,task2,recording13,105,2,0,34.39444533386596,39.66905387519945,5.274608541333492,5.274608541333492,27.821495264308233,0.21130319999792846,False,1,350.0,3500.0,-80.0,80.0,1.0,12,"[0, 1, 2, 3, 4, 5, 6, 7, 8, 9, 10, 11]",66,11,"[[0, 1], [1, 4], [4, 5], [5, 6], [6, 7], [7, 8], [0, 2], [0, 3], [5, 11], [7, 9], [9, 10]]"
DOA-V5B-POSTFREEZE-MST-TDOA-YAMAOKA2023-20260913,robothead,benchmark2,task2,recording13,113,3,0,34.39444533386596,39.76535782096,5.370912487094046,5.370912487094046,28.846700944022746,0.21411459999944782,False,1,350.0,3500.0,-80.0,80.0,1.0,12,"[0, 1, 2, 3, 4, 5, 6, 7, 8, 9, 10, 11]",66,11,"[[0, 1], [1, 4], [4, 5], [5, 6], [6, 7], [7, 8], [0, 2], [0, 3], [5, 11], [7, 9], [9, 10]]"
DOA-V5B-POSTFREEZE-MST-TDOA-YAMAOKA2023-20260913,robothead,benchmark2,task2,recording13,120,4,0,34.39444533386596,39.865266413484804,5.470821079618844,5.470821079618844,29.929883285201893,0.21136090000072727,False,1,350.0,3500.0,-80.0,80.0,1.0,12,"[0, 1, 2, 3, 4, 5, 6, 7, 8, 9, 10, 11]",66,11,"[[0, 1], [1, 4], [4, 5], [5, 6], [6, 7], [7, 8], [0, 2], [0, 3], [5, 11], [7, 9], [9, 10]]"
DOA-V5B-POSTFREEZE-MST-TDOA-YAMAOKA2023-20260913,robothead,benchmark2,task2,recording13,128,5,0,34.39444533386596,39.826577344138684,5.43213201027271,5.43213201027271,29.508058177029433,0.21232030000101076,False,1,350.0,3500.0,-80.0,80.0,1.0,12,"[0, 1, 2, 3, 4, 5, 6, 7, 8, 9, 10, 11]",66,11,"[[0, 1], [1, 4], [4, 5], [5, 6], [6, 7], [7, 8], [0, 2], [0, 3], [5, 11], [7, 9], [9, 10]]"
DOA-V5B-POSTFREEZE-MST-TDOA-YAMAOKA2023-20260913,robothead,benchmark2,task2,recording13,135,6,0,34.39444533386596,39.808297506158304,5.413852172292337,5.413852172292337,29.30979534343446,0.21534309999697143,False,1,350.0,3500.0,-80.0,80.0,1.0,12,"[0, 1, 2, 3, 4, 5, 6, 7, 8, 9, 10, 11]",66,11,"[[0, 1], [1, 4], [4, 5], [5, 6], [6, 7], [7, 8], [0, 2], [0, 3], [5, 11], [7, 9], [9, 10]]"
DOA-V5B-POSTFREEZE-MST-TDOA-YAMAOKA2023-20260913,robothead,benchmark2,task2,recording13,143,7,0,34.39444533386596,39.74761434105831,5.353169007192349,5.353169007192349,28.656418419564723,0.21180509999976493,False,1,350.0,3500.0,-80.0,80.0,1.0,12,"[0, 1, 2, 3, 4, 5, 6, 7, 8, 9, 10, 11]",66,11,"[[0, 1], [1, 4], [4, 5], [5, 6], [6, 7], [7, 8], [0, 2], [0, 3], [5, 11], [7, 9], [9, 10]]"
DOA-V5B-POSTFREEZE-MST-TDOA-YAMAOKA2023-20260913,robothead,benchmark2,task2,recording13,150,8,0,34.39444533386596,38.9511785665353,4.55673323266933,4.55673323266933,20.763817753713084,0.212194300002011,False,1,350.0,3500.0,-80.0,80.0,1.0,12,"[0, 1, 2, 3, 4, 5, 6, 7, 8, 9, 10, 11]",66,11,"[[0, 1], [1, 4], [4, 5], [5, 6], [6, 7], [7, 8], [0, 2], [0, 3], [5, 11], [7, 9], [6, 10]]"
DOA-V5B-POSTFREEZE-MST-TDOA-YAMAOKA2023-20260913,robothead,benchmark2,task2,recording13,158,9,0,34.39444533386596,39.11008155184895,4.71563621798299,4.71563621798299,22.237224940352917,0.21031190000212518,False,1,350.0,3500.0,-80.0,80.0,1.0,12,"[0, 1, 2, 3, 4, 5, 6, 7, 8, 9, 10, 11]",66,11,"[[0, 1], [1, 4], [4, 5], [5, 6], [6, 7], [7, 8], [0, 2], [5, 11], [0, 3], [7, 9], [6, 10]]"
DOA-V5B-POSTFREEZE-MST-TDOA-YAMAOKA2023-20260913,robothead,benchmark2,task2,recording13,165,10,0,34.39444533386596,48.63303260559626,14.238587271730296,14.238587271730296,202.73736749468,0.21075779999955557,False,1,350.0,3500.0,-80.0,80.0,1.0,12,"[0, 1, 2, 3, 4, 5, 6, 7, 8, 9, 10, 11]",66,11,"[[0, 1], [1, 4], [4, 5], [5, 6], [6, 7], [7, 8], [0, 2], [4, 11], [0, 3], [8, 10], [9, 10]]"
DOA-V5B-POSTFREEZE-MST-TDOA-YAMAOKA2023-20260913,robothead,benchmark2,task2,recording13,173,11,0,34.39444533386596,44.63912819209279,10.244682858226838,10.244682858226838,104.95352686564682,0.21230610000202432,False,1,350.0,3500.0,-80.0,80.0,1.0,12,"[0, 1, 2, 3, 4, 5, 6, 7, 8, 9, 10, 11]",66,11,"[[0, 1], [1, 4], [4, 5], [5, 6], [6, 7], [7, 8], [0, 3], [0, 2], [4, 11], [10, 11], [9, 10]]"
DOA-V5B-POSTFREEZE-MST-TDOA-YAMAOKA2023-20260913,robothead,benchmark2,task2,recording13,180,12,0,34.39444533386596,42.10109767947453,7.706652345608575,7.706652345608575,59.39249037607414,0.2120162999999593,False,1,350.0,3500.0,-80.0,80.0,1.0,12,"[0, 1, 2, 3, 4, 5, 6, 7, 8, 9, 10, 11]",66,11,"[[0, 1], [1, 4], [4, 5], [5, 6], [6, 7], [7, 8], [0, 2], [0, 3], [5, 11], [8, 10], [9, 10]]"
DOA-V5B-POSTFREEZE-MST-TDOA-YAMAOKA2023-20260913,robothead,benchmark2,task2,recording13,188,13,0,34.39444533386596,41.54411747789698,7.14967214403103,7.14967214403103,51.11781176713326,0.21190190000197617,False,1,350.0,3500.0,-80.0,80.0,1.0,12,"[0, 1, 2, 3, 4, 5, 6, 7, 8, 9, 10, 11]",66,11,"[[0, 1], [1, 4], [4, 5], [5, 6], [6, 7], [7, 8], [0, 2], [0, 3], [4, 11], [8, 10], [9, 10]]"
DOA-V5B-POSTFREEZE-MST-TDOA-YAMAOKA2023-20260913,robothead,benchmark2,task2,recording13,195,14,0,34.39444533386596,42.35233388788372,7.957888554017757,7.957888554017757,63.32799023816682,0.21072409999760566,False,1,350.0,3500.0,-80.0,80.0,1.0,12,"[0, 1, 2, 3, 4, 5, 6, 7, 8, 9, 10, 11]",66,11,"[[0, 1], [1, 4], [4, 5], [5, 6], [6, 7], [7, 8], [0, 2], [0, 3], [4, 11], [7, 9], [9, 10]]"
DOA-V5B-POSTFREEZE-MST-TDOA-YAMAOKA2023-20260913,robothead,benchmark2,task2,recording13,203,15,0,34.39444533386596,38.439861370902754,4.0454160370368015,4.0454160370368015,16.365390912714542,0.2122531999993953,False,1,350.0,3500.0,-80.0,80.0,1.0,12,"[0, 1, 2, 3, 4, 5, 6, 7, 8, 9, 10, 11]",66,11,"[[0, 1], [1, 4], [4, 5], [5, 6], [6, 7], [7, 8], [0, 2], [0, 3], [6, 11], [4, 9], [6, 10]]"
DOA-V5B-POSTFREEZE-MST-TDOA-YAMAOKA2023-20260913,robothead,benchmark2,task2,recording13,345,16,1,13.159893789720627,19.667053168833082,6.507159379112466,6.507159379112466,42.34312318517133,0.2117089000021224,False,1,350.0,3500.0,-80.0,80.0,1.0,12,"[0, 1, 2, 3, 4, 5, 6, 7, 8, 9, 10, 11]",66,11,"[[0, 2], [0, 1], [1, 4], [4, 5], [5, 6], [4, 11], [6, 7], [7, 8], [0, 3], [7, 10], [4, 9]]"
DOA-V5B-POSTFREEZE-MST-TDOA-YAMAOKA2023-20260913,robothead,benchmark2,task2,recording13,353,17,1,13.159893789720627,18.612190212878062,5.452296423157435,5.452296423157435,29.727536285975358,0.2126776000004611,False,1,350.0,3500.0,-80.0,80.0,1.0,12,"[0, 1, 2, 3, 4, 5, 6, 7, 8, 9, 10, 11]",66,11,"[[0, 2], [0, 1], [1, 4], [4, 5], [5, 6], [4, 11], [6, 7], [7, 8], [0, 3], [7, 10], [4, 9]]"
DOA-V5B-POSTFREEZE-MST-TDOA-YAMAOKA2023-20260913,robothead,benchmark2,task2,recording13,360,18,1,13.159893789720627,18.839921216685088,5.680027426964472,5.680027426964472,32.262711571068635,0.21138559999963036,False,1,350.0,3500.0,-80.0,80.0,1.0,12,"[0, 1, 2, 3, 4, 5, 6, 7, 8, 9, 10, 11]",66,11,"[[0, 2], [0, 1], [1, 4], [4, 5], [5, 6], [4, 11], [6, 7], [7, 8], [0, 3], [7, 10], [4, 9]]"
DOA-V5B-POSTFREEZE-MST-TDOA-YAMAOKA2023-20260913,robothead,benchmark2,task2,recording13,368,19,1,13.159893789720627,18.852558012053986,5.692664222333349,5.692664222333349,32.40642594823415,0.21052100000088103,False,1,350.0,3500.0,-80.0,80.0,1.0,12,"[0, 1, 2, 3, 4, 5, 6, 7, 8, 9, 10, 11]",66,11,"[[0, 2], [0, 1], [1, 4], [4, 5], [5, 6], [4, 11], [6, 7], [7, 8], [0, 3], [7, 10], [4, 9]]"
DOA-V5B-POSTFREEZE-MST-TDOA-YAMAOKA2023-20260913,robothead,benchmark2,task2,recording7,108,0,0,-33.008515178394816,-11.28592698356295,21.72258819483187,21.72258819483187,471.87083788224896,0.2187811000039801,False,1,350.0,3500.0,-80.0,80.0,1.0,12,"[0, 1, 2, 3, 4, 5, 6, 7, 8, 9, 10, 11]",66,11,"[[0, 4], [4, 5], [5, 6], [6, 7], [7, 8], [0, 1], [1, 2], [1, 11], [10, 11], [0, 3], [9, 10]]"
DOA-V5B-POSTFREEZE-MST-TDOA-YAMAOKA2023-20260913,robothead,benchmark2,task2,recording7,109,1,0,-33.008515178394816,-11.678128674696199,21.330386503698605,21.330386503698605,454.98538839716764,0.21437259999947855,False,1,350.0,3500.0,-80.0,80.0,1.0,12,"[0, 1, 2, 3, 4, 5, 6, 7, 8, 9, 10, 11]",66,11,"[[0, 4], [4, 5], [5, 6], [6, 7], [7, 8], [1, 4], [1, 2], [1, 11], [10, 11], [0, 3], [9, 10]]"
DOA-V5B-POSTFREEZE-MST-TDOA-YAMAOKA2023-20260913,robothead,benchmark2,task2,recording7,110,2,0,-33.008515178394816,-11.150234829793733,21.858280348601085,21.858280348601085,477.78441979804035,0.2226816000038525,False,1,350.0,3500.0,-80.0,80.0,1.0,12,"[0, 1, 2, 3, 4, 5, 6, 7, 8, 9, 10, 11]",66,11,"[[0, 4], [4, 5], [5, 6], [6, 7], [7, 8], [1, 4], [1, 2], [2, 11], [10, 11], [9, 10], [0, 3]]"
DOA-V5B-POSTFREEZE-MST-TDOA-YAMAOKA2023-20260913,robothead,benchmark2,task2,recording7,111,3,0,-33.008515178394816,-10.69530270378014,22.313212474614687,22.313212474614687,497.8794509373005,0.22552629999700002,False,1,350.0,3500.0,-80.0,80.0,1.0,12,"[0, 1, 2, 3, 4, 5, 6, 7, 8, 9, 10, 11]",66,11,"[[0, 4], [4, 5], [5, 6], [6, 7], [7, 8], [1, 4], [1, 2], [2, 11], [10, 11], [0, 3], [9, 10]]"
DOA-V5B-POSTFREEZE-MST-TDOA-YAMAOKA2023-20260913,robothead,benchmark2,task2,recording7,112,4,0,-33.008515178394816,-11.202547855960526,21.8059673224343,21.8059673224343,475.50021086707244,0.21815489999426063,False,1,350.0,3500.0,-80.0,80.0,1.0,12,"[0, 1, 2, 3, 4, 5, 6, 7, 8, 9, 10, 11]",66,11,"[[0, 4], [4, 5], [5, 6], [6, 7], [7, 8], [1, 4], [1, 2], [2, 11], [10, 11], [0, 3], [9, 10]]"
DOA-V5B-POSTFREEZE-MST-TDOA-YAMAOKA2023-20260913,robothead,benchmark2,task2,recording7,113,5,0,-33.008515178394816,-9.671746661949644,23.336768516445176,23.336768516445176,544.6047647901468,0.22406300000147894,False,1,350.0,3500.0,-80.0,80.0,1.0,12,"[0, 1, 2, 3, 4, 5, 6, 7, 8, 9, 10, 11]",66,11,"[[0, 4], [4, 5], [5, 6], [6, 7], [7, 8], [0, 1], [1, 2], [1, 11], [10, 11], [9, 10], [0, 3]]"
DOA-V5B-POSTFREEZE-MST-TDOA-YAMAOKA2023-20260913,robothead,benchmark2,task2,recording7,114,6,0,-33.008515178394816,-9.290189827603877,23.718325350790934,23.718325350790934,562.5589574459719,0.262175700001535,False,1,350.0,3500.0,-80.0,80.0,1.0,12,"[0, 1, 2, 3, 4, 5, 6, 7, 8, 9, 10, 11]",66,11,"[[0, 4], [4, 5], [5, 6], [6, 7], [7, 8], [0, 1], [1, 2], [1, 11], [10, 11], [9, 10], [0, 3]]"
DOA-V5B-POSTFREEZE-MST-TDOA-YAMAOKA2023-20260913,robothead,benchmark2,task2,recording7,115,7,0,-33.008515178394816,-10.027897574421218,22.9806176039736,22.9806176039736,528.1087854600613,0.22188420000020415,False,1,350.0,3500.0,-80.0,80.0,1.0,12,"[0, 1, 2, 3, 4, 5, 6, 7, 8, 9, 10, 11]",66,11,"[[0, 4], [4, 5], [5, 6], [6, 7], [7, 8], [0, 1], [1, 2], [1, 11], [10, 11], [9, 10], [0, 3]]"
DOA-V5B-POSTFREEZE-MST-TDOA-YAMAOKA2023-20260913,robothead,benchmark2,task2,recording7,116,8,0,-33.008515178394816,-11.891567550407899,21.116947627986917,21.116947627986917,445.9254771231423,0.2117969000028097,False,1,350.0,3500.0,-80.0,80.0,1.0,12,"[0, 1, 2, 3, 4, 5, 6, 7, 8, 9, 10, 11]",66,11,"[[0, 4], [4, 5], [5, 6], [6, 7], [7, 8], [0, 1], [1, 2], [1, 11], [10, 11], [9, 10], [0, 3]]"
DOA-V5B-POSTFREEZE-MST-TDOA-YAMAOKA2023-20260913,robothead,benchmark2,task2,recording7,117,9,0,-33.008515178394816,-12.062544052677746,20.94597112571708,20.94597112571708,438.7337063993736,0.21659480000380427,False,1,350.0,3500.0,-80.0,80.0,1.0,12,"[0, 1, 2, 3, 4, 5, 6, 7, 8, 9, 10, 11]",66,11,"[[0, 4], [4, 5], [5, 6], [6, 7], [7, 8], [0, 1], [1, 2], [1, 11], [10, 11], [9, 10], [0, 3]]"
DOA-V5B-POSTFREEZE-MST-TDOA-YAMAOKA2023-20260913,robothead,benchmark2,task2,recording7,119,10,0,-33.008515178394816,-5.6921351386982435,27.316380039696583,27.316380039696583,746.1846184731339,0.21171350000076927,False,1,350.0,3500.0,-80.0,80.0,1.0,12,"[0, 1, 2, 3, 4, 5, 6, 7, 8, 9, 10, 11]",66,11,"[[0, 4], [4, 5], [5, 6], [6, 7], [7, 8], [0, 1], [1, 2], [2, 11], [10, 11], [9, 10], [3, 7]]"
DOA-V5B-POSTFREEZE-MST-TDOA-YAMAOKA2023-20260913,robothead,benchmark2,task2,recording7,120,11,0,-33.008515178394816,-11.739151810223511,21.269363368171298,21.269363368171298,452.3858180873071,0.21187530000315746,False,1,350.0,3500.0,-80.0,80.0,1.0,12,"[0, 1, 2, 3, 4, 5, 6, 7, 8, 9, 10, 11]",66,11,"[[0, 4], [4, 5], [5, 6], [6, 7], [7, 8], [0, 1], [1, 2], [1, 11], [10, 11], [9, 10], [0, 3]]"
DOA-V5B-POSTFREEZE-MST-TDOA-YAMAOKA2023-20260913,robothead,benchmark2,task2,recording7,121,12,0,-33.008515178394816,-12.058145956730066,20.950369221664744,20.950369221664744,438.9179705240774,0.2143313999986276,False,1,350.0,3500.0,-80.0,80.0,1.0,12,"[0, 1, 2, 3, 4, 5, 6, 7, 8, 9, 10, 11]",66,11,"[[0, 4], [4, 5], [5, 6], [6, 7], [7, 8], [0, 1], [1, 2], [1, 11], [10, 11], [9, 10], [0, 3]]"
DOA-V5B-POSTFREEZE-MST-TDOA-YAMAOKA2023-20260913,robothead,benchmark2,task2,recording7,122,13,0,-33.008515178394816,-12.078013081069962,20.930502097324847,20.930502097324847,438.08591804611984,0.21203769999556243,False,1,350.0,3500.0,-80.0,80.0,1.0,12,"[0, 1, 2, 3, 4, 5, 6, 7, 8, 9, 10, 11]",66,11,"[[0, 4], [4, 5], [5, 6], [6, 7], [7, 8], [0, 1], [1, 2], [1, 11], [10, 11], [9, 10], [0, 3]]"
DOA-V5B-POSTFREEZE-MST-TDOA-YAMAOKA2023-20260913,robothead,benchmark2,task2,recording7,123,14,0,-33.008515178394816,-12.069105012476266,20.93941016591856,20.93941016591856,438.45889809657353,0.21034639999561477,False,1,350.0,3500.0,-80.0,80.0,1.0,12,"[0, 1, 2, 3, 4, 5, 6, 7, 8, 9, 10, 11]",66,11,"[[0, 4], [4, 5], [5, 6], [6, 7], [7, 8], [0, 1], [1, 2], [1, 11], [10, 11], [9, 10], [0, 3]]"
DOA-V5B-POSTFREEZE-MST-TDOA-YAMAOKA2023-20260913,robothead,benchmark2,task2,recording7,124,15,0,-33.008515178394816,-11.36364120352723,21.64487397486758,21.64487397486758,468.5005693878998,0.2096737999963807,False,1,350.0,3500.0,-80.0,80.0,1.0,12,"[0, 1, 2, 3, 4, 5, 6, 7, 8, 9, 10, 11]",66,11,"[[0, 4], [4, 5], [5, 6], [6, 7], [7, 8], [0, 1], [1, 2], [1, 11], [10, 11], [9, 10], [0, 3]]"
DOA-V5B-POSTFREEZE-MST-TDOA-YAMAOKA2023-20260913,robothead,benchmark2,task2,recording7,125,16,0,-33.008515178394816,-11.734123545150219,21.27439163324459,21.27439163324459,452.5997393646674,0.21030199999950128,False,1,350.0,3500.0,-80.0,80.0,1.0,12,"[0, 1, 2, 3, 4, 5, 6, 7, 8, 9, 10, 11]",66,11,"[[0, 4], [4, 5], [5, 6], [6, 7], [7, 8], [0, 1], [1, 2], [1, 11], [10, 11], [9, 10], [0, 3]]"
DOA-V5B-POSTFREEZE-MST-TDOA-YAMAOKA2023-20260913,robothead,benchmark2,task2,recording7,126,17,0,-33.008515178394816,-12.795061941780947,20.213453236613873,20.213453236613873,408.58369174877583,0.21221919999516103,False,1,350.0,3500.0,-80.0,80.0,1.0,12,"[0, 1, 2, 3, 4, 5, 6, 7, 8, 9, 10, 11]",66,11,"[[0, 4], [4, 5], [5, 6], [0, 1], [1, 2], [1, 11], [6, 7], [7, 8], [10, 11], [9, 10], [0, 3]]"
DOA-V5B-POSTFREEZE-MST-TDOA-YAMAOKA2023-20260913,robothead,benchmark2,task2,recording7,127,18,0,-33.008515178394816,-14.802537521549196,18.20597765684562,18.20597765684562,331.4576224415619,0.21271140000317246,False,1,350.0,3500.0,-80.0,80.0,1.0,12,"[0, 1, 2, 3, 4, 5, 6, 7, 8, 9, 10, 11]",66,11,"[[0, 4], [4, 5], [5, 6], [0, 1], [1, 2], [1, 11], [6, 7], [7, 8], [10, 11], [9, 10], [0, 3]]"
DOA-V5B-POSTFREEZE-MST-TDOA-YAMAOKA2023-20260913,robothead,benchmark2,task2,recording7,128,19,0,-33.008515178394816,-13.425998472463442,19.58251670593137,19.58251670593137,383.4749605380811,0.2104343000028166,False,1,350.0,3500.0,-80.0,80.0,1.0,12,"[0, 1, 2, 3, 4, 5, 6, 7, 8, 9, 10, 11]",66,11,"[[0, 4], [4, 5], [5, 6], [1, 4], [1, 2], [1, 11], [10, 11], [6, 7], [7, 8], [9, 11], [0, 3]]"
DOA-V5B-POSTFREEZE-MST-TDOA-YAMAOKA2023-20260913,robothead,benchmark2,task2,recording8,254,0,2,-3.738604104698669,4.063293492860125,7.801897597558792,7.801897597558792,60.86960612279365,0.2107724999950733,False,1,350.0,3500.0,-80.0,80.0,1.0,12,"[0, 1, 2, 3, 4, 5, 6, 7, 8, 9, 10, 11]",66,11,"[[0, 2], [0, 1], [1, 11], [4, 11], [4, 5], [5, 6], [6, 7], [7, 8], [0, 3], [7, 10], [0, 9]]"
DOA-V5B-POSTFREEZE-MST-TDOA-YAMAOKA2023-20260913,robothead,benchmark2,task2,recording8,255,1,2,-3.738604104698669,3.9514877334731744,7.690091838171838,7.690091838171838,59.13751247951713,0.21130080000148155,False,1,350.0,3500.0,-80.0,80.0,1.0,12,"[0, 1, 2, 3, 4, 5, 6, 7, 8, 9, 10, 11]",66,11,"[[0, 2], [0, 1], [1, 11], [4, 11], [4, 5], [5, 6], [6, 7], [7, 8], [0, 3], [7, 10], [0, 9]]"
DOA-V5B-POSTFREEZE-MST-TDOA-YAMAOKA2023-20260913,robothead,benchmark2,task2,recording8,256,2,2,-3.738604104698669,3.7281819610402516,7.466786065738916,7.466786065738916,55.752894151512834,0.21382200000516605,False,1,350.0,3500.0,-80.0,80.0,1.0,12,"[0, 1, 2, 3, 4, 5, 6, 7, 8, 9, 10, 11]",66,11,"[[0, 2], [0, 1], [1, 11], [4, 11], [4, 5], [5, 6], [6, 7], [7, 8], [7, 10], [0, 3], [0, 9]]"
DOA-V5B-POSTFREEZE-MST-TDOA-YAMAOKA2023-20260913,robothead,benchmark2,task2,recording8,257,3,2,-3.738604104698669,3.7527928844213525,7.491396989120034,7.491396989120034,56.12102884859671,0.21243219999450957,False,1,350.0,3500.0,-80.0,80.0,1.0,12,"[0, 1, 2, 3, 4, 5, 6, 7, 8, 9, 10, 11]",66,11,"[[0, 2], [0, 1], [1, 11], [4, 11], [4, 5], [5, 6], [6, 7], [7, 8], [0, 3], [7, 10], [0, 9]]"
DOA-V5B-POSTFREEZE-MST-TDOA-YAMAOKA2023-20260913,robothead,benchmark2,task2,recording8,258,4,2,-3.738604104698669,3.561666999698926,7.300271104397609,7.300271104397609,53.293958197702686,0.21167620000051102,False,1,350.0,3500.0,-80.0,80.0,1.0,12,"[0, 1, 2, 3, 4, 5, 6, 7, 8, 9, 10, 11]",66,11,"[[0, 2], [0, 1], [1, 11], [4, 11], [4, 5], [5, 6], [6, 7], [7, 8], [0, 3], [7, 10], [0, 9]]"
DOA-V5B-POSTFREEZE-MST-TDOA-YAMAOKA2023-20260913,robothead,benchmark2,task2,recording8,259,5,2,-3.738604104698669,3.4891674913432853,7.227771596041947,7.227771596041947,52.240682244550754,0.21163309999974445,False,1,350.0,3500.0,-80.0,80.0,1.0,12,"[0, 1, 2, 3, 4, 5, 6, 7, 8, 9, 10, 11]",66,11,"[[0, 2], [0, 1], [1, 11], [4, 11], [4, 5], [5, 6], [6, 7], [7, 8], [0, 3], [7, 10], [0, 9]]"
DOA-V5B-POSTFREEZE-MST-TDOA-YAMAOKA2023-20260913,robothead,benchmark2,task2,recording8,260,6,2,-3.738604104698669,3.320474256915363,7.059078361614041,7.059078361614041,49.83058731540758,0.2121779000008246,False,1,350.0,3500.0,-80.0,80.0,1.0,12,"[0, 1, 2, 3, 4, 5, 6, 7, 8, 9, 10, 11]",66,11,"[[0, 2], [0, 1], [1, 11], [4, 11], [4, 5], [5, 6], [6, 7], [7, 8], [0, 3], [7, 10], [0, 9]]"
DOA-V5B-POSTFREEZE-MST-TDOA-YAMAOKA2023-20260913,robothead,benchmark2,task2,recording8,261,7,2,-3.738604104698669,3.335841083527964,7.074445188226633,7.074445188226633,50.047774721222964,0.21671440000500297,False,1,350.0,3500.0,-80.0,80.0,1.0,12,"[0, 1, 2, 3, 4, 5, 6, 7, 8, 9, 10, 11]",66,11,"[[0, 2], [0, 1], [1, 11], [4, 11], [4, 5], [5, 6], [6, 7], [7, 8], [7, 10], [0, 3], [0, 9]]"
DOA-V5B-POSTFREEZE-MST-TDOA-YAMAOKA2023-20260913,robothead,benchmark2,task2,recording8,262,8,2,-3.738604104698669,3.336540256032426,7.0751443607310875,7.0751443607310875,50.057667725184906,0.21629969999776222,False,1,350.0,3500.0,-80.0,80.0,1.0,12,"[0, 1, 2, 3, 4, 5, 6, 7, 8, 9, 10, 11]",66,11,"[[0, 2], [1, 2], [1, 11], [4, 11], [4, 5], [5, 6], [6, 7], [7, 8], [7, 10], [0, 3], [0, 9]]"
DOA-V5B-POSTFREEZE-MST-TDOA-YAMAOKA2023-20260913,robothead,benchmark2,task2,recording8,263,9,2,-3.738604104698669,3.272653243537859,7.011257348236541,7.011257348236541,49.157729603200885,0.21721350000007078,False,1,350.0,3500.0,-80.0,80.0,1.0,12,"[0, 1, 2, 3, 4, 5, 6, 7, 8, 9, 10, 11]",66,11,"[[0, 2], [0, 1], [1, 11], [4, 11], [4, 5], [5, 6], [6, 7], [7, 8], [7, 10], [0, 3], [0, 9]]"
DOA-V5B-POSTFREEZE-MST-TDOA-YAMAOKA2023-20260913,robothead,benchmark2,task2,recording8,264,10,2,-3.738604104698669,3.2748525980972367,7.0134567027959065,7.0134567027959065,49.18857492199283,0.21563529999548336,False,1,350.0,3500.0,-80.0,80.0,1.0,12,"[0, 1, 2, 3, 4, 5, 6, 7, 8, 9, 10, 11]",66,11,"[[0, 2], [0, 1], [1, 11], [4, 11], [4, 5], [5, 6], [6, 7], [7, 8], [7, 10], [0, 3], [0, 9]]"
DOA-V5B-POSTFREEZE-MST-TDOA-YAMAOKA2023-20260913,robothead,benchmark2,task2,recording8,265,11,2,-3.738604104698669,3.498929272376968,7.237533377075636,7.237533377075636,52.38188938428385,0.2172008999987156,False,1,350.0,3500.0,-80.0,80.0,1.0,12,"[0, 1, 2, 3, 4, 5, 6, 7, 8, 9, 10, 11]",66,11,"[[0, 2], [0, 1], [1, 11], [4, 11], [4, 5], [5, 6], [6, 7], [7, 8], [7, 10], [0, 3], [0, 9]]"
DOA-V5B-POSTFREEZE-MST-TDOA-YAMAOKA2023-20260913,robothead,benchmark2,task2,recording8,266,12,2,-3.738604104698669,1.7129736312117512,5.451577735910433,5.451577735910433,29.719699810674328,0.21715069999481784,False,1,350.0,3500.0,-80.0,80.0,1.0,12,"[0, 1, 2, 3, 4, 5, 6, 7, 8, 9, 10, 11]",66,11,"[[0, 2], [1, 2], [1, 11], [4, 11], [4, 5], [5, 6], [6, 7], [7, 8], [7, 10], [0, 3], [3, 9]]"
DOA-V5B-POSTFREEZE-MST-TDOA-YAMAOKA2023-20260913,robothead,benchmark2,task2,recording8,267,13,2,-3.738604104698669,2.019256548646689,5.757860653345347,5.757860653345347,33.152959303342506,0.21604470000602305,False,1,350.0,3500.0,-80.0,80.0,1.0,12,"[0, 1, 2, 3, 4, 5, 6, 7, 8, 9, 10, 11]",66,11,"[[0, 2], [1, 2], [1, 11], [4, 11], [4, 5], [5, 6], [6, 7], [7, 8], [7, 10], [2, 3], [3, 9]]"
DOA-V5B-POSTFREEZE-MST-TDOA-YAMAOKA2023-20260913,robothead,benchmark2,task2,recording8,268,14,2,-3.738604104698669,2.3198027525376634,6.058406857236321,6.058406857236321,36.70429364780807,0.2167184999998426,False,1,350.0,3500.0,-80.0,80.0,1.0,12,"[0, 1, 2, 3, 4, 5, 6, 7, 8, 9, 10, 11]",66,11,"[[0, 2], [1, 2], [1, 4], [4, 5], [5, 6], [4, 11], [6, 7], [7, 8], [7, 10], [2, 3], [3, 9]]"
DOA-V5B-POSTFREEZE-MST-TDOA-YAMAOKA2023-20260913,robothead,benchmark2,task2,recording8,269,15,2,-3.738604104698669,2.8629807593471046,6.601584864045776,6.601584864045776,43.58092271719829,0.2161063000021386,False,1,350.0,3500.0,-80.0,80.0,1.0,12,"[0, 1, 2, 3, 4, 5, 6, 7, 8, 9, 10, 11]",66,11,"[[0, 2], [0, 1], [1, 4], [4, 5], [5, 6], [4, 11], [6, 7], [7, 8], [7, 10], [2, 3], [3, 9]]"
DOA-V5B-POSTFREEZE-MST-TDOA-YAMAOKA2023-20260913,robothead,benchmark2,task3,recording1,358,0,0,25.267218565916803,40.19927420909511,14.932055643178302,14.932055643178302,222.96628573097297,0.21138760000030743,False,1,350.0,3500.0,-80.0,80.0,1.0,12,"[0, 1, 2, 3, 4, 5, 6, 7, 8, 9, 10, 11]",66,11,"[[0, 2], [0, 1], [1, 11], [4, 11], [4, 5], [5, 6], [6, 7], [7, 8], [0, 3], [10, 11], [3, 9]]"
DOA-V5B-POSTFREEZE-MST-TDOA-YAMAOKA2023-20260913,robothead,benchmark2,task3,recording1,451,1,0,25.518076649658532,40.694718081970166,15.17664143231164,15.17664143231164,230.33044516495832,0.2246168999990914,False,1,350.0,3500.0,-80.0,80.0,1.0,12,"[0, 1, 2, 3, 4, 5, 6, 7, 8, 9, 10, 11]",66,11,"[[0, 2], [0, 1], [1, 11], [4, 11], [4, 5], [5, 6], [6, 7], [7, 8], [0, 3], [10, 11], [9, 10]]"
DOA-V5B-POSTFREEZE-MST-TDOA-YAMAOKA2023-20260913,robothead,benchmark2,task3,recording1,545,2,0,25.176936311972224,38.281831754256274,13.104895442284061,13.104895442284061,171.73828455319756,0.2123871000003419,False,1,350.0,3500.0,-80.0,80.0,1.0,12,"[0, 1, 2, 3, 4, 5, 6, 7, 8, 9, 10, 11]",66,11,"[[0, 2], [0, 3], [0, 1], [1, 11], [4, 11], [4, 5], [5, 6], [6, 7], [7, 8], [7, 10], [9, 10]]"
DOA-V5B-POSTFREEZE-MST-TDOA-YAMAOKA2023-20260913,robothead,benchmark2,task3,recording1,695,3,0,28.422431004166498,42.441353041858875,14.018922037692391,14.018922037692391,196.5301750988974,0.21105140000145184,False,1,350.0,3500.0,-80.0,80.0,1.0,12,"[0, 1, 2, 3, 4, 5, 6, 7, 8, 9, 10, 11]",66,11,"[[0, 2], [0, 1], [1, 4], [4, 5], [5, 6], [6, 7], [7, 8], [4, 11], [6, 10], [0, 3], [9, 10]]"
DOA-V5B-POSTFREEZE-MST-TDOA-YAMAOKA2023-20260913,robothead,benchmark2,task3,recording1,789,4,0,27.752718272477594,41.47649988478589,13.7237816123083,13.7237816123083,188.34218174233143,0.21072589999675984,False,1,350.0,3500.0,-80.0,80.0,1.0,12,"[0, 1, 2, 3, 4, 5, 6, 7, 8, 9, 10, 11]",66,11,"[[0, 2], [0, 1], [0, 3], [1, 4], [4, 5], [5, 6], [6, 7], [7, 8], [4, 11], [10, 11], [9, 10]]"
DOA-V5B-POSTFREEZE-MST-TDOA-YAMAOKA2023-20260913,robothead,benchmark2,task3,recording1,882,5,0,26.138997699327145,37.0174063999858,10.878408700658667,10.878408700658667,118.3397758585662,0.21255539999401662,False,1,350.0,3500.0,-80.0,80.0,1.0,12,"[0, 1, 2, 3, 4, 5, 6, 7, 8, 9, 10, 11]",66,11,"[[0, 2], [0, 1], [0, 3], [1, 11], [4, 11], [4, 5], [5, 6], [6, 7], [7, 8], [7, 10], [9, 10]]"
DOA-V5B-POSTFREEZE-MST-TDOA-YAMAOKA2023-20260913,robothead,benchmark2,task3,recording1,1048,6,0,26.063976190572266,36.60474039166213,10.540764201089871,10.540764201089871,111.10770994297779,0.2125679000018863,False,1,350.0,3500.0,-80.0,80.0,1.0,12,"[0, 1, 2, 3, 4, 5, 6, 7, 8, 9, 10, 11]",66,11,"[[0, 2], [0, 3], [0, 1], [1, 11], [4, 11], [4, 5], [5, 6], [6, 7], [7, 8], [7, 10], [6, 9]]"
DOA-V5B-POSTFREEZE-MST-TDOA-YAMAOKA2023-20260913,robothead,benchmark2,task3,recording1,1141,7,0,21.435415817167463,32.295199682679254,10.859783865511787,10.859783865511787,117.93490560563012,0.21366530000523198,False,1,350.0,3500.0,-80.0,80.0,1.0,12,"[0, 1, 2, 3, 4, 5, 6, 7, 8, 9, 10, 11]",66,11,"[[0, 2], [0, 1], [1, 11], [4, 11], [4, 5], [5, 6], [6, 7], [7, 8], [0, 3], [7, 10], [4, 9]]"
DOA-V5B-POSTFREEZE-MST-TDOA-YAMAOKA2023-20260913,robothead,benchmark2,task3,recording1,1235,8,0,20.59333662887446,27.782712361883082,7.189375733008632,7.189375733008632,51.6871234303734,0.21076280000124825,False,1,350.0,3500.0,-80.0,80.0,1.0,12,"[0, 1, 2, 3, 4, 5, 6, 7, 8, 9, 10, 11]",66,11,"[[0, 2], [0, 1], [1, 4], [4, 5], [5, 6], [6, 7], [7, 8], [4, 11], [0, 3], [4, 9], [8, 10]]"
DOA-V5B-POSTFREEZE-MST-TDOA-YAMAOKA2023-20260913,robothead,benchmark2,task3,recording1,1431,9,0,-3.6884534630132437,1.5384558379258122,5.226909300939042,5.226909300939042,27.32058084024306,0.21124399999825982,False,1,350.0,3500.0,-80.0,80.0,1.0,12,"[0, 1, 2, 3, 4, 5, 6, 7, 8, 9, 10, 11]",66,11,"[[0, 2], [0, 1], [1, 4], [4, 5], [5, 6], [4, 11], [6, 7], [7, 8], [7, 10], [4, 9], [3, 9]]"
DOA-V5B-POSTFREEZE-MST-TDOA-YAMAOKA2023-20260913,robothead,benchmark2,task3,recording1,1525,10,0,-19.10199427298864,-4.294331268477633,14.807663004511,14.807663004511,219.26688365516372,0.21181710000382736,False,1,350.0,3500.0,-80.0,80.0,1.0,12,"[0, 1, 2, 3, 4, 5, 6, 7, 8, 9, 10, 11]",66,11,"[[0, 2], [0, 1], [1, 11], [4, 11], [4, 5], [5, 6], [6, 7], [7, 8], [6, 10], [9, 11], [1, 3]]"
DOA-V5B-POSTFREEZE-MST-TDOA-YAMAOKA2023-20260913,robothead,benchmark2,task3,recording1,1796,11,0,-36.664969648431914,-6.179357712868601,30.485611935563327,30.485611935563327,929.3725350857611,0.2113699000037741,False,1,350.0,3500.0,-80.0,80.0,1.0,12,"[0, 1, 2, 3, 4, 5, 6, 7, 8, 9, 10, 11]",66,11,"[[0, 2], [1, 2], [1, 11], [10, 11], [4, 11], [4, 5], [5, 6], [6, 7], [7, 8], [2, 9], [0, 3]]"
DOA-V5B-POSTFREEZE-MST-TDOA-YAMAOKA2023-20260913,robothead,benchmark2,task3,recording1,1890,12,0,-22.45768336401336,-0.7557886711297389,21.701894692883627,21.701894692883627,470.97223326101056,0.21120499999960884,False,1,350.0,3500.0,-80.0,80.0,1.0,12,"[0, 1, 2, 3, 4, 5, 6, 7, 8, 9, 10, 11]",66,11,"[[0, 2], [1, 2], [1, 11], [4, 11], [4, 5], [5, 6], [6, 7], [7, 8], [10, 11], [9, 10], [3, 8]]"
DOA-V5B-POSTFREEZE-MST-TDOA-YAMAOKA2023-20260913,robothead,benchmark2,task3,recording1,1983,13,0,-16.28872715827669,-11.390706051457505,4.898021106819186,4.898021106819186,23.99061076284625,0.211892599996645,False,1,350.0,3500.0,-80.0,80.0,1.0,12,"[0, 1, 2, 3, 4, 5, 6, 7, 8, 9, 10, 11]",66,11,"[[0, 2], [1, 2], [1, 11], [4, 11], [4, 5], [5, 6], [6, 7], [7, 8], [10, 11], [0, 9], [1, 3]]"
DOA-V5B-POSTFREEZE-MST-TDOA-YAMAOKA2023-20260913,robothead,benchmark2,task3,recording1,2170,14,0,-6.774650964425426,22.390406999511953,29.165057963937386,29.165057963937386,850.6006060398275,0.2113420000023325,False,1,350.0,3500.0,-80.0,80.0,1.0,12,"[0, 1, 2, 3, 4, 5, 6, 7, 8, 9, 10, 11]",66,11,"[[0, 2], [0, 1], [1, 11], [4, 11], [4, 5], [5, 6], [6, 7], [7, 8], [3, 8], [6, 10], [3, 9]]"
DOA-V5B-POSTFREEZE-MST-TDOA-YAMAOKA2023-20260913,robothead,benchmark2,task3,recording1,2263,15,0,-11.680609874942798,17.21111795985432,28.89172783479711,28.89172783479711,834.73193727999,0.21104250000644242,False,1,350.0,3500.0,-80.0,80.0,1.0,12,"[0, 1, 2, 3, 4, 5, 6, 7, 8, 9, 10, 11]",66,11,"[[0, 2], [1, 2], [1, 11], [10, 11], [0, 3], [4, 11], [4, 5], [5, 6], [6, 7], [7, 8], [2, 9]]"
DOA-V5B-POSTFREEZE-MST-TDOA-YAMAOKA2023-20260913,robothead,benchmark2,task3,recording1,2357,16,0,-13.404383279878521,16.126483753206347,29.53086703308486,29.53086703308486,872.0721077257382,0.22308789999806322,False,1,350.0,3500.0,-80.0,80.0,1.0,12,"[0, 1, 2, 3, 4, 5, 6, 7, 8, 9, 10, 11]",66,11,"[[0, 2], [1, 2], [1, 11], [10, 11], [1, 4], [4, 5], [5, 6], [6, 7], [7, 8], [0, 3], [9, 10]]"
DOA-V5B-POSTFREEZE-MST-TDOA-YAMAOKA2023-20260913,robothead,benchmark2,task3,recording1,2450,17,0,-9.906222736989687,-4.59780423866883,5.3084184983208615,5.3084184983208615,28.17930695331511,0.21307620000152383,False,1,350.0,3500.0,-80.0,80.0,1.0,12,"[0, 1, 2, 3, 4, 5, 6, 7, 8, 9, 10, 11]",66,11,"[[0, 2], [0, 1], [1, 11], [4, 11], [4, 5], [5, 6], [6, 7], [7, 8], [10, 11], [0, 3], [9, 10]]"
DOA-V5B-POSTFREEZE-MST-TDOA-YAMAOKA2023-20260913,robothead,benchmark2,task3,recording1,2640,18,0,-0.6403628354572207,7.407083067128515,8.047445902585736,8.047445902585736,64.76138555504394,0.21197590000519995,False,1,350.0,3500.0,-80.0,80.0,1.0,12,"[0, 1, 2, 3, 4, 5, 6, 7, 8, 9, 10, 11]",66,11,"[[0, 2], [0, 1], [1, 11], [4, 11], [4, 5], [5, 6], [6, 7], [7, 8], [6, 10], [0, 3], [3, 9]]"
DOA-V5B-POSTFREEZE-MST-TDOA-YAMAOKA2023-20260913,robothead,benchmark2,task3,recording1,2733,19,0,6.550104888497225,10.717144314207173,4.167039425709959,4.167039425709959,17.364217575421183,0.2118313999962993,False,1,350.0,3500.0,-80.0,80.0,1.0,12,"[0, 1, 2, 3, 4, 5, 6, 7, 8, 9, 10, 11]",66,11,"[[0, 2], [0, 1], [1, 11], [4, 11], [4, 5], [5, 6], [6, 7], [7, 8], [7, 10], [9, 10], [0, 3]]"
DOA-V5B-POSTFREEZE-MST-TDOA-YAMAOKA2023-20260913,robothead,benchmark2,task3,recording2,359,0,0,9.814733611835347,31.01763319572195,21.20289958388659,21.20289958388659,449.5629507643782,0.21734019999712473,False,1,350.0,3500.0,-80.0,80.0,1.0,12,"[0, 1, 2, 3, 4, 5, 6, 7, 8, 9, 10, 11]",66,11,"[[0, 2], [0, 1], [2, 11], [4, 11], [4, 5], [5, 6], [6, 7], [7, 8], [7, 10], [3, 8], [9, 10]]"
DOA-V5B-POSTFREEZE-MST-TDOA-YAMAOKA2023-20260913,robothead,benchmark2,task3,recording2,419,1,0,9.529668079083994,21.065890356044854,11.53622227696087,11.53622227696087,133.08442442344827,0.21841310000309022,False,1,350.0,3500.0,-80.0,80.0,1.0,12,"[0, 1, 2, 3, 4, 5, 6, 7, 8, 9, 10, 11]",66,11,"[[0, 2], [0, 1], [1, 11], [4, 11], [4, 5], [5, 6], [6, 7], [7, 8], [6, 10], [2, 3], [4, 9]]"
DOA-V5B-POSTFREEZE-MST-TDOA-YAMAOKA2023-20260913,robothead,benchmark2,task3,recording2,479,2,0,9.542489968883554,19.95096859330232,10.408478624418763,10.408478624418763,108.3364272749823,0.22126630000275327,False,1,350.0,3500.0,-80.0,80.0,1.0,12,"[0, 1, 2, 3, 4, 5, 6, 7, 8, 9, 10, 11]",66,11,"[[0, 2], [0, 1], [1, 11], [4, 11], [4, 5], [5, 6], [6, 7], [7, 8], [7, 10], [3, 8], [3, 9]]"
DOA-V5B-POSTFREEZE-MST-TDOA-YAMAOKA2023-20260913,robothead,benchmark2,task3,recording2,538,3,0,9.349145923824393,22.98985265105297,13.640706727228576,13.640706727228576,186.06888001825894,0.2136081999997259,False,1,350.0,3500.0,-80.0,80.0,1.0,12,"[0, 1, 2, 3, 4, 5, 6, 7, 8, 9, 10, 11]",66,11,"[[0, 2], [0, 1], [1, 11], [4, 11], [4, 5], [5, 6], [6, 7], [7, 8], [6, 10], [2, 3], [4, 9]]"
DOA-V5B-POSTFREEZE-MST-TDOA-YAMAOKA2023-20260913,robothead,benchmark2,task3,recording2,733,4,0,12.083223253116016,20.943276942377665,8.860053689261662,8.860053689261662,78.50055137659918,0.21182770000450546,False,1,350.0,3500.0,-80.0,80.0,1.0,12,"[0, 1, 2, 3, 4, 5, 6, 7, 8, 9, 10, 11]",66,11,"[[0, 2], [0, 1], [1, 11], [4, 11], [4, 5], [5, 6], [6, 7], [7, 8], [7, 10], [0, 3], [3, 9]]"
DOA-V5B-POSTFREEZE-MST-TDOA-YAMAOKA2023-20260913,robothead,benchmark2,task3,recording2,793,5,0,11.020280084834605,17.121099255088925,6.1008191702543115,6.1008191702543115,37.21999454814251,0.20984049999970011,False,1,350.0,3500.0,-80.0,80.0,1.0,12,"[0, 1, 2, 3, 4, 5, 6, 7, 8, 9, 10, 11]",66,11,"[[0, 2], [0, 1], [1, 11], [4, 11], [4, 5], [5, 6], [6, 7], [7, 8], [7, 10], [2, 3], [3, 9]]"
DOA-V5B-POSTFREEZE-MST-TDOA-YAMAOKA2023-20260913,robothead,benchmark2,task3,recording2,853,6,0,8.36470249547958,19.45337662309274,11.08867412761316,11.08867412761316,122.95869390839748,0.21129469999868888,False,1,350.0,3500.0,-80.0,80.0,1.0,12,"[0, 1, 2, 3, 4, 5, 6, 7, 8, 9, 10, 11]",66,11,"[[0, 2], [0, 1], [1, 11], [4, 11], [4, 5], [5, 6], [6, 7], [7, 8], [6, 10], [2, 3], [3, 9]]"
DOA-V5B-POSTFREEZE-MST-TDOA-YAMAOKA2023-20260913,robothead,benchmark2,task3,recording2,1100,7,0,-2.0300616090060775,13.765057991108943,15.795119600115015,15.795119600115015,249.4858031819375,0.21090829999593552,False,1,350.0,3500.0,-80.0,80.0,1.0,12,"[0, 1, 2, 3, 4, 5, 6, 7, 8, 9, 10, 11]",66,11,"[[0, 2], [0, 1], [1, 11], [4, 11], [4, 5], [5, 6], [6, 7], [7, 8], [2, 3], [6, 10], [4, 9]]"
DOA-V5B-POSTFREEZE-MST-TDOA-YAMAOKA2023-20260913,robothead,benchmark2,task3,recording2,1159,8,0,-10.714201501447498,3.627281132413702,14.341482633861204,14.341482633861204,205.6781241373425,0.21144959999946877,False,1,350.0,3500.0,-80.0,80.0,1.0,12,"[0, 1, 2, 3, 4, 5, 6, 7, 8, 9, 10, 11]",66,11,"[[0, 2], [0, 1], [1, 11], [4, 11], [4, 5], [5, 6], [6, 7], [7, 8], [7, 10], [0, 3], [3, 9]]"
DOA-V5B-POSTFREEZE-MST-TDOA-YAMAOKA2023-20260913,robothead,benchmark2,task3,recording2,1219,9,0,-12.690344579282133,-4.571177069576006,8.11916750970613,8.11916750970613,65.92088105066765,0.21448919999966165,False,1,350.0,3500.0,-80.0,80.0,1.0,12,"[0, 1, 2, 3, 4, 5, 6, 7, 8, 9, 10, 11]",66,11,"[[0, 2], [0, 1], [1, 11], [4, 11], [4, 5], [5, 6], [6, 7], [7, 8], [7, 10], [9, 11], [3, 9]]"
DOA-V5B-POSTFREEZE-MST-TDOA-YAMAOKA2023-20260913,robothead,benchmark2,task3,recording2,1425,10,0,-8.12030180089971,-1.6421143730917498,6.478187427807967,6.478187427807967,41.966912349809206,0.21063439999852562,False,1,350.0,3500.0,-80.0,80.0,1.0,12,"[0, 1, 2, 3, 4, 5, 6, 7, 8, 9, 10, 11]",66,11,"[[0, 2], [0, 1], [1, 11], [4, 11], [4, 5], [5, 6], [6, 7], [7, 8], [4, 10], [9, 11], [3, 9]]"
DOA-V5B-POSTFREEZE-MST-TDOA-YAMAOKA2023-20260913,robothead,benchmark2,task3,recording2,1485,11,0,-0.06952054069487336,1.3160282490912185,1.3855487897860996,1.3855487897860996,1.9197454488777252,0.25042589999793563,False,1,350.0,3500.0,-80.0,80.0,1.0,12,"[0, 1, 2, 3, 4, 5, 6, 7, 8, 9, 10, 11]",66,11,"[[0, 2], [1, 2], [1, 11], [4, 11], [4, 5], [5, 6], [6, 7], [7, 8], [4, 10], [2, 3], [9, 11]]"
DOA-V5B-POSTFREEZE-MST-TDOA-YAMAOKA2023-20260913,robothead,benchmark2,task3,recording2,1544,12,0,5.642496945799051,11.841134186714843,6.198637240915787,6.198637240915787,38.42310364446808,0.2813816999987466,False,1,350.0,3500.0,-80.0,80.0,1.0,12,"[0, 1, 2, 3, 4, 5, 6, 7, 8, 9, 10, 11]",66,11,"[[0, 2], [0, 1], [1, 11], [4, 11], [4, 5], [5, 6], [6, 7], [7, 8], [6, 10], [2, 3], [0, 9]]"
DOA-V5B-POSTFREEZE-MST-TDOA-YAMAOKA2023-20260913,robothead,benchmark2,task3,recording2,1604,13,0,13.91469084291695,18.153337894707864,4.238647051790906,4.238647051790906,17.96612882965574,0.2800738000005367,False,1,350.0,3500.0,-80.0,80.0,1.0,12,"[0, 1, 2, 3, 4, 5, 6, 7, 8, 9, 10, 11]",66,11,"[[0, 2], [0, 1], [1, 11], [4, 11], [4, 5], [5, 6], [6, 7], [7, 8], [6, 10], [2, 3], [4, 9]]"
DOA-V5B-POSTFREEZE-MST-TDOA-YAMAOKA2023-20260913,robothead,benchmark2,task3,recording2,1849,14,0,40.119337401035786,63.488168968934446,23.368831567898667,23.368831567898667,546.1022888488172,0.28047800000058487,False,1,350.0,3500.0,-80.0,80.0,1.0,12,"[0, 1, 2, 3, 4, 5, 6, 7, 8, 9, 10, 11]",66,11,"[[0, 2], [0, 3], [0, 1], [1, 4], [4, 5], [5, 6], [6, 7], [7, 8], [4, 11], [10, 11], [3, 9]]"
DOA-V5B-POSTFREEZE-MST-TDOA-YAMAOKA2023-20260913,robothead,benchmark2,task3,recording2,1909,15,0,45.1462617452173,69.59224771139867,24.445985966181354,24.445985966181354,597.6062298587357,0.2801901999991969,False,1,350.0,3500.0,-80.0,80.0,1.0,12,"[0, 1, 2, 3, 4, 5, 6, 7, 8, 9, 10, 11]",66,11,"[[0, 2], [0, 3], [0, 1], [1, 4], [4, 5], [5, 6], [6, 7], [7, 8], [4, 11], [10, 11], [9, 10]]"
DOA-V5B-POSTFREEZE-MST-TDOA-YAMAOKA2023-20260913,robothead,benchmark2,task3,recording2,1969,16,0,50.01848460998298,63.007728315042996,12.989243705060005,12.989243705060005,168.72045202944096,0.2209517000010237,False,1,350.0,3500.0,-80.0,80.0,1.0,12,"[0, 1, 2, 3, 4, 5, 6, 7, 8, 9, 10, 11]",66,11,"[[0, 2], [0, 3], [3, 8], [7, 8], [6, 7], [5, 6], [4, 5], [4, 11], [0, 1], [10, 11], [2, 9]]"
DOA-V5B-POSTFREEZE-MST-TDOA-YAMAOKA2023-20260913,robothead,benchmark2,task3,recording2,2028,17,0,50.055301935558056,64.33109393054022,14.275791994982171,14.275791994982171,203.79823708399704,0.21043790000112494,False,1,350.0,3500.0,-80.0,80.0,1.0,12,"[0, 1, 2, 3, 4, 5, 6, 7, 8, 9, 10, 11]",66,11,"[[0, 2], [0, 3], [0, 1], [3, 8], [7, 8], [6, 7], [5, 6], [4, 5], [4, 11], [10, 11], [2, 9]]"
DOA-V5B-POSTFREEZE-MST-TDOA-YAMAOKA2023-20260913,robothead,benchmark2,task3,recording2,2425,18,0,21.818912104401182,32.75617130847437,10.9372592040732,10.9372592040732,119.62363889708394,0.21458390000043437,False,1,350.0,3500.0,-80.0,80.0,1.0,12,"[0, 1, 2, 3, 4, 5, 6, 7, 8, 9, 10, 11]",66,11,"[[0, 2], [0, 1], [0, 3], [1, 4], [4, 5], [5, 6], [6, 7], [7, 8], [4, 11], [7, 10], [3, 9]]"
DOA-V5B-POSTFREEZE-MST-TDOA-YAMAOKA2023-20260913,robothead,benchmark2,task3,recording2,2485,19,0,19.17833615071448,31.947479601946203,12.769143451231713,12.769143451231713,163.05102447813374,0.21259659999486757,False,1,350.0,3500.0,-80.0,80.0,1.0,12,"[0, 1, 2, 3, 4, 5, 6, 7, 8, 9, 10, 11]",66,11,"[[0, 2], [0, 1], [1, 4], [4, 5], [5, 6], [6, 7], [7, 8], [4, 11], [0, 3], [7, 10], [3, 9]]"
DOA-V5B-POSTFREEZE-MST-TDOA-YAMAOKA2023-20260913,robothead,benchmark2,task3,recording3,241,0,0,26.685559849686552,42.87532416025864,16.189764310572087,16.189764310572087,262.1084684318737,0.2095326999988174,False,1,350.0,3500.0,-80.0,80.0,1.0,12,"[0, 1, 2, 3, 4, 5, 6, 7, 8, 9, 10, 11]",66,11,"[[0, 2], [0, 1], [1, 11], [4, 11], [4, 5], [5, 6], [6, 7], [7, 8], [7, 10], [3, 8], [4, 9]]"
DOA-V5B-POSTFREEZE-MST-TDOA-YAMAOKA2023-20260913,robothead,benchmark2,task3,recording3,340,1,0,30.641737178103863,36.487428250389236,5.845691072285376,5.845691072285376,34.172104112596955,0.20918199999869103,False,1,350.0,3500.0,-80.0,80.0,1.0,12,"[0, 1, 2, 3, 4, 5, 6, 7, 8, 9, 10, 11]",66,11,"[[0, 2], [0, 3], [0, 1], [1, 4], [4, 5], [5, 6], [6, 7], [7, 8], [4, 11], [7, 10], [4, 9]]"
DOA-V5B-POSTFREEZE-MST-TDOA-YAMAOKA2023-20260913,robothead,benchmark2,task3,recording3,439,2,0,34.724787670160055,39.59561732155466,4.870829651394615,4.870829651394615,23.724981492904988,0.21054550000553718,False,1,350.0,3500.0,-80.0,80.0,1.0,12,"[0, 1, 2, 3, 4, 5, 6, 7, 8, 9, 10, 11]",66,11,"[[0, 2], [0, 1], [0, 3], [1, 4], [4, 5], [5, 6], [6, 7], [7, 8], [4, 11], [8, 10], [4, 9]]"
DOA-V5B-POSTFREEZE-MST-TDOA-YAMAOKA2023-20260913,robothead,benchmark2,task3,recording3,603,3,0,45.29815997059536,45.439389197286054,0.14122922669071158,0.14122922669071158,0.0199456944716564,0.21106690000306116,False,1,350.0,3500.0,-80.0,80.0,1.0,12,"[0, 1, 2, 3, 4, 5, 6, 7, 8, 9, 10, 11]",66,11,"[[0, 2], [0, 1], [0, 3], [1, 4], [4, 5], [5, 6], [6, 7], [7, 8], [5, 11], [7, 10], [4, 9]]"
DOA-V5B-POSTFREEZE-MST-TDOA-YAMAOKA2023-20260913,robothead,benchmark2,task3,recording3,702,4,0,50.98753679539409,50.61736315513922,-0.3701736402548761,0.3701736402548761,0.13702852393954643,0.21015529999567661,False,1,350.0,3500.0,-80.0,80.0,1.0,12,"[0, 1, 2, 3, 4, 5, 6, 7, 8, 9, 10, 11]",66,11,"[[0, 3], [0, 2], [0, 1], [1, 4], [4, 5], [5, 6], [6, 7], [7, 8], [6, 11], [8, 10], [7, 9]]"
DOA-V5B-POSTFREEZE-MST-TDOA-YAMAOKA2023-20260913,robothead,benchmark2,task3,recording3,801,5,0,39.928688171789354,49.10271973068578,9.174031558896417,9.174031558896417,84.16285504362742,0.21024320000287844,False,1,350.0,3500.0,-80.0,80.0,1.0,12,"[0, 1, 2, 3, 4, 5, 6, 7, 8, 9, 10, 11]",66,11,"[[0, 1], [0, 3], [1, 4], [4, 5], [5, 6], [6, 7], [7, 8], [6, 11], [0, 2], [8, 10], [4, 9]]"
DOA-V5B-POSTFREEZE-MST-TDOA-YAMAOKA2023-20260913,robothead,benchmark2,task3,recording3,962,6,0,20.641038789758706,29.748140580022394,9.107101790263698,9.107101790263698,82.93930301822425,0.20909309999842662,False,1,350.0,3500.0,-80.0,80.0,1.0,12,"[0, 1, 2, 3, 4, 5, 6, 7, 8, 9, 10, 11]",66,11,"[[0, 2], [0, 1], [1, 11], [4, 11], [4, 5], [5, 6], [6, 7], [7, 8], [0, 3], [7, 10], [4, 9]]"
DOA-V5B-POSTFREEZE-MST-TDOA-YAMAOKA2023-20260913,robothead,benchmark2,task3,recording3,1061,7,0,17.06118689845173,24.79101781684837,7.72983091839663,7.72983091839663,59.750286027000485,0.2112397000018973,False,1,350.0,3500.0,-80.0,80.0,1.0,12,"[0, 1, 2, 3, 4, 5, 6, 7, 8, 9, 10, 11]",66,11,"[[0, 2], [0, 1], [1, 11], [4, 11], [4, 5], [5, 6], [6, 7], [7, 8], [0, 3], [10, 11], [9, 10]]"
DOA-V5B-POSTFREEZE-MST-TDOA-YAMAOKA2023-20260913,robothead,benchmark2,task3,recording3,1161,8,0,13.357964682948184,25.88396281770962,12.525998134761437,12.525998134761437,156.900629272047,0.21065610000368906,False,1,350.0,3500.0,-80.0,80.0,1.0,12,"[0, 1, 2, 3, 4, 5, 6, 7, 8, 9, 10, 11]",66,11,"[[0, 2], [0, 1], [1, 11], [4, 11], [4, 5], [5, 6], [6, 7], [7, 8], [0, 3], [6, 10], [9, 10]]"
DOA-V5B-POSTFREEZE-MST-TDOA-YAMAOKA2023-20260913,robothead,benchmark2,task3,recording3,1351,9,0,6.655014844427733,26.107759640189688,19.45274479576196,19.45274479576196,378.409280089044,0.20991499999945518,False,1,350.0,3500.0,-80.0,80.0,1.0,12,"[0, 1, 2, 3, 4, 5, 6, 7, 8, 9, 10, 11]",66,11,"[[0, 2], [0, 1], [1, 11], [4, 11], [4, 5], [5, 6], [6, 7], [7, 8], [10, 11], [0, 3], [9, 10]]"
DOA-V5B-POSTFREEZE-MST-TDOA-YAMAOKA2023-20260913,robothead,benchmark2,task3,recording3,1450,10,0,3.7935405698824045,12.656829847202264,8.863289277319865,8.863289277319865,78.5578968134533,0.2197699999960605,False,1,350.0,3500.0,-80.0,80.0,1.0,12,"[0, 1, 2, 3, 4, 5, 6, 7, 8, 9, 10, 11]",66,11,"[[0, 2], [0, 1], [1, 4], [4, 5], [5, 6], [6, 7], [7, 8], [4, 11], [7, 10], [0, 3], [3, 9]]"
DOA-V5B-POSTFREEZE-MST-TDOA-YAMAOKA2023-20260913,robothead,benchmark2,task3,recording3,1668,11,0,-0.0038503577544440476,8.008022672137631,8.011873029892087,8.011873029892087,64.1901094471122,0.20984470000257716,False,1,350.0,3500.0,-80.0,80.0,1.0,12,"[0, 1, 2, 3, 4, 5, 6, 7, 8, 9, 10, 11]",66,11,"[[0, 2], [0, 1], [1, 11], [4, 11], [4, 5], [5, 6], [6, 7], [7, 8], [7, 10], [2, 3], [9, 11]]"
DOA-V5B-POSTFREEZE-MST-TDOA-YAMAOKA2023-20260913,robothead,benchmark2,task3,recording3,1768,12,0,2.1334138275916184,-6.899688762670799,-9.033102590262416,9.033102590262416,81.59694240620557,0.20914739999716403,False,1,350.0,3500.0,-80.0,80.0,1.0,12,"[0, 1, 2, 3, 4, 5, 6, 7, 8, 9, 10, 11]",66,11,"[[0, 2], [0, 1], [1, 11], [4, 11], [4, 5], [5, 6], [6, 7], [7, 8], [2, 3], [7, 10], [8, 9]]"
DOA-V5B-POSTFREEZE-MST-TDOA-YAMAOKA2023-20260913,robothead,benchmark2,task3,recording3,1913,13,0,-5.663042852546515,-14.952732680166845,-9.289689827620322,9.289689827620322,86.29833709339248,0.21175819999916712,False,1,350.0,3500.0,-80.0,80.0,1.0,12,"[0, 1, 2, 3, 4, 5, 6, 7, 8, 9, 10, 11]",66,11,"[[0, 2], [0, 1], [1, 11], [4, 11], [4, 5], [5, 6], [6, 7], [7, 8], [7, 10], [1, 3], [9, 10]]"
DOA-V5B-POSTFREEZE-MST-TDOA-YAMAOKA2023-20260913,robothead,benchmark2,task3,recording3,2012,14,0,-16.9781067167558,-1.5526328617926233,15.425473854963172,15.425473854963172,237.9452436501524,0.2103080000015325,False,1,350.0,3500.0,-80.0,80.0,1.0,12,"[0, 1, 2, 3, 4, 5, 6, 7, 8, 9, 10, 11]",66,11,"[[0, 2], [0, 1], [1, 11], [4, 11], [4, 5], [5, 6], [6, 7], [7, 8], [6, 10], [1, 3], [0, 9]]"
DOA-V5B-POSTFREEZE-MST-TDOA-YAMAOKA2023-20260913,robothead,benchmark2,task3,recording3,2204,15,0,-14.603720169473675,-28.32324303265822,-13.719522863184551,13.719522863184551,188.22530759344363,0.21562619999895105,False,1,350.0,3500.0,-80.0,80.0,1.0,12,"[0, 1, 2, 3, 4, 5, 6, 7, 8, 9, 10, 11]",66,11,"[[0, 2], [0, 1], [1, 11], [4, 11], [4, 5], [5, 6], [6, 7], [7, 8], [10, 11], [8, 9], [3, 8]]"
DOA-V5B-POSTFREEZE-MST-TDOA-YAMAOKA2023-20260913,robothead,benchmark2,task3,recording3,2303,16,0,-12.362432560401162,12.889986563068065,25.252419123469224,25.252419123469224,637.6846715873542,0.20999750000191852,False,1,350.0,3500.0,-80.0,80.0,1.0,12,"[0, 1, 2, 3, 4, 5, 6, 7, 8, 9, 10, 11]",66,11,"[[0, 2], [1, 2], [1, 11], [4, 11], [4, 5], [5, 6], [6, 7], [7, 8], [10, 11], [3, 8], [3, 9]]"
DOA-V5B-POSTFREEZE-MST-TDOA-YAMAOKA2023-20260913,robothead,benchmark2,task3,recording3,2475,17,0,-12.026784010254474,-72.80278218166556,-60.77599817141109,60.77599817141109,3693.721953731364,0.21062820000224747,False,1,350.0,3500.0,-80.0,80.0,1.0,12,"[0, 1, 2, 3, 4, 5, 6, 7, 8, 9, 10, 11]",66,11,"[[0, 2], [0, 1], [1, 11], [4, 11], [4, 5], [5, 6], [6, 7], [7, 8], [7, 10], [9, 10], [0, 3]]"
DOA-V5B-POSTFREEZE-MST-TDOA-YAMAOKA2023-20260913,robothead,benchmark2,task3,recording3,2574,18,0,-15.6736552258041,-11.060239197458188,4.61341602834591,4.61341602834591,21.283607450598947,0.2119349999993574,False,1,350.0,3500.0,-80.0,80.0,1.0,12,"[0, 1, 2, 3, 4, 5, 6, 7, 8, 9, 10, 11]",66,11,"[[0, 2], [0, 1], [1, 11], [4, 11], [4, 5], [5, 6], [6, 7], [7, 8], [10, 11], [0, 3], [9, 10]]"
DOA-V5B-POSTFREEZE-MST-TDOA-YAMAOKA2023-20260913,robothead,benchmark2,task3,recording3,2673,19,0,-18.08547328573156,-7.257212183287744,10.828261102443804,10.828261102443804,117.2512385026975,0.20882679999340326,False,1,350.0,3500.0,-80.0,80.0,1.0,12,"[0, 1, 2, 3, 4, 5, 6, 7, 8, 9, 10, 11]",66,11,"[[0, 2], [0, 1], [1, 11], [4, 11], [4, 5], [5, 6], [6, 7], [7, 8], [10, 11], [0, 9], [3, 9]]"
DOA-V5B-POSTFREEZE-MST-TDOA-YAMAOKA2023-20260913,robothead,benchmark2,task3,recording4,298,0,0,-15.301632474170555,-6.628360109351301,8.67327236481924,8.67327236481924,75.22565351433714,0.20872309999685967,False,1,350.0,3500.0,-80.0,80.0,1.0,12,"[0, 1, 2, 3, 4, 5, 6, 7, 8, 9, 10, 11]",66,11,"[[0, 2], [1, 2], [1, 11], [4, 11], [4, 5], [5, 6], [6, 7], [7, 8], [4, 10], [0, 9], [3, 9]]"
DOA-V5B-POSTFREEZE-MST-TDOA-YAMAOKA2023-20260913,robothead,benchmark2,task3,recording4,409,1,0,-8.699344948520022,-7.816375791599479,0.8829691569205522,0.8829691569205522,0.7796345320729908,0.20952789999864763,False,1,350.0,3500.0,-80.0,80.0,1.0,12,"[0, 1, 2, 3, 4, 5, 6, 7, 8, 9, 10, 11]",66,11,"[[0, 2], [0, 1], [1, 11], [4, 11], [4, 5], [5, 6], [6, 7], [7, 8], [6, 10], [0, 9], [3, 9]]"
DOA-V5B-POSTFREEZE-MST-TDOA-YAMAOKA2023-20260913,robothead,benchmark2,task3,recording4,560,2,0,7.1917674064983705,10.001047512298374,2.8092801058000134,2.8092801058000134,7.892054712843734,0.2101978999999119,False,1,350.0,3500.0,-80.0,80.0,1.0,12,"[0, 1, 2, 3, 4, 5, 6, 7, 8, 9, 10, 11]",66,11,"[[0, 2], [0, 1], [1, 11], [4, 11], [4, 5], [5, 6], [6, 7], [7, 8], [0, 3], [7, 10], [3, 9]]"
DOA-V5B-POSTFREEZE-MST-TDOA-YAMAOKA2023-20260913,robothead,benchmark2,task3,recording4,670,3,0,4.463299850988599,11.850619713936778,7.387319862948175,7.387319862948175,54.57249475750864,0.21018699999694945,False,1,350.0,3500.0,-80.0,80.0,1.0,12,"[0, 1, 2, 3, 4, 5, 6, 7, 8, 9, 10, 11]",66,11,"[[0, 2], [0, 1], [1, 11], [4, 11], [4, 5], [5, 6], [6, 7], [7, 8], [7, 10], [1, 3], [4, 9]]"
DOA-V5B-POSTFREEZE-MST-TDOA-YAMAOKA2023-20260913,robothead,benchmark2,task3,recording4,781,4,0,-1.1134355193553516,9.397761900684968,10.511197420040332,10.511197420040332,110.48527120306254,0.2178321000028518,False,1,350.0,3500.0,-80.0,80.0,1.0,12,"[0, 1, 2, 3, 4, 5, 6, 7, 8, 9, 10, 11]",66,11,"[[0, 2], [0, 1], [1, 11], [4, 11], [4, 5], [5, 6], [6, 7], [7, 8], [7, 10], [2, 3], [0, 9]]"
DOA-V5B-POSTFREEZE-MST-TDOA-YAMAOKA2023-20260913,robothead,benchmark2,task3,recording4,991,5,0,9.579412697162468,33.037544115771766,23.458131418609298,23.458131418609298,550.2839296527446,0.2143752999982098,False,1,350.0,3500.0,-80.0,80.0,1.0,12,"[0, 1, 2, 3, 4, 5, 6, 7, 8, 9, 10, 11]",66,11,"[[0, 2], [1, 2], [1, 11], [4, 11], [4, 5], [5, 6], [6, 7], [7, 8], [3, 8], [4, 10], [0, 9]]"
DOA-V5B-POSTFREEZE-MST-TDOA-YAMAOKA2023-20260913,robothead,benchmark2,task3,recording4,1130,6,0,24.09718805882034,37.74394215293526,13.646754094114925,13.646754094114925,186.23389730524246,0.21183510000264505,False,1,350.0,3500.0,-80.0,80.0,1.0,12,"[0, 1, 2, 3, 4, 5, 6, 7, 8, 9, 10, 11]",66,11,"[[0, 2], [0, 1], [1, 11], [4, 11], [4, 5], [5, 6], [6, 7], [7, 8], [0, 3], [10, 11], [3, 9]]"
DOA-V5B-POSTFREEZE-MST-TDOA-YAMAOKA2023-20260913,robothead,benchmark2,task3,recording4,1295,7,0,35.37866163927309,37.22760244794295,1.8489408086698518,1.8489408086698518,3.4185821139647254,0.2095298999993247,False,1,350.0,3500.0,-80.0,80.0,1.0,12,"[0, 1, 2, 3, 4, 5, 6, 7, 8, 9, 10, 11]",66,11,"[[0, 2], [0, 1], [1, 4], [4, 5], [5, 6], [6, 7], [7, 8], [4, 11], [0, 3], [7, 9], [7, 10]]"
DOA-V5B-POSTFREEZE-MST-TDOA-YAMAOKA2023-20260913,robothead,benchmark2,task3,recording4,1405,8,0,34.75645443890525,39.27026966242689,4.513815223521647,4.513815223521647,20.374527872095772,0.2627511999962735,False,1,350.0,3500.0,-80.0,80.0,1.0,12,"[0, 1, 2, 3, 4, 5, 6, 7, 8, 9, 10, 11]",66,11,"[[0, 2], [0, 1], [1, 4], [4, 5], [5, 6], [6, 7], [7, 8], [4, 11], [0, 3], [7, 10], [8, 9]]"
DOA-V5B-POSTFREEZE-MST-TDOA-YAMAOKA2023-20260913,robothead,benchmark2,task3,recording4,1516,9,0,35.84031262482805,38.91129294226513,3.0709803174370904,3.0709803174370904,9.430920110086014,0.2837310999966576,False,1,350.0,3500.0,-80.0,80.0,1.0,12,"[0, 1, 2, 3, 4, 5, 6, 7, 8, 9, 10, 11]",66,11,"[[0, 2], [0, 3], [0, 1], [1, 4], [4, 5], [5, 6], [6, 7], [7, 8], [4, 11], [7, 9], [7, 10]]"
DOA-V5B-POSTFREEZE-MST-TDOA-YAMAOKA2023-20260913,robothead,benchmark2,task3,recording4,1718,10,0,22.633207706111218,23.119577090202398,0.48636938409117647,0.48636938409117647,0.23655517778123034,0.2835166000004392,False,1,350.0,3500.0,-80.0,80.0,1.0,12,"[0, 1, 2, 3, 4, 5, 6, 7, 8, 9, 10, 11]",66,11,"[[0, 1], [0, 2], [1, 4], [4, 5], [5, 6], [6, 7], [7, 8], [5, 11], [8, 10], [2, 3], [9, 10]]"
DOA-V5B-POSTFREEZE-MST-TDOA-YAMAOKA2023-20260913,robothead,benchmark2,task3,recording4,1829,11,0,0.9482042470828264,21.944174645782237,20.9959703986994,20.9959703986994,440.83077298306137,0.2828167999978177,False,1,350.0,3500.0,-80.0,80.0,1.0,12,"[0, 1, 2, 3, 4, 5, 6, 7, 8, 9, 10, 11]",66,11,"[[0, 2], [0, 1], [0, 4], [4, 5], [5, 6], [6, 7], [7, 8], [4, 11], [0, 3], [7, 10], [6, 9]]"
DOA-V5B-POSTFREEZE-MST-TDOA-YAMAOKA2023-20260913,robothead,benchmark2,task3,recording4,1939,12,0,-20.638986105809327,-7.668006421971806,12.970979683837527,12.970979683837527,168.24631395852586,0.2244877000048291,False,1,350.0,3500.0,-80.0,80.0,1.0,12,"[0, 1, 2, 3, 4, 5, 6, 7, 8, 9, 10, 11]",66,11,"[[0, 2], [0, 1], [1, 11], [4, 11], [4, 5], [5, 6], [6, 7], [7, 8], [7, 10], [1, 9], [3, 9]]"
DOA-V5B-POSTFREEZE-MST-TDOA-YAMAOKA2023-20260913,robothead,benchmark2,task3,recording4,2096,13,0,-28.861315834564788,-26.196582037566582,2.664733796998206,2.664733796998206,7.100806208864476,0.21171740000136197,False,1,350.0,3500.0,-80.0,80.0,1.0,12,"[0, 1, 2, 3, 4, 5, 6, 7, 8, 9, 10, 11]",66,11,"[[0, 2], [1, 2], [1, 11], [10, 11], [4, 11], [4, 5], [5, 6], [6, 7], [7, 8], [9, 10], [0, 3]]"
DOA-V5B-POSTFREEZE-MST-TDOA-YAMAOKA2023-20260913,robothead,benchmark2,task3,recording4,2207,14,0,-19.948697745026752,0.3645756388459214,20.313273383872684,20.313273383872684,412.6290755679504,0.21690039999521105,False,1,350.0,3500.0,-80.0,80.0,1.0,12,"[0, 1, 2, 3, 4, 5, 6, 7, 8, 9, 10, 11]",66,11,"[[0, 2], [1, 2], [1, 11], [10, 11], [4, 11], [4, 5], [5, 6], [6, 7], [7, 8], [3, 8], [3, 9]]"
DOA-V5B-POSTFREEZE-MST-TDOA-YAMAOKA2023-20260913,robothead,benchmark2,task3,recording4,2318,15,0,-12.56162874688622,13.039566726485432,25.60119547337166,25.60119547337166,655.4212096657856,0.21038010000484064,False,1,350.0,3500.0,-80.0,80.0,1.0,12,"[0, 1, 2, 3, 4, 5, 6, 7, 8, 9, 10, 11]",66,11,"[[0, 2], [1, 2], [1, 11], [10, 11], [4, 11], [4, 5], [5, 6], [6, 7], [7, 8], [0, 3], [9, 10]]"
DOA-V5B-POSTFREEZE-MST-TDOA-YAMAOKA2023-20260913,robothead,benchmark2,task3,recording4,2558,16,0,-12.53565102969931,19.23647677154975,31.77212780124907,31.77212780124907,1009.4681050189041,0.21230500000092434,False,1,350.0,3500.0,-80.0,80.0,1.0,12,"[0, 1, 2, 3, 4, 5, 6, 7, 8, 9, 10, 11]",66,11,"[[0, 2], [1, 2], [1, 11], [4, 11], [4, 5], [5, 6], [6, 7], [7, 8], [10, 11], [9, 10], [3, 8]]"
DOA-V5B-POSTFREEZE-MST-TDOA-YAMAOKA2023-20260913,robothead,benchmark2,task3,recording4,2668,17,0,0.13973826891517196,4.6488447588453665,4.50910648993019,4.50910648993019,20.33204133753056,0.21185430000332417,False,1,350.0,3500.0,-80.0,80.0,1.0,12,"[0, 1, 2, 3, 4, 5, 6, 7, 8, 9, 10, 11]",66,11,"[[0, 2], [1, 2], [1, 11], [4, 11], [4, 5], [5, 6], [6, 7], [7, 8], [6, 10], [0, 9], [3, 9]]"
DOA-V5B-POSTFREEZE-MST-TDOA-YAMAOKA2023-20260913,robothead,benchmark2,task3,recording4,2870,18,0,19.960648219025398,36.979015976149796,17.018367757124395,17.018367757124395,289.6248411167312,0.20958940000127768,False,1,350.0,3500.0,-80.0,80.0,1.0,12,"[0, 1, 2, 3, 4, 5, 6, 7, 8, 9, 10, 11]",66,11,"[[0, 2], [0, 1], [1, 11], [4, 11], [4, 5], [5, 6], [6, 7], [7, 8], [3, 8], [10, 11], [3, 9]]"
DOA-V5B-POSTFREEZE-MST-TDOA-YAMAOKA2023-20260913,robothead,benchmark2,task3,recording4,2981,19,0,31.054151658600166,35.63655650934867,4.582404850748503,4.582404850748503,20.99843421616341,0.21989980000216747,False,1,350.0,3500.0,-80.0,80.0,1.0,12,"[0, 1, 2, 3, 4, 5, 6, 7, 8, 9, 10, 11]",66,11,"[[0, 2], [0, 1], [0, 3], [1, 4], [4, 5], [5, 6], [6, 7], [7, 8], [4, 11], [7, 10], [9, 11]]"
DOA-V5B-POSTFREEZE-MST-TDOA-YAMAOKA2023-20260913,robothead,benchmark2,task3,recording5,443,0,0,19.635288782518387,26.302593304381247,6.66730452186286,6.66730452186286,44.452949587252945,0.23111590000189608,False,1,350.0,3500.0,-80.0,80.0,1.0,12,"[0, 1, 2, 3, 4, 5, 6, 7, 8, 9, 10, 11]",66,11,"[[0, 2], [0, 1], [1, 11], [4, 11], [4, 5], [5, 6], [6, 7], [7, 8], [2, 3], [5, 10], [8, 9]]"
DOA-V5B-POSTFREEZE-MST-TDOA-YAMAOKA2023-20260913,robothead,benchmark2,task3,recording5,510,1,0,21.116638145605375,28.836095252837886,7.7194571072325004,7.7194571072325004,59.59001803040236,0.2331664999946952,False,1,350.0,3500.0,-80.0,80.0,1.0,12,"[0, 1, 2, 3, 4, 5, 6, 7, 8, 9, 10, 11]",66,11,"[[0, 2], [0, 1], [1, 11], [4, 11], [4, 5], [5, 6], [6, 7], [7, 8], [0, 3], [7, 10], [8, 9]]"
DOA-V5B-POSTFREEZE-MST-TDOA-YAMAOKA2023-20260913,robothead,benchmark2,task3,recording5,576,2,0,23.76945524568086,30.26160416753054,6.49214892184969,6.49214892184969,42.1479976234741,0.23536829999648035,False,1,350.0,3500.0,-80.0,80.0,1.0,12,"[0, 1, 2, 3, 4, 5, 6, 7, 8, 9, 10, 11]",66,11,"[[0, 2], [0, 1], [1, 11], [4, 11], [4, 5], [5, 6], [6, 7], [7, 8], [0, 3], [3, 9], [7, 10]]"
DOA-V5B-POSTFREEZE-MST-TDOA-YAMAOKA2023-20260913,robothead,benchmark2,task3,recording5,643,3,0,23.51997025143518,35.59518539784004,12.075215146404872,12.075215146404872,145.81082083196563,0.22653279999940423,False,1,350.0,3500.0,-80.0,80.0,1.0,12,"[0, 1, 2, 3, 4, 5, 6, 7, 8, 9, 10, 11]",66,11,"[[0, 2], [0, 1], [1, 4], [4, 5], [5, 6], [6, 7], [7, 8], [4, 11], [0, 3], [3, 9], [5, 10]]"
DOA-V5B-POSTFREEZE-MST-TDOA-YAMAOKA2023-20260913,robothead,benchmark2,task3,recording5,808,4,0,24.146104995457847,28.598859283942517,4.45275428848467,4.45275428848467,19.827020753618616,0.23137169999972684,False,1,350.0,3500.0,-80.0,80.0,1.0,12,"[0, 1, 2, 3, 4, 5, 6, 7, 8, 9, 10, 11]",66,11,"[[0, 2], [0, 1], [1, 11], [4, 11], [4, 5], [5, 6], [6, 7], [7, 8], [0, 3], [4, 9], [6, 10]]"
DOA-V5B-POSTFREEZE-MST-TDOA-YAMAOKA2023-20260913,robothead,benchmark2,task3,recording5,874,5,0,25.496240228121327,28.869392740021823,3.3731525119004857,3.3731525119004857,11.378157868540557,0.22700249999616062,False,1,350.0,3500.0,-80.0,80.0,1.0,12,"[0, 1, 2, 3, 4, 5, 6, 7, 8, 9, 10, 11]",66,11,"[[0, 2], [0, 1], [1, 4], [4, 5], [5, 6], [6, 7], [7, 8], [4, 11], [0, 3], [7, 10], [4, 9]]"
DOA-V5B-POSTFREEZE-MST-TDOA-YAMAOKA2023-20260913,robothead,benchmark2,task3,recording5,941,6,0,21.99207099921971,29.118110473531395,7.126039474311682,7.126039474311682,50.78043858944831,0.22797410000202945,False,1,350.0,3500.0,-80.0,80.0,1.0,12,"[0, 1, 2, 3, 4, 5, 6, 7, 8, 9, 10, 11]",66,11,"[[0, 2], [0, 1], [1, 11], [4, 11], [4, 5], [5, 6], [6, 7], [7, 8], [0, 3], [3, 9], [7, 10]]"
DOA-V5B-POSTFREEZE-MST-TDOA-YAMAOKA2023-20260913,robothead,benchmark2,task3,recording5,1007,7,0,16.306889619244057,23.970029316127775,7.663139696883718,7.663139696883718,58.723710013955085,0.22933370000100695,False,1,350.0,3500.0,-80.0,80.0,1.0,12,"[0, 1, 2, 3, 4, 5, 6, 7, 8, 9, 10, 11]",66,11,"[[0, 2], [0, 1], [1, 11], [4, 11], [4, 5], [5, 6], [6, 7], [7, 8], [1, 3], [4, 9], [7, 10]]"
DOA-V5B-POSTFREEZE-MST-TDOA-YAMAOKA2023-20260913,robothead,benchmark2,task3,recording5,1074,8,0,17.139374412489733,19.780518923530455,2.6411445110407215,2.6411445110407215,6.975644328200532,0.22938350000185892,False,1,350.0,3500.0,-80.0,80.0,1.0,12,"[0, 1, 2, 3, 4, 5, 6, 7, 8, 9, 10, 11]",66,11,"[[0, 2], [0, 1], [1, 11], [4, 11], [4, 5], [5, 6], [6, 7], [7, 8], [0, 3], [4, 9], [7, 10]]"
DOA-V5B-POSTFREEZE-MST-TDOA-YAMAOKA2023-20260913,robothead,benchmark2,task3,recording5,1305,9,0,18.232728865625177,21.57176132020091,3.3390324545757437,3.3390324545757437,11.149137732710116,0.22841999999945983,False,1,350.0,3500.0,-80.0,80.0,1.0,12,"[0, 1, 2, 3, 4, 5, 6, 7, 8, 9, 10, 11]",66,11,"[[0, 2], [0, 1], [1, 4], [4, 5], [5, 6], [4, 11], [6, 7], [7, 8], [2, 3], [4, 9], [7, 10]]"
DOA-V5B-POSTFREEZE-MST-TDOA-YAMAOKA2023-20260913,robothead,benchmark2,task3,recording5,1411,10,0,11.128642457001757,25.09067928108226,13.962036824080513,13.962036824080513,194.93847227698026,0.2264502000034554,False,1,350.0,3500.0,-80.0,80.0,1.0,12,"[0, 1, 2, 3, 4, 5, 6, 7, 8, 9, 10, 11]",66,11,"[[0, 1], [0, 2], [1, 4], [4, 5], [5, 6], [6, 7], [7, 8], [4, 11], [0, 3], [4, 9], [7, 10]]"
DOA-V5B-POSTFREEZE-MST-TDOA-YAMAOKA2023-20260913,robothead,benchmark2,task3,recording5,1478,11,0,4.6051290394871955,14.45534845623618,9.850219416748985,9.850219416748985,97.02682255809871,0.24765840000327444,False,1,350.0,3500.0,-80.0,80.0,1.0,12,"[0, 1, 2, 3, 4, 5, 6, 7, 8, 9, 10, 11]",66,11,"[[0, 2], [0, 1], [1, 4], [4, 5], [5, 6], [4, 11], [6, 7], [7, 8], [2, 3], [7, 10], [4, 9]]"
DOA-V5B-POSTFREEZE-MST-TDOA-YAMAOKA2023-20260913,robothead,benchmark2,task3,recording5,1763,12,0,-14.069108960873987,-14.072591921984321,-0.0034829611103361913,0.0034829611103361913,1.2131018096114315e-05,0.22610210000129882,False,1,350.0,3500.0,-80.0,80.0,1.0,12,"[0, 1, 2, 3, 4, 5, 6, 7, 8, 9, 10, 11]",66,11,"[[0, 2], [1, 2], [1, 11], [4, 11], [4, 5], [5, 6], [6, 7], [7, 8], [10, 11], [9, 10], [0, 3]]"
DOA-V5B-POSTFREEZE-MST-TDOA-YAMAOKA2023-20260913,robothead,benchmark2,task3,recording5,1829,13,0,-15.722345664998405,-16.40553776844286,-0.6831921034444406,0.6831921034444406,0.46675145020883924,0.22683859999960987,False,1,350.0,3500.0,-80.0,80.0,1.0,12,"[0, 1, 2, 3, 4, 5, 6, 7, 8, 9, 10, 11]",66,11,"[[0, 2], [1, 2], [1, 11], [4, 11], [4, 5], [5, 6], [6, 7], [7, 8], [10, 11], [9, 10], [0, 3]]"
DOA-V5B-POSTFREEZE-MST-TDOA-YAMAOKA2023-20260913,robothead,benchmark2,task3,recording5,2056,14,0,-16.194853803600243,14.482509319572761,30.677363123172995,30.677363123172995,941.1006081910144,0.22745880000002217,False,1,350.0,3500.0,-80.0,80.0,1.0,12,"[0, 1, 2, 3, 4, 5, 6, 7, 8, 9, 10, 11]",66,11,"[[0, 2], [1, 2], [1, 11], [10, 11], [4, 11], [4, 5], [5, 6], [6, 7], [7, 8], [9, 10], [3, 8]]"
DOA-V5B-POSTFREEZE-MST-TDOA-YAMAOKA2023-20260913,robothead,benchmark2,task3,recording5,2164,15,0,-11.04271784746968,20.649386580654248,31.692104428123912,31.692104428123912,1004.3894830831113,0.22850920000200858,False,1,350.0,3500.0,-80.0,80.0,1.0,12,"[0, 1, 2, 3, 4, 5, 6, 7, 8, 9, 10, 11]",66,11,"[[0, 2], [1, 2], [1, 11], [10, 11], [4, 11], [4, 5], [5, 6], [6, 7], [7, 8], [3, 8], [2, 9]]"
DOA-V5B-POSTFREEZE-MST-TDOA-YAMAOKA2023-20260913,robothead,benchmark2,task3,recording5,2231,16,0,-9.526705532033468,20.776544183934366,30.303249715967837,30.303249715967837,918.2869433483048,0.22737960000085877,False,1,350.0,3500.0,-80.0,80.0,1.0,12,"[0, 1, 2, 3, 4, 5, 6, 7, 8, 9, 10, 11]",66,11,"[[0, 2], [1, 2], [1, 11], [10, 11], [4, 11], [4, 5], [5, 6], [6, 7], [7, 8], [3, 8], [2, 9]]"
DOA-V5B-POSTFREEZE-MST-TDOA-YAMAOKA2023-20260913,robothead,benchmark2,task3,recording5,2298,17,0,-6.10712134567992,25.750699897828433,31.85782124350834,31.85782124350834,1014.9207743833313,0.2264024000032805,False,1,350.0,3500.0,-80.0,80.0,1.0,12,"[0, 1, 2, 3, 4, 5, 6, 7, 8, 9, 10, 11]",66,11,"[[0, 2], [0, 1], [1, 11], [10, 11], [4, 11], [4, 5], [5, 6], [6, 7], [7, 8], [3, 8], [9, 10]]"
DOA-V5B-POSTFREEZE-MST-TDOA-YAMAOKA2023-20260913,robothead,benchmark2,task3,recording5,2364,18,0,0.2702118153898949,20.125206821729556,19.854995006339664,19.854995006339664,394.220826701773,0.22677400000247872,False,1,350.0,3500.0,-80.0,80.0,1.0,12,"[0, 1, 2, 3, 4, 5, 6, 7, 8, 9, 10, 11]",66,11,"[[0, 2], [0, 1], [1, 11], [4, 11], [4, 5], [5, 6], [6, 7], [7, 8], [3, 8], [10, 11], [9, 10]]"
DOA-V5B-POSTFREEZE-MST-TDOA-YAMAOKA2023-20260913,robothead,benchmark2,task3,recording5,2431,19,0,4.5176553995575555,25.82466415201323,21.307008752455687,21.307008752455687,453.98862197722326,0.2214733000000706,False,1,350.0,3500.0,-80.0,80.0,1.0,12,"[0, 1, 2, 3, 4, 5, 6, 7, 8, 9, 10, 11]",66,11,"[[0, 2], [0, 1], [1, 11], [10, 11], [4, 11], [4, 5], [5, 6], [6, 7], [7, 8], [3, 8], [9, 10]]"
DOA-V5B-POSTFREEZE-MST-TDOA-YAMAOKA2023-20260913,robothead,benchmark2,task4,recording1,253,0,0,-38.1098932966373,-41.427510236461245,-3.3176169398239495,3.3176169398239495,11.006582159406827,0.21226009999372764,False,1,350.0,3500.0,-80.0,80.0,1.0,12,"[0, 1, 2, 3, 4, 5, 6, 7, 8, 9, 10, 11]",66,11,"[[0, 2], [1, 2], [1, 11], [10, 11], [4, 11], [4, 5], [5, 6], [6, 7], [7, 8], [2, 9], [3, 11]]"
DOA-V5B-POSTFREEZE-MST-TDOA-YAMAOKA2023-20260913,robothead,benchmark2,task4,recording1,302,1,0,-27.838078226603738,-29.36481773744353,-1.5267395108398034,1.5267395108398034,2.3309335339593624,0.21301059999677818,False,1,350.0,3500.0,-80.0,80.0,1.0,12,"[0, 1, 2, 3, 4, 5, 6, 7, 8, 9, 10, 11]",66,11,"[[0, 2], [1, 2], [1, 11], [10, 11], [1, 4], [4, 5], [5, 6], [6, 7], [7, 8], [2, 9], [3, 8]]"
DOA-V5B-POSTFREEZE-MST-TDOA-YAMAOKA2023-20260913,robothead,benchmark2,task4,recording1,549,2,1,21.081777763380998,28.07629234515117,6.994514581770176,6.994514581770176,48.92323423459562,0.2126455999969039,False,1,350.0,3500.0,-80.0,80.0,1.0,12,"[0, 1, 2, 3, 4, 5, 6, 7, 8, 9, 10, 11]",66,11,"[[0, 2], [0, 1], [1, 4], [4, 5], [5, 6], [6, 7], [7, 8], [4, 11], [7, 10], [0, 3], [9, 10]]"
DOA-V5B-POSTFREEZE-MST-TDOA-YAMAOKA2023-20260913,robothead,benchmark2,task4,recording1,932,3,1,17.354177512544897,30.419139121029826,13.064961608484936,13.064961608484936,170.69322183118527,0.21222010000201408,False,1,350.0,3500.0,-80.0,80.0,1.0,12,"[0, 1, 2, 3, 4, 5, 6, 7, 8, 9, 10, 11]",66,11,"[[0, 2], [0, 3], [0, 1], [1, 4], [4, 5], [5, 6], [6, 7], [7, 8], [4, 11], [10, 11], [3, 9]]"
DOA-V5B-POSTFREEZE-MST-TDOA-YAMAOKA2023-20260913,robothead,benchmark2,task4,recording1,2389,4,1,17.958320225240257,28.537035336995668,10.5787151117554,10.5787151117554,111.90921341568207,0.21216960000310792,False,1,350.0,3500.0,-80.0,80.0,1.0,12,"[0, 1, 2, 3, 4, 5, 6, 7, 8, 9, 10, 11]",66,11,"[[0, 2], [0, 1], [1, 11], [4, 11], [4, 5], [5, 6], [6, 7], [7, 8], [0, 3], [7, 10], [4, 9]]"
DOA-V5B-POSTFREEZE-MST-TDOA-YAMAOKA2023-20260913,robothead,benchmark2,task4,recording1,2555,5,0,-25.534515514018985,-2.9073706796479537,22.627144834371023,22.627144834371023,511.9876833556033,0.21535410000069533,False,1,350.0,3500.0,-80.0,80.0,1.0,12,"[0, 1, 2, 3, 4, 5, 6, 7, 8, 9, 10, 11]",66,11,"[[0, 2], [1, 2], [1, 11], [4, 11], [4, 5], [5, 6], [6, 7], [7, 8], [10, 11], [9, 10], [3, 8]]"
DOA-V5B-POSTFREEZE-MST-TDOA-YAMAOKA2023-20260913,robothead,benchmark2,task4,recording1,2853,6,1,31.510685209064455,38.98067275354255,7.469987544478101,7.469987544478101,55.800713914657976,0.2128441999957431,False,1,350.0,3500.0,-80.0,80.0,1.0,12,"[0, 1, 2, 3, 4, 5, 6, 7, 8, 9, 10, 11]",66,11,"[[0, 3], [0, 1], [1, 11], [4, 11], [4, 5], [5, 6], [6, 7], [7, 8], [7, 10], [0, 2], [7, 9]]"
DOA-V5B-POSTFREEZE-MST-TDOA-YAMAOKA2023-20260913,robothead,benchmark2,task4,recording1,3386,7,0,9.128923386586832,41.94179233133359,32.812868944746754,32.812868944746754,1076.684368385126,0.21312530000432162,False,1,350.0,3500.0,-80.0,80.0,1.0,12,"[0, 1, 2, 3, 4, 5, 6, 7, 8, 9, 10, 11]",66,11,"[[0, 2], [1, 2], [1, 11], [4, 11], [4, 5], [5, 6], [6, 7], [7, 8], [5, 10], [3, 8], [5, 9]]"
DOA-V5B-POSTFREEZE-MST-TDOA-YAMAOKA2023-20260913,robothead,benchmark2,task4,recording1,3793,8,1,25.89051420734451,39.065999581833225,13.175485374488716,13.175485374488716,173.59341485336606,0.21155300000100397,False,1,350.0,3500.0,-80.0,80.0,1.0,12,"[0, 1, 2, 3, 4, 5, 6, 7, 8, 9, 10, 11]",66,11,"[[0, 2], [0, 3], [0, 1], [1, 4], [4, 5], [5, 6], [6, 7], [7, 8], [5, 11], [10, 11], [9, 10]]"
DOA-V5B-POSTFREEZE-MST-TDOA-YAMAOKA2023-20260913,robothead,benchmark2,task4,recording1,5113,9,0,-11.11991263051787,8.841220875646224,19.96113350616409,19.96113350616409,398.4468508509066,0.21173149999958696,False,1,350.0,3500.0,-80.0,80.0,1.0,12,"[0, 1, 2, 3, 4, 5, 6, 7, 8, 9, 10, 11]",66,11,"[[0, 2], [0, 1], [1, 11], [4, 11], [4, 5], [5, 6], [6, 7], [7, 8], [10, 11], [0, 3], [9, 10]]"
DOA-V5B-POSTFREEZE-MST-TDOA-YAMAOKA2023-20260913,robothead,benchmark2,task4,recording1,5163,10,0,-14.120520740319932,-0.38291381860835055,13.737606921711574,13.737606921711574,188.72184393545774,0.2141923000017414,False,1,350.0,3500.0,-80.0,80.0,1.0,12,"[0, 1, 2, 3, 4, 5, 6, 7, 8, 9, 10, 11]",66,11,"[[0, 2], [1, 2], [1, 11], [4, 11], [4, 5], [5, 6], [6, 7], [7, 8], [10, 11], [0, 3], [9, 10]]"
DOA-V5B-POSTFREEZE-MST-TDOA-YAMAOKA2023-20260913,robothead,benchmark2,task4,recording1,5687,11,0,-38.765997397713136,-8.668025265266346,30.097972132446785,30.097972132446785,905.8879264855433,0.21539739999570884,False,1,350.0,3500.0,-80.0,80.0,1.0,12,"[0, 1, 2, 3, 4, 5, 6, 7, 8, 9, 10, 11]",66,11,"[[0, 2], [1, 2], [1, 11], [4, 11], [4, 5], [5, 6], [6, 7], [7, 8], [6, 10], [2, 9], [3, 8]]"
DOA-V5B-POSTFREEZE-MST-TDOA-YAMAOKA2023-20260913,robothead,benchmark2,task4,recording1,6004,12,0,-35.250344662494214,-26.30036402441421,8.949980638080007,8.949980638080007,80.102153422007,0.21206550000351854,False,1,350.0,3500.0,-80.0,80.0,1.0,12,"[0, 1, 2, 3, 4, 5, 6, 7, 8, 9, 10, 11]",66,11,"[[0, 2], [1, 2], [1, 11], [10, 11], [4, 11], [4, 5], [5, 6], [6, 7], [7, 8], [9, 10], [3, 8]]"
DOA-V5B-POSTFREEZE-MST-TDOA-YAMAOKA2023-20260913,robothead,benchmark2,task4,recording1,6464,13,0,20.151073632439036,53.28114968811952,33.13007605568049,33.13007605568049,1097.6019394551738,0.21113570000306936,False,1,350.0,3500.0,-80.0,80.0,1.0,12,"[0, 1, 2, 3, 4, 5, 6, 7, 8, 9, 10, 11]",66,11,"[[0, 2], [0, 1], [1, 11], [4, 11], [4, 5], [5, 6], [6, 7], [7, 8], [3, 8], [10, 11], [9, 10]]"
DOA-V5B-POSTFREEZE-MST-TDOA-YAMAOKA2023-20260913,robothead,benchmark2,task4,recording1,6514,14,0,21.486085077520702,43.96656950185355,22.480484424332843,22.480484424332843,505.37217995267156,0.21055459999479353,False,1,350.0,3500.0,-80.0,80.0,1.0,12,"[0, 1, 2, 3, 4, 5, 6, 7, 8, 9, 10, 11]",66,11,"[[0, 2], [0, 3], [1, 2], [1, 11], [4, 11], [4, 5], [5, 6], [6, 7], [7, 8], [6, 10], [8, 9]]"
DOA-V5B-POSTFREEZE-MST-TDOA-YAMAOKA2023-20260913,robothead,benchmark2,task4,recording1,6563,15,0,23.95896532562845,32.67900364424091,8.720038318612467,8.720038318612467,76.03906827806973,0.21343229999911273,False,1,350.0,3500.0,-80.0,80.0,1.0,12,"[0, 1, 2, 3, 4, 5, 6, 7, 8, 9, 10, 11]",66,11,"[[0, 2], [1, 2], [1, 11], [0, 3], [3, 8], [7, 8], [6, 7], [5, 6], [4, 5], [10, 11], [0, 9]]"
DOA-V5B-POSTFREEZE-MST-TDOA-YAMAOKA2023-20260913,robothead,benchmark2,task4,recording1,6612,16,0,28.066285399416135,49.65725119646605,21.590965797049904,21.590965797049904,466.1698040493788,0.21107820000179345,False,1,350.0,3500.0,-80.0,80.0,1.0,12,"[0, 1, 2, 3, 4, 5, 6, 7, 8, 9, 10, 11]",66,11,"[[0, 2], [0, 3], [1, 2], [1, 11], [10, 11], [4, 11], [4, 5], [5, 6], [6, 7], [7, 8], [9, 10]]"
DOA-V5B-POSTFREEZE-MST-TDOA-YAMAOKA2023-20260913,robothead,benchmark2,task4,recording1,7435,17,0,60.584414528866915,59.72277453133051,-0.8616399975364004,0.8616399975364004,0.7424234853545281,0.21078839999972843,False,1,350.0,3500.0,-80.0,80.0,1.0,12,"[0, 1, 2, 3, 4, 5, 6, 7, 8, 9, 10, 11]",66,11,"[[0, 3], [0, 1], [0, 2], [1, 4], [4, 5], [5, 6], [6, 7], [7, 8], [6, 11], [10, 11], [2, 9]]"
DOA-V5B-POSTFREEZE-MST-TDOA-YAMAOKA2023-20260913,robothead,benchmark2,task4,recording1,8205,18,1,3.1563219291655087,15.789554425474904,12.633232496309404,12.633232496309404,159.59856330580794,0.22252909999951953,False,1,350.0,3500.0,-80.0,80.0,1.0,12,"[0, 1, 2, 3, 4, 5, 6, 7, 8, 9, 10, 11]",66,11,"[[0, 2], [0, 1], [1, 11], [4, 11], [4, 5], [5, 6], [6, 7], [7, 8], [10, 11], [0, 3], [9, 10]]"
DOA-V5B-POSTFREEZE-MST-TDOA-YAMAOKA2023-20260913,robothead,benchmark2,task4,recording1,8526,19,1,11.76317335429017,24.818990677335893,13.055817323045716,13.055817323045716,170.4543659727406,0.2163278000007267,False,1,350.0,3500.0,-80.0,80.0,1.0,12,"[0, 1, 2, 3, 4, 5, 6, 7, 8, 9, 10, 11]",66,11,"[[0, 2], [0, 1], [1, 11], [4, 11], [4, 5], [5, 6], [6, 7], [7, 8], [10, 11], [3, 8], [3, 9]]"
DOA-V5B-POSTFREEZE-MST-TDOA-YAMAOKA2023-20260913,robothead,benchmark2,task4,recording2,326,0,0,21.443127914227663,41.77964150152658,20.336513587298924,20.336513587298924,413.57378488639375,0.21786620000057155,False,1,350.0,3500.0,-80.0,80.0,1.0,12,"[0, 1, 2, 3, 4, 5, 6, 7, 8, 9, 10, 11]",66,11,"[[0, 1], [0, 2], [1, 4], [4, 5], [5, 6], [6, 7], [7, 8], [4, 11], [3, 8], [7, 10], [9, 10]]"
DOA-V5B-POSTFREEZE-MST-TDOA-YAMAOKA2023-20260913,robothead,benchmark2,task4,recording2,735,1,1,4.494520111595246,20.37520251631415,15.880682404718897,15.880682404718897,252.19607363954836,0.22650650000286987,False,1,350.0,3500.0,-80.0,80.0,1.0,12,"[0, 1, 2, 3, 4, 5, 6, 7, 8, 9, 10, 11]",66,11,"[[0, 2], [0, 1], [1, 4], [4, 5], [5, 6], [6, 7], [7, 8], [4, 11], [0, 3], [7, 10], [9, 10]]"
DOA-V5B-POSTFREEZE-MST-TDOA-YAMAOKA2023-20260913,robothead,benchmark2,task4,recording2,1101,2,0,-27.19949610693488,-15.807068085080196,11.392428021854698,11.392428021854698,129.78741623314016,0.21451819999492727,False,1,350.0,3500.0,-80.0,80.0,1.0,12,"[0, 1, 2, 3, 4, 5, 6, 7, 8, 9, 10, 11]",66,11,"[[0, 2], [0, 1], [1, 11], [4, 11], [4, 5], [5, 6], [6, 7], [7, 8], [10, 11], [9, 10], [3, 8]]"
DOA-V5B-POSTFREEZE-MST-TDOA-YAMAOKA2023-20260913,robothead,benchmark2,task4,recording2,1546,3,1,-55.401310509216,-39.09641531119218,16.304895198023814,16.304895198023814,265.84960741854,0.22214259999600472,False,1,350.0,3500.0,-80.0,80.0,1.0,12,"[0, 1, 2, 3, 4, 5, 6, 7, 8, 9, 10, 11]",66,11,"[[0, 2], [1, 2], [1, 11], [10, 11], [9, 10], [6, 10], [5, 6], [4, 5], [6, 7], [7, 8], [0, 3]]"
DOA-V5B-POSTFREEZE-MST-TDOA-YAMAOKA2023-20260913,robothead,benchmark2,task4,recording2,1911,4,0,-33.07814198049877,-12.062296319657623,21.015845660841137,21.015845660841137,441.66576884029524,0.2172774000064237,False,1,350.0,3500.0,-80.0,80.0,1.0,12,"[0, 1, 2, 3, 4, 5, 6, 7, 8, 9, 10, 11]",66,11,"[[0, 2], [1, 2], [1, 11], [4, 11], [4, 5], [5, 6], [6, 7], [7, 8], [10, 11], [9, 10], [3, 8]]"
DOA-V5B-POSTFREEZE-MST-TDOA-YAMAOKA2023-20260913,robothead,benchmark2,task4,recording2,2385,5,0,-25.393854059684408,-16.422233137922603,8.971620921761797,8.971620921761797,80.489981963794,0.22381360000144923,False,1,350.0,3500.0,-80.0,80.0,1.0,12,"[0, 1, 2, 3, 4, 5, 6, 7, 8, 9, 10, 11]",66,11,"[[0, 2], [1, 2], [1, 11], [4, 11], [4, 5], [5, 6], [6, 7], [7, 8], [10, 11], [9, 10], [3, 8]]"
DOA-V5B-POSTFREEZE-MST-TDOA-YAMAOKA2023-20260913,robothead,benchmark2,task4,recording2,2750,6,1,-33.26462208208419,-33.33282023318126,-0.06819815109707861,0.06819815109707861,0.0046509878130599645,0.23226180000347085,False,1,350.0,3500.0,-80.0,80.0,1.0,12,"[0, 1, 2, 3, 4, 5, 6, 7, 8, 9, 10, 11]",66,11,"[[0, 1], [1, 11], [1, 2], [4, 11], [4, 5], [5, 6], [10, 11], [2, 9], [6, 7], [7, 8], [1, 3]]"
DOA-V5B-POSTFREEZE-MST-TDOA-YAMAOKA2023-20260913,robothead,benchmark2,task4,recording2,3031,7,1,-32.28413888835651,-32.65070545277525,-0.366566564418747,0.366566564418747,0.13437104614976342,0.22958659999858355,False,1,350.0,3500.0,-80.0,80.0,1.0,12,"[0, 1, 2, 3, 4, 5, 6, 7, 8, 9, 10, 11]",66,11,"[[0, 2], [1, 2], [1, 11], [4, 11], [4, 5], [5, 6], [10, 11], [2, 9], [6, 7], [7, 8], [3, 4]]"
DOA-V5B-POSTFREEZE-MST-TDOA-YAMAOKA2023-20260913,robothead,benchmark2,task4,recording2,3397,8,0,15.664897714762684,21.762545422903305,6.097647708140613,6.097647708140613,37.18130757259247,0.2320802000031108,False,1,350.0,3500.0,-80.0,80.0,1.0,12,"[0, 1, 2, 3, 4, 5, 6, 7, 8, 9, 10, 11]",66,11,"[[0, 2], [0, 1], [1, 11], [4, 11], [4, 5], [5, 6], [6, 7], [7, 8], [6, 10], [0, 3], [4, 9]]"
DOA-V5B-POSTFREEZE-MST-TDOA-YAMAOKA2023-20260913,robothead,benchmark2,task4,recording2,3859,9,0,30.744518942132597,39.98437675072694,9.239857808594337,9.239857808594337,85.37497232304175,0.23074750000523636,False,1,350.0,3500.0,-80.0,80.0,1.0,12,"[0, 1, 2, 3, 4, 5, 6, 7, 8, 9, 10, 11]",66,11,"[[0, 1], [0, 2], [1, 11], [4, 11], [4, 5], [5, 6], [6, 7], [7, 8], [0, 3], [6, 10], [9, 11]]"
DOA-V5B-POSTFREEZE-MST-TDOA-YAMAOKA2023-20260913,robothead,benchmark2,task4,recording2,4237,10,1,8.360372529563941,24.20136106203691,15.840988532472977,15.840988532472977,250.93691768594036,0.2127976999981911,False,1,350.0,3500.0,-80.0,80.0,1.0,12,"[0, 1, 2, 3, 4, 5, 6, 7, 8, 9, 10, 11]",66,11,"[[0, 2], [0, 1], [1, 11], [4, 11], [4, 5], [5, 6], [6, 7], [7, 8], [0, 3], [7, 10], [4, 9]]"
DOA-V5B-POSTFREEZE-MST-TDOA-YAMAOKA2023-20260913,robothead,benchmark2,task4,recording2,4628,11,0,22.319051028906397,30.715154761352338,8.396103732445937,8.396103732445937,70.49455788599259,0.21303760000591865,False,1,350.0,3500.0,-80.0,80.0,1.0,12,"[0, 1, 2, 3, 4, 5, 6, 7, 8, 9, 10, 11]",66,11,"[[0, 2], [0, 1], [1, 4], [4, 5], [5, 6], [6, 7], [7, 8], [4, 11], [0, 3], [7, 10], [5, 9]]"
DOA-V5B-POSTFREEZE-MST-TDOA-YAMAOKA2023-20260913,robothead,benchmark2,task4,recording2,5117,12,0,-20.307168930661703,-9.849853778200872,10.457315152460836,10.457315152460836,109.355440197887,0.21506909999880008,False,1,350.0,3500.0,-80.0,80.0,1.0,12,"[0, 1, 2, 3, 4, 5, 6, 7, 8, 9, 10, 11]",66,11,"[[0, 2], [0, 1], [1, 11], [4, 11], [4, 5], [5, 6], [6, 7], [7, 8], [10, 11], [0, 3], [9, 10]]"
DOA-V5B-POSTFREEZE-MST-TDOA-YAMAOKA2023-20260913,robothead,benchmark2,task4,recording2,5496,13,1,-29.54170654573488,-21.848109842175777,7.693596703559109,7.693596703559109,59.19143023701559,0.22125030000461265,False,1,350.0,3500.0,-80.0,80.0,1.0,12,"[0, 1, 2, 3, 4, 5, 6, 7, 8, 9, 10, 11]",66,11,"[[0, 2], [0, 3], [0, 1], [1, 11], [10, 11], [4, 11], [4, 5], [5, 6], [6, 7], [7, 8], [2, 9]]"
DOA-V5B-POSTFREEZE-MST-TDOA-YAMAOKA2023-20260913,robothead,benchmark2,task4,recording2,5861,14,0,-28.645856454070774,-28.157876192021906,0.4879802620488647,0.4879802620488647,0.23812473614927865,0.21811760000127833,False,1,350.0,3500.0,-80.0,80.0,1.0,12,"[0, 1, 2, 3, 4, 5, 6, 7, 8, 9, 10, 11]",66,11,"[[0, 2], [1, 2], [1, 11], [10, 11], [4, 11], [4, 5], [5, 6], [6, 7], [7, 8], [9, 10], [0, 3]]"
DOA-V5B-POSTFREEZE-MST-TDOA-YAMAOKA2023-20260913,robothead,benchmark2,task4,recording2,6254,15,1,4.770486548000832,15.785053833965856,11.014567285965029,11.014567285965029,121.32069249705103,0.21657009999762522,False,1,350.0,3500.0,-80.0,80.0,1.0,12,"[0, 1, 2, 3, 4, 5, 6, 7, 8, 9, 10, 11]",66,11,"[[0, 2], [0, 1], [1, 11], [4, 11], [4, 5], [5, 6], [6, 7], [7, 8], [6, 10], [0, 3], [3, 9]]"
DOA-V5B-POSTFREEZE-MST-TDOA-YAMAOKA2023-20260913,robothead,benchmark2,task4,recording2,6618,16,0,10.527001551336477,32.797152813605436,22.270151262268968,22.270151262268968,495.9596372443401,0.21481330000096932,False,1,350.0,3500.0,-80.0,80.0,1.0,12,"[0, 1, 2, 3, 4, 5, 6, 7, 8, 9, 10, 11]",66,11,"[[0, 2], [0, 1], [1, 11], [4, 11], [4, 5], [5, 6], [6, 7], [7, 8], [7, 10], [3, 8], [5, 9]]"
DOA-V5B-POSTFREEZE-MST-TDOA-YAMAOKA2023-20260913,robothead,benchmark2,task4,recording2,7009,17,1,52.61185677920001,51.96033322967259,-0.6515235495274112,0.6515235495274112,0.424482935588797,0.21740270000009332,False,1,350.0,3500.0,-80.0,80.0,1.0,12,"[0, 1, 2, 3, 4, 5, 6, 7, 8, 9, 10, 11]",66,11,"[[0, 3], [0, 1], [1, 4], [4, 5], [5, 6], [6, 7], [7, 8], [6, 11], [10, 11], [0, 2], [9, 10]]"
DOA-V5B-POSTFREEZE-MST-TDOA-YAMAOKA2023-20260913,robothead,benchmark2,task4,recording2,7466,18,1,43.564604409177726,45.24503777240127,1.6804333632235284,1.6804333632235284,2.823856288234739,0.215172000003804,False,1,350.0,3500.0,-80.0,80.0,1.0,12,"[0, 1, 2, 3, 4, 5, 6, 7, 8, 9, 10, 11]",66,11,"[[0, 1], [0, 2], [0, 3], [1, 11], [5, 11], [4, 5], [5, 6], [6, 7], [7, 8], [10, 11], [9, 11]]"
DOA-V5B-POSTFREEZE-MST-TDOA-YAMAOKA2023-20260913,robothead,benchmark2,task4,recording2,7832,19,0,5.673468556776552,23.25705645222046,17.583587895443912,17.583587895443912,309.18256327680166,0.2423581999973976,False,1,350.0,3500.0,-80.0,80.0,1.0,12,"[0, 1, 2, 3, 4, 5, 6, 7, 8, 9, 10, 11]",66,11,"[[0, 2], [0, 1], [1, 11], [4, 11], [4, 5], [5, 6], [6, 7], [7, 8], [6, 10], [0, 3], [3, 9]]"
DOA-V5B-POSTFREEZE-MST-TDOA-YAMAOKA2023-20260913,robothead,benchmark2,task4,recording3,240,0,0,4.184164569547676,25.835454640635522,21.651290071087857,21.651290071087857,468.77836174238763,0.21846809999988182,False,1,350.0,3500.0,-80.0,80.0,1.0,12,"[0, 1, 2, 3, 4, 5, 6, 7, 8, 9, 10, 11]",66,11,"[[0, 2], [0, 1], [1, 11], [4, 11], [4, 5], [5, 6], [6, 7], [7, 8], [6, 10], [0, 3], [3, 9]]"
DOA-V5B-POSTFREEZE-MST-TDOA-YAMAOKA2023-20260913,robothead,benchmark2,task4,recording3,1085,1,0,1.281021551992011,17.40365974976488,16.122638197772858,16.122638197772858,259.93946245628445,0.21617640000476968,False,1,350.0,3500.0,-80.0,80.0,1.0,12,"[0, 1, 2, 3, 4, 5, 6, 7, 8, 9, 10, 11]",66,11,"[[0, 2], [0, 1], [1, 11], [4, 11], [4, 5], [5, 6], [6, 7], [7, 8], [6, 10], [0, 3], [3, 9]]"
DOA-V5B-POSTFREEZE-MST-TDOA-YAMAOKA2023-20260913,robothead,benchmark2,task4,recording3,1286,2,1,-23.796990881065188,-16.49464637130169,7.302344509763486,7.302344509763486,53.32423533927293,0.21268070000223815,False,1,350.0,3500.0,-80.0,80.0,1.0,12,"[0, 1, 2, 3, 4, 5, 6, 7, 8, 9, 10, 11]",66,11,"[[0, 2], [1, 2], [1, 11], [4, 11], [4, 5], [5, 6], [6, 7], [7, 8], [10, 11], [9, 10], [3, 8]]"
DOA-V5B-POSTFREEZE-MST-TDOA-YAMAOKA2023-20260913,robothead,benchmark2,task4,recording3,1962,3,1,46.16348760919152,55.04696056340754,8.883472954216018,8.883472954216018,78.91609172828745,0.21515899999940302,False,1,350.0,3500.0,-80.0,80.0,1.0,12,"[0, 1, 2, 3, 4, 5, 6, 7, 8, 9, 10, 11]",66,11,"[[0, 2], [0, 1], [0, 3], [3, 8], [7, 8], [6, 7], [5, 6], [4, 5], [4, 11], [10, 11], [9, 10]]"
DOA-V5B-POSTFREEZE-MST-TDOA-YAMAOKA2023-20260913,robothead,benchmark2,task4,recording3,2617,4,0,-31.924581115418555,-18.748057020949634,13.176524094468931,13.176524094468931,173.6207872121203,0.2166267000066,False,1,350.0,3500.0,-80.0,80.0,1.0,12,"[0, 1, 2, 3, 4, 5, 6, 7, 8, 9, 10, 11]",66,11,"[[0, 2], [1, 2], [1, 11], [4, 11], [4, 5], [5, 6], [6, 7], [7, 8], [10, 11], [0, 9], [0, 3]]"
DOA-V5B-POSTFREEZE-MST-TDOA-YAMAOKA2023-20260913,robothead,benchmark2,task4,recording3,2885,5,0,-46.946902574129254,-43.20437965181264,3.742522922316624,3.742522922316624,14.006477824065364,0.21550479999859817,False,1,350.0,3500.0,-80.0,80.0,1.0,12,"[0, 1, 2, 3, 4, 5, 6, 7, 8, 9, 10, 11]",66,11,"[[0, 2], [1, 2], [1, 11], [10, 11], [4, 11], [4, 5], [5, 6], [6, 7], [7, 8], [2, 9], [0, 3]]"
DOA-V5B-POSTFREEZE-MST-TDOA-YAMAOKA2023-20260913,robothead,benchmark2,task4,recording3,3564,6,1,-14.816048179487806,-11.378869249879617,3.4371789296081943,3.4371789296081943,11.814198994142533,0.21670050000102492,False,1,350.0,3500.0,-80.0,80.0,1.0,12,"[0, 1, 2, 3, 4, 5, 6, 7, 8, 9, 10, 11]",66,11,"[[0, 2], [0, 3], [0, 1], [1, 11], [10, 11], [1, 4], [4, 5], [5, 6], [6, 7], [7, 8], [9, 10]]"
DOA-V5B-POSTFREEZE-MST-TDOA-YAMAOKA2023-20260913,robothead,benchmark2,task4,recording3,4310,7,0,15.231887613298468,12.086247100267888,-3.145640513030571,3.145640513030571,9.895054237219234,0.2162878000017372,False,1,350.0,3500.0,-80.0,80.0,1.0,12,"[0, 1, 2, 3, 4, 5, 6, 7, 8, 9, 10, 11]",66,11,"[[0, 2], [0, 1], [1, 4], [4, 5], [5, 6], [6, 7], [7, 8], [4, 11], [8, 10], [2, 3], [9, 10]]"
DOA-V5B-POSTFREEZE-MST-TDOA-YAMAOKA2023-20260913,robothead,benchmark2,task4,recording3,4662,8,0,8.845335394958482,19.517389480750264,10.672054085791785,10.672054085791785,113.89273841006514,0.21444289999635657,False,1,350.0,3500.0,-80.0,80.0,1.0,12,"[0, 1, 2, 3, 4, 5, 6, 7, 8, 9, 10, 11]",66,11,"[[0, 2], [0, 1], [1, 11], [4, 11], [4, 5], [5, 6], [6, 7], [7, 8], [0, 3], [10, 11], [9, 10]]"
DOA-V5B-POSTFREEZE-MST-TDOA-YAMAOKA2023-20260913,robothead,benchmark2,task4,recording3,4813,9,1,-28.96244043063156,-22.437138418713236,6.525302011918313,6.525302011918313,42.57956634674519,0.2267781999980798,False,1,350.0,3500.0,-80.0,80.0,1.0,12,"[0, 1, 2, 3, 4, 5, 6, 7, 8, 9, 10, 11]",66,11,"[[0, 2], [1, 2], [1, 11], [4, 11], [4, 5], [5, 6], [4, 10], [6, 7], [7, 8], [2, 9], [3, 9]]"
DOA-V5B-POSTFREEZE-MST-TDOA-YAMAOKA2023-20260913,robothead,benchmark2,task4,recording3,5329,10,0,4.669533901012999,17.928972126784913,13.259438225771902,13.259438225771902,175.81270206306112,0.2123554999998305,False,1,350.0,3500.0,-80.0,80.0,1.0,12,"[0, 1, 2, 3, 4, 5, 6, 7, 8, 9, 10, 11]",66,11,"[[0, 2], [0, 1], [1, 11], [4, 11], [4, 5], [5, 6], [6, 7], [7, 8], [10, 11], [0, 3], [3, 9]]"
DOA-V5B-POSTFREEZE-MST-TDOA-YAMAOKA2023-20260913,robothead,benchmark2,task4,recording3,5543,11,1,-29.8009222596204,-22.91980339079554,6.881118868824871,6.881118868824871,47.349796886897664,0.21333410000079311,False,1,350.0,3500.0,-80.0,80.0,1.0,12,"[0, 1, 2, 3, 4, 5, 6, 7, 8, 9, 10, 11]",66,11,"[[0, 2], [1, 2], [1, 11], [4, 11], [4, 5], [5, 6], [6, 7], [7, 8], [4, 10], [0, 9], [1, 3]]"
DOA-V5B-POSTFREEZE-MST-TDOA-YAMAOKA2023-20260913,robothead,benchmark2,task4,recording3,5609,12,1,-29.977054631408357,-21.086053054944106,8.891001576464248,8.891001576464248,79.04990903268974,0.2107047999961651,False,1,350.0,3500.0,-80.0,80.0,1.0,12,"[0, 1, 2, 3, 4, 5, 6, 7, 8, 9, 10, 11]",66,11,"[[0, 2], [1, 2], [1, 11], [4, 11], [4, 5], [5, 6], [6, 7], [7, 8], [10, 11], [9, 11], [1, 3]]"
DOA-V5B-POSTFREEZE-MST-TDOA-YAMAOKA2023-20260913,robothead,benchmark2,task4,recording3,5760,13,0,28.095594338222963,36.63490222005064,8.539307881827682,8.539307881827682,72.91977910064438,0.21027160000085132,False,1,350.0,3500.0,-80.0,80.0,1.0,12,"[0, 1, 2, 3, 4, 5, 6, 7, 8, 9, 10, 11]",66,11,"[[0, 2], [0, 1], [1, 11], [4, 11], [4, 5], [5, 6], [6, 7], [7, 8], [0, 3], [7, 10], [9, 10]]"
DOA-V5B-POSTFREEZE-MST-TDOA-YAMAOKA2023-20260913,robothead,benchmark2,task4,recording3,5938,14,1,-6.49105732731868,-7.3114402422488345,-0.8203829149301498,0.8203829149301498,0.6730281271092894,0.21164120000321418,False,1,350.0,3500.0,-80.0,80.0,1.0,12,"[0, 1, 2, 3, 4, 5, 6, 7, 8, 9, 10, 11]",66,11,"[[0, 1], [1, 11], [1, 2], [4, 11], [4, 5], [5, 6], [6, 7], [7, 8], [10, 11], [9, 11], [1, 3]]"
DOA-V5B-POSTFREEZE-MST-TDOA-YAMAOKA2023-20260913,robothead,benchmark2,task4,recording3,6318,15,1,44.70821277129212,48.13463306577906,3.4264202944869453,3.4264202944869453,11.740356034472004,0.21332790000451496,False,1,350.0,3500.0,-80.0,80.0,1.0,12,"[0, 1, 2, 3, 4, 5, 6, 7, 8, 9, 10, 11]",66,11,"[[0, 2], [0, 3], [3, 8], [7, 8], [6, 7], [5, 6], [4, 5], [4, 11], [0, 1], [10, 11], [8, 9]]"
DOA-V5B-POSTFREEZE-MST-TDOA-YAMAOKA2023-20260913,robothead,benchmark2,task4,recording3,6385,16,1,44.18756144076541,49.39843905979681,5.2108776190314074,5.2108776190314074,27.15324556052243,0.2122185000043828,False,1,350.0,3500.0,-80.0,80.0,1.0,12,"[0, 1, 2, 3, 4, 5, 6, 7, 8, 9, 10, 11]",66,11,"[[0, 2], [0, 3], [0, 1], [1, 11], [6, 11], [5, 6], [4, 5], [6, 7], [7, 8], [10, 11], [8, 9]]"
DOA-V5B-POSTFREEZE-MST-TDOA-YAMAOKA2023-20260913,robothead,benchmark2,task4,recording3,6780,17,1,41.49363801741819,50.5333598766289,9.039721859210715,9.039721859210715,81.71657129189202,0.21114220000163186,False,1,350.0,3500.0,-80.0,80.0,1.0,12,"[0, 1, 2, 3, 4, 5, 6, 7, 8, 9, 10, 11]",66,11,"[[0, 2], [0, 3], [0, 1], [1, 11], [10, 11], [3, 8], [7, 8], [6, 7], [5, 6], [4, 5], [2, 9]]"
DOA-V5B-POSTFREEZE-MST-TDOA-YAMAOKA2023-20260913,robothead,benchmark2,task4,recording3,6847,18,1,42.28707971396798,58.2015194848045,15.914439770836509,15.914439770836509,253.2693932195828,0.21354319999954896,False,1,350.0,3500.0,-80.0,80.0,1.0,12,"[0, 1, 2, 3, 4, 5, 6, 7, 8, 9, 10, 11]",66,11,"[[0, 3], [0, 2], [0, 1], [3, 8], [7, 8], [6, 7], [5, 6], [4, 5], [4, 11], [10, 11], [2, 9]]"
DOA-V5B-POSTFREEZE-MST-TDOA-YAMAOKA2023-20260913,robothead,benchmark2,task4,recording3,7314,19,0,-21.32331405977421,-14.368093433883296,6.955220625890917,6.955220625890917,48.37509395481843,0.21420799999759765,False,1,350.0,3500.0,-80.0,80.0,1.0,12,"[0, 1, 2, 3, 4, 5, 6, 7, 8, 9, 10, 11]",66,11,"[[0, 2], [1, 2], [1, 11], [4, 11], [4, 5], [5, 6], [6, 7], [7, 8], [6, 10], [0, 3], [3, 9]]"
DOA-V5B-POSTFREEZE-MST-TDOA-YAMAOKA2023-20260913,robothead,benchmark2,task4,recording4,377,0,0,-28.001909649093488,-18.621921593196163,9.379988055897314,9.379988055897314,87.98417592877628,0.22293670000362908,False,1,350.0,3500.0,-80.0,80.0,1.0,12,"[0, 1, 2, 3, 4, 5, 6, 7, 8, 9, 10, 11]",66,11,"[[0, 2], [1, 2], [1, 11], [4, 11], [4, 5], [5, 6], [6, 7], [7, 8], [10, 11], [2, 9], [3, 9]]"
DOA-V5B-POSTFREEZE-MST-TDOA-YAMAOKA2023-20260913,robothead,benchmark2,task4,recording4,783,1,0,-32.81051941658629,9.210231276276419,42.02075069286269,42.02075069286269,1765.7434887917204,0.21227509999880567,False,1,350.0,3500.0,-80.0,80.0,1.0,12,"[0, 1, 2, 3, 4, 5, 6, 7, 8, 9, 10, 11]",66,11,"[[0, 2], [0, 1], [1, 11], [4, 11], [4, 5], [5, 6], [6, 7], [7, 8], [6, 10], [3, 8], [2, 9]]"
DOA-V5B-POSTFREEZE-MST-TDOA-YAMAOKA2023-20260913,robothead,benchmark2,task4,recording4,845,2,0,-35.414563803454776,-23.460230079886085,11.95433372356868,11.95433372356868,142.90609477445145,0.21272440000029746,False,1,350.0,3500.0,-80.0,80.0,1.0,12,"[0, 1, 2, 3, 4, 5, 6, 7, 8, 9, 10, 11]",66,11,"[[0, 2], [1, 2], [1, 11], [4, 11], [4, 5], [5, 6], [6, 7], [7, 8], [10, 11], [2, 9], [0, 3]]"
DOA-V5B-POSTFREEZE-MST-TDOA-YAMAOKA2023-20260913,robothead,benchmark2,task4,recording4,1180,3,0,-39.54609182752486,-39.47671682701739,0.06937500050747758,0.06937500050747758,0.004812890695412514,0.21317419999832055,False,1,350.0,3500.0,-80.0,80.0,1.0,12,"[0, 1, 2, 3, 4, 5, 6, 7, 8, 9, 10, 11]",66,11,"[[0, 2], [2, 9], [1, 2], [1, 11], [4, 11], [4, 5], [5, 6], [10, 11], [6, 7], [7, 8], [1, 3]]"
DOA-V5B-POSTFREEZE-MST-TDOA-YAMAOKA2023-20260913,robothead,benchmark2,task4,recording4,1804,4,0,0.5060032335449252,22.387713482962234,21.881710249417324,21.881710249417324,478.80924343945514,0.21403230000578333,False,1,350.0,3500.0,-80.0,80.0,1.0,12,"[0, 1, 2, 3, 4, 5, 6, 7, 8, 9, 10, 11]",66,11,"[[0, 2], [1, 2], [1, 11], [4, 11], [4, 5], [5, 6], [6, 7], [7, 8], [10, 11], [3, 8], [0, 9]]"
DOA-V5B-POSTFREEZE-MST-TDOA-YAMAOKA2023-20260913,robothead,benchmark2,task4,recording4,1866,5,0,4.274393302690114,34.528280046157526,30.253886743467405,30.253886743467405,915.2976630865528,0.21279459999641404,False,1,350.0,3500.0,-80.0,80.0,1.0,12,"[0, 1, 2, 3, 4, 5, 6, 7, 8, 9, 10, 11]",66,11,"[[0, 2], [0, 1], [1, 11], [4, 11], [4, 5], [5, 6], [6, 7], [7, 8], [6, 10], [3, 8], [0, 9]]"
DOA-V5B-POSTFREEZE-MST-TDOA-YAMAOKA2023-20260913,robothead,benchmark2,task4,recording4,2263,6,0,28.985571693059324,53.88806226677655,24.902490573717216,24.902490573717216,620.1340367740748,0.21127379999961704,False,1,350.0,3500.0,-80.0,80.0,1.0,12,"[0, 1, 2, 3, 4, 5, 6, 7, 8, 9, 10, 11]",66,11,"[[0, 2], [0, 1], [1, 11], [4, 11], [4, 5], [5, 6], [6, 7], [7, 8], [3, 8], [10, 11], [5, 9]]"
DOA-V5B-POSTFREEZE-MST-TDOA-YAMAOKA2023-20260913,robothead,benchmark2,task4,recording4,2780,7,0,55.297518166117776,56.564401209661156,1.2668830435433733,1.2668830435433733,1.6049926460177208,0.21240929999476066,False,1,350.0,3500.0,-80.0,80.0,1.0,12,"[0, 1, 2, 3, 4, 5, 6, 7, 8, 9, 10, 11]",66,11,"[[0, 3], [0, 1], [1, 4], [4, 5], [5, 6], [6, 7], [7, 8], [6, 11], [0, 2], [7, 10], [9, 10]]"
DOA-V5B-POSTFREEZE-MST-TDOA-YAMAOKA2023-20260913,robothead,benchmark2,task4,recording4,3178,8,0,35.741416573064626,44.22979451068893,8.488377937624307,8.488377937624307,72.05256001194708,0.21262320000096224,False,1,350.0,3500.0,-80.0,80.0,1.0,12,"[0, 1, 2, 3, 4, 5, 6, 7, 8, 9, 10, 11]",66,11,"[[0, 1], [1, 4], [4, 5], [5, 6], [6, 7], [7, 8], [0, 3], [4, 11], [0, 2], [10, 11], [9, 11]]"
DOA-V5B-POSTFREEZE-MST-TDOA-YAMAOKA2023-20260913,robothead,benchmark2,task4,recording4,3742,9,0,-8.637773115305228,8.604399125567824,17.24217224087306,17.24217224087306,297.2925035839335,0.21351190000132192,False,1,350.0,3500.0,-80.0,80.0,1.0,12,"[0, 1, 2, 3, 4, 5, 6, 7, 8, 9, 10, 11]",66,11,"[[0, 2], [0, 1], [1, 11], [4, 11], [4, 5], [5, 6], [6, 7], [7, 8], [10, 11], [0, 3], [0, 9]]"
DOA-V5B-POSTFREEZE-MST-TDOA-YAMAOKA2023-20260913,robothead,benchmark2,task4,recording4,4165,10,0,-25.755571320678214,-14.921391861078435,10.834179459599767,10.834179459599767,117.3794445628135,0.21174460000474937,False,1,350.0,3500.0,-80.0,80.0,1.0,12,"[0, 1, 2, 3, 4, 5, 6, 7, 8, 9, 10, 11]",66,11,"[[0, 2], [0, 1], [1, 11], [4, 11], [4, 5], [5, 6], [6, 7], [7, 8], [6, 10], [0, 3], [2, 9]]"
DOA-V5B-POSTFREEZE-MST-TDOA-YAMAOKA2023-20260913,robothead,benchmark2,task4,recording4,4326,11,1,25.850130147714438,50.08363029129377,24.233500143579334,24.233500143579334,587.2625292088596,0.21158119999745395,False,1,350.0,3500.0,-80.0,80.0,1.0,12,"[0, 1, 2, 3, 4, 5, 6, 7, 8, 9, 10, 11]",66,11,"[[0, 2], [0, 3], [0, 1], [1, 4], [4, 5], [5, 6], [6, 7], [7, 8], [4, 11], [6, 10], [3, 9]]"
DOA-V5B-POSTFREEZE-MST-TDOA-YAMAOKA2023-20260913,robothead,benchmark2,task4,recording4,4745,12,1,23.764569179150087,43.5576728171219,19.793103637971797,19.793103637971797,391.7669516234924,0.213345100004517,False,1,350.0,3500.0,-80.0,80.0,1.0,12,"[0, 1, 2, 3, 4, 5, 6, 7, 8, 9, 10, 11]",66,11,"[[0, 2], [0, 1], [1, 11], [4, 11], [4, 5], [5, 6], [6, 7], [7, 8], [10, 11], [0, 3], [9, 10]]"
DOA-V5B-POSTFREEZE-MST-TDOA-YAMAOKA2023-20260913,robothead,benchmark2,task4,recording4,4891,13,0,-47.1438628747857,-37.25330273051985,9.890560144265862,9.890560144265862,97.82317996734035,0.2114166999963345,False,1,350.0,3500.0,-80.0,80.0,1.0,12,"[0, 1, 2, 3, 4, 5, 6, 7, 8, 9, 10, 11]",66,11,"[[0, 2], [1, 2], [1, 11], [4, 11], [4, 5], [5, 6], [6, 7], [7, 8], [10, 11], [9, 10], [1, 3]]"
DOA-V5B-POSTFREEZE-MST-TDOA-YAMAOKA2023-20260913,robothead,benchmark2,task4,recording4,5210,14,0,-48.51016102507899,-36.17217362274961,12.33798740232939,12.33798740232939,152.2259331400387,0.21242130000609905,False,1,350.0,3500.0,-80.0,80.0,1.0,12,"[0, 1, 2, 3, 4, 5, 6, 7, 8, 9, 10, 11]",66,11,"[[0, 2], [1, 2], [1, 11], [10, 11], [4, 11], [4, 5], [5, 6], [6, 7], [7, 8], [9, 10], [0, 3]]"
DOA-V5B-POSTFREEZE-MST-TDOA-YAMAOKA2023-20260913,robothead,benchmark2,task4,recording4,5272,15,0,-48.47661849353277,-24.930768715795388,23.545849777737374,23.545849777737374,554.4070417557751,0.2126834000009694,False,1,350.0,3500.0,-80.0,80.0,1.0,12,"[0, 1, 2, 3, 4, 5, 6, 7, 8, 9, 10, 11]",66,11,"[[0, 2], [1, 2], [1, 11], [10, 11], [4, 11], [4, 5], [5, 6], [6, 7], [7, 8], [9, 10], [0, 3]]"
DOA-V5B-POSTFREEZE-MST-TDOA-YAMAOKA2023-20260913,robothead,benchmark2,task4,recording4,5426,16,1,19.416954401293452,34.59248394222835,15.175529540934889,15.175529540934889,230.29669684778747,0.21223810000083176,False,1,350.0,3500.0,-80.0,80.0,1.0,12,"[0, 1, 2, 3, 4, 5, 6, 7, 8, 9, 10, 11]",66,11,"[[0, 2], [0, 1], [1, 11], [4, 11], [4, 5], [5, 6], [6, 7], [7, 8], [0, 3], [10, 11], [9, 10]]"
DOA-V5B-POSTFREEZE-MST-TDOA-YAMAOKA2023-20260913,robothead,benchmark2,task4,recording4,6027,17,1,21.858578617740292,32.43247653790066,10.573897920160363,10.573897920160363,111.80731722597164,0.21541810000053374,False,1,350.0,3500.0,-80.0,80.0,1.0,12,"[0, 1, 2, 3, 4, 5, 6, 7, 8, 9, 10, 11]",66,11,"[[0, 2], [0, 1], [0, 3], [1, 4], [4, 5], [5, 6], [6, 7], [7, 8], [4, 11], [6, 10], [3, 9]]"
DOA-V5B-POSTFREEZE-MST-TDOA-YAMAOKA2023-20260913,robothead,benchmark2,task4,recording4,6976,18,0,56.28981637457666,65.69135104304432,9.401534668467662,9.401534668467662,88.38885412239934,0.2112909999996191,False,1,350.0,3500.0,-80.0,80.0,1.0,12,"[0, 1, 2, 3, 4, 5, 6, 7, 8, 9, 10, 11]",66,11,"[[0, 2], [0, 3], [3, 8], [7, 8], [6, 7], [5, 6], [4, 5], [5, 11], [1, 4], [10, 11], [9, 10]]"
DOA-V5B-POSTFREEZE-MST-TDOA-YAMAOKA2023-20260913,robothead,benchmark2,task4,recording4,7300,19,0,49.94258538254181,53.348421021527955,3.4058356389861615,3.4058356389861615,11.599716399788274,0.21025830000144197,False,1,350.0,3500.0,-80.0,80.0,1.0,12,"[0, 1, 2, 3, 4, 5, 6, 7, 8, 9, 10, 11]",66,11,"[[0, 2], [0, 3], [0, 1], [1, 4], [4, 5], [5, 6], [6, 7], [7, 8], [4, 11], [10, 11], [7, 9]]"
DOA-V5B-POSTFREEZE-MST-TDOA-YAMAOKA2023-20260913,robothead,benchmark2,task4,recording5,307,0,0,-39.47693211676232,-24.640296279388515,14.83663583737382,14.83663583737382,220.12576297084513,0.21532890000526095,False,1,350.0,3500.0,-80.0,80.0,1.0,12,"[0, 1, 2, 3, 4, 5, 6, 7, 8, 9, 10, 11]",66,11,"[[0, 2], [1, 2], [1, 11], [10, 11], [4, 11], [4, 5], [5, 6], [6, 7], [7, 8], [2, 9], [3, 8]]"
DOA-V5B-POSTFREEZE-MST-TDOA-YAMAOKA2023-20260913,robothead,benchmark2,task4,recording5,351,1,0,-38.34804749343023,-27.944643514390542,10.403403979039695,10.403403979039695,108.23081435109896,0.2130814999982249,False,1,350.0,3500.0,-80.0,80.0,1.0,12,"[0, 1, 2, 3, 4, 5, 6, 7, 8, 9, 10, 11]",66,11,"[[0, 2], [1, 2], [1, 11], [10, 11], [2, 9], [4, 11], [4, 5], [5, 6], [6, 7], [7, 8], [3, 8]]"
DOA-V5B-POSTFREEZE-MST-TDOA-YAMAOKA2023-20260913,robothead,benchmark2,task4,recording5,396,2,0,-36.14328859975881,-29.274606324969007,6.868682274789819,6.868682274789819,47.178796192011845,0.21387319999485044,False,1,350.0,3500.0,-80.0,80.0,1.0,12,"[0, 1, 2, 3, 4, 5, 6, 7, 8, 9, 10, 11]",66,11,"[[0, 2], [1, 2], [1, 11], [10, 11], [1, 4], [4, 5], [5, 6], [6, 7], [7, 8], [2, 9], [3, 8]]"
DOA-V5B-POSTFREEZE-MST-TDOA-YAMAOKA2023-20260913,robothead,benchmark2,task4,recording5,440,3,0,-32.152040074637156,-24.231411207403816,7.920628867233347,7.920628867233347,62.73636165245021,0.2778515000027255,False,1,350.0,3500.0,-80.0,80.0,1.0,12,"[0, 1, 2, 3, 4, 5, 6, 7, 8, 9, 10, 11]",66,11,"[[0, 2], [1, 2], [1, 11], [10, 11], [1, 4], [4, 5], [5, 6], [6, 7], [7, 8], [2, 9], [3, 8]]"
DOA-V5B-POSTFREEZE-MST-TDOA-YAMAOKA2023-20260913,robothead,benchmark2,task4,recording5,484,4,0,-29.242486080089485,-19.129743392871443,10.11274268721803,10.11274268721803,102.26756465788176,0.28792819999944186,False,1,350.0,3500.0,-80.0,80.0,1.0,12,"[0, 1, 2, 3, 4, 5, 6, 7, 8, 9, 10, 11]",66,11,"[[0, 2], [1, 2], [1, 11], [10, 11], [4, 11], [4, 5], [5, 6], [6, 7], [7, 8], [9, 10], [3, 8]]"
DOA-V5B-POSTFREEZE-MST-TDOA-YAMAOKA2023-20260913,robothead,benchmark2,task4,recording5,1052,5,0,28.647655893993694,50.105780579478505,21.45812468548482,21.45812468548482,460.451115017813,0.21335040000121808,False,1,350.0,3500.0,-80.0,80.0,1.0,12,"[0, 1, 2, 3, 4, 5, 6, 7, 8, 9, 10, 11]",66,11,"[[0, 1], [0, 2], [1, 11], [4, 11], [4, 5], [5, 6], [6, 7], [7, 8], [3, 8], [6, 10], [6, 9]]"
DOA-V5B-POSTFREEZE-MST-TDOA-YAMAOKA2023-20260913,robothead,benchmark2,task4,recording5,1096,6,0,33.20534888033776,52.708614018509145,19.5032651381714,19.5032651381714,380.3773510498119,0.2124681999994209,False,1,350.0,3500.0,-80.0,80.0,1.0,12,"[0, 1, 2, 3, 4, 5, 6, 7, 8, 9, 10, 11]",66,11,"[[0, 2], [0, 1], [1, 11], [4, 11], [4, 5], [5, 6], [6, 7], [7, 8], [3, 8], [10, 11], [8, 9]]"
DOA-V5B-POSTFREEZE-MST-TDOA-YAMAOKA2023-20260913,robothead,benchmark2,task4,recording5,2248,7,0,-24.396707234445064,-18.978267344735833,5.418439889709219,5.418439889709219,29.35949083839206,0.21885779999865917,False,1,350.0,3500.0,-80.0,80.0,1.0,12,"[0, 1, 2, 3, 4, 5, 6, 7, 8, 9, 10, 11]",66,11,"[[0, 2], [1, 2], [1, 11], [4, 11], [4, 5], [5, 6], [6, 7], [7, 8], [10, 11], [9, 10], [3, 8]]"
DOA-V5B-POSTFREEZE-MST-TDOA-YAMAOKA2023-20260913,robothead,benchmark2,task4,recording5,2473,8,1,13.706047314601527,44.28790760768435,30.581860293082826,30.581860293082826,935.250178985636,0.21981850000156555,False,1,350.0,3500.0,-80.0,80.0,1.0,12,"[0, 1, 2, 3, 4, 5, 6, 7, 8, 9, 10, 11]",66,11,"[[0, 2], [0, 1], [1, 11], [4, 11], [4, 5], [5, 6], [6, 7], [7, 8], [10, 11], [3, 8], [9, 11]]"
DOA-V5B-POSTFREEZE-MST-TDOA-YAMAOKA2023-20260913,robothead,benchmark2,task4,recording5,4007,9,1,-11.206749954878795,59.72504344312327,70.93179339800207,70.93179339800207,5031.31931465685,0.22007989999838173,False,1,350.0,3500.0,-80.0,80.0,1.0,12,"[0, 1, 2, 3, 4, 5, 6, 7, 8, 9, 10, 11]",66,11,"[[0, 2], [0, 3], [3, 8], [7, 8], [6, 7], [5, 6], [4, 5], [7, 10], [4, 11], [1, 11], [3, 9]]"
DOA-V5B-POSTFREEZE-MST-TDOA-YAMAOKA2023-20260913,robothead,benchmark2,task4,recording5,4313,10,0,44.76398226876673,49.627656318754205,4.86367404998748,4.86367404998748,23.655325264521622,0.22001240000099642,False,1,350.0,3500.0,-80.0,80.0,1.0,12,"[0, 1, 2, 3, 4, 5, 6, 7, 8, 9, 10, 11]",66,11,"[[0, 3], [0, 1], [1, 4], [4, 5], [5, 6], [6, 7], [7, 8], [1, 11], [0, 2], [10, 11], [9, 10]]"
DOA-V5B-POSTFREEZE-MST-TDOA-YAMAOKA2023-20260913,robothead,benchmark2,task4,recording5,4357,11,0,45.221396453548145,47.9358173743414,2.714420920793259,2.714420920793259,7.368080935240124,0.22121129999868572,False,1,350.0,3500.0,-80.0,80.0,1.0,12,"[0, 1, 2, 3, 4, 5, 6, 7, 8, 9, 10, 11]",66,11,"[[0, 1], [0, 3], [1, 4], [4, 5], [5, 6], [6, 7], [7, 8], [4, 11], [0, 2], [10, 11], [9, 10]]"
DOA-V5B-POSTFREEZE-MST-TDOA-YAMAOKA2023-20260913,robothead,benchmark2,task4,recording5,4979,12,0,3.70182489780273,13.654166206788688,9.95234130898595,9.95234130898595,99.04909753054818,0.21384430000034627,False,1,350.0,3500.0,-80.0,80.0,1.0,12,"[0, 1, 2, 3, 4, 5, 6, 7, 8, 9, 10, 11]",66,11,"[[0, 2], [0, 1], [1, 11], [4, 11], [4, 5], [5, 6], [6, 7], [7, 8], [7, 10], [2, 3], [4, 9]]"
DOA-V5B-POSTFREEZE-MST-TDOA-YAMAOKA2023-20260913,robothead,benchmark2,task4,recording5,5107,13,1,-17.042118533695366,6.265364784820432,23.307483318515807,23.307483318515807,543.2387786428926,0.2121779000008246,False,1,350.0,3500.0,-80.0,80.0,1.0,12,"[0, 1, 2, 3, 4, 5, 6, 7, 8, 9, 10, 11]",66,11,"[[0, 2], [1, 2], [1, 11], [4, 11], [4, 5], [5, 6], [6, 7], [7, 8], [10, 11], [3, 8], [9, 10]]"
DOA-V5B-POSTFREEZE-MST-TDOA-YAMAOKA2023-20260913,robothead,benchmark2,task4,recording5,5151,14,1,-14.001876891329177,10.177667339500262,24.179544230829435,24.179544230829435,584.650359210637,0.21492959999886807,False,1,350.0,3500.0,-80.0,80.0,1.0,12,"[0, 1, 2, 3, 4, 5, 6, 7, 8, 9, 10, 11]",66,11,"[[0, 2], [1, 2], [1, 11], [4, 11], [4, 5], [5, 6], [6, 7], [7, 8], [10, 11], [3, 8], [9, 10]]"
DOA-V5B-POSTFREEZE-MST-TDOA-YAMAOKA2023-20260913,robothead,benchmark2,task4,recording5,5662,15,0,-25.391122595013254,-9.082799507994,16.30832308701926,16.30832308701926,265.96140191060545,0.21242830000119284,False,1,350.0,3500.0,-80.0,80.0,1.0,12,"[0, 1, 2, 3, 4, 5, 6, 7, 8, 9, 10, 11]",66,11,"[[0, 2], [1, 2], [1, 11], [4, 11], [4, 5], [5, 6], [6, 7], [7, 8], [10, 11], [9, 10], [3, 8]]"
DOA-V5B-POSTFREEZE-MST-TDOA-YAMAOKA2023-20260913,robothead,benchmark2,task4,recording5,6210,16,1,33.33150660770937,48.3856907892459,15.054184181536527,15.054184181536527,226.6284613716246,0.2130235000004177,False,1,350.0,3500.0,-80.0,80.0,1.0,12,"[0, 1, 2, 3, 4, 5, 6, 7, 8, 9, 10, 11]",66,11,"[[0, 2], [0, 1], [0, 3], [1, 4], [4, 5], [5, 6], [6, 7], [7, 8], [4, 11], [10, 11], [9, 10]]"
DOA-V5B-POSTFREEZE-MST-TDOA-YAMAOKA2023-20260913,robothead,benchmark2,task4,recording5,6717,17,1,25.568862637802617,44.268415584262065,18.69955294645945,18.69955294645945,349.67328039744024,0.21306309999636142,False,1,350.0,3500.0,-80.0,80.0,1.0,12,"[0, 1, 2, 3, 4, 5, 6, 7, 8, 9, 10, 11]",66,11,"[[0, 2], [0, 3], [0, 1], [1, 11], [4, 11], [4, 5], [5, 6], [6, 7], [7, 8], [10, 11], [9, 10]]"
DOA-V5B-POSTFREEZE-MST-TDOA-YAMAOKA2023-20260913,robothead,benchmark2,task4,recording5,7095,18,0,52.79571926139277,68.0645780156773,15.268858754284537,15.268858754284537,233.13804765829153,0.21157590000075288,False,1,350.0,3500.0,-80.0,80.0,1.0,12,"[0, 1, 2, 3, 4, 5, 6, 7, 8, 9, 10, 11]",66,11,"[[0, 3], [0, 2], [0, 1], [1, 4], [4, 5], [5, 6], [6, 7], [7, 8], [4, 11], [10, 11], [9, 10]]"
DOA-V5B-POSTFREEZE-MST-TDOA-YAMAOKA2023-20260913,robothead,benchmark2,task4,recording5,7139,19,0,54.37904265283886,53.15292938051406,-1.2261132723247954,1.2261132723247954,1.5033537565710178,0.21404529999563238,False,1,350.0,3500.0,-80.0,80.0,1.0,12,"[0, 1, 2, 3, 4, 5, 6, 7, 8, 9, 10, 11]",66,11,"[[0, 3], [0, 1], [0, 2], [3, 8], [7, 8], [6, 7], [5, 6], [4, 5], [6, 11], [10, 11], [9, 10]]"
