release,protocol_id,source_protocol,development_status,task,recording,recording_name,required_time_row_index,timestamp_abs_s,active_source_index,target_activity_duration_s,target_activity_fraction_full_window,maximum_other_source_activity_fraction,strict_50pct_pass,sensitivity_80pct_pass,selection_rank,selection_rule,truth_used_for_estimation,error_used_for_selection,r8_output_used_for_window_selection,window_independence_claimed
failure-aware-safeguarded-r8-dicit-confirmation-20260807,DOA-FASR-DICIT-FINAL-CONFIRM-20260807,failure_aware_dicit_final_confirmation,final_evaluation_confirmation_after_eigenmike_robothead_detector_discovery; R8 core previously developed on DICIT development split,task1,<LOCATA_EVAL_ROOT>\task1\recording1,recording1,294,1485359393.62,0,0.10245548734757368,0.13660731646343158,0.0,False,False,0,uniform_time_spread_among_preregistered_eligible_anchors,False,False,False,False
failure-aware-safeguarded-r8-dicit-confirmation-20260807,DOA-FASR-DICIT-FINAL-CONFIRM-20260807,failure_aware_dicit_final_confirmation,final_evaluation_confirmation_after_eigenmike_robothead_detector_discovery; R8 core previously developed on DICIT development split,task1,<LOCATA_EVAL_ROOT>\task1\recording1,recording1,307,1485359393.728,0,0.21045248743090467,0.2806033165745396,0.0,False,False,1,uniform_time_spread_among_preregistered_eligible_anchors,False,False,False,False
failure-aware-safeguarded-r8-dicit-confirmation-20260807,DOA-FASR-DICIT-FINAL-CONFIRM-20260807,failure_aware_dicit_final_confirmation,final_evaluation_confirmation_after_eigenmike_robothead_detector_discovery; R8 core previously developed on DICIT development split,task1,<LOCATA_EVAL_ROOT>\task1\recording1,recording1,321,1485359393.845,0,0.32744923752117994,0.43659898336157327,0.0,False,False,2,uniform_time_spread_among_preregistered_eligible_anchors,False,False,False,False
failure-aware-safeguarded-r8-dicit-confirmation-20260807,DOA-FASR-DICIT-FINAL-CONFIRM-20260807,failure_aware_dicit_final_confirmation,final_evaluation_confirmation_after_eigenmike_robothead_detector_discovery; R8 core previously developed on DICIT development split,task1,<LOCATA_EVAL_ROOT>\task1\recording1,recording1,334,1485359393.953,0,0.435446237604511,0.5805949834726813,0.0,True,False,3,uniform_time_spread_among_preregistered_eligible_anchors,False,False,False,False
failure-aware-safeguarded-r8-dicit-confirmation-20260807,DOA-FASR-DICIT-FINAL-CONFIRM-20260807,failure_aware_dicit_final_confirmation,final_evaluation_confirmation_after_eigenmike_robothead_detector_discovery; R8 core previously developed on DICIT development split,task1,<LOCATA_EVAL_ROOT>\task1\recording1,recording1,347,1485359394.061,0,0.543443237687842,0.7245909835837894,0.0,True,False,4,uniform_time_spread_among_preregistered_eligible_anchors,False,False,False,False
failure-aware-safeguarded-r8-dicit-confirmation-20260807,DOA-FASR-DICIT-FINAL-CONFIRM-20260807,failure_aware_dicit_final_confirmation,final_evaluation_confirmation_after_eigenmike_robothead_detector_discovery; R8 core previously developed on DICIT development split,task1,<LOCATA_EVAL_ROOT>\task1\recording1,recording1,360,1485359394.17,0,0.6524402099941669,0.8699202799922224,0.0,True,True,5,uniform_time_spread_among_preregistered_eligible_anchors,False,False,False,False
failure-aware-safeguarded-r8-dicit-confirmation-20260807,DOA-FASR-DICIT-FINAL-CONFIRM-20260807,failure_aware_dicit_final_confirmation,final_evaluation_confirmation_after_eigenmike_robothead_detector_discovery; R8 core previously developed on DICIT development split,task1,<LOCATA_EVAL_ROOT>\task1\recording1,recording1,374,1485359394.286,0,0.75,1.0,0.0,True,True,6,uniform_time_spread_among_preregistered_eligible_anchors,False,False,False,False
failure-aware-safeguarded-r8-dicit-confirmation-20260807,DOA-FASR-DICIT-FINAL-CONFIRM-20260807,failure_aware_dicit_final_confirmation,final_evaluation_confirmation_after_eigenmike_robothead_detector_discovery; R8 core previously developed on DICIT development split,task1,<LOCATA_EVAL_ROOT>\task1\recording1,recording1,387,1485359394.395,0,0.75,1.0,0.0,True,True,7,uniform_time_spread_among_preregistered_eligible_anchors,False,False,False,False
failure-aware-safeguarded-r8-dicit-confirmation-20260807,DOA-FASR-DICIT-FINAL-CONFIRM-20260807,failure_aware_dicit_final_confirmation,final_evaluation_confirmation_after_eigenmike_robothead_detector_discovery; R8 core previously developed on DICIT development split,task1,<LOCATA_EVAL_ROOT>\task1\recording1,recording1,400,1485359394.503,0,0.75,1.0,0.0,True,True,8,uniform_time_spread_among_preregistered_eligible_anchors,False,False,False,False
failure-aware-safeguarded-r8-dicit-confirmation-20260807,DOA-FASR-DICIT-FINAL-CONFIRM-20260807,failure_aware_dicit_final_confirmation,final_evaluation_confirmation_after_eigenmike_robothead_detector_discovery; R8 core previously developed on DICIT development split,task1,<LOCATA_EVAL_ROOT>\task1\recording1,recording1,413,1485359394.611,0,0.75,1.0,0.0,True,True,9,uniform_time_spread_among_preregistered_eligible_anchors,False,False,False,False
failure-aware-safeguarded-r8-dicit-confirmation-20260807,DOA-FASR-DICIT-FINAL-CONFIRM-20260807,failure_aware_dicit_final_confirmation,final_evaluation_confirmation_after_eigenmike_robothead_detector_discovery; R8 core previously developed on DICIT development split,task1,<LOCATA_EVAL_ROOT>\task1\recording1,recording1,555,1485359395.795,0,0.10462209383072693,0.1394961251076359,0.0,False,False,10,uniform_time_spread_among_preregistered_eligible_anchors,False,False,False,False
failure-aware-safeguarded-r8-dicit-confirmation-20260807,DOA-FASR-DICIT-FINAL-CONFIRM-20260807,failure_aware_dicit_final_confirmation,final_evaluation_confirmation_after_eigenmike_robothead_detector_discovery; R8 core previously developed on DICIT development split,task1,<LOCATA_EVAL_ROOT>\task1\recording1,recording1,568,1485359395.903,0,0.21261909391405798,0.28349212521874395,0.0,False,False,11,uniform_time_spread_among_preregistered_eligible_anchors,False,False,False,False
failure-aware-safeguarded-r8-dicit-confirmation-20260807,DOA-FASR-DICIT-FINAL-CONFIRM-20260807,failure_aware_dicit_final_confirmation,final_evaluation_confirmation_after_eigenmike_robothead_detector_discovery; R8 core previously developed on DICIT development split,task1,<LOCATA_EVAL_ROOT>\task1\recording1,recording1,581,1485359396.011,0,0.320616093997389,0.427488125329852,0.0,False,False,12,uniform_time_spread_among_preregistered_eligible_anchors,False,False,False,False
failure-aware-safeguarded-r8-dicit-confirmation-20260807,DOA-FASR-DICIT-FINAL-CONFIRM-20260807,failure_aware_dicit_final_confirmation,final_evaluation_confirmation_after_eigenmike_robothead_detector_discovery; R8 core previously developed on DICIT development split,task1,<LOCATA_EVAL_ROOT>\task1\recording1,recording1,594,1485359396.12,0,0.4296130663037138,0.5728174217382851,0.0,True,False,13,uniform_time_spread_among_preregistered_eligible_anchors,False,False,False,False
failure-aware-safeguarded-r8-dicit-confirmation-20260807,DOA-FASR-DICIT-FINAL-CONFIRM-20260807,failure_aware_dicit_final_confirmation,final_evaluation_confirmation_after_eigenmike_robothead_detector_discovery; R8 core previously developed on DICIT development split,task1,<LOCATA_EVAL_ROOT>\task1\recording1,recording1,608,1485359396.236,0,0.5456098441709952,0.7274797922279936,0.0,True,False,14,uniform_time_spread_among_preregistered_eligible_anchors,False,False,False,False
failure-aware-safeguarded-r8-dicit-confirmation-20260807,DOA-FASR-DICIT-FINAL-CONFIRM-20260807,failure_aware_dicit_final_confirmation,final_evaluation_confirmation_after_eigenmike_robothead_detector_discovery; R8 core previously developed on DICIT development split,task1,<LOCATA_EVAL_ROOT>\task1\recording1,recording1,621,1485359396.345,0,0.6546068164773201,0.8728090886364268,0.0,True,True,15,uniform_time_spread_among_preregistered_eligible_anchors,False,False,False,False
failure-aware-safeguarded-r8-dicit-confirmation-20260807,DOA-FASR-DICIT-FINAL-CONFIRM-20260807,failure_aware_dicit_final_confirmation,final_evaluation_confirmation_after_eigenmike_robothead_detector_discovery; R8 core previously developed on DICIT development split,task1,<LOCATA_EVAL_ROOT>\task1\recording1,recording1,634,1485359396.453,0,0.75,1.0,0.0,True,True,16,uniform_time_spread_among_preregistered_eligible_anchors,False,False,False,False
failure-aware-safeguarded-r8-dicit-confirmation-20260807,DOA-FASR-DICIT-FINAL-CONFIRM-20260807,failure_aware_dicit_final_confirmation,final_evaluation_confirmation_after_eigenmike_robothead_detector_discovery; R8 core previously developed on DICIT development split,task1,<LOCATA_EVAL_ROOT>\task1\recording1,recording1,647,1485359396.561,0,0.75,1.0,0.0,True,True,17,uniform_time_spread_among_preregistered_eligible_anchors,False,False,False,False
failure-aware-safeguarded-r8-dicit-confirmation-20260807,DOA-FASR-DICIT-FINAL-CONFIRM-20260807,failure_aware_dicit_final_confirmation,final_evaluation_confirmation_after_eigenmike_robothead_detector_discovery; R8 core previously developed on DICIT development split,task1,<LOCATA_EVAL_ROOT>\task1\recording1,recording1,661,1485359396.678,0,0.75,1.0,0.0,True,True,18,uniform_time_spread_among_preregistered_eligible_anchors,False,False,False,False
failure-aware-safeguarded-r8-dicit-confirmation-20260807,DOA-FASR-DICIT-FINAL-CONFIRM-20260807,failure_aware_dicit_final_confirmation,final_evaluation_confirmation_after_eigenmike_robothead_detector_discovery; R8 core previously developed on DICIT development split,task1,<LOCATA_EVAL_ROOT>\task1\recording1,recording1,674,1485359396.786,0,0.75,1.0,0.0,True,True,19,uniform_time_spread_among_preregistered_eligible_anchors,False,False,False,False
failure-aware-safeguarded-r8-dicit-confirmation-20260807,DOA-FASR-DICIT-FINAL-CONFIRM-20260807,failure_aware_dicit_final_confirmation,final_evaluation_confirmation_after_eigenmike_robothead_detector_discovery; R8 core previously developed on DICIT development split,task1,<LOCATA_EVAL_ROOT>\task1\recording10,recording10,91,1485361328.914,0,0.24576400655537345,0.32768534207383126,0.0,False,False,0,uniform_time_spread_among_preregistered_eligible_anchors,False,False,False,False
failure-aware-safeguarded-r8-dicit-confirmation-20260807,DOA-FASR-DICIT-FINAL-CONFIRM-20260807,failure_aware_dicit_final_confirmation,final_evaluation_confirmation_after_eigenmike_robothead_detector_discovery; R8 core previously developed on DICIT development split,task1,<LOCATA_EVAL_ROOT>\task1\recording10,recording10,119,1485361329.147,0,0.47875753451293024,0.6383433793505736,0.0,True,False,1,uniform_time_spread_among_preregistered_eligible_anchors,False,False,False,False
failure-aware-safeguarded-r8-dicit-confirmation-20260807,DOA-FASR-DICIT-FINAL-CONFIRM-20260807,failure_aware_dicit_final_confirmation,final_evaluation_confirmation_after_eigenmike_robothead_detector_discovery; R8 core previously developed on DICIT development split,task1,<LOCATA_EVAL_ROOT>\task1\recording10,recording10,146,1485361329.372,0,0.7037512846865365,0.9383350462487153,0.0,True,True,2,uniform_time_spread_among_preregistered_eligible_anchors,False,False,False,False
failure-aware-safeguarded-r8-dicit-confirmation-20260807,DOA-FASR-DICIT-FINAL-CONFIRM-20260807,failure_aware_dicit_final_confirmation,final_evaluation_confirmation_after_eigenmike_robothead_detector_discovery; R8 core previously developed on DICIT development split,task1,<LOCATA_EVAL_ROOT>\task1\recording10,recording10,174,1485361329.606,0,0.75,1.0,0.0,True,True,3,uniform_time_spread_among_preregistered_eligible_anchors,False,False,False,False
failure-aware-safeguarded-r8-dicit-confirmation-20260807,DOA-FASR-DICIT-FINAL-CONFIRM-20260807,failure_aware_dicit_final_confirmation,final_evaluation_confirmation_after_eigenmike_robothead_detector_discovery; R8 core previously developed on DICIT development split,task1,<LOCATA_EVAL_ROOT>\task1\recording10,recording10,202,1485361329.839,0,0.75,1.0,0.0,True,True,4,uniform_time_spread_among_preregistered_eligible_anchors,False,False,False,False
failure-aware-safeguarded-r8-dicit-confirmation-20260807,DOA-FASR-DICIT-FINAL-CONFIRM-20260807,failure_aware_dicit_final_confirmation,final_evaluation_confirmation_after_eigenmike_robothead_detector_discovery; R8 core previously developed on DICIT development split,task1,<LOCATA_EVAL_ROOT>\task1\recording10,recording10,229,1485361330.064,0,0.75,1.0,0.0,True,True,5,uniform_time_spread_among_preregistered_eligible_anchors,False,False,False,False
failure-aware-safeguarded-r8-dicit-confirmation-20260807,DOA-FASR-DICIT-FINAL-CONFIRM-20260807,failure_aware_dicit_final_confirmation,final_evaluation_confirmation_after_eigenmike_robothead_detector_discovery; R8 core previously developed on DICIT development split,task1,<LOCATA_EVAL_ROOT>\task1\recording10,recording10,257,1485361330.297,0,0.75,1.0,0.0,True,True,6,uniform_time_spread_among_preregistered_eligible_anchors,False,False,False,False
failure-aware-safeguarded-r8-dicit-confirmation-20260807,DOA-FASR-DICIT-FINAL-CONFIRM-20260807,failure_aware_dicit_final_confirmation,final_evaluation_confirmation_after_eigenmike_robothead_detector_discovery; R8 core previously developed on DICIT development split,task1,<LOCATA_EVAL_ROOT>\task1\recording10,recording10,328,1485361330.889,0,0.38021860503874894,0.5069581400516653,0.0,True,False,7,uniform_time_spread_among_preregistered_eligible_anchors,False,False,False,False
failure-aware-safeguarded-r8-dicit-confirmation-20260807,DOA-FASR-DICIT-FINAL-CONFIRM-20260807,failure_aware_dicit_final_confirmation,final_evaluation_confirmation_after_eigenmike_robothead_detector_discovery; R8 core previously developed on DICIT development split,task1,<LOCATA_EVAL_ROOT>\task1\recording10,recording10,356,1485361331.122,0,0.41980083886558706,0.5597344518207827,0.0,True,False,8,uniform_time_spread_among_preregistered_eligible_anchors,False,False,False,False
failure-aware-safeguarded-r8-dicit-confirmation-20260807,DOA-FASR-DICIT-FINAL-CONFIRM-20260807,failure_aware_dicit_final_confirmation,final_evaluation_confirmation_after_eigenmike_robothead_detector_discovery; R8 core previously developed on DICIT development split,task1,<LOCATA_EVAL_ROOT>\task1\recording10,recording10,384,1485361331.356,0,0.6537943390461376,0.8717257853948501,0.0,True,True,9,uniform_time_spread_among_preregistered_eligible_anchors,False,False,False,False
failure-aware-safeguarded-r8-dicit-confirmation-20260807,DOA-FASR-DICIT-FINAL-CONFIRM-20260807,failure_aware_dicit_final_confirmation,final_evaluation_confirmation_after_eigenmike_robothead_detector_discovery; R8 core previously developed on DICIT development split,task1,<LOCATA_EVAL_ROOT>\task1\recording10,recording10,411,1485361331.581,0,0.75,1.0,0.0,True,True,10,uniform_time_spread_among_preregistered_eligible_anchors,False,False,False,False
failure-aware-safeguarded-r8-dicit-confirmation-20260807,DOA-FASR-DICIT-FINAL-CONFIRM-20260807,failure_aware_dicit_final_confirmation,final_evaluation_confirmation_after_eigenmike_robothead_detector_discovery; R8 core previously developed on DICIT development split,task1,<LOCATA_EVAL_ROOT>\task1\recording10,recording10,439,1485361331.814,0,0.75,1.0,0.0,True,True,11,uniform_time_spread_among_preregistered_eligible_anchors,False,False,False,False
failure-aware-safeguarded-r8-dicit-confirmation-20260807,DOA-FASR-DICIT-FINAL-CONFIRM-20260807,failure_aware_dicit_final_confirmation,final_evaluation_confirmation_after_eigenmike_robothead_detector_discovery; R8 core previously developed on DICIT development split,task1,<LOCATA_EVAL_ROOT>\task1\recording10,recording10,467,1485361332.047,0,0.75,1.0,0.0,True,True,12,uniform_time_spread_among_preregistered_eligible_anchors,False,False,False,False
failure-aware-safeguarded-r8-dicit-confirmation-20260807,DOA-FASR-DICIT-FINAL-CONFIRM-20260807,failure_aware_dicit_final_confirmation,final_evaluation_confirmation_after_eigenmike_robothead_detector_discovery; R8 core previously developed on DICIT development split,task1,<LOCATA_EVAL_ROOT>\task1\recording10,recording10,494,1485361332.272,0,0.75,1.0,0.0,True,True,13,uniform_time_spread_among_preregistered_eligible_anchors,False,False,False,False
failure-aware-safeguarded-r8-dicit-confirmation-20260807,DOA-FASR-DICIT-FINAL-CONFIRM-20260807,failure_aware_dicit_final_confirmation,final_evaluation_confirmation_after_eigenmike_robothead_detector_discovery; R8 core previously developed on DICIT development split,task1,<LOCATA_EVAL_ROOT>\task1\recording10,recording10,522,1485361332.506,0,0.75,1.0,0.0,True,True,14,uniform_time_spread_among_preregistered_eligible_anchors,False,False,False,False
failure-aware-safeguarded-r8-dicit-confirmation-20260807,DOA-FASR-DICIT-FINAL-CONFIRM-20260807,failure_aware_dicit_final_confirmation,final_evaluation_confirmation_after_eigenmike_robothead_detector_discovery; R8 core previously developed on DICIT development split,task1,<LOCATA_EVAL_ROOT>\task1\recording10,recording10,549,1485361332.731,0,0.75,1.0,0.0,True,True,15,uniform_time_spread_among_preregistered_eligible_anchors,False,False,False,False
failure-aware-safeguarded-r8-dicit-confirmation-20260807,DOA-FASR-DICIT-FINAL-CONFIRM-20260807,failure_aware_dicit_final_confirmation,final_evaluation_confirmation_after_eigenmike_robothead_detector_discovery; R8 core previously developed on DICIT development split,task1,<LOCATA_EVAL_ROOT>\task1\recording10,recording10,577,1485361332.964,0,0.75,1.0,0.0,True,True,16,uniform_time_spread_among_preregistered_eligible_anchors,False,False,False,False
failure-aware-safeguarded-r8-dicit-confirmation-20260807,DOA-FASR-DICIT-FINAL-CONFIRM-20260807,failure_aware_dicit_final_confirmation,final_evaluation_confirmation_after_eigenmike_robothead_detector_discovery; R8 core previously developed on DICIT development split,task1,<LOCATA_EVAL_ROOT>\task1\recording10,recording10,605,1485361333.197,0,0.75,1.0,0.0,True,True,17,uniform_time_spread_among_preregistered_eligible_anchors,False,False,False,False
failure-aware-safeguarded-r8-dicit-confirmation-20260807,DOA-FASR-DICIT-FINAL-CONFIRM-20260807,failure_aware_dicit_final_confirmation,final_evaluation_confirmation_after_eigenmike_robothead_detector_discovery; R8 core previously developed on DICIT development split,task1,<LOCATA_EVAL_ROOT>\task1\recording10,recording10,632,1485361333.422,0,0.75,1.0,0.0,True,True,18,uniform_time_spread_among_preregistered_eligible_anchors,False,False,False,False
failure-aware-safeguarded-r8-dicit-confirmation-20260807,DOA-FASR-DICIT-FINAL-CONFIRM-20260807,failure_aware_dicit_final_confirmation,final_evaluation_confirmation_after_eigenmike_robothead_detector_discovery; R8 core previously developed on DICIT development split,task1,<LOCATA_EVAL_ROOT>\task1\recording10,recording10,660,1485361333.656,0,0.75,1.0,0.0,True,True,19,uniform_time_spread_among_preregistered_eligible_anchors,False,False,False,False
failure-aware-safeguarded-r8-dicit-confirmation-20260807,DOA-FASR-DICIT-FINAL-CONFIRM-20260807,failure_aware_dicit_final_confirmation,final_evaluation_confirmation_after_eigenmike_robothead_detector_discovery; R8 core previously developed on DICIT development split,task1,<LOCATA_EVAL_ROOT>\task1\recording11,recording11,107,1485361361.282,0,0.10197633399072248,0.1359684453209633,0.0,False,False,0,uniform_time_spread_among_preregistered_eligible_anchors,False,False,False,False
failure-aware-safeguarded-r8-dicit-confirmation-20260807,DOA-FASR-DICIT-FINAL-CONFIRM-20260807,failure_aware_dicit_final_confirmation,final_evaluation_confirmation_after_eigenmike_robothead_detector_discovery; R8 core previously developed on DICIT development split,task1,<LOCATA_EVAL_ROOT>\task1\recording11,recording11,128,1485361361.457,0,0.2769714730146385,0.3692952973528513,0.0,False,False,1,uniform_time_spread_among_preregistered_eligible_anchors,False,False,False,False
failure-aware-safeguarded-r8-dicit-confirmation-20260807,DOA-FASR-DICIT-FINAL-CONFIRM-20260807,failure_aware_dicit_final_confirmation,final_evaluation_confirmation_after_eigenmike_robothead_detector_discovery; R8 core previously developed on DICIT development split,task1,<LOCATA_EVAL_ROOT>\task1\recording11,recording11,149,1485361361.632,0,0.4519666120385545,0.6026221493847393,0.0,True,False,2,uniform_time_spread_among_preregistered_eligible_anchors,False,False,False,False
failure-aware-safeguarded-r8-dicit-confirmation-20260807,DOA-FASR-DICIT-FINAL-CONFIRM-20260807,failure_aware_dicit_final_confirmation,final_evaluation_confirmation_after_eigenmike_robothead_detector_discovery; R8 core previously developed on DICIT development split,task1,<LOCATA_EVAL_ROOT>\task1\recording11,recording11,171,1485361361.815,0,0.634961528846421,0.846615371795228,0.0,True,True,3,uniform_time_spread_among_preregistered_eligible_anchors,False,False,False,False
failure-aware-safeguarded-r8-dicit-confirmation-20260807,DOA-FASR-DICIT-FINAL-CONFIRM-20260807,failure_aware_dicit_final_confirmation,final_evaluation_confirmation_after_eigenmike_robothead_detector_discovery; R8 core previously developed on DICIT development split,task1,<LOCATA_EVAL_ROOT>\task1\recording11,recording11,192,1485361361.99,0,0.75,1.0,0.0,True,True,4,uniform_time_spread_among_preregistered_eligible_anchors,False,False,False,False
failure-aware-safeguarded-r8-dicit-confirmation-20260807,DOA-FASR-DICIT-FINAL-CONFIRM-20260807,failure_aware_dicit_final_confirmation,final_evaluation_confirmation_after_eigenmike_robothead_detector_discovery; R8 core previously developed on DICIT development split,task1,<LOCATA_EVAL_ROOT>\task1\recording11,recording11,213,1485361362.165,0,0.75,1.0,0.0,True,True,5,uniform_time_spread_among_preregistered_eligible_anchors,False,False,False,False
failure-aware-safeguarded-r8-dicit-confirmation-20260807,DOA-FASR-DICIT-FINAL-CONFIRM-20260807,failure_aware_dicit_final_confirmation,final_evaluation_confirmation_after_eigenmike_robothead_detector_discovery; R8 core previously developed on DICIT development split,task1,<LOCATA_EVAL_ROOT>\task1\recording11,recording11,234,1485361362.34,0,0.75,1.0,0.0,True,True,6,uniform_time_spread_among_preregistered_eligible_anchors,False,False,False,False
failure-aware-safeguarded-r8-dicit-confirmation-20260807,DOA-FASR-DICIT-FINAL-CONFIRM-20260807,failure_aware_dicit_final_confirmation,final_evaluation_confirmation_after_eigenmike_robothead_detector_discovery; R8 core previously developed on DICIT development split,task1,<LOCATA_EVAL_ROOT>\task1\recording11,recording11,255,1485361362.515,0,0.75,1.0,0.0,True,True,7,uniform_time_spread_among_preregistered_eligible_anchors,False,False,False,False
failure-aware-safeguarded-r8-dicit-confirmation-20260807,DOA-FASR-DICIT-FINAL-CONFIRM-20260807,failure_aware_dicit_final_confirmation,final_evaluation_confirmation_after_eigenmike_robothead_detector_discovery; R8 core previously developed on DICIT development split,task1,<LOCATA_EVAL_ROOT>\task1\recording11,recording11,277,1485361362.698,0,0.75,1.0,0.0,True,True,8,uniform_time_spread_among_preregistered_eligible_anchors,False,False,False,False
failure-aware-safeguarded-r8-dicit-confirmation-20260807,DOA-FASR-DICIT-FINAL-CONFIRM-20260807,failure_aware_dicit_final_confirmation,final_evaluation_confirmation_after_eigenmike_robothead_detector_discovery; R8 core previously developed on DICIT development split,task1,<LOCATA_EVAL_ROOT>\task1\recording11,recording11,487,1485361364.448,0,0.23784755979000582,0.3171300797200078,0.0,False,False,9,uniform_time_spread_among_preregistered_eligible_anchors,False,False,False,False
failure-aware-safeguarded-r8-dicit-confirmation-20260807,DOA-FASR-DICIT-FINAL-CONFIRM-20260807,failure_aware_dicit_final_confirmation,final_evaluation_confirmation_after_eigenmike_robothead_detector_discovery; R8 core previously developed on DICIT development split,task1,<LOCATA_EVAL_ROOT>\task1\recording11,recording11,508,1485361364.623,0,0.4128426988139219,0.5504569317518958,0.0,True,False,10,uniform_time_spread_among_preregistered_eligible_anchors,False,False,False,False
failure-aware-safeguarded-r8-dicit-confirmation-20260807,DOA-FASR-DICIT-FINAL-CONFIRM-20260807,failure_aware_dicit_final_confirmation,final_evaluation_confirmation_after_eigenmike_robothead_detector_discovery; R8 core previously developed on DICIT development split,task1,<LOCATA_EVAL_ROOT>\task1\recording11,recording11,529,1485361364.798,0,0.5878378378378378,0.7837837837837838,0.0,True,False,11,uniform_time_spread_among_preregistered_eligible_anchors,False,False,False,False
failure-aware-safeguarded-r8-dicit-confirmation-20260807,DOA-FASR-DICIT-FINAL-CONFIRM-20260807,failure_aware_dicit_final_confirmation,final_evaluation_confirmation_after_eigenmike_robothead_detector_discovery; R8 core previously developed on DICIT development split,task1,<LOCATA_EVAL_ROOT>\task1\recording11,recording11,551,1485361364.982,0,0.75,1.0,0.0,True,True,12,uniform_time_spread_among_preregistered_eligible_anchors,False,False,False,False
failure-aware-safeguarded-r8-dicit-confirmation-20260807,DOA-FASR-DICIT-FINAL-CONFIRM-20260807,failure_aware_dicit_final_confirmation,final_evaluation_confirmation_after_eigenmike_robothead_detector_discovery; R8 core previously developed on DICIT development split,task1,<LOCATA_EVAL_ROOT>\task1\recording11,recording11,572,1485361365.157,0,0.75,1.0,0.0,True,True,13,uniform_time_spread_among_preregistered_eligible_anchors,False,False,False,False
failure-aware-safeguarded-r8-dicit-confirmation-20260807,DOA-FASR-DICIT-FINAL-CONFIRM-20260807,failure_aware_dicit_final_confirmation,final_evaluation_confirmation_after_eigenmike_robothead_detector_discovery; R8 core previously developed on DICIT development split,task1,<LOCATA_EVAL_ROOT>\task1\recording11,recording11,593,1485361365.332,0,0.75,1.0,0.0,True,True,14,uniform_time_spread_among_preregistered_eligible_anchors,False,False,False,False
failure-aware-safeguarded-r8-dicit-confirmation-20260807,DOA-FASR-DICIT-FINAL-CONFIRM-20260807,failure_aware_dicit_final_confirmation,final_evaluation_confirmation_after_eigenmike_robothead_detector_discovery; R8 core previously developed on DICIT development split,task1,<LOCATA_EVAL_ROOT>\task1\recording11,recording11,614,1485361365.507,0,0.75,1.0,0.0,True,True,15,uniform_time_spread_among_preregistered_eligible_anchors,False,False,False,False
failure-aware-safeguarded-r8-dicit-confirmation-20260807,DOA-FASR-DICIT-FINAL-CONFIRM-20260807,failure_aware_dicit_final_confirmation,final_evaluation_confirmation_after_eigenmike_robothead_detector_discovery; R8 core previously developed on DICIT development split,task1,<LOCATA_EVAL_ROOT>\task1\recording11,recording11,635,1485361365.682,0,0.75,1.0,0.0,True,True,16,uniform_time_spread_among_preregistered_eligible_anchors,False,False,False,False
failure-aware-safeguarded-r8-dicit-confirmation-20260807,DOA-FASR-DICIT-FINAL-CONFIRM-20260807,failure_aware_dicit_final_confirmation,final_evaluation_confirmation_after_eigenmike_robothead_detector_discovery; R8 core previously developed on DICIT development split,task1,<LOCATA_EVAL_ROOT>\task1\recording11,recording11,657,1485361365.865,0,0.75,1.0,0.0,True,True,17,uniform_time_spread_among_preregistered_eligible_anchors,False,False,False,False
failure-aware-safeguarded-r8-dicit-confirmation-20260807,DOA-FASR-DICIT-FINAL-CONFIRM-20260807,failure_aware_dicit_final_confirmation,final_evaluation_confirmation_after_eigenmike_robothead_detector_discovery; R8 core previously developed on DICIT development split,task1,<LOCATA_EVAL_ROOT>\task1\recording11,recording11,678,1485361366.04,0,0.75,1.0,0.0,True,True,18,uniform_time_spread_among_preregistered_eligible_anchors,False,False,False,False
failure-aware-safeguarded-r8-dicit-confirmation-20260807,DOA-FASR-DICIT-FINAL-CONFIRM-20260807,failure_aware_dicit_final_confirmation,final_evaluation_confirmation_after_eigenmike_robothead_detector_discovery; R8 core previously developed on DICIT development split,task1,<LOCATA_EVAL_ROOT>\task1\recording11,recording11,699,1485361366.215,0,0.75,1.0,0.0,True,True,19,uniform_time_spread_among_preregistered_eligible_anchors,False,False,False,False
failure-aware-safeguarded-r8-dicit-confirmation-20260807,DOA-FASR-DICIT-FINAL-CONFIRM-20260807,failure_aware_dicit_final_confirmation,final_evaluation_confirmation_after_eigenmike_robothead_detector_discovery; R8 core previously developed on DICIT development split,task1,<LOCATA_EVAL_ROOT>\task1\recording12,recording12,182,1485361393.011,0,0.10672620204994304,0.1423016027332574,0.0,False,False,0,uniform_time_spread_among_preregistered_eligible_anchors,False,False,False,False
failure-aware-safeguarded-r8-dicit-confirmation-20260807,DOA-FASR-DICIT-FINAL-CONFIRM-20260807,failure_aware_dicit_final_confirmation,final_evaluation_confirmation_after_eigenmike_robothead_detector_discovery; R8 core previously developed on DICIT development split,task1,<LOCATA_EVAL_ROOT>\task1\recording12,recording12,209,1485361393.236,0,0.33171995222354933,0.44229326963139914,0.0,False,False,1,uniform_time_spread_among_preregistered_eligible_anchors,False,False,False,False
failure-aware-safeguarded-r8-dicit-confirmation-20260807,DOA-FASR-DICIT-FINAL-CONFIRM-20260807,failure_aware_dicit_final_confirmation,final_evaluation_confirmation_after_eigenmike_robothead_detector_discovery; R8 core previously developed on DICIT development split,task1,<LOCATA_EVAL_ROOT>\task1\recording12,recording12,236,1485361393.461,0,0.5567137023971557,0.7422849365295409,0.0,True,False,2,uniform_time_spread_among_preregistered_eligible_anchors,False,False,False,False
failure-aware-safeguarded-r8-dicit-confirmation-20260807,DOA-FASR-DICIT-FINAL-CONFIRM-20260807,failure_aware_dicit_final_confirmation,final_evaluation_confirmation_after_eigenmike_robothead_detector_discovery; R8 core previously developed on DICIT development split,task1,<LOCATA_EVAL_ROOT>\task1\recording12,recording12,263,1485361393.686,0,0.75,1.0,0.0,True,True,3,uniform_time_spread_among_preregistered_eligible_anchors,False,False,False,False
failure-aware-safeguarded-r8-dicit-confirmation-20260807,DOA-FASR-DICIT-FINAL-CONFIRM-20260807,failure_aware_dicit_final_confirmation,final_evaluation_confirmation_after_eigenmike_robothead_detector_discovery; R8 core previously developed on DICIT development split,task1,<LOCATA_EVAL_ROOT>\task1\recording12,recording12,290,1485361393.911,0,0.75,1.0,0.0,True,True,4,uniform_time_spread_among_preregistered_eligible_anchors,False,False,False,False
failure-aware-safeguarded-r8-dicit-confirmation-20260807,DOA-FASR-DICIT-FINAL-CONFIRM-20260807,failure_aware_dicit_final_confirmation,final_evaluation_confirmation_after_eigenmike_robothead_detector_discovery; R8 core previously developed on DICIT development split,task1,<LOCATA_EVAL_ROOT>\task1\recording12,recording12,318,1485361394.144,0,0.75,1.0,0.0,True,True,5,uniform_time_spread_among_preregistered_eligible_anchors,False,False,False,False
failure-aware-safeguarded-r8-dicit-confirmation-20260807,DOA-FASR-DICIT-FINAL-CONFIRM-20260807,failure_aware_dicit_final_confirmation,final_evaluation_confirmation_after_eigenmike_robothead_detector_discovery; R8 core previously developed on DICIT development split,task1,<LOCATA_EVAL_ROOT>\task1\recording12,recording12,345,1485361394.369,0,0.75,1.0,0.0,True,True,6,uniform_time_spread_among_preregistered_eligible_anchors,False,False,False,False
failure-aware-safeguarded-r8-dicit-confirmation-20260807,DOA-FASR-DICIT-FINAL-CONFIRM-20260807,failure_aware_dicit_final_confirmation,final_evaluation_confirmation_after_eigenmike_robothead_detector_discovery; R8 core previously developed on DICIT development split,task1,<LOCATA_EVAL_ROOT>\task1\recording12,recording12,372,1485361394.594,0,0.75,1.0,0.0,True,True,7,uniform_time_spread_among_preregistered_eligible_anchors,False,False,False,False
failure-aware-safeguarded-r8-dicit-confirmation-20260807,DOA-FASR-DICIT-FINAL-CONFIRM-20260807,failure_aware_dicit_final_confirmation,final_evaluation_confirmation_after_eigenmike_robothead_detector_discovery; R8 core previously developed on DICIT development split,task1,<LOCATA_EVAL_ROOT>\task1\recording12,recording12,399,1485361394.819,0,0.75,1.0,0.0,True,True,8,uniform_time_spread_among_preregistered_eligible_anchors,False,False,False,False
failure-aware-safeguarded-r8-dicit-confirmation-20260807,DOA-FASR-DICIT-FINAL-CONFIRM-20260807,failure_aware_dicit_final_confirmation,final_evaluation_confirmation_after_eigenmike_robothead_detector_discovery; R8 core previously developed on DICIT development split,task1,<LOCATA_EVAL_ROOT>\task1\recording12,recording12,426,1485361395.044,0,0.75,1.0,0.0,True,True,9,uniform_time_spread_among_preregistered_eligible_anchors,False,False,False,False
failure-aware-safeguarded-r8-dicit-confirmation-20260807,DOA-FASR-DICIT-FINAL-CONFIRM-20260807,failure_aware_dicit_final_confirmation,final_evaluation_confirmation_after_eigenmike_robothead_detector_discovery; R8 core previously developed on DICIT development split,task1,<LOCATA_EVAL_ROOT>\task1\recording12,recording12,453,1485361395.269,0,0.75,1.0,0.0,True,True,10,uniform_time_spread_among_preregistered_eligible_anchors,False,False,False,False
failure-aware-safeguarded-r8-dicit-confirmation-20260807,DOA-FASR-DICIT-FINAL-CONFIRM-20260807,failure_aware_dicit_final_confirmation,final_evaluation_confirmation_after_eigenmike_robothead_detector_discovery; R8 core previously developed on DICIT development split,task1,<LOCATA_EVAL_ROOT>\task1\recording12,recording12,480,1485361395.494,0,0.75,1.0,0.0,True,True,11,uniform_time_spread_among_preregistered_eligible_anchors,False,False,False,False
failure-aware-safeguarded-r8-dicit-confirmation-20260807,DOA-FASR-DICIT-FINAL-CONFIRM-20260807,failure_aware_dicit_final_confirmation,final_evaluation_confirmation_after_eigenmike_robothead_detector_discovery; R8 core previously developed on DICIT development split,task1,<LOCATA_EVAL_ROOT>\task1\recording12,recording12,572,1485361396.261,0,0.20891086358712257,0.2785478181161634,0.0,False,False,12,uniform_time_spread_among_preregistered_eligible_anchors,False,False,False,False
failure-aware-safeguarded-r8-dicit-confirmation-20260807,DOA-FASR-DICIT-FINAL-CONFIRM-20260807,failure_aware_dicit_final_confirmation,final_evaluation_confirmation_after_eigenmike_robothead_detector_discovery; R8 core previously developed on DICIT development split,task1,<LOCATA_EVAL_ROOT>\task1\recording12,recording12,599,1485361396.486,0,0.33503236021221633,0.4467098136162884,0.0,False,False,13,uniform_time_spread_among_preregistered_eligible_anchors,False,False,False,False
failure-aware-safeguarded-r8-dicit-confirmation-20260807,DOA-FASR-DICIT-FINAL-CONFIRM-20260807,failure_aware_dicit_final_confirmation,final_evaluation_confirmation_after_eigenmike_robothead_detector_discovery; R8 core previously developed on DICIT development split,task1,<LOCATA_EVAL_ROOT>\task1\recording12,recording12,626,1485361396.711,0,0.5600261103858226,0.7467014805144302,0.0,True,False,14,uniform_time_spread_among_preregistered_eligible_anchors,False,False,False,False
failure-aware-safeguarded-r8-dicit-confirmation-20260807,DOA-FASR-DICIT-FINAL-CONFIRM-20260807,failure_aware_dicit_final_confirmation,final_evaluation_confirmation_after_eigenmike_robothead_detector_discovery; R8 core previously developed on DICIT development split,task1,<LOCATA_EVAL_ROOT>\task1\recording12,recording12,654,1485361396.944,0,0.75,1.0,0.0,True,True,15,uniform_time_spread_among_preregistered_eligible_anchors,False,False,False,False
failure-aware-safeguarded-r8-dicit-confirmation-20260807,DOA-FASR-DICIT-FINAL-CONFIRM-20260807,failure_aware_dicit_final_confirmation,final_evaluation_confirmation_after_eigenmike_robothead_detector_discovery; R8 core previously developed on DICIT development split,task1,<LOCATA_EVAL_ROOT>\task1\recording12,recording12,681,1485361397.169,0,0.75,1.0,0.0,True,True,16,uniform_time_spread_among_preregistered_eligible_anchors,False,False,False,False
failure-aware-safeguarded-r8-dicit-confirmation-20260807,DOA-FASR-DICIT-FINAL-CONFIRM-20260807,failure_aware_dicit_final_confirmation,final_evaluation_confirmation_after_eigenmike_robothead_detector_discovery; R8 core previously developed on DICIT development split,task1,<LOCATA_EVAL_ROOT>\task1\recording12,recording12,708,1485361397.394,0,0.75,1.0,0.0,True,True,17,uniform_time_spread_among_preregistered_eligible_anchors,False,False,False,False
failure-aware-safeguarded-r8-dicit-confirmation-20260807,DOA-FASR-DICIT-FINAL-CONFIRM-20260807,failure_aware_dicit_final_confirmation,final_evaluation_confirmation_after_eigenmike_robothead_detector_discovery; R8 core previously developed on DICIT development split,task1,<LOCATA_EVAL_ROOT>\task1\recording12,recording12,735,1485361397.619,0,0.75,1.0,0.0,True,True,18,uniform_time_spread_among_preregistered_eligible_anchors,False,False,False,False
failure-aware-safeguarded-r8-dicit-confirmation-20260807,DOA-FASR-DICIT-FINAL-CONFIRM-20260807,failure_aware_dicit_final_confirmation,final_evaluation_confirmation_after_eigenmike_robothead_detector_discovery; R8 core previously developed on DICIT development split,task1,<LOCATA_EVAL_ROOT>\task1\recording12,recording12,762,1485361397.844,0,0.75,1.0,0.0,True,True,19,uniform_time_spread_among_preregistered_eligible_anchors,False,False,False,False
failure-aware-safeguarded-r8-dicit-confirmation-20260807,DOA-FASR-DICIT-FINAL-CONFIRM-20260807,failure_aware_dicit_final_confirmation,final_evaluation_confirmation_after_eigenmike_robothead_detector_discovery; R8 core previously developed on DICIT development split,task1,<LOCATA_EVAL_ROOT>\task1\recording13,recording13,164,1485361436.837,0,0.10216382878253383,0.13621843837671177,0.0,False,False,0,uniform_time_spread_among_preregistered_eligible_anchors,False,False,False,False
failure-aware-safeguarded-r8-dicit-confirmation-20260807,DOA-FASR-DICIT-FINAL-CONFIRM-20260807,failure_aware_dicit_final_confirmation,final_evaluation_confirmation_after_eigenmike_robothead_detector_discovery; R8 core previously developed on DICIT development split,task1,<LOCATA_EVAL_ROOT>\task1\recording13,recording13,190,1485361437.054,0,0.3191578011721896,0.42554373489625286,0.0,False,False,1,uniform_time_spread_among_preregistered_eligible_anchors,False,False,False,False
failure-aware-safeguarded-r8-dicit-confirmation-20260807,DOA-FASR-DICIT-FINAL-CONFIRM-20260807,failure_aware_dicit_final_confirmation,final_evaluation_confirmation_after_eigenmike_robothead_detector_discovery; R8 core previously developed on DICIT development split,task1,<LOCATA_EVAL_ROOT>\task1\recording13,recording13,216,1485361437.27,0,0.5351518013388517,0.7135357351184689,0.0,True,False,2,uniform_time_spread_among_preregistered_eligible_anchors,False,False,False,False
failure-aware-safeguarded-r8-dicit-confirmation-20260807,DOA-FASR-DICIT-FINAL-CONFIRM-20260807,failure_aware_dicit_final_confirmation,final_evaluation_confirmation_after_eigenmike_robothead_detector_discovery; R8 core previously developed on DICIT development split,task1,<LOCATA_EVAL_ROOT>\task1\recording13,recording13,242,1485361437.487,0,0.75,1.0,0.0,True,True,3,uniform_time_spread_among_preregistered_eligible_anchors,False,False,False,False
failure-aware-safeguarded-r8-dicit-confirmation-20260807,DOA-FASR-DICIT-FINAL-CONFIRM-20260807,failure_aware_dicit_final_confirmation,final_evaluation_confirmation_after_eigenmike_robothead_detector_discovery; R8 core previously developed on DICIT development split,task1,<LOCATA_EVAL_ROOT>\task1\recording13,recording13,267,1485361437.695,0,0.75,1.0,0.0,True,True,4,uniform_time_spread_among_preregistered_eligible_anchors,False,False,False,False
failure-aware-safeguarded-r8-dicit-confirmation-20260807,DOA-FASR-DICIT-FINAL-CONFIRM-20260807,failure_aware_dicit_final_confirmation,final_evaluation_confirmation_after_eigenmike_robothead_detector_discovery; R8 core previously developed on DICIT development split,task1,<LOCATA_EVAL_ROOT>\task1\recording13,recording13,293,1485361437.912,0,0.75,1.0,0.0,True,True,5,uniform_time_spread_among_preregistered_eligible_anchors,False,False,False,False
failure-aware-safeguarded-r8-dicit-confirmation-20260807,DOA-FASR-DICIT-FINAL-CONFIRM-20260807,failure_aware_dicit_final_confirmation,final_evaluation_confirmation_after_eigenmike_robothead_detector_discovery; R8 core previously developed on DICIT development split,task1,<LOCATA_EVAL_ROOT>\task1\recording13,recording13,319,1485361438.129,0,0.75,1.0,0.0,True,True,6,uniform_time_spread_among_preregistered_eligible_anchors,False,False,False,False
failure-aware-safeguarded-r8-dicit-confirmation-20260807,DOA-FASR-DICIT-FINAL-CONFIRM-20260807,failure_aware_dicit_final_confirmation,final_evaluation_confirmation_after_eigenmike_robothead_detector_discovery; R8 core previously developed on DICIT development split,task1,<LOCATA_EVAL_ROOT>\task1\recording13,recording13,345,1485361438.345,0,0.75,1.0,0.0,True,True,7,uniform_time_spread_among_preregistered_eligible_anchors,False,False,False,False
failure-aware-safeguarded-r8-dicit-confirmation-20260807,DOA-FASR-DICIT-FINAL-CONFIRM-20260807,failure_aware_dicit_final_confirmation,final_evaluation_confirmation_after_eigenmike_robothead_detector_discovery; R8 core previously developed on DICIT development split,task1,<LOCATA_EVAL_ROOT>\task1\recording13,recording13,371,1485361438.562,0,0.75,1.0,0.0,True,True,8,uniform_time_spread_among_preregistered_eligible_anchors,False,False,False,False
failure-aware-safeguarded-r8-dicit-confirmation-20260807,DOA-FASR-DICIT-FINAL-CONFIRM-20260807,failure_aware_dicit_final_confirmation,final_evaluation_confirmation_after_eigenmike_robothead_detector_discovery; R8 core previously developed on DICIT development split,task1,<LOCATA_EVAL_ROOT>\task1\recording13,recording13,397,1485361438.779,0,0.75,1.0,0.0,True,True,9,uniform_time_spread_among_preregistered_eligible_anchors,False,False,False,False
failure-aware-safeguarded-r8-dicit-confirmation-20260807,DOA-FASR-DICIT-FINAL-CONFIRM-20260807,failure_aware_dicit_final_confirmation,final_evaluation_confirmation_after_eigenmike_robothead_detector_discovery; R8 core previously developed on DICIT development split,task1,<LOCATA_EVAL_ROOT>\task1\recording13,recording13,422,1485361438.987,0,0.75,1.0,0.0,True,True,10,uniform_time_spread_among_preregistered_eligible_anchors,False,False,False,False
failure-aware-safeguarded-r8-dicit-confirmation-20260807,DOA-FASR-DICIT-FINAL-CONFIRM-20260807,failure_aware_dicit_final_confirmation,final_evaluation_confirmation_after_eigenmike_robothead_detector_discovery; R8 core previously developed on DICIT development split,task1,<LOCATA_EVAL_ROOT>\task1\recording13,recording13,448,1485361439.204,0,0.75,1.0,0.0,True,True,11,uniform_time_spread_among_preregistered_eligible_anchors,False,False,False,False
failure-aware-safeguarded-r8-dicit-confirmation-20260807,DOA-FASR-DICIT-FINAL-CONFIRM-20260807,failure_aware_dicit_final_confirmation,final_evaluation_confirmation_after_eigenmike_robothead_detector_discovery; R8 core previously developed on DICIT development split,task1,<LOCATA_EVAL_ROOT>\task1\recording13,recording13,849,1485361442.545,0,0.2952417988389211,0.39365573178522817,0.0,False,False,12,uniform_time_spread_among_preregistered_eligible_anchors,False,False,False,False
failure-aware-safeguarded-r8-dicit-confirmation-20260807,DOA-FASR-DICIT-FINAL-CONFIRM-20260807,failure_aware_dicit_final_confirmation,final_evaluation_confirmation_after_eigenmike_robothead_detector_discovery; R8 core previously developed on DICIT development split,task1,<LOCATA_EVAL_ROOT>\task1\recording13,recording13,875,1485361442.762,0,0.512235771228577,0.6829810283047694,0.0,True,False,13,uniform_time_spread_among_preregistered_eligible_anchors,False,False,False,False
failure-aware-safeguarded-r8-dicit-confirmation-20260807,DOA-FASR-DICIT-FINAL-CONFIRM-20260807,failure_aware_dicit_final_confirmation,final_evaluation_confirmation_after_eigenmike_robothead_detector_discovery; R8 core previously developed on DICIT development split,task1,<LOCATA_EVAL_ROOT>\task1\recording13,recording13,901,1485361442.979,0,0.7292297436182329,0.9723063248243105,0.0,True,True,14,uniform_time_spread_among_preregistered_eligible_anchors,False,False,False,False
failure-aware-safeguarded-r8-dicit-confirmation-20260807,DOA-FASR-DICIT-FINAL-CONFIRM-20260807,failure_aware_dicit_final_confirmation,final_evaluation_confirmation_after_eigenmike_robothead_detector_discovery; R8 core previously developed on DICIT development split,task1,<LOCATA_EVAL_ROOT>\task1\recording13,recording13,927,1485361443.195,0,0.75,1.0,0.0,True,True,15,uniform_time_spread_among_preregistered_eligible_anchors,False,False,False,False
failure-aware-safeguarded-r8-dicit-confirmation-20260807,DOA-FASR-DICIT-FINAL-CONFIRM-20260807,failure_aware_dicit_final_confirmation,final_evaluation_confirmation_after_eigenmike_robothead_detector_discovery; R8 core previously developed on DICIT development split,task1,<LOCATA_EVAL_ROOT>\task1\recording13,recording13,952,1485361443.404,0,0.75,1.0,0.0,True,True,16,uniform_time_spread_among_preregistered_eligible_anchors,False,False,False,False
failure-aware-safeguarded-r8-dicit-confirmation-20260807,DOA-FASR-DICIT-FINAL-CONFIRM-20260807,failure_aware_dicit_final_confirmation,final_evaluation_confirmation_after_eigenmike_robothead_detector_discovery; R8 core previously developed on DICIT development split,task1,<LOCATA_EVAL_ROOT>\task1\recording13,recording13,978,1485361443.62,0,0.75,1.0,0.0,True,True,17,uniform_time_spread_among_preregistered_eligible_anchors,False,False,False,False
failure-aware-safeguarded-r8-dicit-confirmation-20260807,DOA-FASR-DICIT-FINAL-CONFIRM-20260807,failure_aware_dicit_final_confirmation,final_evaluation_confirmation_after_eigenmike_robothead_detector_discovery; R8 core previously developed on DICIT development split,task1,<LOCATA_EVAL_ROOT>\task1\recording13,recording13,1004,1485361443.837,0,0.75,1.0,0.0,True,True,18,uniform_time_spread_among_preregistered_eligible_anchors,False,False,False,False
failure-aware-safeguarded-r8-dicit-confirmation-20260807,DOA-FASR-DICIT-FINAL-CONFIRM-20260807,failure_aware_dicit_final_confirmation,final_evaluation_confirmation_after_eigenmike_robothead_detector_discovery; R8 core previously developed on DICIT development split,task1,<LOCATA_EVAL_ROOT>\task1\recording13,recording13,1030,1485361444.054,0,0.75,1.0,0.0,True,True,19,uniform_time_spread_among_preregistered_eligible_anchors,False,False,False,False
failure-aware-safeguarded-r8-dicit-confirmation-20260807,DOA-FASR-DICIT-FINAL-CONFIRM-20260807,failure_aware_dicit_final_confirmation,final_evaluation_confirmation_after_eigenmike_robothead_detector_discovery; R8 core previously developed on DICIT development split,task1,<LOCATA_EVAL_ROOT>\task1\recording2,recording2,117,1485359698.747,0,0.10080969973056303,0.13441293297408405,0.0,False,False,0,uniform_time_spread_among_preregistered_eligible_anchors,False,False,False,False
failure-aware-safeguarded-r8-dicit-confirmation-20260807,DOA-FASR-DICIT-FINAL-CONFIRM-20260807,failure_aware_dicit_final_confirmation,final_evaluation_confirmation_after_eigenmike_robothead_detector_discovery; R8 core previously developed on DICIT development split,task1,<LOCATA_EVAL_ROOT>\task1\recording2,recording2,140,1485359698.939,0,0.2928043665453738,0.39040582206049834,0.0,False,False,1,uniform_time_spread_among_preregistered_eligible_anchors,False,False,False,False
failure-aware-safeguarded-r8-dicit-confirmation-20260807,DOA-FASR-DICIT-FINAL-CONFIRM-20260807,failure_aware_dicit_final_confirmation,final_evaluation_confirmation_after_eigenmike_robothead_detector_discovery; R8 core previously developed on DICIT development split,task1,<LOCATA_EVAL_ROOT>\task1\recording2,recording2,163,1485359699.13,0,0.4837990611371906,0.6450654148495875,0.0,True,False,2,uniform_time_spread_among_preregistered_eligible_anchors,False,False,False,False
failure-aware-safeguarded-r8-dicit-confirmation-20260807,DOA-FASR-DICIT-FINAL-CONFIRM-20260807,failure_aware_dicit_final_confirmation,final_evaluation_confirmation_after_eigenmike_robothead_detector_discovery; R8 core previously developed on DICIT development split,task1,<LOCATA_EVAL_ROOT>\task1\recording2,recording2,186,1485359699.322,0,0.6757937279520013,0.9010583039360017,0.0,True,True,3,uniform_time_spread_among_preregistered_eligible_anchors,False,False,False,False
failure-aware-safeguarded-r8-dicit-confirmation-20260807,DOA-FASR-DICIT-FINAL-CONFIRM-20260807,failure_aware_dicit_final_confirmation,final_evaluation_confirmation_after_eigenmike_robothead_detector_discovery; R8 core previously developed on DICIT development split,task1,<LOCATA_EVAL_ROOT>\task1\recording2,recording2,209,1485359699.514,0,0.75,1.0,0.0,True,True,4,uniform_time_spread_among_preregistered_eligible_anchors,False,False,False,False
failure-aware-safeguarded-r8-dicit-confirmation-20260807,DOA-FASR-DICIT-FINAL-CONFIRM-20260807,failure_aware_dicit_final_confirmation,final_evaluation_confirmation_after_eigenmike_robothead_detector_discovery; R8 core previously developed on DICIT development split,task1,<LOCATA_EVAL_ROOT>\task1\recording2,recording2,232,1485359699.705,0,0.75,1.0,0.0,True,True,5,uniform_time_spread_among_preregistered_eligible_anchors,False,False,False,False
failure-aware-safeguarded-r8-dicit-confirmation-20260807,DOA-FASR-DICIT-FINAL-CONFIRM-20260807,failure_aware_dicit_final_confirmation,final_evaluation_confirmation_after_eigenmike_robothead_detector_discovery; R8 core previously developed on DICIT development split,task1,<LOCATA_EVAL_ROOT>\task1\recording2,recording2,255,1485359699.897,0,0.75,1.0,0.0,True,True,6,uniform_time_spread_among_preregistered_eligible_anchors,False,False,False,False
failure-aware-safeguarded-r8-dicit-confirmation-20260807,DOA-FASR-DICIT-FINAL-CONFIRM-20260807,failure_aware_dicit_final_confirmation,final_evaluation_confirmation_after_eigenmike_robothead_detector_discovery; R8 core previously developed on DICIT development split,task1,<LOCATA_EVAL_ROOT>\task1\recording2,recording2,278,1485359700.089,0,0.75,1.0,0.0,True,True,7,uniform_time_spread_among_preregistered_eligible_anchors,False,False,False,False
failure-aware-safeguarded-r8-dicit-confirmation-20260807,DOA-FASR-DICIT-FINAL-CONFIRM-20260807,failure_aware_dicit_final_confirmation,final_evaluation_confirmation_after_eigenmike_robothead_detector_discovery; R8 core previously developed on DICIT development split,task1,<LOCATA_EVAL_ROOT>\task1\recording2,recording2,301,1485359700.28,0,0.75,1.0,0.0,True,True,8,uniform_time_spread_among_preregistered_eligible_anchors,False,False,False,False
failure-aware-safeguarded-r8-dicit-confirmation-20260807,DOA-FASR-DICIT-FINAL-CONFIRM-20260807,failure_aware_dicit_final_confirmation,final_evaluation_confirmation_after_eigenmike_robothead_detector_discovery; R8 core previously developed on DICIT development split,task1,<LOCATA_EVAL_ROOT>\task1\recording2,recording2,379,1485359700.93,0,0.2882419932779645,0.3843226577039527,0.0,False,False,9,uniform_time_spread_among_preregistered_eligible_anchors,False,False,False,False
failure-aware-safeguarded-r8-dicit-confirmation-20260807,DOA-FASR-DICIT-FINAL-CONFIRM-20260807,failure_aware_dicit_final_confirmation,final_evaluation_confirmation_after_eigenmike_robothead_detector_discovery; R8 core previously developed on DICIT development split,task1,<LOCATA_EVAL_ROOT>\task1\recording2,recording2,401,1485359701.114,0,0.2882419932779645,0.3843226577039527,0.0,False,False,10,uniform_time_spread_among_preregistered_eligible_anchors,False,False,False,False
failure-aware-safeguarded-r8-dicit-confirmation-20260807,DOA-FASR-DICIT-FINAL-CONFIRM-20260807,failure_aware_dicit_final_confirmation,final_evaluation_confirmation_after_eigenmike_robothead_detector_discovery; R8 core previously developed on DICIT development split,task1,<LOCATA_EVAL_ROOT>\task1\recording2,recording2,424,1485359701.305,0,0.4665703730451932,0.6220938307269243,0.0,True,False,11,uniform_time_spread_among_preregistered_eligible_anchors,False,False,False,False
failure-aware-safeguarded-r8-dicit-confirmation-20260807,DOA-FASR-DICIT-FINAL-CONFIRM-20260807,failure_aware_dicit_final_confirmation,final_evaluation_confirmation_after_eigenmike_robothead_detector_discovery; R8 core previously developed on DICIT development split,task1,<LOCATA_EVAL_ROOT>\task1\recording2,recording2,447,1485359701.497,0,0.6585650398600039,0.8780867198133385,0.0,True,True,12,uniform_time_spread_among_preregistered_eligible_anchors,False,False,False,False
failure-aware-safeguarded-r8-dicit-confirmation-20260807,DOA-FASR-DICIT-FINAL-CONFIRM-20260807,failure_aware_dicit_final_confirmation,final_evaluation_confirmation_after_eigenmike_robothead_detector_discovery; R8 core previously developed on DICIT development split,task1,<LOCATA_EVAL_ROOT>\task1\recording2,recording2,470,1485359701.689,0,0.75,1.0,0.0,True,True,13,uniform_time_spread_among_preregistered_eligible_anchors,False,False,False,False
failure-aware-safeguarded-r8-dicit-confirmation-20260807,DOA-FASR-DICIT-FINAL-CONFIRM-20260807,failure_aware_dicit_final_confirmation,final_evaluation_confirmation_after_eigenmike_robothead_detector_discovery; R8 core previously developed on DICIT development split,task1,<LOCATA_EVAL_ROOT>\task1\recording2,recording2,493,1485359701.88,0,0.75,1.0,0.0,True,True,14,uniform_time_spread_among_preregistered_eligible_anchors,False,False,False,False
failure-aware-safeguarded-r8-dicit-confirmation-20260807,DOA-FASR-DICIT-FINAL-CONFIRM-20260807,failure_aware_dicit_final_confirmation,final_evaluation_confirmation_after_eigenmike_robothead_detector_discovery; R8 core previously developed on DICIT development split,task1,<LOCATA_EVAL_ROOT>\task1\recording2,recording2,516,1485359702.072,0,0.75,1.0,0.0,True,True,15,uniform_time_spread_among_preregistered_eligible_anchors,False,False,False,False
failure-aware-safeguarded-r8-dicit-confirmation-20260807,DOA-FASR-DICIT-FINAL-CONFIRM-20260807,failure_aware_dicit_final_confirmation,final_evaluation_confirmation_after_eigenmike_robothead_detector_discovery; R8 core previously developed on DICIT development split,task1,<LOCATA_EVAL_ROOT>\task1\recording2,recording2,539,1485359702.264,0,0.75,1.0,0.0,True,True,16,uniform_time_spread_among_preregistered_eligible_anchors,False,False,False,False
failure-aware-safeguarded-r8-dicit-confirmation-20260807,DOA-FASR-DICIT-FINAL-CONFIRM-20260807,failure_aware_dicit_final_confirmation,final_evaluation_confirmation_after_eigenmike_robothead_detector_discovery; R8 core previously developed on DICIT development split,task1,<LOCATA_EVAL_ROOT>\task1\recording2,recording2,562,1485359702.455,0,0.75,1.0,0.0,True,True,17,uniform_time_spread_among_preregistered_eligible_anchors,False,False,False,False
failure-aware-safeguarded-r8-dicit-confirmation-20260807,DOA-FASR-DICIT-FINAL-CONFIRM-20260807,failure_aware_dicit_final_confirmation,final_evaluation_confirmation_after_eigenmike_robothead_detector_discovery; R8 core previously developed on DICIT development split,task1,<LOCATA_EVAL_ROOT>\task1\recording2,recording2,585,1485359702.647,0,0.75,1.0,0.0,True,True,18,uniform_time_spread_among_preregistered_eligible_anchors,False,False,False,False
failure-aware-safeguarded-r8-dicit-confirmation-20260807,DOA-FASR-DICIT-FINAL-CONFIRM-20260807,failure_aware_dicit_final_confirmation,final_evaluation_confirmation_after_eigenmike_robothead_detector_discovery; R8 core previously developed on DICIT development split,task1,<LOCATA_EVAL_ROOT>\task1\recording2,recording2,608,1485359702.839,0,0.75,1.0,0.0,True,True,19,uniform_time_spread_among_preregistered_eligible_anchors,False,False,False,False
failure-aware-safeguarded-r8-dicit-confirmation-20260807,DOA-FASR-DICIT-FINAL-CONFIRM-20260807,failure_aware_dicit_final_confirmation,final_evaluation_confirmation_after_eigenmike_robothead_detector_discovery; R8 core previously developed on DICIT development split,task1,<LOCATA_EVAL_ROOT>\task1\recording3,recording3,126,1485359731.203,0,0.10653870725813172,0.14205160967750896,0.0,False,False,0,uniform_time_spread_among_preregistered_eligible_anchors,False,False,False,False
failure-aware-safeguarded-r8-dicit-confirmation-20260807,DOA-FASR-DICIT-FINAL-CONFIRM-20260807,failure_aware_dicit_final_confirmation,final_evaluation_confirmation_after_eigenmike_robothead_detector_discovery; R8 core previously developed on DICIT development split,task1,<LOCATA_EVAL_ROOT>\task1\recording3,recording3,154,1485359731.436,0,0.3395322352156884,0.45270964695425125,0.0,False,False,1,uniform_time_spread_among_preregistered_eligible_anchors,False,False,False,False
failure-aware-safeguarded-r8-dicit-confirmation-20260807,DOA-FASR-DICIT-FINAL-CONFIRM-20260807,failure_aware_dicit_final_confirmation,final_evaluation_confirmation_after_eigenmike_robothead_detector_discovery; R8 core previously developed on DICIT development split,task1,<LOCATA_EVAL_ROOT>\task1\recording3,recording3,182,1485359731.669,0,0.5725257631732452,0.7633676842309935,0.0,True,False,2,uniform_time_spread_among_preregistered_eligible_anchors,False,False,False,False
failure-aware-safeguarded-r8-dicit-confirmation-20260807,DOA-FASR-DICIT-FINAL-CONFIRM-20260807,failure_aware_dicit_final_confirmation,final_evaluation_confirmation_after_eigenmike_robothead_detector_discovery; R8 core previously developed on DICIT development split,task1,<LOCATA_EVAL_ROOT>\task1\recording3,recording3,210,1485359731.903,0,0.75,1.0,0.0,True,True,3,uniform_time_spread_among_preregistered_eligible_anchors,False,False,False,False
failure-aware-safeguarded-r8-dicit-confirmation-20260807,DOA-FASR-DICIT-FINAL-CONFIRM-20260807,failure_aware_dicit_final_confirmation,final_evaluation_confirmation_after_eigenmike_robothead_detector_discovery; R8 core previously developed on DICIT development split,task1,<LOCATA_EVAL_ROOT>\task1\recording3,recording3,238,1485359732.136,0,0.75,1.0,0.0,True,True,4,uniform_time_spread_among_preregistered_eligible_anchors,False,False,False,False
failure-aware-safeguarded-r8-dicit-confirmation-20260807,DOA-FASR-DICIT-FINAL-CONFIRM-20260807,failure_aware_dicit_final_confirmation,final_evaluation_confirmation_after_eigenmike_robothead_detector_discovery; R8 core previously developed on DICIT development split,task1,<LOCATA_EVAL_ROOT>\task1\recording3,recording3,266,1485359732.369,0,0.75,1.0,0.0,True,True,5,uniform_time_spread_among_preregistered_eligible_anchors,False,False,False,False
failure-aware-safeguarded-r8-dicit-confirmation-20260807,DOA-FASR-DICIT-FINAL-CONFIRM-20260807,failure_aware_dicit_final_confirmation,final_evaluation_confirmation_after_eigenmike_robothead_detector_discovery; R8 core previously developed on DICIT development split,task1,<LOCATA_EVAL_ROOT>\task1\recording3,recording3,294,1485359732.603,0,0.75,1.0,0.0,True,True,6,uniform_time_spread_among_preregistered_eligible_anchors,False,False,False,False
failure-aware-safeguarded-r8-dicit-confirmation-20260807,DOA-FASR-DICIT-FINAL-CONFIRM-20260807,failure_aware_dicit_final_confirmation,final_evaluation_confirmation_after_eigenmike_robothead_detector_discovery; R8 core previously developed on DICIT development split,task1,<LOCATA_EVAL_ROOT>\task1\recording3,recording3,322,1485359732.836,0,0.75,1.0,0.0,True,True,7,uniform_time_spread_among_preregistered_eligible_anchors,False,False,False,False
failure-aware-safeguarded-r8-dicit-confirmation-20260807,DOA-FASR-DICIT-FINAL-CONFIRM-20260807,failure_aware_dicit_final_confirmation,final_evaluation_confirmation_after_eigenmike_robothead_detector_discovery; R8 core previously developed on DICIT development split,task1,<LOCATA_EVAL_ROOT>\task1\recording3,recording3,448,1485359733.886,0,0.19389044748756978,0.258520596650093,0.0,False,False,8,uniform_time_spread_among_preregistered_eligible_anchors,False,False,False,False
failure-aware-safeguarded-r8-dicit-confirmation-20260807,DOA-FASR-DICIT-FINAL-CONFIRM-20260807,failure_aware_dicit_final_confirmation,final_evaluation_confirmation_after_eigenmike_robothead_detector_discovery; R8 core previously developed on DICIT development split,task1,<LOCATA_EVAL_ROOT>\task1\recording3,recording3,476,1485359734.119,0,0.42688397544512646,0.5691786339268353,0.0,True,False,9,uniform_time_spread_among_preregistered_eligible_anchors,False,False,False,False
failure-aware-safeguarded-r8-dicit-confirmation-20260807,DOA-FASR-DICIT-FINAL-CONFIRM-20260807,failure_aware_dicit_final_confirmation,final_evaluation_confirmation_after_eigenmike_robothead_detector_discovery; R8 core previously developed on DICIT development split,task1,<LOCATA_EVAL_ROOT>\task1\recording3,recording3,505,1485359734.361,0,0.6688772534096274,0.8918363378795033,0.0,True,True,10,uniform_time_spread_among_preregistered_eligible_anchors,False,False,False,False
failure-aware-safeguarded-r8-dicit-confirmation-20260807,DOA-FASR-DICIT-FINAL-CONFIRM-20260807,failure_aware_dicit_final_confirmation,final_evaluation_confirmation_after_eigenmike_robothead_detector_discovery; R8 core previously developed on DICIT development split,task1,<LOCATA_EVAL_ROOT>\task1\recording3,recording3,533,1485359734.594,0,0.75,1.0,0.0,True,True,11,uniform_time_spread_among_preregistered_eligible_anchors,False,False,False,False
failure-aware-safeguarded-r8-dicit-confirmation-20260807,DOA-FASR-DICIT-FINAL-CONFIRM-20260807,failure_aware_dicit_final_confirmation,final_evaluation_confirmation_after_eigenmike_robothead_detector_discovery; R8 core previously developed on DICIT development split,task1,<LOCATA_EVAL_ROOT>\task1\recording3,recording3,561,1485359734.828,0,0.75,1.0,0.0,True,True,12,uniform_time_spread_among_preregistered_eligible_anchors,False,False,False,False
failure-aware-safeguarded-r8-dicit-confirmation-20260807,DOA-FASR-DICIT-FINAL-CONFIRM-20260807,failure_aware_dicit_final_confirmation,final_evaluation_confirmation_after_eigenmike_robothead_detector_discovery; R8 core previously developed on DICIT development split,task1,<LOCATA_EVAL_ROOT>\task1\recording3,recording3,589,1485359735.061,0,0.75,1.0,0.0,True,True,13,uniform_time_spread_among_preregistered_eligible_anchors,False,False,False,False
failure-aware-safeguarded-r8-dicit-confirmation-20260807,DOA-FASR-DICIT-FINAL-CONFIRM-20260807,failure_aware_dicit_final_confirmation,final_evaluation_confirmation_after_eigenmike_robothead_detector_discovery; R8 core previously developed on DICIT development split,task1,<LOCATA_EVAL_ROOT>\task1\recording3,recording3,617,1485359735.294,0,0.75,1.0,0.0,True,True,14,uniform_time_spread_among_preregistered_eligible_anchors,False,False,False,False
failure-aware-safeguarded-r8-dicit-confirmation-20260807,DOA-FASR-DICIT-FINAL-CONFIRM-20260807,failure_aware_dicit_final_confirmation,final_evaluation_confirmation_after_eigenmike_robothead_detector_discovery; R8 core previously developed on DICIT development split,task1,<LOCATA_EVAL_ROOT>\task1\recording3,recording3,645,1485359735.528,0,0.75,1.0,0.0,True,True,15,uniform_time_spread_among_preregistered_eligible_anchors,False,False,False,False
failure-aware-safeguarded-r8-dicit-confirmation-20260807,DOA-FASR-DICIT-FINAL-CONFIRM-20260807,failure_aware_dicit_final_confirmation,final_evaluation_confirmation_after_eigenmike_robothead_detector_discovery; R8 core previously developed on DICIT development split,task1,<LOCATA_EVAL_ROOT>\task1\recording3,recording3,673,1485359735.761,0,0.75,1.0,0.0,True,True,16,uniform_time_spread_among_preregistered_eligible_anchors,False,False,False,False
failure-aware-safeguarded-r8-dicit-confirmation-20260807,DOA-FASR-DICIT-FINAL-CONFIRM-20260807,failure_aware_dicit_final_confirmation,final_evaluation_confirmation_after_eigenmike_robothead_detector_discovery; R8 core previously developed on DICIT development split,task1,<LOCATA_EVAL_ROOT>\task1\recording3,recording3,701,1485359735.994,0,0.75,1.0,0.0,True,True,17,uniform_time_spread_among_preregistered_eligible_anchors,False,False,False,False
failure-aware-safeguarded-r8-dicit-confirmation-20260807,DOA-FASR-DICIT-FINAL-CONFIRM-20260807,failure_aware_dicit_final_confirmation,final_evaluation_confirmation_after_eigenmike_robothead_detector_discovery; R8 core previously developed on DICIT development split,task1,<LOCATA_EVAL_ROOT>\task1\recording3,recording3,729,1485359736.228,0,0.75,1.0,0.0,True,True,18,uniform_time_spread_among_preregistered_eligible_anchors,False,False,False,False
failure-aware-safeguarded-r8-dicit-confirmation-20260807,DOA-FASR-DICIT-FINAL-CONFIRM-20260807,failure_aware_dicit_final_confirmation,final_evaluation_confirmation_after_eigenmike_robothead_detector_discovery; R8 core previously developed on DICIT development split,task1,<LOCATA_EVAL_ROOT>\task1\recording3,recording3,757,1485359736.461,0,0.75,1.0,0.0,True,True,19,uniform_time_spread_among_preregistered_eligible_anchors,False,False,False,False
failure-aware-safeguarded-r8-dicit-confirmation-20260807,DOA-FASR-DICIT-FINAL-CONFIRM-20260807,failure_aware_dicit_final_confirmation,final_evaluation_confirmation_after_eigenmike_robothead_detector_discovery; R8 core previously developed on DICIT development split,task1,<LOCATA_EVAL_ROOT>\task1\recording4,recording4,106,1485359815.362,0,0.10466375934001834,0.13955167912002445,0.0,False,False,0,uniform_time_spread_among_preregistered_eligible_anchors,False,False,False,False
failure-aware-safeguarded-r8-dicit-confirmation-20260807,DOA-FASR-DICIT-FINAL-CONFIRM-20260807,failure_aware_dicit_final_confirmation,final_evaluation_confirmation_after_eigenmike_robothead_detector_discovery; R8 core previously developed on DICIT development split,task1,<LOCATA_EVAL_ROOT>\task1\recording4,recording4,135,1485359815.604,0,0.34665703730451936,0.46220938307269244,0.0,False,False,1,uniform_time_spread_among_preregistered_eligible_anchors,False,False,False,False
failure-aware-safeguarded-r8-dicit-confirmation-20260807,DOA-FASR-DICIT-FINAL-CONFIRM-20260807,failure_aware_dicit_final_confirmation,final_evaluation_confirmation_after_eigenmike_robothead_detector_discovery; R8 core previously developed on DICIT development split,task1,<LOCATA_EVAL_ROOT>\task1\recording4,recording4,165,1485359815.854,0,0.5966500930529708,0.795533457403961,0.0,True,False,2,uniform_time_spread_among_preregistered_eligible_anchors,False,False,False,False
failure-aware-safeguarded-r8-dicit-confirmation-20260807,DOA-FASR-DICIT-FINAL-CONFIRM-20260807,failure_aware_dicit_final_confirmation,final_evaluation_confirmation_after_eigenmike_robothead_detector_discovery; R8 core previously developed on DICIT development split,task1,<LOCATA_EVAL_ROOT>\task1\recording4,recording4,194,1485359816.096,0,0.75,1.0,0.0,True,True,3,uniform_time_spread_among_preregistered_eligible_anchors,False,False,False,False
failure-aware-safeguarded-r8-dicit-confirmation-20260807,DOA-FASR-DICIT-FINAL-CONFIRM-20260807,failure_aware_dicit_final_confirmation,final_evaluation_confirmation_after_eigenmike_robothead_detector_discovery; R8 core previously developed on DICIT development split,task1,<LOCATA_EVAL_ROOT>\task1\recording4,recording4,223,1485359816.337,0,0.75,1.0,0.0,True,True,4,uniform_time_spread_among_preregistered_eligible_anchors,False,False,False,False
failure-aware-safeguarded-r8-dicit-confirmation-20260807,DOA-FASR-DICIT-FINAL-CONFIRM-20260807,failure_aware_dicit_final_confirmation,final_evaluation_confirmation_after_eigenmike_robothead_detector_discovery; R8 core previously developed on DICIT development split,task1,<LOCATA_EVAL_ROOT>\task1\recording4,recording4,253,1485359816.587,0,0.75,1.0,0.0,True,True,5,uniform_time_spread_among_preregistered_eligible_anchors,False,False,False,False
failure-aware-safeguarded-r8-dicit-confirmation-20260807,DOA-FASR-DICIT-FINAL-CONFIRM-20260807,failure_aware_dicit_final_confirmation,final_evaluation_confirmation_after_eigenmike_robothead_detector_discovery; R8 core previously developed on DICIT development split,task1,<LOCATA_EVAL_ROOT>\task1\recording4,recording4,282,1485359816.829,0,0.75,1.0,0.0,True,True,6,uniform_time_spread_among_preregistered_eligible_anchors,False,False,False,False
failure-aware-safeguarded-r8-dicit-confirmation-20260807,DOA-FASR-DICIT-FINAL-CONFIRM-20260807,failure_aware_dicit_final_confirmation,final_evaluation_confirmation_after_eigenmike_robothead_detector_discovery; R8 core previously developed on DICIT development split,task1,<LOCATA_EVAL_ROOT>\task1\recording4,recording4,442,1485359818.162,0,0.30655398461153854,0.4087386461487181,0.0,False,False,7,uniform_time_spread_among_preregistered_eligible_anchors,False,False,False,False
failure-aware-safeguarded-r8-dicit-confirmation-20260807,DOA-FASR-DICIT-FINAL-CONFIRM-20260807,failure_aware_dicit_final_confirmation,final_evaluation_confirmation_after_eigenmike_robothead_detector_discovery; R8 core previously developed on DICIT development split,task1,<LOCATA_EVAL_ROOT>\task1\recording4,recording4,471,1485359818.404,0,0.5485472625760395,0.731396350101386,0.0,True,False,8,uniform_time_spread_among_preregistered_eligible_anchors,False,False,False,False
failure-aware-safeguarded-r8-dicit-confirmation-20260807,DOA-FASR-DICIT-FINAL-CONFIRM-20260807,failure_aware_dicit_final_confirmation,final_evaluation_confirmation_after_eigenmike_robothead_detector_discovery; R8 core previously developed on DICIT development split,task1,<LOCATA_EVAL_ROOT>\task1\recording4,recording4,500,1485359818.646,0,0.75,1.0,0.0,True,True,9,uniform_time_spread_among_preregistered_eligible_anchors,False,False,False,False
failure-aware-safeguarded-r8-dicit-confirmation-20260807,DOA-FASR-DICIT-FINAL-CONFIRM-20260807,failure_aware_dicit_final_confirmation,final_evaluation_confirmation_after_eigenmike_robothead_detector_discovery; R8 core previously developed on DICIT development split,task1,<LOCATA_EVAL_ROOT>\task1\recording4,recording4,530,1485359818.896,0,0.75,1.0,0.0,True,True,10,uniform_time_spread_among_preregistered_eligible_anchors,False,False,False,False
failure-aware-safeguarded-r8-dicit-confirmation-20260807,DOA-FASR-DICIT-FINAL-CONFIRM-20260807,failure_aware_dicit_final_confirmation,final_evaluation_confirmation_after_eigenmike_robothead_detector_discovery; R8 core previously developed on DICIT development split,task1,<LOCATA_EVAL_ROOT>\task1\recording4,recording4,684,1485359820.179,0,0.23795172356323435,0.31726896475097915,0.0,False,False,11,uniform_time_spread_among_preregistered_eligible_anchors,False,False,False,False
failure-aware-safeguarded-r8-dicit-confirmation-20260807,DOA-FASR-DICIT-FINAL-CONFIRM-20260807,failure_aware_dicit_final_confirmation,final_evaluation_confirmation_after_eigenmike_robothead_detector_discovery; R8 core previously developed on DICIT development split,task1,<LOCATA_EVAL_ROOT>\task1\recording4,recording4,713,1485359820.421,0,0.47994500152773534,0.6399266687036471,0.0,True,False,12,uniform_time_spread_among_preregistered_eligible_anchors,False,False,False,False
failure-aware-safeguarded-r8-dicit-confirmation-20260807,DOA-FASR-DICIT-FINAL-CONFIRM-20260807,failure_aware_dicit_final_confirmation,final_evaluation_confirmation_after_eigenmike_robothead_detector_discovery; R8 core previously developed on DICIT development split,task1,<LOCATA_EVAL_ROOT>\task1\recording4,recording4,743,1485359820.671,0,0.7299380572761868,0.9732507430349157,0.0,True,True,13,uniform_time_spread_among_preregistered_eligible_anchors,False,False,False,False
failure-aware-safeguarded-r8-dicit-confirmation-20260807,DOA-FASR-DICIT-FINAL-CONFIRM-20260807,failure_aware_dicit_final_confirmation,final_evaluation_confirmation_after_eigenmike_robothead_detector_discovery; R8 core previously developed on DICIT development split,task1,<LOCATA_EVAL_ROOT>\task1\recording4,recording4,772,1485359820.912,0,0.75,1.0,0.0,True,True,14,uniform_time_spread_among_preregistered_eligible_anchors,False,False,False,False
failure-aware-safeguarded-r8-dicit-confirmation-20260807,DOA-FASR-DICIT-FINAL-CONFIRM-20260807,failure_aware_dicit_final_confirmation,final_evaluation_confirmation_after_eigenmike_robothead_detector_discovery; R8 core previously developed on DICIT development split,task1,<LOCATA_EVAL_ROOT>\task1\recording4,recording4,802,1485359821.162,0,0.75,1.0,0.0,True,True,15,uniform_time_spread_among_preregistered_eligible_anchors,False,False,False,False
failure-aware-safeguarded-r8-dicit-confirmation-20260807,DOA-FASR-DICIT-FINAL-CONFIRM-20260807,failure_aware_dicit_final_confirmation,final_evaluation_confirmation_after_eigenmike_robothead_detector_discovery; R8 core previously developed on DICIT development split,task1,<LOCATA_EVAL_ROOT>\task1\recording4,recording4,831,1485359821.404,0,0.75,1.0,0.0,True,True,16,uniform_time_spread_among_preregistered_eligible_anchors,False,False,False,False
failure-aware-safeguarded-r8-dicit-confirmation-20260807,DOA-FASR-DICIT-FINAL-CONFIRM-20260807,failure_aware_dicit_final_confirmation,final_evaluation_confirmation_after_eigenmike_robothead_detector_discovery; R8 core previously developed on DICIT development split,task1,<LOCATA_EVAL_ROOT>\task1\recording4,recording4,860,1485359821.646,0,0.75,1.0,0.0,True,True,17,uniform_time_spread_among_preregistered_eligible_anchors,False,False,False,False
failure-aware-safeguarded-r8-dicit-confirmation-20260807,DOA-FASR-DICIT-FINAL-CONFIRM-20260807,failure_aware_dicit_final_confirmation,final_evaluation_confirmation_after_eigenmike_robothead_detector_discovery; R8 core previously developed on DICIT development split,task1,<LOCATA_EVAL_ROOT>\task1\recording4,recording4,890,1485359821.896,0,0.75,1.0,0.0,True,True,18,uniform_time_spread_among_preregistered_eligible_anchors,False,False,False,False
failure-aware-safeguarded-r8-dicit-confirmation-20260807,DOA-FASR-DICIT-FINAL-CONFIRM-20260807,failure_aware_dicit_final_confirmation,final_evaluation_confirmation_after_eigenmike_robothead_detector_discovery; R8 core previously developed on DICIT development split,task1,<LOCATA_EVAL_ROOT>\task1\recording4,recording4,919,1485359822.137,0,0.75,1.0,0.0,True,True,19,uniform_time_spread_among_preregistered_eligible_anchors,False,False,False,False
failure-aware-safeguarded-r8-dicit-confirmation-20260807,DOA-FASR-DICIT-FINAL-CONFIRM-20260807,failure_aware_dicit_final_confirmation,final_evaluation_confirmation_after_eigenmike_robothead_detector_discovery; R8 core previously developed on DICIT development split,task1,<LOCATA_EVAL_ROOT>\task1\recording5,recording5,90,1485360035.646,0,0.1337671175800672,0.17835615677342295,0.0,False,False,0,uniform_time_spread_among_preregistered_eligible_anchors,False,False,False,False
failure-aware-safeguarded-r8-dicit-confirmation-20260807,DOA-FASR-DICIT-FINAL-CONFIRM-20260807,failure_aware_dicit_final_confirmation,final_evaluation_confirmation_after_eigenmike_robothead_detector_discovery; R8 core previously developed on DICIT development split,task1,<LOCATA_EVAL_ROOT>\task1\recording5,recording5,121,1485360035.904,0,0.3917599511124691,0.5223466014832922,0.0,True,False,1,uniform_time_spread_among_preregistered_eligible_anchors,False,False,False,False
failure-aware-safeguarded-r8-dicit-confirmation-20260807,DOA-FASR-DICIT-FINAL-CONFIRM-20260807,failure_aware_dicit_final_confirmation,final_evaluation_confirmation_after_eigenmike_robothead_detector_discovery; R8 core previously developed on DICIT development split,task1,<LOCATA_EVAL_ROOT>\task1\recording5,recording5,152,1485360036.162,0,0.649752784644871,0.8663370461931613,0.0,True,True,2,uniform_time_spread_among_preregistered_eligible_anchors,False,False,False,False
failure-aware-safeguarded-r8-dicit-confirmation-20260807,DOA-FASR-DICIT-FINAL-CONFIRM-20260807,failure_aware_dicit_final_confirmation,final_evaluation_confirmation_after_eigenmike_robothead_detector_discovery; R8 core previously developed on DICIT development split,task1,<LOCATA_EVAL_ROOT>\task1\recording5,recording5,183,1485360036.421,0,0.75,1.0,0.0,True,True,3,uniform_time_spread_among_preregistered_eligible_anchors,False,False,False,False
failure-aware-safeguarded-r8-dicit-confirmation-20260807,DOA-FASR-DICIT-FINAL-CONFIRM-20260807,failure_aware_dicit_final_confirmation,final_evaluation_confirmation_after_eigenmike_robothead_detector_discovery; R8 core previously developed on DICIT development split,task1,<LOCATA_EVAL_ROOT>\task1\recording5,recording5,214,1485360036.679,0,0.75,1.0,0.0,True,True,4,uniform_time_spread_among_preregistered_eligible_anchors,False,False,False,False
failure-aware-safeguarded-r8-dicit-confirmation-20260807,DOA-FASR-DICIT-FINAL-CONFIRM-20260807,failure_aware_dicit_final_confirmation,final_evaluation_confirmation_after_eigenmike_robothead_detector_discovery; R8 core previously developed on DICIT development split,task1,<LOCATA_EVAL_ROOT>\task1\recording5,recording5,245,1485360036.937,0,0.75,1.0,0.0,True,True,5,uniform_time_spread_among_preregistered_eligible_anchors,False,False,False,False
failure-aware-safeguarded-r8-dicit-confirmation-20260807,DOA-FASR-DICIT-FINAL-CONFIRM-20260807,failure_aware_dicit_final_confirmation,final_evaluation_confirmation_after_eigenmike_robothead_detector_discovery; R8 core previously developed on DICIT development split,task1,<LOCATA_EVAL_ROOT>\task1\recording5,recording5,349,1485360037.804,0,0.2279311685786506,0.3039082247715341,0.0,False,False,6,uniform_time_spread_among_preregistered_eligible_anchors,False,False,False,False
failure-aware-safeguarded-r8-dicit-confirmation-20260807,DOA-FASR-DICIT-FINAL-CONFIRM-20260807,failure_aware_dicit_final_confirmation,final_evaluation_confirmation_after_eigenmike_robothead_detector_discovery; R8 core previously developed on DICIT development split,task1,<LOCATA_EVAL_ROOT>\task1\recording5,recording5,380,1485360038.062,0,0.48592400211105247,0.6478986694814033,0.0,True,False,7,uniform_time_spread_among_preregistered_eligible_anchors,False,False,False,False
failure-aware-safeguarded-r8-dicit-confirmation-20260807,DOA-FASR-DICIT-FINAL-CONFIRM-20260807,failure_aware_dicit_final_confirmation,final_evaluation_confirmation_after_eigenmike_robothead_detector_discovery; R8 core previously developed on DICIT development split,task1,<LOCATA_EVAL_ROOT>\task1\recording5,recording5,411,1485360038.321,0,0.7449168078664481,0.9932224104885975,0.0,True,True,8,uniform_time_spread_among_preregistered_eligible_anchors,False,False,False,False
failure-aware-safeguarded-r8-dicit-confirmation-20260807,DOA-FASR-DICIT-FINAL-CONFIRM-20260807,failure_aware_dicit_final_confirmation,final_evaluation_confirmation_after_eigenmike_robothead_detector_discovery; R8 core previously developed on DICIT development split,task1,<LOCATA_EVAL_ROOT>\task1\recording5,recording5,442,1485360038.579,0,0.75,1.0,0.0,True,True,9,uniform_time_spread_among_preregistered_eligible_anchors,False,False,False,False
failure-aware-safeguarded-r8-dicit-confirmation-20260807,DOA-FASR-DICIT-FINAL-CONFIRM-20260807,failure_aware_dicit_final_confirmation,final_evaluation_confirmation_after_eigenmike_robothead_detector_discovery; R8 core previously developed on DICIT development split,task1,<LOCATA_EVAL_ROOT>\task1\recording5,recording5,473,1485360038.837,0,0.75,1.0,0.0,True,True,10,uniform_time_spread_among_preregistered_eligible_anchors,False,False,False,False
failure-aware-safeguarded-r8-dicit-confirmation-20260807,DOA-FASR-DICIT-FINAL-CONFIRM-20260807,failure_aware_dicit_final_confirmation,final_evaluation_confirmation_after_eigenmike_robothead_detector_discovery; R8 core previously developed on DICIT development split,task1,<LOCATA_EVAL_ROOT>\task1\recording5,recording5,504,1485360039.096,0,0.75,1.0,0.0,True,True,11,uniform_time_spread_among_preregistered_eligible_anchors,False,False,False,False
failure-aware-safeguarded-r8-dicit-confirmation-20260807,DOA-FASR-DICIT-FINAL-CONFIRM-20260807,failure_aware_dicit_final_confirmation,final_evaluation_confirmation_after_eigenmike_robothead_detector_discovery; R8 core previously developed on DICIT development split,task1,<LOCATA_EVAL_ROOT>\task1\recording5,recording5,535,1485360039.354,0,0.75,1.0,0.0,True,True,12,uniform_time_spread_among_preregistered_eligible_anchors,False,False,False,False
failure-aware-safeguarded-r8-dicit-confirmation-20260807,DOA-FASR-DICIT-FINAL-CONFIRM-20260807,failure_aware_dicit_final_confirmation,final_evaluation_confirmation_after_eigenmike_robothead_detector_discovery; R8 core previously developed on DICIT development split,task1,<LOCATA_EVAL_ROOT>\task1\recording5,recording5,566,1485360039.612,0,0.75,1.0,0.0,True,True,13,uniform_time_spread_among_preregistered_eligible_anchors,False,False,False,False
failure-aware-safeguarded-r8-dicit-confirmation-20260807,DOA-FASR-DICIT-FINAL-CONFIRM-20260807,failure_aware_dicit_final_confirmation,final_evaluation_confirmation_after_eigenmike_robothead_detector_discovery; R8 core previously developed on DICIT development split,task1,<LOCATA_EVAL_ROOT>\task1\recording5,recording5,597,1485360039.871,0,0.75,1.0,0.0,True,True,14,uniform_time_spread_among_preregistered_eligible_anchors,False,False,False,False
failure-aware-safeguarded-r8-dicit-confirmation-20260807,DOA-FASR-DICIT-FINAL-CONFIRM-20260807,failure_aware_dicit_final_confirmation,final_evaluation_confirmation_after_eigenmike_robothead_detector_discovery; R8 core previously developed on DICIT development split,task1,<LOCATA_EVAL_ROOT>\task1\recording5,recording5,693,1485360040.671,0,0.2527638121163301,0.3370184161551068,0.0,False,False,15,uniform_time_spread_among_preregistered_eligible_anchors,False,False,False,False
failure-aware-safeguarded-r8-dicit-confirmation-20260807,DOA-FASR-DICIT-FINAL-CONFIRM-20260807,failure_aware_dicit_final_confirmation,final_evaluation_confirmation_after_eigenmike_robothead_detector_discovery; R8 core previously developed on DICIT development split,task1,<LOCATA_EVAL_ROOT>\task1\recording5,recording5,724,1485360040.929,0,0.5107566456487319,0.6810088608649759,0.0,True,False,16,uniform_time_spread_among_preregistered_eligible_anchors,False,False,False,False
failure-aware-safeguarded-r8-dicit-confirmation-20260807,DOA-FASR-DICIT-FINAL-CONFIRM-20260807,failure_aware_dicit_final_confirmation,final_evaluation_confirmation_after_eigenmike_robothead_detector_discovery; R8 core previously developed on DICIT development split,task1,<LOCATA_EVAL_ROOT>\task1\recording5,recording5,755,1485360041.187,0,0.75,1.0,0.0,True,True,17,uniform_time_spread_among_preregistered_eligible_anchors,False,False,False,False
failure-aware-safeguarded-r8-dicit-confirmation-20260807,DOA-FASR-DICIT-FINAL-CONFIRM-20260807,failure_aware_dicit_final_confirmation,final_evaluation_confirmation_after_eigenmike_robothead_detector_discovery; R8 core previously developed on DICIT development split,task1,<LOCATA_EVAL_ROOT>\task1\recording5,recording5,837,1485360041.871,0,0.3231993555734563,0.4309324740979417,0.0,False,False,18,uniform_time_spread_among_preregistered_eligible_anchors,False,False,False,False
failure-aware-safeguarded-r8-dicit-confirmation-20260807,DOA-FASR-DICIT-FINAL-CONFIRM-20260807,failure_aware_dicit_final_confirmation,final_evaluation_confirmation_after_eigenmike_robothead_detector_discovery; R8 core previously developed on DICIT development split,task1,<LOCATA_EVAL_ROOT>\task1\recording5,recording5,868,1485360042.129,0,0.5005694286269826,0.6674259048359767,0.0,True,False,19,uniform_time_spread_among_preregistered_eligible_anchors,False,False,False,False
failure-aware-safeguarded-r8-dicit-confirmation-20260807,DOA-FASR-DICIT-FINAL-CONFIRM-20260807,failure_aware_dicit_final_confirmation,final_evaluation_confirmation_after_eigenmike_robothead_detector_discovery; R8 core previously developed on DICIT development split,task1,<LOCATA_EVAL_ROOT>\task1\recording6,recording6,100,1485360595.191,0,0.10428876975639566,0.13905169300852754,0.0,False,False,0,uniform_time_spread_among_preregistered_eligible_anchors,False,False,False,False
failure-aware-safeguarded-r8-dicit-confirmation-20260807,DOA-FASR-DICIT-FINAL-CONFIRM-20260807,failure_aware_dicit_final_confirmation,final_evaluation_confirmation_after_eigenmike_robothead_detector_discovery; R8 core previously developed on DICIT development split,task1,<LOCATA_EVAL_ROOT>\task1\recording6,recording6,128,1485360595.425,0,0.3382822699369462,0.45104302658259493,0.0,False,False,1,uniform_time_spread_among_preregistered_eligible_anchors,False,False,False,False
failure-aware-safeguarded-r8-dicit-confirmation-20260807,DOA-FASR-DICIT-FINAL-CONFIRM-20260807,failure_aware_dicit_final_confirmation,final_evaluation_confirmation_after_eigenmike_robothead_detector_discovery; R8 core previously developed on DICIT development split,task1,<LOCATA_EVAL_ROOT>\task1\recording6,recording6,157,1485360595.666,0,0.5792755756784533,0.7723674342379379,0.0,True,False,2,uniform_time_spread_among_preregistered_eligible_anchors,False,False,False,False
failure-aware-safeguarded-r8-dicit-confirmation-20260807,DOA-FASR-DICIT-FINAL-CONFIRM-20260807,failure_aware_dicit_final_confirmation,final_evaluation_confirmation_after_eigenmike_robothead_detector_discovery; R8 core previously developed on DICIT development split,task1,<LOCATA_EVAL_ROOT>\task1\recording6,recording6,185,1485360595.9,0,0.75,1.0,0.0,True,True,3,uniform_time_spread_among_preregistered_eligible_anchors,False,False,False,False
failure-aware-safeguarded-r8-dicit-confirmation-20260807,DOA-FASR-DICIT-FINAL-CONFIRM-20260807,failure_aware_dicit_final_confirmation,final_evaluation_confirmation_after_eigenmike_robothead_detector_discovery; R8 core previously developed on DICIT development split,task1,<LOCATA_EVAL_ROOT>\task1\recording6,recording6,214,1485360596.141,0,0.75,1.0,0.0,True,True,4,uniform_time_spread_among_preregistered_eligible_anchors,False,False,False,False
failure-aware-safeguarded-r8-dicit-confirmation-20260807,DOA-FASR-DICIT-FINAL-CONFIRM-20260807,failure_aware_dicit_final_confirmation,final_evaluation_confirmation_after_eigenmike_robothead_detector_discovery; R8 core previously developed on DICIT development split,task1,<LOCATA_EVAL_ROOT>\task1\recording6,recording6,242,1485360596.375,0,0.75,1.0,0.0,True,True,5,uniform_time_spread_among_preregistered_eligible_anchors,False,False,False,False
failure-aware-safeguarded-r8-dicit-confirmation-20260807,DOA-FASR-DICIT-FINAL-CONFIRM-20260807,failure_aware_dicit_final_confirmation,final_evaluation_confirmation_after_eigenmike_robothead_detector_discovery; R8 core previously developed on DICIT development split,task1,<LOCATA_EVAL_ROOT>\task1\recording6,recording6,271,1485360596.616,0,0.75,1.0,0.0,True,True,6,uniform_time_spread_among_preregistered_eligible_anchors,False,False,False,False
failure-aware-safeguarded-r8-dicit-confirmation-20260807,DOA-FASR-DICIT-FINAL-CONFIRM-20260807,failure_aware_dicit_final_confirmation,final_evaluation_confirmation_after_eigenmike_robothead_detector_discovery; R8 core previously developed on DICIT development split,task1,<LOCATA_EVAL_ROOT>\task1\recording6,recording6,299,1485360596.85,0,0.75,1.0,0.0,True,True,7,uniform_time_spread_among_preregistered_eligible_anchors,False,False,False,False
failure-aware-safeguarded-r8-dicit-confirmation-20260807,DOA-FASR-DICIT-FINAL-CONFIRM-20260807,failure_aware_dicit_final_confirmation,final_evaluation_confirmation_after_eigenmike_robothead_detector_discovery; R8 core previously developed on DICIT development split,task1,<LOCATA_EVAL_ROOT>\task1\recording6,recording6,542,1485360598.875,0,0.24903474903474904,0.33204633204633205,0.0,False,False,8,uniform_time_spread_among_preregistered_eligible_anchors,False,False,False,False
failure-aware-safeguarded-r8-dicit-confirmation-20260807,DOA-FASR-DICIT-FINAL-CONFIRM-20260807,failure_aware_dicit_final_confirmation,final_evaluation_confirmation_after_eigenmike_robothead_detector_discovery; R8 core previously developed on DICIT development split,task1,<LOCATA_EVAL_ROOT>\task1\recording6,recording6,570,1485360599.108,0,0.48202827699230577,0.6427043693230744,0.0,True,False,9,uniform_time_spread_among_preregistered_eligible_anchors,False,False,False,False
failure-aware-safeguarded-r8-dicit-confirmation-20260807,DOA-FASR-DICIT-FINAL-CONFIRM-20260807,failure_aware_dicit_final_confirmation,final_evaluation_confirmation_after_eigenmike_robothead_detector_discovery; R8 core previously developed on DICIT development split,task1,<LOCATA_EVAL_ROOT>\task1\recording6,recording6,599,1485360599.35,0,0.7240215549568068,0.9653620732757423,0.0,True,True,10,uniform_time_spread_among_preregistered_eligible_anchors,False,False,False,False
failure-aware-safeguarded-r8-dicit-confirmation-20260807,DOA-FASR-DICIT-FINAL-CONFIRM-20260807,failure_aware_dicit_final_confirmation,final_evaluation_confirmation_after_eigenmike_robothead_detector_discovery; R8 core previously developed on DICIT development split,task1,<LOCATA_EVAL_ROOT>\task1\recording6,recording6,627,1485360599.583,0,0.75,1.0,0.0,True,True,11,uniform_time_spread_among_preregistered_eligible_anchors,False,False,False,False
failure-aware-safeguarded-r8-dicit-confirmation-20260807,DOA-FASR-DICIT-FINAL-CONFIRM-20260807,failure_aware_dicit_final_confirmation,final_evaluation_confirmation_after_eigenmike_robothead_detector_discovery; R8 core previously developed on DICIT development split,task1,<LOCATA_EVAL_ROOT>\task1\recording6,recording6,656,1485360599.825,0,0.75,1.0,0.0,True,True,12,uniform_time_spread_among_preregistered_eligible_anchors,False,False,False,False
failure-aware-safeguarded-r8-dicit-confirmation-20260807,DOA-FASR-DICIT-FINAL-CONFIRM-20260807,failure_aware_dicit_final_confirmation,final_evaluation_confirmation_after_eigenmike_robothead_detector_discovery; R8 core previously developed on DICIT development split,task1,<LOCATA_EVAL_ROOT>\task1\recording6,recording6,684,1485360600.058,0,0.75,1.0,0.0,True,True,13,uniform_time_spread_among_preregistered_eligible_anchors,False,False,False,False
failure-aware-safeguarded-r8-dicit-confirmation-20260807,DOA-FASR-DICIT-FINAL-CONFIRM-20260807,failure_aware_dicit_final_confirmation,final_evaluation_confirmation_after_eigenmike_robothead_detector_discovery; R8 core previously developed on DICIT development split,task1,<LOCATA_EVAL_ROOT>\task1\recording6,recording6,713,1485360600.3,0,0.75,1.0,0.0,True,True,14,uniform_time_spread_among_preregistered_eligible_anchors,False,False,False,False
failure-aware-safeguarded-r8-dicit-confirmation-20260807,DOA-FASR-DICIT-FINAL-CONFIRM-20260807,failure_aware_dicit_final_confirmation,final_evaluation_confirmation_after_eigenmike_robothead_detector_discovery; R8 core previously developed on DICIT development split,task1,<LOCATA_EVAL_ROOT>\task1\recording6,recording6,741,1485360600.533,0,0.75,1.0,0.0,True,True,15,uniform_time_spread_among_preregistered_eligible_anchors,False,False,False,False
failure-aware-safeguarded-r8-dicit-confirmation-20260807,DOA-FASR-DICIT-FINAL-CONFIRM-20260807,failure_aware_dicit_final_confirmation,final_evaluation_confirmation_after_eigenmike_robothead_detector_discovery; R8 core previously developed on DICIT development split,task1,<LOCATA_EVAL_ROOT>\task1\recording6,recording6,770,1485360600.775,0,0.75,1.0,0.0,True,True,16,uniform_time_spread_among_preregistered_eligible_anchors,False,False,False,False
failure-aware-safeguarded-r8-dicit-confirmation-20260807,DOA-FASR-DICIT-FINAL-CONFIRM-20260807,failure_aware_dicit_final_confirmation,final_evaluation_confirmation_after_eigenmike_robothead_detector_discovery; R8 core previously developed on DICIT development split,task1,<LOCATA_EVAL_ROOT>\task1\recording6,recording6,798,1485360601.008,0,0.75,1.0,0.0,True,True,17,uniform_time_spread_among_preregistered_eligible_anchors,False,False,False,False
failure-aware-safeguarded-r8-dicit-confirmation-20260807,DOA-FASR-DICIT-FINAL-CONFIRM-20260807,failure_aware_dicit_final_confirmation,final_evaluation_confirmation_after_eigenmike_robothead_detector_discovery; R8 core previously developed on DICIT development split,task1,<LOCATA_EVAL_ROOT>\task1\recording6,recording6,827,1485360601.25,0,0.75,1.0,0.0,True,True,18,uniform_time_spread_among_preregistered_eligible_anchors,False,False,False,False
failure-aware-safeguarded-r8-dicit-confirmation-20260807,DOA-FASR-DICIT-FINAL-CONFIRM-20260807,failure_aware_dicit_final_confirmation,final_evaluation_confirmation_after_eigenmike_robothead_detector_discovery; R8 core previously developed on DICIT development split,task1,<LOCATA_EVAL_ROOT>\task1\recording6,recording6,855,1485360601.483,0,0.75,1.0,0.0,True,True,19,uniform_time_spread_among_preregistered_eligible_anchors,False,False,False,False
failure-aware-safeguarded-r8-dicit-confirmation-20260807,DOA-FASR-DICIT-FINAL-CONFIRM-20260807,failure_aware_dicit_final_confirmation,final_evaluation_confirmation_after_eigenmike_robothead_detector_discovery; R8 core previously developed on DICIT development split,task1,<LOCATA_EVAL_ROOT>\task1\recording7,recording7,142,1485360734.756,0,0.10143468236993418,0.13524624315991224,0.0,False,False,0,uniform_time_spread_among_preregistered_eligible_anchors,False,False,False,False
failure-aware-safeguarded-r8-dicit-confirmation-20260807,DOA-FASR-DICIT-FINAL-CONFIRM-20260807,failure_aware_dicit_final_confirmation,final_evaluation_confirmation_after_eigenmike_robothead_detector_discovery; R8 core previously developed on DICIT development split,task1,<LOCATA_EVAL_ROOT>\task1\recording7,recording7,166,1485360734.956,0,0.3014291269686953,0.4019055026249271,0.0,False,False,1,uniform_time_spread_among_preregistered_eligible_anchors,False,False,False,False
failure-aware-safeguarded-r8-dicit-confirmation-20260807,DOA-FASR-DICIT-FINAL-CONFIRM-20260807,failure_aware_dicit_final_confirmation,final_evaluation_confirmation_after_eigenmike_robothead_detector_discovery; R8 core previously developed on DICIT development split,task1,<LOCATA_EVAL_ROOT>\task1\recording7,recording7,189,1485360735.148,0,0.493423793783506,0.6578983917113413,0.0,True,False,2,uniform_time_spread_among_preregistered_eligible_anchors,False,False,False,False
failure-aware-safeguarded-r8-dicit-confirmation-20260807,DOA-FASR-DICIT-FINAL-CONFIRM-20260807,failure_aware_dicit_final_confirmation,final_evaluation_confirmation_after_eigenmike_robothead_detector_discovery; R8 core previously developed on DICIT development split,task1,<LOCATA_EVAL_ROOT>\task1\recording7,recording7,213,1485360735.348,0,0.6934182383822671,0.9245576511763562,0.0,True,True,3,uniform_time_spread_among_preregistered_eligible_anchors,False,False,False,False
failure-aware-safeguarded-r8-dicit-confirmation-20260807,DOA-FASR-DICIT-FINAL-CONFIRM-20260807,failure_aware_dicit_final_confirmation,final_evaluation_confirmation_after_eigenmike_robothead_detector_discovery; R8 core previously developed on DICIT development split,task1,<LOCATA_EVAL_ROOT>\task1\recording7,recording7,237,1485360735.548,0,0.75,1.0,0.0,True,True,4,uniform_time_spread_among_preregistered_eligible_anchors,False,False,False,False
failure-aware-safeguarded-r8-dicit-confirmation-20260807,DOA-FASR-DICIT-FINAL-CONFIRM-20260807,failure_aware_dicit_final_confirmation,final_evaluation_confirmation_after_eigenmike_robothead_detector_discovery; R8 core previously developed on DICIT development split,task1,<LOCATA_EVAL_ROOT>\task1\recording7,recording7,435,1485360737.198,0,0.2191814116274548,0.29224188216993974,0.0,False,False,5,uniform_time_spread_among_preregistered_eligible_anchors,False,False,False,False
failure-aware-safeguarded-r8-dicit-confirmation-20260807,DOA-FASR-DICIT-FINAL-CONFIRM-20260807,failure_aware_dicit_final_confirmation,final_evaluation_confirmation_after_eigenmike_robothead_detector_discovery; R8 core previously developed on DICIT development split,task1,<LOCATA_EVAL_ROOT>\task1\recording7,recording7,459,1485360737.398,0,0.419175856226216,0.5589011416349546,0.0,True,False,6,uniform_time_spread_among_preregistered_eligible_anchors,False,False,False,False
failure-aware-safeguarded-r8-dicit-confirmation-20260807,DOA-FASR-DICIT-FINAL-CONFIRM-20260807,failure_aware_dicit_final_confirmation,final_evaluation_confirmation_after_eigenmike_robothead_detector_discovery; R8 core previously developed on DICIT development split,task1,<LOCATA_EVAL_ROOT>\task1\recording7,recording7,483,1485360737.598,0,0.619170300824977,0.8255604010999694,0.0,True,True,7,uniform_time_spread_among_preregistered_eligible_anchors,False,False,False,False
failure-aware-safeguarded-r8-dicit-confirmation-20260807,DOA-FASR-DICIT-FINAL-CONFIRM-20260807,failure_aware_dicit_final_confirmation,final_evaluation_confirmation_after_eigenmike_robothead_detector_discovery; R8 core previously developed on DICIT development split,task1,<LOCATA_EVAL_ROOT>\task1\recording7,recording7,506,1485360737.789,0,0.75,1.0,0.0,True,True,8,uniform_time_spread_among_preregistered_eligible_anchors,False,False,False,False
failure-aware-safeguarded-r8-dicit-confirmation-20260807,DOA-FASR-DICIT-FINAL-CONFIRM-20260807,failure_aware_dicit_final_confirmation,final_evaluation_confirmation_after_eigenmike_robothead_detector_discovery; R8 core previously developed on DICIT development split,task1,<LOCATA_EVAL_ROOT>\task1\recording7,recording7,530,1485360737.989,0,0.75,1.0,0.0,True,True,9,uniform_time_spread_among_preregistered_eligible_anchors,False,False,False,False
failure-aware-safeguarded-r8-dicit-confirmation-20260807,DOA-FASR-DICIT-FINAL-CONFIRM-20260807,failure_aware_dicit_final_confirmation,final_evaluation_confirmation_after_eigenmike_robothead_detector_discovery; R8 core previously developed on DICIT development split,task1,<LOCATA_EVAL_ROOT>\task1\recording7,recording7,554,1485360738.189,0,0.75,1.0,0.0,True,True,10,uniform_time_spread_among_preregistered_eligible_anchors,False,False,False,False
failure-aware-safeguarded-r8-dicit-confirmation-20260807,DOA-FASR-DICIT-FINAL-CONFIRM-20260807,failure_aware_dicit_final_confirmation,final_evaluation_confirmation_after_eigenmike_robothead_detector_discovery; R8 core previously developed on DICIT development split,task1,<LOCATA_EVAL_ROOT>\task1\recording7,recording7,578,1485360738.389,0,0.75,1.0,0.0,True,True,11,uniform_time_spread_among_preregistered_eligible_anchors,False,False,False,False
failure-aware-safeguarded-r8-dicit-confirmation-20260807,DOA-FASR-DICIT-FINAL-CONFIRM-20260807,failure_aware_dicit_final_confirmation,final_evaluation_confirmation_after_eigenmike_robothead_detector_discovery; R8 core previously developed on DICIT development split,task1,<LOCATA_EVAL_ROOT>\task1\recording7,recording7,601,1485360738.581,0,0.75,1.0,0.0,True,True,12,uniform_time_spread_among_preregistered_eligible_anchors,False,False,False,False
failure-aware-safeguarded-r8-dicit-confirmation-20260807,DOA-FASR-DICIT-FINAL-CONFIRM-20260807,failure_aware_dicit_final_confirmation,final_evaluation_confirmation_after_eigenmike_robothead_detector_discovery; R8 core previously developed on DICIT development split,task1,<LOCATA_EVAL_ROOT>\task1\recording7,recording7,625,1485360738.781,0,0.75,1.0,0.0,True,True,13,uniform_time_spread_among_preregistered_eligible_anchors,False,False,False,False
failure-aware-safeguarded-r8-dicit-confirmation-20260807,DOA-FASR-DICIT-FINAL-CONFIRM-20260807,failure_aware_dicit_final_confirmation,final_evaluation_confirmation_after_eigenmike_robothead_detector_discovery; R8 core previously developed on DICIT development split,task1,<LOCATA_EVAL_ROOT>\task1\recording7,recording7,649,1485360738.981,0,0.75,1.0,0.0,True,True,14,uniform_time_spread_among_preregistered_eligible_anchors,False,False,False,False
failure-aware-safeguarded-r8-dicit-confirmation-20260807,DOA-FASR-DICIT-FINAL-CONFIRM-20260807,failure_aware_dicit_final_confirmation,final_evaluation_confirmation_after_eigenmike_robothead_detector_discovery; R8 core previously developed on DICIT development split,task1,<LOCATA_EVAL_ROOT>\task1\recording7,recording7,672,1485360739.173,0,0.75,1.0,0.0,True,True,15,uniform_time_spread_among_preregistered_eligible_anchors,False,False,False,False
failure-aware-safeguarded-r8-dicit-confirmation-20260807,DOA-FASR-DICIT-FINAL-CONFIRM-20260807,failure_aware_dicit_final_confirmation,final_evaluation_confirmation_after_eigenmike_robothead_detector_discovery; R8 core previously developed on DICIT development split,task1,<LOCATA_EVAL_ROOT>\task1\recording7,recording7,696,1485360739.373,0,0.75,1.0,0.0,True,True,16,uniform_time_spread_among_preregistered_eligible_anchors,False,False,False,False
failure-aware-safeguarded-r8-dicit-confirmation-20260807,DOA-FASR-DICIT-FINAL-CONFIRM-20260807,failure_aware_dicit_final_confirmation,final_evaluation_confirmation_after_eigenmike_robothead_detector_discovery; R8 core previously developed on DICIT development split,task1,<LOCATA_EVAL_ROOT>\task1\recording7,recording7,720,1485360739.573,0,0.75,1.0,0.0,True,True,17,uniform_time_spread_among_preregistered_eligible_anchors,False,False,False,False
failure-aware-safeguarded-r8-dicit-confirmation-20260807,DOA-FASR-DICIT-FINAL-CONFIRM-20260807,failure_aware_dicit_final_confirmation,final_evaluation_confirmation_after_eigenmike_robothead_detector_discovery; R8 core previously developed on DICIT development split,task1,<LOCATA_EVAL_ROOT>\task1\recording7,recording7,743,1485360739.764,0,0.75,1.0,0.0,True,True,18,uniform_time_spread_among_preregistered_eligible_anchors,False,False,False,False
failure-aware-safeguarded-r8-dicit-confirmation-20260807,DOA-FASR-DICIT-FINAL-CONFIRM-20260807,failure_aware_dicit_final_confirmation,final_evaluation_confirmation_after_eigenmike_robothead_detector_discovery; R8 core previously developed on DICIT development split,task1,<LOCATA_EVAL_ROOT>\task1\recording7,recording7,767,1485360739.964,0,0.75,1.0,0.0,True,True,19,uniform_time_spread_among_preregistered_eligible_anchors,False,False,False,False
failure-aware-safeguarded-r8-dicit-confirmation-20260807,DOA-FASR-DICIT-FINAL-CONFIRM-20260807,failure_aware_dicit_final_confirmation,final_evaluation_confirmation_after_eigenmike_robothead_detector_discovery; R8 core previously developed on DICIT development split,task1,<LOCATA_EVAL_ROOT>\task1\recording8,recording8,236,1485360765.512,0,0.1079345018193939,0.1439126690925252,0.0,False,False,0,uniform_time_spread_among_preregistered_eligible_anchors,False,False,False,False
failure-aware-safeguarded-r8-dicit-confirmation-20260807,DOA-FASR-DICIT-FINAL-CONFIRM-20260807,failure_aware_dicit_final_confirmation,final_evaluation_confirmation_after_eigenmike_robothead_detector_discovery; R8 core previously developed on DICIT development split,task1,<LOCATA_EVAL_ROOT>\task1\recording8,recording8,245,1485360765.587,0,0.18293241854392933,0.24390989139190578,0.0,False,False,1,uniform_time_spread_among_preregistered_eligible_anchors,False,False,False,False
failure-aware-safeguarded-r8-dicit-confirmation-20260807,DOA-FASR-DICIT-FINAL-CONFIRM-20260807,failure_aware_dicit_final_confirmation,final_evaluation_confirmation_after_eigenmike_robothead_detector_discovery; R8 core previously developed on DICIT development split,task1,<LOCATA_EVAL_ROOT>\task1\recording8,recording8,254,1485360765.662,0,0.25793033526846476,0.34390711369128635,0.0,False,False,2,uniform_time_spread_among_preregistered_eligible_anchors,False,False,False,False
failure-aware-safeguarded-r8-dicit-confirmation-20260807,DOA-FASR-DICIT-FINAL-CONFIRM-20260807,failure_aware_dicit_final_confirmation,final_evaluation_confirmation_after_eigenmike_robothead_detector_discovery; R8 core previously developed on DICIT development split,task1,<LOCATA_EVAL_ROOT>\task1\recording8,recording8,263,1485360765.737,0,0.3329282519930002,0.4439043359906669,0.0,False,False,3,uniform_time_spread_among_preregistered_eligible_anchors,False,False,False,False
failure-aware-safeguarded-r8-dicit-confirmation-20260807,DOA-FASR-DICIT-FINAL-CONFIRM-20260807,failure_aware_dicit_final_confirmation,final_evaluation_confirmation_after_eigenmike_robothead_detector_discovery; R8 core previously developed on DICIT development split,task1,<LOCATA_EVAL_ROOT>\task1\recording8,recording8,272,1485360765.812,0,0.4079261687175356,0.5439015582900475,0.0,True,False,4,uniform_time_spread_among_preregistered_eligible_anchors,False,False,False,False
failure-aware-safeguarded-r8-dicit-confirmation-20260807,DOA-FASR-DICIT-FINAL-CONFIRM-20260807,failure_aware_dicit_final_confirmation,final_evaluation_confirmation_after_eigenmike_robothead_detector_discovery; R8 core previously developed on DICIT development split,task1,<LOCATA_EVAL_ROOT>\task1\recording8,recording8,282,1485360765.895,0,0.49092386322602155,0.6545651509680287,0.0,True,False,5,uniform_time_spread_among_preregistered_eligible_anchors,False,False,False,False
failure-aware-safeguarded-r8-dicit-confirmation-20260807,DOA-FASR-DICIT-FINAL-CONFIRM-20260807,failure_aware_dicit_final_confirmation,final_evaluation_confirmation_after_eigenmike_robothead_detector_discovery; R8 core previously developed on DICIT development split,task1,<LOCATA_EVAL_ROOT>\task1\recording8,recording8,291,1485360765.97,0,0.5659217799505569,0.7545623732674093,0.0,True,False,6,uniform_time_spread_among_preregistered_eligible_anchors,False,False,False,False
failure-aware-safeguarded-r8-dicit-confirmation-20260807,DOA-FASR-DICIT-FINAL-CONFIRM-20260807,failure_aware_dicit_final_confirmation,final_evaluation_confirmation_after_eigenmike_robothead_detector_discovery; R8 core previously developed on DICIT development split,task1,<LOCATA_EVAL_ROOT>\task1\recording8,recording8,300,1485360766.045,0,0.6409196966750924,0.8545595955667898,0.0,True,True,7,uniform_time_spread_among_preregistered_eligible_anchors,False,False,False,False
failure-aware-safeguarded-r8-dicit-confirmation-20260807,DOA-FASR-DICIT-FINAL-CONFIRM-20260807,failure_aware_dicit_final_confirmation,final_evaluation_confirmation_after_eigenmike_robothead_detector_discovery; R8 core previously developed on DICIT development split,task1,<LOCATA_EVAL_ROOT>\task1\recording8,recording8,309,1485360766.12,0,0.7159176133996278,0.9545568178661704,0.0,True,True,8,uniform_time_spread_among_preregistered_eligible_anchors,False,False,False,False
failure-aware-safeguarded-r8-dicit-confirmation-20260807,DOA-FASR-DICIT-FINAL-CONFIRM-20260807,failure_aware_dicit_final_confirmation,final_evaluation_confirmation_after_eigenmike_robothead_detector_discovery; R8 core previously developed on DICIT development split,task1,<LOCATA_EVAL_ROOT>\task1\recording8,recording8,318,1485360766.195,0,0.75,1.0,0.0,True,True,9,uniform_time_spread_among_preregistered_eligible_anchors,False,False,False,False
failure-aware-safeguarded-r8-dicit-confirmation-20260807,DOA-FASR-DICIT-FINAL-CONFIRM-20260807,failure_aware_dicit_final_confirmation,final_evaluation_confirmation_after_eigenmike_robothead_detector_discovery; R8 core previously developed on DICIT development split,task1,<LOCATA_EVAL_ROOT>\task1\recording8,recording8,327,1485360766.27,0,0.75,1.0,0.0,True,True,10,uniform_time_spread_among_preregistered_eligible_anchors,False,False,False,False
failure-aware-safeguarded-r8-dicit-confirmation-20260807,DOA-FASR-DICIT-FINAL-CONFIRM-20260807,failure_aware_dicit_final_confirmation,final_evaluation_confirmation_after_eigenmike_robothead_detector_discovery; R8 core previously developed on DICIT development split,task1,<LOCATA_EVAL_ROOT>\task1\recording8,recording8,336,1485360766.345,0,0.75,1.0,0.0,True,True,11,uniform_time_spread_among_preregistered_eligible_anchors,False,False,False,False
failure-aware-safeguarded-r8-dicit-confirmation-20260807,DOA-FASR-DICIT-FINAL-CONFIRM-20260807,failure_aware_dicit_final_confirmation,final_evaluation_confirmation_after_eigenmike_robothead_detector_discovery; R8 core previously developed on DICIT development split,task1,<LOCATA_EVAL_ROOT>\task1\recording8,recording8,345,1485360766.42,0,0.75,1.0,0.0,True,True,12,uniform_time_spread_among_preregistered_eligible_anchors,False,False,False,False
failure-aware-safeguarded-r8-dicit-confirmation-20260807,DOA-FASR-DICIT-FINAL-CONFIRM-20260807,failure_aware_dicit_final_confirmation,final_evaluation_confirmation_after_eigenmike_robothead_detector_discovery; R8 core previously developed on DICIT development split,task1,<LOCATA_EVAL_ROOT>\task1\recording8,recording8,354,1485360766.495,0,0.75,1.0,0.0,True,True,13,uniform_time_spread_among_preregistered_eligible_anchors,False,False,False,False
failure-aware-safeguarded-r8-dicit-confirmation-20260807,DOA-FASR-DICIT-FINAL-CONFIRM-20260807,failure_aware_dicit_final_confirmation,final_evaluation_confirmation_after_eigenmike_robothead_detector_discovery; R8 core previously developed on DICIT development split,task1,<LOCATA_EVAL_ROOT>\task1\recording8,recording8,363,1485360766.57,0,0.75,1.0,0.0,True,True,14,uniform_time_spread_among_preregistered_eligible_anchors,False,False,False,False
failure-aware-safeguarded-r8-dicit-confirmation-20260807,DOA-FASR-DICIT-FINAL-CONFIRM-20260807,failure_aware_dicit_final_confirmation,final_evaluation_confirmation_after_eigenmike_robothead_detector_discovery; R8 core previously developed on DICIT development split,task1,<LOCATA_EVAL_ROOT>\task1\recording8,recording8,373,1485360766.653,0,0.75,1.0,0.0,True,True,15,uniform_time_spread_among_preregistered_eligible_anchors,False,False,False,False
failure-aware-safeguarded-r8-dicit-confirmation-20260807,DOA-FASR-DICIT-FINAL-CONFIRM-20260807,failure_aware_dicit_final_confirmation,final_evaluation_confirmation_after_eigenmike_robothead_detector_discovery; R8 core previously developed on DICIT development split,task1,<LOCATA_EVAL_ROOT>\task1\recording8,recording8,382,1485360766.728,0,0.75,1.0,0.0,True,True,16,uniform_time_spread_among_preregistered_eligible_anchors,False,False,False,False
failure-aware-safeguarded-r8-dicit-confirmation-20260807,DOA-FASR-DICIT-FINAL-CONFIRM-20260807,failure_aware_dicit_final_confirmation,final_evaluation_confirmation_after_eigenmike_robothead_detector_discovery; R8 core previously developed on DICIT development split,task1,<LOCATA_EVAL_ROOT>\task1\recording8,recording8,391,1485360766.803,0,0.75,1.0,0.0,True,True,17,uniform_time_spread_among_preregistered_eligible_anchors,False,False,False,False
failure-aware-safeguarded-r8-dicit-confirmation-20260807,DOA-FASR-DICIT-FINAL-CONFIRM-20260807,failure_aware_dicit_final_confirmation,final_evaluation_confirmation_after_eigenmike_robothead_detector_discovery; R8 core previously developed on DICIT development split,task1,<LOCATA_EVAL_ROOT>\task1\recording8,recording8,400,1485360766.878,0,0.75,1.0,0.0,True,True,18,uniform_time_spread_among_preregistered_eligible_anchors,False,False,False,False
failure-aware-safeguarded-r8-dicit-confirmation-20260807,DOA-FASR-DICIT-FINAL-CONFIRM-20260807,failure_aware_dicit_final_confirmation,final_evaluation_confirmation_after_eigenmike_robothead_detector_discovery; R8 core previously developed on DICIT development split,task1,<LOCATA_EVAL_ROOT>\task1\recording8,recording8,409,1485360766.953,0,0.75,1.0,0.0,True,True,19,uniform_time_spread_among_preregistered_eligible_anchors,False,False,False,False
failure-aware-safeguarded-r8-dicit-confirmation-20260807,DOA-FASR-DICIT-FINAL-CONFIRM-20260807,failure_aware_dicit_final_confirmation,final_evaluation_confirmation_after_eigenmike_robothead_detector_discovery; R8 core previously developed on DICIT development split,task1,<LOCATA_EVAL_ROOT>\task1\recording9,recording9,91,1485360800.8,0,0.401072192439099,0.5347629232521319,0.0,True,False,0,uniform_time_spread_among_preregistered_eligible_anchors,False,False,False,False
failure-aware-safeguarded-r8-dicit-confirmation-20260807,DOA-FASR-DICIT-FINAL-CONFIRM-20260807,failure_aware_dicit_final_confirmation,final_evaluation_confirmation_after_eigenmike_robothead_detector_discovery; R8 core previously developed on DICIT development split,task1,<LOCATA_EVAL_ROOT>\task1\recording9,recording9,116,1485360801.009,0,0.6100663870448043,0.8134218493930724,0.0,True,True,1,uniform_time_spread_among_preregistered_eligible_anchors,False,False,False,False
failure-aware-safeguarded-r8-dicit-confirmation-20260807,DOA-FASR-DICIT-FINAL-CONFIRM-20260807,failure_aware_dicit_final_confirmation,final_evaluation_confirmation_after_eigenmike_robothead_detector_discovery; R8 core previously developed on DICIT development split,task1,<LOCATA_EVAL_ROOT>\task1\recording9,recording9,140,1485360801.209,0,0.75,1.0,0.0,True,True,2,uniform_time_spread_among_preregistered_eligible_anchors,False,False,False,False
failure-aware-safeguarded-r8-dicit-confirmation-20260807,DOA-FASR-DICIT-FINAL-CONFIRM-20260807,failure_aware_dicit_final_confirmation,final_evaluation_confirmation_after_eigenmike_robothead_detector_discovery; R8 core previously developed on DICIT development split,task1,<LOCATA_EVAL_ROOT>\task1\recording9,recording9,165,1485360801.417,0,0.75,1.0,0.0,True,True,3,uniform_time_spread_among_preregistered_eligible_anchors,False,False,False,False
failure-aware-safeguarded-r8-dicit-confirmation-20260807,DOA-FASR-DICIT-FINAL-CONFIRM-20260807,failure_aware_dicit_final_confirmation,final_evaluation_confirmation_after_eigenmike_robothead_detector_discovery; R8 core previously developed on DICIT development split,task1,<LOCATA_EVAL_ROOT>\task1\recording9,recording9,189,1485360801.617,0,0.75,1.0,0.0,True,True,4,uniform_time_spread_among_preregistered_eligible_anchors,False,False,False,False
failure-aware-safeguarded-r8-dicit-confirmation-20260807,DOA-FASR-DICIT-FINAL-CONFIRM-20260807,failure_aware_dicit_final_confirmation,final_evaluation_confirmation_after_eigenmike_robothead_detector_discovery; R8 core previously developed on DICIT development split,task1,<LOCATA_EVAL_ROOT>\task1\recording9,recording9,214,1485360801.825,0,0.75,1.0,0.0,True,True,5,uniform_time_spread_among_preregistered_eligible_anchors,False,False,False,False
failure-aware-safeguarded-r8-dicit-confirmation-20260807,DOA-FASR-DICIT-FINAL-CONFIRM-20260807,failure_aware_dicit_final_confirmation,final_evaluation_confirmation_after_eigenmike_robothead_detector_discovery; R8 core previously developed on DICIT development split,task1,<LOCATA_EVAL_ROOT>\task1\recording9,recording9,238,1485360802.025,0,0.75,1.0,0.0,True,True,6,uniform_time_spread_among_preregistered_eligible_anchors,False,False,False,False
failure-aware-safeguarded-r8-dicit-confirmation-20260807,DOA-FASR-DICIT-FINAL-CONFIRM-20260807,failure_aware_dicit_final_confirmation,final_evaluation_confirmation_after_eigenmike_robothead_detector_discovery; R8 core previously developed on DICIT development split,task1,<LOCATA_EVAL_ROOT>\task1\recording9,recording9,263,1485360802.234,0,0.75,1.0,0.0,True,True,7,uniform_time_spread_among_preregistered_eligible_anchors,False,False,False,False
failure-aware-safeguarded-r8-dicit-confirmation-20260807,DOA-FASR-DICIT-FINAL-CONFIRM-20260807,failure_aware_dicit_final_confirmation,final_evaluation_confirmation_after_eigenmike_robothead_detector_discovery; R8 core previously developed on DICIT development split,task1,<LOCATA_EVAL_ROOT>\task1\recording9,recording9,287,1485360802.434,0,0.75,1.0,0.0,True,True,8,uniform_time_spread_among_preregistered_eligible_anchors,False,False,False,False
failure-aware-safeguarded-r8-dicit-confirmation-20260807,DOA-FASR-DICIT-FINAL-CONFIRM-20260807,failure_aware_dicit_final_confirmation,final_evaluation_confirmation_after_eigenmike_robothead_detector_discovery; R8 core previously developed on DICIT development split,task1,<LOCATA_EVAL_ROOT>\task1\recording9,recording9,312,1485360802.642,0,0.75,1.0,0.0,True,True,9,uniform_time_spread_among_preregistered_eligible_anchors,False,False,False,False
failure-aware-safeguarded-r8-dicit-confirmation-20260807,DOA-FASR-DICIT-FINAL-CONFIRM-20260807,failure_aware_dicit_final_confirmation,final_evaluation_confirmation_after_eigenmike_robothead_detector_discovery; R8 core previously developed on DICIT development split,task1,<LOCATA_EVAL_ROOT>\task1\recording9,recording9,336,1485360802.842,0,0.75,1.0,0.0,True,True,10,uniform_time_spread_among_preregistered_eligible_anchors,False,False,False,False
failure-aware-safeguarded-r8-dicit-confirmation-20260807,DOA-FASR-DICIT-FINAL-CONFIRM-20260807,failure_aware_dicit_final_confirmation,final_evaluation_confirmation_after_eigenmike_robothead_detector_discovery; R8 core previously developed on DICIT development split,task1,<LOCATA_EVAL_ROOT>\task1\recording9,recording9,361,1485360803.05,0,0.75,1.0,0.0,True,True,11,uniform_time_spread_among_preregistered_eligible_anchors,False,False,False,False
failure-aware-safeguarded-r8-dicit-confirmation-20260807,DOA-FASR-DICIT-FINAL-CONFIRM-20260807,failure_aware_dicit_final_confirmation,final_evaluation_confirmation_after_eigenmike_robothead_detector_discovery; R8 core previously developed on DICIT development split,task1,<LOCATA_EVAL_ROOT>\task1\recording9,recording9,385,1485360803.25,0,0.75,1.0,0.0,True,True,12,uniform_time_spread_among_preregistered_eligible_anchors,False,False,False,False
failure-aware-safeguarded-r8-dicit-confirmation-20260807,DOA-FASR-DICIT-FINAL-CONFIRM-20260807,failure_aware_dicit_final_confirmation,final_evaluation_confirmation_after_eigenmike_robothead_detector_discovery; R8 core previously developed on DICIT development split,task1,<LOCATA_EVAL_ROOT>\task1\recording9,recording9,410,1485360803.459,0,0.75,1.0,0.0,True,True,13,uniform_time_spread_among_preregistered_eligible_anchors,False,False,False,False
failure-aware-safeguarded-r8-dicit-confirmation-20260807,DOA-FASR-DICIT-FINAL-CONFIRM-20260807,failure_aware_dicit_final_confirmation,final_evaluation_confirmation_after_eigenmike_robothead_detector_discovery; R8 core previously developed on DICIT development split,task1,<LOCATA_EVAL_ROOT>\task1\recording9,recording9,480,1485360804.042,0,0.3689064192661315,0.4918752256881753,0.0,False,False,14,uniform_time_spread_among_preregistered_eligible_anchors,False,False,False,False
failure-aware-safeguarded-r8-dicit-confirmation-20260807,DOA-FASR-DICIT-FINAL-CONFIRM-20260807,failure_aware_dicit_final_confirmation,final_evaluation_confirmation_after_eigenmike_robothead_detector_discovery; R8 core previously developed on DICIT development split,task1,<LOCATA_EVAL_ROOT>\task1\recording9,recording9,505,1485360804.25,0,0.38673925724285435,0.5156523429904725,0.0,True,False,15,uniform_time_spread_among_preregistered_eligible_anchors,False,False,False,False
failure-aware-safeguarded-r8-dicit-confirmation-20260807,DOA-FASR-DICIT-FINAL-CONFIRM-20260807,failure_aware_dicit_final_confirmation,final_evaluation_confirmation_after_eigenmike_robothead_detector_discovery; R8 core previously developed on DICIT development split,task1,<LOCATA_EVAL_ROOT>\task1\recording9,recording9,529,1485360804.45,0,0.5867337018416156,0.7823116024554874,0.0,True,False,16,uniform_time_spread_among_preregistered_eligible_anchors,False,False,False,False
failure-aware-safeguarded-r8-dicit-confirmation-20260807,DOA-FASR-DICIT-FINAL-CONFIRM-20260807,failure_aware_dicit_final_confirmation,final_evaluation_confirmation_after_eigenmike_robothead_detector_discovery; R8 core previously developed on DICIT development split,task1,<LOCATA_EVAL_ROOT>\task1\recording9,recording9,554,1485360804.659,0,0.75,1.0,0.0,True,True,17,uniform_time_spread_among_preregistered_eligible_anchors,False,False,False,False
failure-aware-safeguarded-r8-dicit-confirmation-20260807,DOA-FASR-DICIT-FINAL-CONFIRM-20260807,failure_aware_dicit_final_confirmation,final_evaluation_confirmation_after_eigenmike_robothead_detector_discovery; R8 core previously developed on DICIT development split,task1,<LOCATA_EVAL_ROOT>\task1\recording9,recording9,578,1485360804.859,0,0.75,1.0,0.0,True,True,18,uniform_time_spread_among_preregistered_eligible_anchors,False,False,False,False
failure-aware-safeguarded-r8-dicit-confirmation-20260807,DOA-FASR-DICIT-FINAL-CONFIRM-20260807,failure_aware_dicit_final_confirmation,final_evaluation_confirmation_after_eigenmike_robothead_detector_discovery; R8 core previously developed on DICIT development split,task1,<LOCATA_EVAL_ROOT>\task1\recording9,recording9,603,1485360805.067,0,0.75,1.0,0.0,True,True,19,uniform_time_spread_among_preregistered_eligible_anchors,False,False,False,False
failure-aware-safeguarded-r8-dicit-confirmation-20260807,DOA-FASR-DICIT-FINAL-CONFIRM-20260807,failure_aware_dicit_final_confirmation,final_evaluation_confirmation_after_eigenmike_robothead_detector_discovery; R8 core previously developed on DICIT development split,task2,<LOCATA_EVAL_ROOT>\task2\recording10,recording10,738,1485372702.622,0,0.10322629926946475,0.13763506569261966,0.0,False,False,0,uniform_time_spread_among_preregistered_eligible_anchors,False,False,False,False
failure-aware-safeguarded-r8-dicit-confirmation-20260807,DOA-FASR-DICIT-FINAL-CONFIRM-20260807,failure_aware_dicit_final_confirmation,final_evaluation_confirmation_after_eigenmike_robothead_detector_discovery; R8 core previously developed on DICIT development split,task2,<LOCATA_EVAL_ROOT>\task2\recording10,recording10,746,1485372702.689,0,0.17022443821004973,0.22696591761339963,0.0,False,False,1,uniform_time_spread_among_preregistered_eligible_anchors,False,False,False,False
failure-aware-safeguarded-r8-dicit-confirmation-20260807,DOA-FASR-DICIT-FINAL-CONFIRM-20260807,failure_aware_dicit_final_confirmation,final_evaluation_confirmation_after_eigenmike_robothead_detector_discovery; R8 core previously developed on DICIT development split,task2,<LOCATA_EVAL_ROOT>\task2\recording10,recording10,753,1485372702.747,0,0.22822282714369047,0.30429710285825395,0.0,False,False,2,uniform_time_spread_among_preregistered_eligible_anchors,False,False,False,False
failure-aware-safeguarded-r8-dicit-confirmation-20260807,DOA-FASR-DICIT-FINAL-CONFIRM-20260807,failure_aware_dicit_final_confirmation,final_evaluation_confirmation_after_eigenmike_robothead_detector_discovery; R8 core previously developed on DICIT development split,task2,<LOCATA_EVAL_ROOT>\task2\recording10,recording10,761,1485372702.814,0,0.2952209660842754,0.3936279547790339,0.0,False,False,3,uniform_time_spread_among_preregistered_eligible_anchors,False,False,False,False
failure-aware-safeguarded-r8-dicit-confirmation-20260807,DOA-FASR-DICIT-FINAL-CONFIRM-20260807,failure_aware_dicit_final_confirmation,final_evaluation_confirmation_after_eigenmike_robothead_detector_discovery; R8 core previously developed on DICIT development split,task2,<LOCATA_EVAL_ROOT>\task2\recording10,recording10,769,1485372702.881,0,0.36221910502486043,0.4829588066998139,0.0,False,False,4,uniform_time_spread_among_preregistered_eligible_anchors,False,False,False,False
failure-aware-safeguarded-r8-dicit-confirmation-20260807,DOA-FASR-DICIT-FINAL-CONFIRM-20260807,failure_aware_dicit_final_confirmation,final_evaluation_confirmation_after_eigenmike_robothead_detector_discovery; R8 core previously developed on DICIT development split,task2,<LOCATA_EVAL_ROOT>\task2\recording10,recording10,776,1485372702.939,0,0.42021749395850116,0.5602899919446682,0.0,True,False,5,uniform_time_spread_among_preregistered_eligible_anchors,False,False,False,False
failure-aware-safeguarded-r8-dicit-confirmation-20260807,DOA-FASR-DICIT-FINAL-CONFIRM-20260807,failure_aware_dicit_final_confirmation,final_evaluation_confirmation_after_eigenmike_robothead_detector_discovery; R8 core previously developed on DICIT development split,task2,<LOCATA_EVAL_ROOT>\task2\recording10,recording10,784,1485372703.006,0,0.4872156328990861,0.6496208438654482,0.0,True,False,6,uniform_time_spread_among_preregistered_eligible_anchors,False,False,False,False
failure-aware-safeguarded-r8-dicit-confirmation-20260807,DOA-FASR-DICIT-FINAL-CONFIRM-20260807,failure_aware_dicit_final_confirmation,final_evaluation_confirmation_after_eigenmike_robothead_detector_discovery; R8 core previously developed on DICIT development split,task2,<LOCATA_EVAL_ROOT>\task2\recording10,recording10,791,1485372703.064,0,0.5452140218327269,0.7269520291103025,0.0,True,False,7,uniform_time_spread_among_preregistered_eligible_anchors,False,False,False,False
failure-aware-safeguarded-r8-dicit-confirmation-20260807,DOA-FASR-DICIT-FINAL-CONFIRM-20260807,failure_aware_dicit_final_confirmation,final_evaluation_confirmation_after_eigenmike_robothead_detector_discovery; R8 core previously developed on DICIT development split,task2,<LOCATA_EVAL_ROOT>\task2\recording10,recording10,799,1485372703.131,0,0.6122121607733119,0.8162828810310825,0.0,True,True,8,uniform_time_spread_among_preregistered_eligible_anchors,False,False,False,False
failure-aware-safeguarded-r8-dicit-confirmation-20260807,DOA-FASR-DICIT-FINAL-CONFIRM-20260807,failure_aware_dicit_final_confirmation,final_evaluation_confirmation_after_eigenmike_robothead_detector_discovery; R8 core previously developed on DICIT development split,task2,<LOCATA_EVAL_ROOT>\task2\recording10,recording10,807,1485372703.197,0,0.678210327490903,0.9042804366545374,0.0,True,True,9,uniform_time_spread_among_preregistered_eligible_anchors,False,False,False,False
failure-aware-safeguarded-r8-dicit-confirmation-20260807,DOA-FASR-DICIT-FINAL-CONFIRM-20260807,failure_aware_dicit_final_confirmation,final_evaluation_confirmation_after_eigenmike_robothead_detector_discovery; R8 core previously developed on DICIT development split,task2,<LOCATA_EVAL_ROOT>\task2\recording10,recording10,814,1485372703.256,0,0.7372086886475376,0.9829449181967168,0.0,True,True,10,uniform_time_spread_among_preregistered_eligible_anchors,False,False,False,False
failure-aware-safeguarded-r8-dicit-confirmation-20260807,DOA-FASR-DICIT-FINAL-CONFIRM-20260807,failure_aware_dicit_final_confirmation,final_evaluation_confirmation_after_eigenmike_robothead_detector_discovery; R8 core previously developed on DICIT development split,task2,<LOCATA_EVAL_ROOT>\task2\recording10,recording10,822,1485372703.322,0,0.75,1.0,0.0,True,True,11,uniform_time_spread_among_preregistered_eligible_anchors,False,False,False,False
failure-aware-safeguarded-r8-dicit-confirmation-20260807,DOA-FASR-DICIT-FINAL-CONFIRM-20260807,failure_aware_dicit_final_confirmation,final_evaluation_confirmation_after_eigenmike_robothead_detector_discovery; R8 core previously developed on DICIT development split,task2,<LOCATA_EVAL_ROOT>\task2\recording10,recording10,830,1485372703.389,0,0.75,1.0,0.0,True,True,12,uniform_time_spread_among_preregistered_eligible_anchors,False,False,False,False
failure-aware-safeguarded-r8-dicit-confirmation-20260807,DOA-FASR-DICIT-FINAL-CONFIRM-20260807,failure_aware_dicit_final_confirmation,final_evaluation_confirmation_after_eigenmike_robothead_detector_discovery; R8 core previously developed on DICIT development split,task2,<LOCATA_EVAL_ROOT>\task2\recording10,recording10,837,1485372703.447,0,0.75,1.0,0.0,True,True,13,uniform_time_spread_among_preregistered_eligible_anchors,False,False,False,False
failure-aware-safeguarded-r8-dicit-confirmation-20260807,DOA-FASR-DICIT-FINAL-CONFIRM-20260807,failure_aware_dicit_final_confirmation,final_evaluation_confirmation_after_eigenmike_robothead_detector_discovery; R8 core previously developed on DICIT development split,task2,<LOCATA_EVAL_ROOT>\task2\recording10,recording10,845,1485372703.514,0,0.75,1.0,0.0,True,True,14,uniform_time_spread_among_preregistered_eligible_anchors,False,False,False,False
failure-aware-safeguarded-r8-dicit-confirmation-20260807,DOA-FASR-DICIT-FINAL-CONFIRM-20260807,failure_aware_dicit_final_confirmation,final_evaluation_confirmation_after_eigenmike_robothead_detector_discovery; R8 core previously developed on DICIT development split,task2,<LOCATA_EVAL_ROOT>\task2\recording10,recording10,852,1485372703.572,0,0.75,1.0,0.0,True,True,15,uniform_time_spread_among_preregistered_eligible_anchors,False,False,False,False
failure-aware-safeguarded-r8-dicit-confirmation-20260807,DOA-FASR-DICIT-FINAL-CONFIRM-20260807,failure_aware_dicit_final_confirmation,final_evaluation_confirmation_after_eigenmike_robothead_detector_discovery; R8 core previously developed on DICIT development split,task2,<LOCATA_EVAL_ROOT>\task2\recording10,recording10,860,1485372703.639,0,0.75,1.0,0.0,True,True,16,uniform_time_spread_among_preregistered_eligible_anchors,False,False,False,False
failure-aware-safeguarded-r8-dicit-confirmation-20260807,DOA-FASR-DICIT-FINAL-CONFIRM-20260807,failure_aware_dicit_final_confirmation,final_evaluation_confirmation_after_eigenmike_robothead_detector_discovery; R8 core previously developed on DICIT development split,task2,<LOCATA_EVAL_ROOT>\task2\recording10,recording10,868,1485372703.706,0,0.75,1.0,0.0,True,True,17,uniform_time_spread_among_preregistered_eligible_anchors,False,False,False,False
failure-aware-safeguarded-r8-dicit-confirmation-20260807,DOA-FASR-DICIT-FINAL-CONFIRM-20260807,failure_aware_dicit_final_confirmation,final_evaluation_confirmation_after_eigenmike_robothead_detector_discovery; R8 core previously developed on DICIT development split,task2,<LOCATA_EVAL_ROOT>\task2\recording10,recording10,875,1485372703.764,0,0.75,1.0,0.0,True,True,18,uniform_time_spread_among_preregistered_eligible_anchors,False,False,False,False
failure-aware-safeguarded-r8-dicit-confirmation-20260807,DOA-FASR-DICIT-FINAL-CONFIRM-20260807,failure_aware_dicit_final_confirmation,final_evaluation_confirmation_after_eigenmike_robothead_detector_discovery; R8 core previously developed on DICIT development split,task2,<LOCATA_EVAL_ROOT>\task2\recording10,recording10,883,1485372703.831,0,0.75,1.0,0.0,True,True,19,uniform_time_spread_among_preregistered_eligible_anchors,False,False,False,False
failure-aware-safeguarded-r8-dicit-confirmation-20260807,DOA-FASR-DICIT-FINAL-CONFIRM-20260807,failure_aware_dicit_final_confirmation,final_evaluation_confirmation_after_eigenmike_robothead_detector_discovery; R8 core previously developed on DICIT development split,task2,<LOCATA_EVAL_ROOT>\task2\recording11,recording11,91,1485373382.605,1,0.26905502624927086,0.3587400349990278,0.0,False,False,0,uniform_time_spread_among_preregistered_eligible_anchors,False,False,False,False
failure-aware-safeguarded-r8-dicit-confirmation-20260807,DOA-FASR-DICIT-FINAL-CONFIRM-20260807,failure_aware_dicit_final_confirmation,final_evaluation_confirmation_after_eigenmike_robothead_detector_discovery; R8 core previously developed on DICIT development split,task2,<LOCATA_EVAL_ROOT>\task2\recording11,recording11,93,1485373382.622,1,0.28605455404016555,0.3814060720535541,0.0,False,False,1,uniform_time_spread_among_preregistered_eligible_anchors,False,False,False,False
failure-aware-safeguarded-r8-dicit-confirmation-20260807,DOA-FASR-DICIT-FINAL-CONFIRM-20260807,failure_aware_dicit_final_confirmation,final_evaluation_confirmation_after_eigenmike_robothead_detector_discovery; R8 core previously developed on DICIT development split,task2,<LOCATA_EVAL_ROOT>\task2\recording11,recording11,96,1485373382.647,1,0.3110538596150107,0.4147384794866809,0.0,False,False,2,uniform_time_spread_among_preregistered_eligible_anchors,False,False,False,False
failure-aware-safeguarded-r8-dicit-confirmation-20260807,DOA-FASR-DICIT-FINAL-CONFIRM-20260807,failure_aware_dicit_final_confirmation,final_evaluation_confirmation_after_eigenmike_robothead_detector_discovery; R8 core previously developed on DICIT development split,task2,<LOCATA_EVAL_ROOT>\task2\recording11,recording11,98,1485373382.664,1,0.3280533874059054,0.4374045165412072,0.0,False,False,3,uniform_time_spread_among_preregistered_eligible_anchors,False,False,False,False
failure-aware-safeguarded-r8-dicit-confirmation-20260807,DOA-FASR-DICIT-FINAL-CONFIRM-20260807,failure_aware_dicit_final_confirmation,final_evaluation_confirmation_after_eigenmike_robothead_detector_discovery; R8 core previously developed on DICIT development split,task2,<LOCATA_EVAL_ROOT>\task2\recording11,recording11,101,1485373382.689,1,0.35305269298075054,0.47073692397433403,0.0,False,False,4,uniform_time_spread_among_preregistered_eligible_anchors,False,False,False,False
failure-aware-safeguarded-r8-dicit-confirmation-20260807,DOA-FASR-DICIT-FINAL-CONFIRM-20260807,failure_aware_dicit_final_confirmation,final_evaluation_confirmation_after_eigenmike_robothead_detector_discovery; R8 core previously developed on DICIT development split,task2,<LOCATA_EVAL_ROOT>\task2\recording11,recording11,103,1485373382.705,1,0.36905224854865143,0.49206966473153524,0.0,False,False,5,uniform_time_spread_among_preregistered_eligible_anchors,False,False,False,False
failure-aware-safeguarded-r8-dicit-confirmation-20260807,DOA-FASR-DICIT-FINAL-CONFIRM-20260807,failure_aware_dicit_final_confirmation,final_evaluation_confirmation_after_eigenmike_robothead_detector_discovery; R8 core previously developed on DICIT development split,task2,<LOCATA_EVAL_ROOT>\task2\recording11,recording11,106,1485373382.73,1,0.3940515541234966,0.5254020721646621,0.0,True,False,6,uniform_time_spread_among_preregistered_eligible_anchors,False,False,False,False
failure-aware-safeguarded-r8-dicit-confirmation-20260807,DOA-FASR-DICIT-FINAL-CONFIRM-20260807,failure_aware_dicit_final_confirmation,final_evaluation_confirmation_after_eigenmike_robothead_detector_discovery; R8 core previously developed on DICIT development split,task2,<LOCATA_EVAL_ROOT>\task2\recording11,recording11,361,1485373384.855,1,0.3765937057303964,0.5021249409738618,0.06316491208577539,True,False,7,uniform_time_spread_among_preregistered_eligible_anchors,False,False,False,False
failure-aware-safeguarded-r8-dicit-confirmation-20260807,DOA-FASR-DICIT-FINAL-CONFIRM-20260807,failure_aware_dicit_final_confirmation,final_evaluation_confirmation_after_eigenmike_robothead_detector_discovery; R8 core previously developed on DICIT development split,task2,<LOCATA_EVAL_ROOT>\task2\recording11,recording11,364,1485373384.88,1,0.4015930113052415,0.5354573484069887,0.02983250465264854,True,False,8,uniform_time_spread_among_preregistered_eligible_anchors,False,False,False,False
failure-aware-safeguarded-r8-dicit-confirmation-20260807,DOA-FASR-DICIT-FINAL-CONFIRM-20260807,failure_aware_dicit_final_confirmation,final_evaluation_confirmation_after_eigenmike_robothead_detector_discovery; R8 core previously developed on DICIT development split,task2,<LOCATA_EVAL_ROOT>\task2\recording11,recording11,366,1485373384.897,1,0.41859253909613625,0.558123385461515,0.007166467598122274,True,False,9,uniform_time_spread_among_preregistered_eligible_anchors,False,False,False,False
failure-aware-safeguarded-r8-dicit-confirmation-20260807,DOA-FASR-DICIT-FINAL-CONFIRM-20260807,failure_aware_dicit_final_confirmation,final_evaluation_confirmation_after_eigenmike_robothead_detector_discovery; R8 core previously developed on DICIT development split,task2,<LOCATA_EVAL_ROOT>\task2\recording11,recording11,369,1485373384.922,1,0.44359184467098134,0.5914557928946418,0.0,True,False,10,uniform_time_spread_among_preregistered_eligible_anchors,False,False,False,False
failure-aware-safeguarded-r8-dicit-confirmation-20260807,DOA-FASR-DICIT-FINAL-CONFIRM-20260807,failure_aware_dicit_final_confirmation,final_evaluation_confirmation_after_eigenmike_robothead_detector_discovery; R8 core previously developed on DICIT development split,task2,<LOCATA_EVAL_ROOT>\task2\recording11,recording11,371,1485373384.939,1,0.4605913724618761,0.6141218299491681,0.0,True,False,11,uniform_time_spread_among_preregistered_eligible_anchors,False,False,False,False
failure-aware-safeguarded-r8-dicit-confirmation-20260807,DOA-FASR-DICIT-FINAL-CONFIRM-20260807,failure_aware_dicit_final_confirmation,final_evaluation_confirmation_after_eigenmike_robothead_detector_discovery; R8 core previously developed on DICIT development split,task2,<LOCATA_EVAL_ROOT>\task2\recording11,recording11,374,1485373384.964,1,0.4855906780367212,0.6474542373822949,0.0,True,False,12,uniform_time_spread_among_preregistered_eligible_anchors,False,False,False,False
failure-aware-safeguarded-r8-dicit-confirmation-20260807,DOA-FASR-DICIT-FINAL-CONFIRM-20260807,failure_aware_dicit_final_confirmation,final_evaluation_confirmation_after_eigenmike_robothead_detector_discovery; R8 core previously developed on DICIT development split,task2,<LOCATA_EVAL_ROOT>\task2\recording11,recording11,376,1485373384.98,1,0.5015902336046221,0.6687869781394962,0.0,True,False,13,uniform_time_spread_among_preregistered_eligible_anchors,False,False,False,False
failure-aware-safeguarded-r8-dicit-confirmation-20260807,DOA-FASR-DICIT-FINAL-CONFIRM-20260807,failure_aware_dicit_final_confirmation,final_evaluation_confirmation_after_eigenmike_robothead_detector_discovery; R8 core previously developed on DICIT development split,task2,<LOCATA_EVAL_ROOT>\task2\recording11,recording11,379,1485373385.005,1,0.5265895391794673,0.702119385572623,0.0,True,False,14,uniform_time_spread_among_preregistered_eligible_anchors,False,False,False,False
failure-aware-safeguarded-r8-dicit-confirmation-20260807,DOA-FASR-DICIT-FINAL-CONFIRM-20260807,failure_aware_dicit_final_confirmation,final_evaluation_confirmation_after_eigenmike_robothead_detector_discovery; R8 core previously developed on DICIT development split,task2,<LOCATA_EVAL_ROOT>\task2\recording11,recording11,381,1485373385.022,1,0.543589066970362,0.7247854226271493,0.0,True,False,15,uniform_time_spread_among_preregistered_eligible_anchors,False,False,False,False
failure-aware-safeguarded-r8-dicit-confirmation-20260807,DOA-FASR-DICIT-FINAL-CONFIRM-20260807,failure_aware_dicit_final_confirmation,final_evaluation_confirmation_after_eigenmike_robothead_detector_discovery; R8 core previously developed on DICIT development split,task2,<LOCATA_EVAL_ROOT>\task2\recording11,recording11,384,1485373385.047,1,0.5685883725452071,0.7581178300602761,0.0,True,False,16,uniform_time_spread_among_preregistered_eligible_anchors,False,False,False,False
failure-aware-safeguarded-r8-dicit-confirmation-20260807,DOA-FASR-DICIT-FINAL-CONFIRM-20260807,failure_aware_dicit_final_confirmation,final_evaluation_confirmation_after_eigenmike_robothead_detector_discovery; R8 core previously developed on DICIT development split,task2,<LOCATA_EVAL_ROOT>\task2\recording11,recording11,386,1485373385.064,1,0.5855879003361018,0.7807838671148024,0.0,True,False,17,uniform_time_spread_among_preregistered_eligible_anchors,False,False,False,False
failure-aware-safeguarded-r8-dicit-confirmation-20260807,DOA-FASR-DICIT-FINAL-CONFIRM-20260807,failure_aware_dicit_final_confirmation,final_evaluation_confirmation_after_eigenmike_robothead_detector_discovery; R8 core previously developed on DICIT development split,task2,<LOCATA_EVAL_ROOT>\task2\recording11,recording11,389,1485373385.089,1,0.610587205910947,0.8141162745479292,0.0,True,True,18,uniform_time_spread_among_preregistered_eligible_anchors,False,False,False,False
failure-aware-safeguarded-r8-dicit-confirmation-20260807,DOA-FASR-DICIT-FINAL-CONFIRM-20260807,failure_aware_dicit_final_confirmation,final_evaluation_confirmation_after_eigenmike_robothead_detector_discovery; R8 core previously developed on DICIT development split,task2,<LOCATA_EVAL_ROOT>\task2\recording11,recording11,391,1485373385.105,1,0.6265867614788478,0.8354490153051304,0.0,True,True,19,uniform_time_spread_among_preregistered_eligible_anchors,False,False,False,False
failure-aware-safeguarded-r8-dicit-confirmation-20260807,DOA-FASR-DICIT-FINAL-CONFIRM-20260807,failure_aware_dicit_final_confirmation,final_evaluation_confirmation_after_eigenmike_robothead_detector_discovery; R8 core previously developed on DICIT development split,task2,<LOCATA_EVAL_ROOT>\task2\recording12,recording12,110,1485373785.203,1,0.10764284325435405,0.1435237910058054,0.0,False,False,0,uniform_time_spread_among_preregistered_eligible_anchors,False,False,False,False
failure-aware-safeguarded-r8-dicit-confirmation-20260807,DOA-FASR-DICIT-FINAL-CONFIRM-20260807,failure_aware_dicit_final_confirmation,final_evaluation_confirmation_after_eigenmike_robothead_detector_discovery; R8 core previously developed on DICIT development split,task2,<LOCATA_EVAL_ROOT>\task2\recording12,recording12,114,1485373785.236,1,0.14064192661314964,0.18752256881753285,0.0,False,False,1,uniform_time_spread_among_preregistered_eligible_anchors,False,False,False,False
failure-aware-safeguarded-r8-dicit-confirmation-20260807,DOA-FASR-DICIT-FINAL-CONFIRM-20260807,failure_aware_dicit_final_confirmation,final_evaluation_confirmation_after_eigenmike_robothead_detector_discovery; R8 core previously developed on DICIT development split,task2,<LOCATA_EVAL_ROOT>\task2\recording12,recording12,118,1485373785.27,1,0.174640982194939,0.23285464292658536,0.0,False,False,2,uniform_time_spread_among_preregistered_eligible_anchors,False,False,False,False
failure-aware-safeguarded-r8-dicit-confirmation-20260807,DOA-FASR-DICIT-FINAL-CONFIRM-20260807,failure_aware_dicit_final_confirmation,final_evaluation_confirmation_after_eigenmike_robothead_detector_discovery; R8 core previously developed on DICIT development split,task2,<LOCATA_EVAL_ROOT>\task2\recording12,recording12,122,1485373785.303,1,0.2076400655537346,0.2768534207383128,0.0,False,False,3,uniform_time_spread_among_preregistered_eligible_anchors,False,False,False,False
failure-aware-safeguarded-r8-dicit-confirmation-20260807,DOA-FASR-DICIT-FINAL-CONFIRM-20260807,failure_aware_dicit_final_confirmation,final_evaluation_confirmation_after_eigenmike_robothead_detector_discovery; R8 core previously developed on DICIT development split,task2,<LOCATA_EVAL_ROOT>\task2\recording12,recording12,126,1485373785.336,1,0.2406391489125302,0.32085219855004027,0.0,False,False,4,uniform_time_spread_among_preregistered_eligible_anchors,False,False,False,False
failure-aware-safeguarded-r8-dicit-confirmation-20260807,DOA-FASR-DICIT-FINAL-CONFIRM-20260807,failure_aware_dicit_final_confirmation,final_evaluation_confirmation_after_eigenmike_robothead_detector_discovery; R8 core previously developed on DICIT development split,task2,<LOCATA_EVAL_ROOT>\task2\recording12,recording12,130,1485373785.37,1,0.27463820449431964,0.3661842726590928,0.0,False,False,5,uniform_time_spread_among_preregistered_eligible_anchors,False,False,False,False
failure-aware-safeguarded-r8-dicit-confirmation-20260807,DOA-FASR-DICIT-FINAL-CONFIRM-20260807,failure_aware_dicit_final_confirmation,final_evaluation_confirmation_after_eigenmike_robothead_detector_discovery; R8 core previously developed on DICIT development split,task2,<LOCATA_EVAL_ROOT>\task2\recording12,recording12,134,1485373785.403,1,0.30763728785311517,0.41018305047082027,0.0,False,False,6,uniform_time_spread_among_preregistered_eligible_anchors,False,False,False,False
failure-aware-safeguarded-r8-dicit-confirmation-20260807,DOA-FASR-DICIT-FINAL-CONFIRM-20260807,failure_aware_dicit_final_confirmation,final_evaluation_confirmation_after_eigenmike_robothead_detector_discovery; R8 core previously developed on DICIT development split,task2,<LOCATA_EVAL_ROOT>\task2\recording12,recording12,425,1485373787.828,1,0.4247173689619733,0.566289825282631,0.047443126579817224,True,False,7,uniform_time_spread_among_preregistered_eligible_anchors,False,False,False,False
failure-aware-safeguarded-r8-dicit-confirmation-20260807,DOA-FASR-DICIT-FINAL-CONFIRM-20260807,failure_aware_dicit_final_confirmation,final_evaluation_confirmation_after_eigenmike_robothead_detector_discovery; R8 core previously developed on DICIT development split,task2,<LOCATA_EVAL_ROOT>\task2\recording12,recording12,429,1485373787.861,1,0.45771645232076885,0.6102886030943585,0.0034443487680897752,True,False,8,uniform_time_spread_among_preregistered_eligible_anchors,False,False,False,False
failure-aware-safeguarded-r8-dicit-confirmation-20260807,DOA-FASR-DICIT-FINAL-CONFIRM-20260807,failure_aware_dicit_final_confirmation,final_evaluation_confirmation_after_eigenmike_robothead_detector_discovery; R8 core previously developed on DICIT development split,task2,<LOCATA_EVAL_ROOT>\task2\recording12,recording12,433,1485373787.895,1,0.49171550790255825,0.655620677203411,0.0,True,False,9,uniform_time_spread_among_preregistered_eligible_anchors,False,False,False,False
failure-aware-safeguarded-r8-dicit-confirmation-20260807,DOA-FASR-DICIT-FINAL-CONFIRM-20260807,failure_aware_dicit_final_confirmation,final_evaluation_confirmation_after_eigenmike_robothead_detector_discovery; R8 core previously developed on DICIT development split,task2,<LOCATA_EVAL_ROOT>\task2\recording12,recording12,436,1485373787.92,1,0.5167148134774034,0.6889530846365379,0.0,True,False,10,uniform_time_spread_among_preregistered_eligible_anchors,False,False,False,False
failure-aware-safeguarded-r8-dicit-confirmation-20260807,DOA-FASR-DICIT-FINAL-CONFIRM-20260807,failure_aware_dicit_final_confirmation,final_evaluation_confirmation_after_eigenmike_robothead_detector_discovery; R8 core previously developed on DICIT development split,task2,<LOCATA_EVAL_ROOT>\task2\recording12,recording12,716,1485373790.253,0,0.75,1.0,0.036221216077331184,True,True,11,uniform_time_spread_among_preregistered_eligible_anchors,False,False,False,False
failure-aware-safeguarded-r8-dicit-confirmation-20260807,DOA-FASR-DICIT-FINAL-CONFIRM-20260807,failure_aware_dicit_final_confirmation,final_evaluation_confirmation_after_eigenmike_robothead_detector_discovery; R8 core previously developed on DICIT development split,task2,<LOCATA_EVAL_ROOT>\task2\recording12,recording12,720,1485373790.286,0,0.75,1.0,0.0,True,True,12,uniform_time_spread_among_preregistered_eligible_anchors,False,False,False,False
failure-aware-safeguarded-r8-dicit-confirmation-20260807,DOA-FASR-DICIT-FINAL-CONFIRM-20260807,failure_aware_dicit_final_confirmation,final_evaluation_confirmation_after_eigenmike_robothead_detector_discovery; R8 core previously developed on DICIT development split,task2,<LOCATA_EVAL_ROOT>\task2\recording12,recording12,724,1485373790.32,0,0.75,1.0,0.0,True,True,13,uniform_time_spread_among_preregistered_eligible_anchors,False,False,False,False
failure-aware-safeguarded-r8-dicit-confirmation-20260807,DOA-FASR-DICIT-FINAL-CONFIRM-20260807,failure_aware_dicit_final_confirmation,final_evaluation_confirmation_after_eigenmike_robothead_detector_discovery; R8 core previously developed on DICIT development split,task2,<LOCATA_EVAL_ROOT>\task2\recording12,recording12,728,1485373790.353,0,0.75,1.0,0.0,True,True,14,uniform_time_spread_among_preregistered_eligible_anchors,False,False,False,False
failure-aware-safeguarded-r8-dicit-confirmation-20260807,DOA-FASR-DICIT-FINAL-CONFIRM-20260807,failure_aware_dicit_final_confirmation,final_evaluation_confirmation_after_eigenmike_robothead_detector_discovery; R8 core previously developed on DICIT development split,task2,<LOCATA_EVAL_ROOT>\task2\recording12,recording12,732,1485373790.386,0,0.75,1.0,0.0,True,True,15,uniform_time_spread_among_preregistered_eligible_anchors,False,False,False,False
failure-aware-safeguarded-r8-dicit-confirmation-20260807,DOA-FASR-DICIT-FINAL-CONFIRM-20260807,failure_aware_dicit_final_confirmation,final_evaluation_confirmation_after_eigenmike_robothead_detector_discovery; R8 core previously developed on DICIT development split,task2,<LOCATA_EVAL_ROOT>\task2\recording12,recording12,736,1485373790.42,0,0.75,1.0,0.0,True,True,16,uniform_time_spread_among_preregistered_eligible_anchors,False,False,False,False
failure-aware-safeguarded-r8-dicit-confirmation-20260807,DOA-FASR-DICIT-FINAL-CONFIRM-20260807,failure_aware_dicit_final_confirmation,final_evaluation_confirmation_after_eigenmike_robothead_detector_discovery; R8 core previously developed on DICIT development split,task2,<LOCATA_EVAL_ROOT>\task2\recording12,recording12,740,1485373790.453,0,0.75,1.0,0.0,True,True,17,uniform_time_spread_among_preregistered_eligible_anchors,False,False,False,False
failure-aware-safeguarded-r8-dicit-confirmation-20260807,DOA-FASR-DICIT-FINAL-CONFIRM-20260807,failure_aware_dicit_final_confirmation,final_evaluation_confirmation_after_eigenmike_robothead_detector_discovery; R8 core previously developed on DICIT development split,task2,<LOCATA_EVAL_ROOT>\task2\recording12,recording12,744,1485373790.486,0,0.75,1.0,0.0,True,True,18,uniform_time_spread_among_preregistered_eligible_anchors,False,False,False,False
failure-aware-safeguarded-r8-dicit-confirmation-20260807,DOA-FASR-DICIT-FINAL-CONFIRM-20260807,failure_aware_dicit_final_confirmation,final_evaluation_confirmation_after_eigenmike_robothead_detector_discovery; R8 core previously developed on DICIT development split,task2,<LOCATA_EVAL_ROOT>\task2\recording12,recording12,748,1485373790.52,0,0.75,1.0,0.0,True,True,19,uniform_time_spread_among_preregistered_eligible_anchors,False,False,False,False
failure-aware-safeguarded-r8-dicit-confirmation-20260807,DOA-FASR-DICIT-FINAL-CONFIRM-20260807,failure_aware_dicit_final_confirmation,final_evaluation_confirmation_after_eigenmike_robothead_detector_discovery; R8 core previously developed on DICIT development split,task2,<LOCATA_EVAL_ROOT>\task2\recording13,recording13,90,1485373934.796,0,0.19518207827560347,0.26024277103413795,0.0,False,False,0,uniform_time_spread_among_preregistered_eligible_anchors,False,False,False,False
failure-aware-safeguarded-r8-dicit-confirmation-20260807,DOA-FASR-DICIT-FINAL-CONFIRM-20260807,failure_aware_dicit_final_confirmation,final_evaluation_confirmation_after_eigenmike_robothead_detector_discovery; R8 core previously developed on DICIT development split,task2,<LOCATA_EVAL_ROOT>\task2\recording13,recording13,98,1485373934.863,0,0.26218021721618845,0.3495736229549179,0.0,False,False,1,uniform_time_spread_among_preregistered_eligible_anchors,False,False,False,False
failure-aware-safeguarded-r8-dicit-confirmation-20260807,DOA-FASR-DICIT-FINAL-CONFIRM-20260807,failure_aware_dicit_final_confirmation,final_evaluation_confirmation_after_eigenmike_robothead_detector_discovery; R8 core previously developed on DICIT development split,task2,<LOCATA_EVAL_ROOT>\task2\recording13,recording13,105,1485373934.921,0,0.3201786061498292,0.4269048081997722,0.0,False,False,2,uniform_time_spread_among_preregistered_eligible_anchors,False,False,False,False
failure-aware-safeguarded-r8-dicit-confirmation-20260807,DOA-FASR-DICIT-FINAL-CONFIRM-20260807,failure_aware_dicit_final_confirmation,final_evaluation_confirmation_after_eigenmike_robothead_detector_discovery; R8 core previously developed on DICIT development split,task2,<LOCATA_EVAL_ROOT>\task2\recording13,recording13,113,1485373934.988,0,0.38717674509041416,0.5162356601205522,0.0,True,False,3,uniform_time_spread_among_preregistered_eligible_anchors,False,False,False,False
failure-aware-safeguarded-r8-dicit-confirmation-20260807,DOA-FASR-DICIT-FINAL-CONFIRM-20260807,failure_aware_dicit_final_confirmation,final_evaluation_confirmation_after_eigenmike_robothead_detector_discovery; R8 core previously developed on DICIT development split,task2,<LOCATA_EVAL_ROOT>\task2\recording13,recording13,120,1485373935.046,0,0.44517513402405484,0.5935668453654065,0.0,True,False,4,uniform_time_spread_among_preregistered_eligible_anchors,False,False,False,False
failure-aware-safeguarded-r8-dicit-confirmation-20260807,DOA-FASR-DICIT-FINAL-CONFIRM-20260807,failure_aware_dicit_final_confirmation,final_evaluation_confirmation_after_eigenmike_robothead_detector_discovery; R8 core previously developed on DICIT development split,task2,<LOCATA_EVAL_ROOT>\task2\recording13,recording13,128,1485373935.113,0,0.5121732729646399,0.6828976972861865,0.0,True,False,5,uniform_time_spread_among_preregistered_eligible_anchors,False,False,False,False
failure-aware-safeguarded-r8-dicit-confirmation-20260807,DOA-FASR-DICIT-FINAL-CONFIRM-20260807,failure_aware_dicit_final_confirmation,final_evaluation_confirmation_after_eigenmike_robothead_detector_discovery; R8 core previously developed on DICIT development split,task2,<LOCATA_EVAL_ROOT>\task2\recording13,recording13,135,1485373935.171,0,0.5701716618982806,0.7602288825310408,0.0,True,False,6,uniform_time_spread_among_preregistered_eligible_anchors,False,False,False,False
failure-aware-safeguarded-r8-dicit-confirmation-20260807,DOA-FASR-DICIT-FINAL-CONFIRM-20260807,failure_aware_dicit_final_confirmation,final_evaluation_confirmation_after_eigenmike_robothead_detector_discovery; R8 core previously developed on DICIT development split,task2,<LOCATA_EVAL_ROOT>\task2\recording13,recording13,143,1485373935.238,0,0.6371698008388655,0.8495597344518208,0.0,True,True,7,uniform_time_spread_among_preregistered_eligible_anchors,False,False,False,False
failure-aware-safeguarded-r8-dicit-confirmation-20260807,DOA-FASR-DICIT-FINAL-CONFIRM-20260807,failure_aware_dicit_final_confirmation,final_evaluation_confirmation_after_eigenmike_robothead_detector_discovery; R8 core previously developed on DICIT development split,task2,<LOCATA_EVAL_ROOT>\task2\recording13,recording13,150,1485373935.296,0,0.6951681897725064,0.9268909196966751,0.0,True,True,8,uniform_time_spread_among_preregistered_eligible_anchors,False,False,False,False
failure-aware-safeguarded-r8-dicit-confirmation-20260807,DOA-FASR-DICIT-FINAL-CONFIRM-20260807,failure_aware_dicit_final_confirmation,final_evaluation_confirmation_after_eigenmike_robothead_detector_discovery; R8 core previously developed on DICIT development split,task2,<LOCATA_EVAL_ROOT>\task2\recording13,recording13,158,1485373935.363,0,0.75,1.0,0.0,True,True,9,uniform_time_spread_among_preregistered_eligible_anchors,False,False,False,False
failure-aware-safeguarded-r8-dicit-confirmation-20260807,DOA-FASR-DICIT-FINAL-CONFIRM-20260807,failure_aware_dicit_final_confirmation,final_evaluation_confirmation_after_eigenmike_robothead_detector_discovery; R8 core previously developed on DICIT development split,task2,<LOCATA_EVAL_ROOT>\task2\recording13,recording13,165,1485373935.421,0,0.75,1.0,0.0,True,True,10,uniform_time_spread_among_preregistered_eligible_anchors,False,False,False,False
failure-aware-safeguarded-r8-dicit-confirmation-20260807,DOA-FASR-DICIT-FINAL-CONFIRM-20260807,failure_aware_dicit_final_confirmation,final_evaluation_confirmation_after_eigenmike_robothead_detector_discovery; R8 core previously developed on DICIT development split,task2,<LOCATA_EVAL_ROOT>\task2\recording13,recording13,173,1485373935.488,0,0.75,1.0,0.0,True,True,11,uniform_time_spread_among_preregistered_eligible_anchors,False,False,False,False
failure-aware-safeguarded-r8-dicit-confirmation-20260807,DOA-FASR-DICIT-FINAL-CONFIRM-20260807,failure_aware_dicit_final_confirmation,final_evaluation_confirmation_after_eigenmike_robothead_detector_discovery; R8 core previously developed on DICIT development split,task2,<LOCATA_EVAL_ROOT>\task2\recording13,recording13,180,1485373935.546,0,0.75,1.0,0.0,True,True,12,uniform_time_spread_among_preregistered_eligible_anchors,False,False,False,False
failure-aware-safeguarded-r8-dicit-confirmation-20260807,DOA-FASR-DICIT-FINAL-CONFIRM-20260807,failure_aware_dicit_final_confirmation,final_evaluation_confirmation_after_eigenmike_robothead_detector_discovery; R8 core previously developed on DICIT development split,task2,<LOCATA_EVAL_ROOT>\task2\recording13,recording13,188,1485373935.613,0,0.75,1.0,0.0,True,True,13,uniform_time_spread_among_preregistered_eligible_anchors,False,False,False,False
failure-aware-safeguarded-r8-dicit-confirmation-20260807,DOA-FASR-DICIT-FINAL-CONFIRM-20260807,failure_aware_dicit_final_confirmation,final_evaluation_confirmation_after_eigenmike_robothead_detector_discovery; R8 core previously developed on DICIT development split,task2,<LOCATA_EVAL_ROOT>\task2\recording13,recording13,195,1485373935.671,0,0.75,1.0,0.0,True,True,14,uniform_time_spread_among_preregistered_eligible_anchors,False,False,False,False
failure-aware-safeguarded-r8-dicit-confirmation-20260807,DOA-FASR-DICIT-FINAL-CONFIRM-20260807,failure_aware_dicit_final_confirmation,final_evaluation_confirmation_after_eigenmike_robothead_detector_discovery; R8 core previously developed on DICIT development split,task2,<LOCATA_EVAL_ROOT>\task2\recording13,recording13,203,1485373935.738,0,0.75,1.0,0.0,True,True,15,uniform_time_spread_among_preregistered_eligible_anchors,False,False,False,False
failure-aware-safeguarded-r8-dicit-confirmation-20260807,DOA-FASR-DICIT-FINAL-CONFIRM-20260807,failure_aware_dicit_final_confirmation,final_evaluation_confirmation_after_eigenmike_robothead_detector_discovery; R8 core previously developed on DICIT development split,task2,<LOCATA_EVAL_ROOT>\task2\recording13,recording13,345,1485373936.921,1,0.75,1.0,0.018971695230688035,True,True,16,uniform_time_spread_among_preregistered_eligible_anchors,False,False,False,False
failure-aware-safeguarded-r8-dicit-confirmation-20260807,DOA-FASR-DICIT-FINAL-CONFIRM-20260807,failure_aware_dicit_final_confirmation,final_evaluation_confirmation_after_eigenmike_robothead_detector_discovery; R8 core previously developed on DICIT development split,task2,<LOCATA_EVAL_ROOT>\task2\recording13,recording13,353,1485373936.988,1,0.75,1.0,0.0,True,True,17,uniform_time_spread_among_preregistered_eligible_anchors,False,False,False,False
failure-aware-safeguarded-r8-dicit-confirmation-20260807,DOA-FASR-DICIT-FINAL-CONFIRM-20260807,failure_aware_dicit_final_confirmation,final_evaluation_confirmation_after_eigenmike_robothead_detector_discovery; R8 core previously developed on DICIT development split,task2,<LOCATA_EVAL_ROOT>\task2\recording13,recording13,360,1485373937.046,1,0.75,1.0,0.0,True,True,18,uniform_time_spread_among_preregistered_eligible_anchors,False,False,False,False
failure-aware-safeguarded-r8-dicit-confirmation-20260807,DOA-FASR-DICIT-FINAL-CONFIRM-20260807,failure_aware_dicit_final_confirmation,final_evaluation_confirmation_after_eigenmike_robothead_detector_discovery; R8 core previously developed on DICIT development split,task2,<LOCATA_EVAL_ROOT>\task2\recording13,recording13,368,1485373937.113,1,0.75,1.0,0.0,True,True,19,uniform_time_spread_among_preregistered_eligible_anchors,False,False,False,False
failure-aware-safeguarded-r8-dicit-confirmation-20260807,DOA-FASR-DICIT-FINAL-CONFIRM-20260807,failure_aware_dicit_final_confirmation,final_evaluation_confirmation_after_eigenmike_robothead_detector_discovery; R8 core previously developed on DICIT development split,task2,<LOCATA_EVAL_ROOT>\task2\recording7,recording7,108,1485370958.692,0,0.1058928918641149,0.14119052248548652,0.0,False,False,0,uniform_time_spread_among_preregistered_eligible_anchors,False,False,False,False
failure-aware-safeguarded-r8-dicit-confirmation-20260807,DOA-FASR-DICIT-FINAL-CONFIRM-20260807,failure_aware_dicit_final_confirmation,final_evaluation_confirmation_after_eigenmike_robothead_detector_discovery; R8 core previously developed on DICIT development split,task2,<LOCATA_EVAL_ROOT>\task2\recording7,recording7,109,1485370958.7,0,0.11389266964806533,0.1518568928640871,0.0,False,False,1,uniform_time_spread_among_preregistered_eligible_anchors,False,False,False,False
failure-aware-safeguarded-r8-dicit-confirmation-20260807,DOA-FASR-DICIT-FINAL-CONFIRM-20260807,failure_aware_dicit_final_confirmation,final_evaluation_confirmation_after_eigenmike_robothead_detector_discovery; R8 core previously developed on DICIT development split,task2,<LOCATA_EVAL_ROOT>\task2\recording7,recording7,110,1485370958.708,0,0.12189244743201577,0.1625232632426877,0.0,False,False,2,uniform_time_spread_among_preregistered_eligible_anchors,False,False,False,False
failure-aware-safeguarded-r8-dicit-confirmation-20260807,DOA-FASR-DICIT-FINAL-CONFIRM-20260807,failure_aware_dicit_final_confirmation,final_evaluation_confirmation_after_eigenmike_robothead_detector_discovery; R8 core previously developed on DICIT development split,task2,<LOCATA_EVAL_ROOT>\task2\recording7,recording7,111,1485370958.717,0,0.13089219743896002,0.17452292991861337,0.0,False,False,3,uniform_time_spread_among_preregistered_eligible_anchors,False,False,False,False
failure-aware-safeguarded-r8-dicit-confirmation-20260807,DOA-FASR-DICIT-FINAL-CONFIRM-20260807,failure_aware_dicit_final_confirmation,final_evaluation_confirmation_after_eigenmike_robothead_detector_discovery; R8 core previously developed on DICIT development split,task2,<LOCATA_EVAL_ROOT>\task2\recording7,recording7,112,1485370958.725,0,0.13889197522291047,0.18518930029721398,0.0,False,False,4,uniform_time_spread_among_preregistered_eligible_anchors,False,False,False,False
failure-aware-safeguarded-r8-dicit-confirmation-20260807,DOA-FASR-DICIT-FINAL-CONFIRM-20260807,failure_aware_dicit_final_confirmation,final_evaluation_confirmation_after_eigenmike_robothead_detector_discovery; R8 core previously developed on DICIT development split,task2,<LOCATA_EVAL_ROOT>\task2\recording7,recording7,113,1485370958.733,0,0.14689175300686091,0.19585567067581455,0.0,False,False,5,uniform_time_spread_among_preregistered_eligible_anchors,False,False,False,False
failure-aware-safeguarded-r8-dicit-confirmation-20260807,DOA-FASR-DICIT-FINAL-CONFIRM-20260807,failure_aware_dicit_final_confirmation,final_evaluation_confirmation_after_eigenmike_robothead_detector_discovery; R8 core previously developed on DICIT development split,task2,<LOCATA_EVAL_ROOT>\task2\recording7,recording7,114,1485370958.742,0,0.15589150301380517,0.20785533735174022,0.0,False,False,6,uniform_time_spread_among_preregistered_eligible_anchors,False,False,False,False
failure-aware-safeguarded-r8-dicit-confirmation-20260807,DOA-FASR-DICIT-FINAL-CONFIRM-20260807,failure_aware_dicit_final_confirmation,final_evaluation_confirmation_after_eigenmike_robothead_detector_discovery; R8 core previously developed on DICIT development split,task2,<LOCATA_EVAL_ROOT>\task2\recording7,recording7,115,1485370958.75,0,0.1638912807977556,0.21852170773034083,0.0,False,False,7,uniform_time_spread_among_preregistered_eligible_anchors,False,False,False,False
failure-aware-safeguarded-r8-dicit-confirmation-20260807,DOA-FASR-DICIT-FINAL-CONFIRM-20260807,failure_aware_dicit_final_confirmation,final_evaluation_confirmation_after_eigenmike_robothead_detector_discovery; R8 core previously developed on DICIT development split,task2,<LOCATA_EVAL_ROOT>\task2\recording7,recording7,116,1485370958.758,0,0.17189105858170606,0.22918807810894143,0.0,False,False,8,uniform_time_spread_among_preregistered_eligible_anchors,False,False,False,False
failure-aware-safeguarded-r8-dicit-confirmation-20260807,DOA-FASR-DICIT-FINAL-CONFIRM-20260807,failure_aware_dicit_final_confirmation,final_evaluation_confirmation_after_eigenmike_robothead_detector_discovery; R8 core previously developed on DICIT development split,task2,<LOCATA_EVAL_ROOT>\task2\recording7,recording7,117,1485370958.767,0,0.1808908085886503,0.2411877447848671,0.0,False,False,9,uniform_time_spread_among_preregistered_eligible_anchors,False,False,False,False
failure-aware-safeguarded-r8-dicit-confirmation-20260807,DOA-FASR-DICIT-FINAL-CONFIRM-20260807,failure_aware_dicit_final_confirmation,final_evaluation_confirmation_after_eigenmike_robothead_detector_discovery; R8 core previously developed on DICIT development split,task2,<LOCATA_EVAL_ROOT>\task2\recording7,recording7,119,1485370958.783,0,0.1968903641565512,0.26252048554206825,0.0,False,False,10,uniform_time_spread_among_preregistered_eligible_anchors,False,False,False,False
failure-aware-safeguarded-r8-dicit-confirmation-20260807,DOA-FASR-DICIT-FINAL-CONFIRM-20260807,failure_aware_dicit_final_confirmation,final_evaluation_confirmation_after_eigenmike_robothead_detector_discovery; R8 core previously developed on DICIT development split,task2,<LOCATA_EVAL_ROOT>\task2\recording7,recording7,120,1485370958.792,0,0.20589011416349545,0.2745201522179939,0.0,False,False,11,uniform_time_spread_among_preregistered_eligible_anchors,False,False,False,False
failure-aware-safeguarded-r8-dicit-confirmation-20260807,DOA-FASR-DICIT-FINAL-CONFIRM-20260807,failure_aware_dicit_final_confirmation,final_evaluation_confirmation_after_eigenmike_robothead_detector_discovery; R8 core previously developed on DICIT development split,task2,<LOCATA_EVAL_ROOT>\task2\recording7,recording7,121,1485370958.8,0,0.2138898919474459,0.28518652259659455,0.0,False,False,12,uniform_time_spread_among_preregistered_eligible_anchors,False,False,False,False
failure-aware-safeguarded-r8-dicit-confirmation-20260807,DOA-FASR-DICIT-FINAL-CONFIRM-20260807,failure_aware_dicit_final_confirmation,final_evaluation_confirmation_after_eigenmike_robothead_detector_discovery; R8 core previously developed on DICIT development split,task2,<LOCATA_EVAL_ROOT>\task2\recording7,recording7,122,1485370958.808,0,0.22188966973139634,0.2958528929751951,0.0,False,False,13,uniform_time_spread_among_preregistered_eligible_anchors,False,False,False,False
failure-aware-safeguarded-r8-dicit-confirmation-20260807,DOA-FASR-DICIT-FINAL-CONFIRM-20260807,failure_aware_dicit_final_confirmation,final_evaluation_confirmation_after_eigenmike_robothead_detector_discovery; R8 core previously developed on DICIT development split,task2,<LOCATA_EVAL_ROOT>\task2\recording7,recording7,123,1485370958.817,0,0.2308894197383406,0.3078525596511208,0.0,False,False,14,uniform_time_spread_among_preregistered_eligible_anchors,False,False,False,False
failure-aware-safeguarded-r8-dicit-confirmation-20260807,DOA-FASR-DICIT-FINAL-CONFIRM-20260807,failure_aware_dicit_final_confirmation,final_evaluation_confirmation_after_eigenmike_robothead_detector_discovery; R8 core previously developed on DICIT development split,task2,<LOCATA_EVAL_ROOT>\task2\recording7,recording7,124,1485370958.825,0,0.23888919752229104,0.31851893002972137,0.0,False,False,15,uniform_time_spread_among_preregistered_eligible_anchors,False,False,False,False
failure-aware-safeguarded-r8-dicit-confirmation-20260807,DOA-FASR-DICIT-FINAL-CONFIRM-20260807,failure_aware_dicit_final_confirmation,final_evaluation_confirmation_after_eigenmike_robothead_detector_discovery; R8 core previously developed on DICIT development split,task2,<LOCATA_EVAL_ROOT>\task2\recording7,recording7,125,1485370958.833,0,0.2468889753062415,0.329185300408322,0.0,False,False,16,uniform_time_spread_among_preregistered_eligible_anchors,False,False,False,False
failure-aware-safeguarded-r8-dicit-confirmation-20260807,DOA-FASR-DICIT-FINAL-CONFIRM-20260807,failure_aware_dicit_final_confirmation,final_evaluation_confirmation_after_eigenmike_robothead_detector_discovery; R8 core previously developed on DICIT development split,task2,<LOCATA_EVAL_ROOT>\task2\recording7,recording7,126,1485370958.842,0,0.25588872531318574,0.34118496708424767,0.0,False,False,17,uniform_time_spread_among_preregistered_eligible_anchors,False,False,False,False
failure-aware-safeguarded-r8-dicit-confirmation-20260807,DOA-FASR-DICIT-FINAL-CONFIRM-20260807,failure_aware_dicit_final_confirmation,final_evaluation_confirmation_after_eigenmike_robothead_detector_discovery; R8 core previously developed on DICIT development split,task2,<LOCATA_EVAL_ROOT>\task2\recording7,recording7,127,1485370958.85,0,0.2638885030971362,0.35185133746284825,0.0,False,False,18,uniform_time_spread_among_preregistered_eligible_anchors,False,False,False,False
failure-aware-safeguarded-r8-dicit-confirmation-20260807,DOA-FASR-DICIT-FINAL-CONFIRM-20260807,failure_aware_dicit_final_confirmation,final_evaluation_confirmation_after_eigenmike_robothead_detector_discovery; R8 core previously developed on DICIT development split,task2,<LOCATA_EVAL_ROOT>\task2\recording7,recording7,128,1485370958.858,0,0.27188828088108663,0.3625177078414488,0.0,False,False,19,uniform_time_spread_among_preregistered_eligible_anchors,False,False,False,False
failure-aware-safeguarded-r8-dicit-confirmation-20260807,DOA-FASR-DICIT-FINAL-CONFIRM-20260807,failure_aware_dicit_final_confirmation,final_evaluation_confirmation_after_eigenmike_robothead_detector_discovery; R8 core previously developed on DICIT development split,task2,<LOCATA_EVAL_ROOT>\task2\recording8,recording8,254,1485371246.823,2,0.75,1.0,0.062109385850393044,True,True,0,uniform_time_spread_among_preregistered_eligible_anchors,False,False,False,False
failure-aware-safeguarded-r8-dicit-confirmation-20260807,DOA-FASR-DICIT-FINAL-CONFIRM-20260807,failure_aware_dicit_final_confirmation,final_evaluation_confirmation_after_eigenmike_robothead_detector_discovery; R8 core previously developed on DICIT development split,task2,<LOCATA_EVAL_ROOT>\task2\recording8,recording8,255,1485371246.831,2,0.75,1.0,0.05144301547179245,True,True,1,uniform_time_spread_among_preregistered_eligible_anchors,False,False,False,False
failure-aware-safeguarded-r8-dicit-confirmation-20260807,DOA-FASR-DICIT-FINAL-CONFIRM-20260807,failure_aware_dicit_final_confirmation,final_evaluation_confirmation_after_eigenmike_robothead_detector_discovery; R8 core previously developed on DICIT development split,task2,<LOCATA_EVAL_ROOT>\task2\recording8,recording8,256,1485371246.84,2,0.75,1.0,0.03944334879586678,True,True,2,uniform_time_spread_among_preregistered_eligible_anchors,False,False,False,False
failure-aware-safeguarded-r8-dicit-confirmation-20260807,DOA-FASR-DICIT-FINAL-CONFIRM-20260807,failure_aware_dicit_final_confirmation,final_evaluation_confirmation_after_eigenmike_robothead_detector_discovery; R8 core previously developed on DICIT development split,task2,<LOCATA_EVAL_ROOT>\task2\recording8,recording8,257,1485371246.848,2,0.75,1.0,0.02877697841726619,True,True,3,uniform_time_spread_among_preregistered_eligible_anchors,False,False,False,False
failure-aware-safeguarded-r8-dicit-confirmation-20260807,DOA-FASR-DICIT-FINAL-CONFIRM-20260807,failure_aware_dicit_final_confirmation,final_evaluation_confirmation_after_eigenmike_robothead_detector_discovery; R8 core previously developed on DICIT development split,task2,<LOCATA_EVAL_ROOT>\task2\recording8,recording8,258,1485371246.856,2,0.75,1.0,0.018110608038665592,True,True,4,uniform_time_spread_among_preregistered_eligible_anchors,False,False,False,False
failure-aware-safeguarded-r8-dicit-confirmation-20260807,DOA-FASR-DICIT-FINAL-CONFIRM-20260807,failure_aware_dicit_final_confirmation,final_evaluation_confirmation_after_eigenmike_robothead_detector_discovery; R8 core previously developed on DICIT development split,task2,<LOCATA_EVAL_ROOT>\task2\recording8,recording8,259,1485371246.865,2,0.75,1.0,0.006110941362739924,True,True,5,uniform_time_spread_among_preregistered_eligible_anchors,False,False,False,False
failure-aware-safeguarded-r8-dicit-confirmation-20260807,DOA-FASR-DICIT-FINAL-CONFIRM-20260807,failure_aware_dicit_final_confirmation,final_evaluation_confirmation_after_eigenmike_robothead_detector_discovery; R8 core previously developed on DICIT development split,task2,<LOCATA_EVAL_ROOT>\task2\recording8,recording8,260,1485371246.873,2,0.75,1.0,0.0,True,True,6,uniform_time_spread_among_preregistered_eligible_anchors,False,False,False,False
failure-aware-safeguarded-r8-dicit-confirmation-20260807,DOA-FASR-DICIT-FINAL-CONFIRM-20260807,failure_aware_dicit_final_confirmation,final_evaluation_confirmation_after_eigenmike_robothead_detector_discovery; R8 core previously developed on DICIT development split,task2,<LOCATA_EVAL_ROOT>\task2\recording8,recording8,261,1485371246.881,2,0.75,1.0,0.0,True,True,7,uniform_time_spread_among_preregistered_eligible_anchors,False,False,False,False
failure-aware-safeguarded-r8-dicit-confirmation-20260807,DOA-FASR-DICIT-FINAL-CONFIRM-20260807,failure_aware_dicit_final_confirmation,final_evaluation_confirmation_after_eigenmike_robothead_detector_discovery; R8 core previously developed on DICIT development split,task2,<LOCATA_EVAL_ROOT>\task2\recording8,recording8,262,1485371246.89,2,0.75,1.0,0.0,True,True,8,uniform_time_spread_among_preregistered_eligible_anchors,False,False,False,False
failure-aware-safeguarded-r8-dicit-confirmation-20260807,DOA-FASR-DICIT-FINAL-CONFIRM-20260807,failure_aware_dicit_final_confirmation,final_evaluation_confirmation_after_eigenmike_robothead_detector_discovery; R8 core previously developed on DICIT development split,task2,<LOCATA_EVAL_ROOT>\task2\recording8,recording8,263,1485371246.898,2,0.75,1.0,0.0,True,True,9,uniform_time_spread_among_preregistered_eligible_anchors,False,False,False,False
failure-aware-safeguarded-r8-dicit-confirmation-20260807,DOA-FASR-DICIT-FINAL-CONFIRM-20260807,failure_aware_dicit_final_confirmation,final_evaluation_confirmation_after_eigenmike_robothead_detector_discovery; R8 core previously developed on DICIT development split,task2,<LOCATA_EVAL_ROOT>\task2\recording8,recording8,264,1485371246.906,2,0.75,1.0,0.0,True,True,10,uniform_time_spread_among_preregistered_eligible_anchors,False,False,False,False
failure-aware-safeguarded-r8-dicit-confirmation-20260807,DOA-FASR-DICIT-FINAL-CONFIRM-20260807,failure_aware_dicit_final_confirmation,final_evaluation_confirmation_after_eigenmike_robothead_detector_discovery; R8 core previously developed on DICIT development split,task2,<LOCATA_EVAL_ROOT>\task2\recording8,recording8,265,1485371246.915,2,0.75,1.0,0.0,True,True,11,uniform_time_spread_among_preregistered_eligible_anchors,False,False,False,False
failure-aware-safeguarded-r8-dicit-confirmation-20260807,DOA-FASR-DICIT-FINAL-CONFIRM-20260807,failure_aware_dicit_final_confirmation,final_evaluation_confirmation_after_eigenmike_robothead_detector_discovery; R8 core previously developed on DICIT development split,task2,<LOCATA_EVAL_ROOT>\task2\recording8,recording8,266,1485371246.923,2,0.75,1.0,0.0,True,True,12,uniform_time_spread_among_preregistered_eligible_anchors,False,False,False,False
failure-aware-safeguarded-r8-dicit-confirmation-20260807,DOA-FASR-DICIT-FINAL-CONFIRM-20260807,failure_aware_dicit_final_confirmation,final_evaluation_confirmation_after_eigenmike_robothead_detector_discovery; R8 core previously developed on DICIT development split,task2,<LOCATA_EVAL_ROOT>\task2\recording8,recording8,267,1485371246.931,2,0.75,1.0,0.0,True,True,13,uniform_time_spread_among_preregistered_eligible_anchors,False,False,False,False
failure-aware-safeguarded-r8-dicit-confirmation-20260807,DOA-FASR-DICIT-FINAL-CONFIRM-20260807,failure_aware_dicit_final_confirmation,final_evaluation_confirmation_after_eigenmike_robothead_detector_discovery; R8 core previously developed on DICIT development split,task2,<LOCATA_EVAL_ROOT>\task2\recording8,recording8,268,1485371246.94,2,0.75,1.0,0.0,True,True,14,uniform_time_spread_among_preregistered_eligible_anchors,False,False,False,False
failure-aware-safeguarded-r8-dicit-confirmation-20260807,DOA-FASR-DICIT-FINAL-CONFIRM-20260807,failure_aware_dicit_final_confirmation,final_evaluation_confirmation_after_eigenmike_robothead_detector_discovery; R8 core previously developed on DICIT development split,task2,<LOCATA_EVAL_ROOT>\task2\recording8,recording8,269,1485371246.948,2,0.75,1.0,0.0,True,True,15,uniform_time_spread_among_preregistered_eligible_anchors,False,False,False,False
failure-aware-safeguarded-r8-dicit-confirmation-20260807,DOA-FASR-DICIT-FINAL-CONFIRM-20260807,failure_aware_dicit_final_confirmation,final_evaluation_confirmation_after_eigenmike_robothead_detector_discovery; R8 core previously developed on DICIT development split,task3,<LOCATA_EVAL_ROOT>\task3\recording1,recording1,358,1485429921.624,0,0.11335101802727703,0.15113469070303603,0.0,False,False,0,uniform_time_spread_among_preregistered_eligible_anchors,False,False,False,False
failure-aware-safeguarded-r8-dicit-confirmation-20260807,DOA-FASR-DICIT-FINAL-CONFIRM-20260807,failure_aware_dicit_final_confirmation,final_evaluation_confirmation_after_eigenmike_robothead_detector_discovery; R8 core previously developed on DICIT development split,task3,<LOCATA_EVAL_ROOT>\task3\recording1,recording1,451,1485429922.39,0,0.75,1.0,0.0,True,True,1,uniform_time_spread_among_preregistered_eligible_anchors,False,False,False,False
failure-aware-safeguarded-r8-dicit-confirmation-20260807,DOA-FASR-DICIT-FINAL-CONFIRM-20260807,failure_aware_dicit_final_confirmation,final_evaluation_confirmation_after_eigenmike_robothead_detector_discovery; R8 core previously developed on DICIT development split,task3,<LOCATA_EVAL_ROOT>\task3\recording1,recording1,544,1485429923.165,0,0.75,1.0,0.0,True,True,2,uniform_time_spread_among_preregistered_eligible_anchors,False,False,False,False
failure-aware-safeguarded-r8-dicit-confirmation-20260807,DOA-FASR-DICIT-FINAL-CONFIRM-20260807,failure_aware_dicit_final_confirmation,final_evaluation_confirmation_after_eigenmike_robothead_detector_discovery; R8 core previously developed on DICIT development split,task3,<LOCATA_EVAL_ROOT>\task3\recording1,recording1,694,1485429924.415,0,0.4596538985028194,0.6128718646704259,0.0,True,False,3,uniform_time_spread_among_preregistered_eligible_anchors,False,False,False,False
failure-aware-safeguarded-r8-dicit-confirmation-20260807,DOA-FASR-DICIT-FINAL-CONFIRM-20260807,failure_aware_dicit_final_confirmation,final_evaluation_confirmation_after_eigenmike_robothead_detector_discovery; R8 core previously developed on DICIT development split,task3,<LOCATA_EVAL_ROOT>\task3\recording1,recording1,786,1485429925.19,0,0.75,1.0,0.0,True,True,4,uniform_time_spread_among_preregistered_eligible_anchors,False,False,False,False
failure-aware-safeguarded-r8-dicit-confirmation-20260807,DOA-FASR-DICIT-FINAL-CONFIRM-20260807,failure_aware_dicit_final_confirmation,final_evaluation_confirmation_after_eigenmike_robothead_detector_discovery; R8 core previously developed on DICIT development split,task3,<LOCATA_EVAL_ROOT>\task3\recording1,recording1,879,1485429925.956,0,0.75,1.0,0.0,True,True,5,uniform_time_spread_among_preregistered_eligible_anchors,False,False,False,False
failure-aware-safeguarded-r8-dicit-confirmation-20260807,DOA-FASR-DICIT-FINAL-CONFIRM-20260807,failure_aware_dicit_final_confirmation,final_evaluation_confirmation_after_eigenmike_robothead_detector_discovery; R8 core previously developed on DICIT development split,task3,<LOCATA_EVAL_ROOT>\task3\recording1,recording1,1045,1485429927.341,0,0.5434849031971334,0.7246465375961779,0.0,True,False,6,uniform_time_spread_among_preregistered_eligible_anchors,False,False,False,False
failure-aware-safeguarded-r8-dicit-confirmation-20260807,DOA-FASR-DICIT-FINAL-CONFIRM-20260807,failure_aware_dicit_final_confirmation,final_evaluation_confirmation_after_eigenmike_robothead_detector_discovery; R8 core previously developed on DICIT development split,task3,<LOCATA_EVAL_ROOT>\task3\recording1,recording1,1138,1485429928.124,0,0.75,1.0,0.0,True,True,7,uniform_time_spread_among_preregistered_eligible_anchors,False,False,False,False
failure-aware-safeguarded-r8-dicit-confirmation-20260807,DOA-FASR-DICIT-FINAL-CONFIRM-20260807,failure_aware_dicit_final_confirmation,final_evaluation_confirmation_after_eigenmike_robothead_detector_discovery; R8 core previously developed on DICIT development split,task3,<LOCATA_EVAL_ROOT>\task3\recording1,recording1,1231,1485429928.89,0,0.75,1.0,0.0,True,True,8,uniform_time_spread_among_preregistered_eligible_anchors,False,False,False,False
failure-aware-safeguarded-r8-dicit-confirmation-20260807,DOA-FASR-DICIT-FINAL-CONFIRM-20260807,failure_aware_dicit_final_confirmation,final_evaluation_confirmation_after_eigenmike_robothead_detector_discovery; R8 core previously developed on DICIT development split,task3,<LOCATA_EVAL_ROOT>\task3\recording1,recording1,1427,1485429930.524,0,0.14224604872086888,0.18966139829449183,0.0,False,False,9,uniform_time_spread_among_preregistered_eligible_anchors,False,False,False,False
failure-aware-safeguarded-r8-dicit-confirmation-20260807,DOA-FASR-DICIT-FINAL-CONFIRM-20260807,failure_aware_dicit_final_confirmation,final_evaluation_confirmation_after_eigenmike_robothead_detector_discovery; R8 core previously developed on DICIT development split,task3,<LOCATA_EVAL_ROOT>\task3\recording1,recording1,1519,1485429931.29,0,0.75,1.0,0.0,True,True,10,uniform_time_spread_among_preregistered_eligible_anchors,False,False,False,False
failure-aware-safeguarded-r8-dicit-confirmation-20260807,DOA-FASR-DICIT-FINAL-CONFIRM-20260807,failure_aware_dicit_final_confirmation,final_evaluation_confirmation_after_eigenmike_robothead_detector_discovery; R8 core previously developed on DICIT development split,task3,<LOCATA_EVAL_ROOT>\task3\recording1,recording1,1791,1485429933.556,0,0.583525457626177,0.7780339435015694,0.0,True,False,11,uniform_time_spread_among_preregistered_eligible_anchors,False,False,False,False
failure-aware-safeguarded-r8-dicit-confirmation-20260807,DOA-FASR-DICIT-FINAL-CONFIRM-20260807,failure_aware_dicit_final_confirmation,final_evaluation_confirmation_after_eigenmike_robothead_detector_discovery; R8 core previously developed on DICIT development split,task3,<LOCATA_EVAL_ROOT>\task3\recording1,recording1,1884,1485429934.331,0,0.75,1.0,0.0,True,True,12,uniform_time_spread_among_preregistered_eligible_anchors,False,False,False,False
failure-aware-safeguarded-r8-dicit-confirmation-20260807,DOA-FASR-DICIT-FINAL-CONFIRM-20260807,failure_aware_dicit_final_confirmation,final_evaluation_confirmation_after_eigenmike_robothead_detector_discovery; R8 core previously developed on DICIT development split,task3,<LOCATA_EVAL_ROOT>\task3\recording1,recording1,1977,1485429935.106,0,0.75,1.0,0.0,True,True,13,uniform_time_spread_among_preregistered_eligible_anchors,False,False,False,False
failure-aware-safeguarded-r8-dicit-confirmation-20260807,DOA-FASR-DICIT-FINAL-CONFIRM-20260807,failure_aware_dicit_final_confirmation,final_evaluation_confirmation_after_eigenmike_robothead_detector_discovery; R8 core previously developed on DICIT development split,task3,<LOCATA_EVAL_ROOT>\task3\recording1,recording1,2171,1485429936.723,0,0.27874225715952333,0.37165634287936444,0.0,False,False,14,uniform_time_spread_among_preregistered_eligible_anchors,False,False,False,False
failure-aware-safeguarded-r8-dicit-confirmation-20260807,DOA-FASR-DICIT-FINAL-CONFIRM-20260807,failure_aware_dicit_final_confirmation,final_evaluation_confirmation_after_eigenmike_robothead_detector_discovery; R8 core previously developed on DICIT development split,task3,<LOCATA_EVAL_ROOT>\task3\recording1,recording1,2264,1485429937.498,0,0.75,1.0,0.0,True,True,15,uniform_time_spread_among_preregistered_eligible_anchors,False,False,False,False
failure-aware-safeguarded-r8-dicit-confirmation-20260807,DOA-FASR-DICIT-FINAL-CONFIRM-20260807,failure_aware_dicit_final_confirmation,final_evaluation_confirmation_after_eigenmike_robothead_detector_discovery; R8 core previously developed on DICIT development split,task3,<LOCATA_EVAL_ROOT>\task3\recording1,recording1,2356,1485429938.264,0,0.75,1.0,0.0,True,True,16,uniform_time_spread_among_preregistered_eligible_anchors,False,False,False,False
failure-aware-safeguarded-r8-dicit-confirmation-20260807,DOA-FASR-DICIT-FINAL-CONFIRM-20260807,failure_aware_dicit_final_confirmation,final_evaluation_confirmation_after_eigenmike_robothead_detector_discovery; R8 core previously developed on DICIT development split,task3,<LOCATA_EVAL_ROOT>\task3\recording1,recording1,2449,1485429939.039,0,0.75,1.0,0.0,True,True,17,uniform_time_spread_among_preregistered_eligible_anchors,False,False,False,False
failure-aware-safeguarded-r8-dicit-confirmation-20260807,DOA-FASR-DICIT-FINAL-CONFIRM-20260807,failure_aware_dicit_final_confirmation,final_evaluation_confirmation_after_eigenmike_robothead_detector_discovery; R8 core previously developed on DICIT development split,task3,<LOCATA_EVAL_ROOT>\task3\recording1,recording1,2640,1485429940.639,0,0.4190716924529875,0.5587622566039833,0.0,True,False,18,uniform_time_spread_among_preregistered_eligible_anchors,False,False,False,False
failure-aware-safeguarded-r8-dicit-confirmation-20260807,DOA-FASR-DICIT-FINAL-CONFIRM-20260807,failure_aware_dicit_final_confirmation,final_evaluation_confirmation_after_eigenmike_robothead_detector_discovery; R8 core previously developed on DICIT development split,task3,<LOCATA_EVAL_ROOT>\task3\recording1,recording1,2733,1485429941.407,0,0.75,1.0,0.0,True,True,19,uniform_time_spread_among_preregistered_eligible_anchors,False,False,False,False
failure-aware-safeguarded-r8-dicit-confirmation-20260807,DOA-FASR-DICIT-FINAL-CONFIRM-20260807,failure_aware_dicit_final_confirmation,final_evaluation_confirmation_after_eigenmike_robothead_detector_discovery; R8 core previously developed on DICIT development split,task3,<LOCATA_EVAL_ROOT>\task3\recording2,recording2,359,1485431740.856,0,0.10535124024332657,0.14046832032443543,0.0,False,False,0,uniform_time_spread_among_preregistered_eligible_anchors,False,False,False,False
failure-aware-safeguarded-r8-dicit-confirmation-20260807,DOA-FASR-DICIT-FINAL-CONFIRM-20260807,failure_aware_dicit_final_confirmation,final_evaluation_confirmation_after_eigenmike_robothead_detector_discovery; R8 core previously developed on DICIT development split,task3,<LOCATA_EVAL_ROOT>\task3\recording2,recording2,419,1485431741.356,0,0.6053373517402294,0.8071164689869725,0.0,True,True,1,uniform_time_spread_among_preregistered_eligible_anchors,False,False,False,False
failure-aware-safeguarded-r8-dicit-confirmation-20260807,DOA-FASR-DICIT-FINAL-CONFIRM-20260807,failure_aware_dicit_final_confirmation,final_evaluation_confirmation_after_eigenmike_robothead_detector_discovery; R8 core previously developed on DICIT development split,task3,<LOCATA_EVAL_ROOT>\task3\recording2,recording2,479,1485431741.856,0,0.75,1.0,0.0,True,True,2,uniform_time_spread_among_preregistered_eligible_anchors,False,False,False,False
failure-aware-safeguarded-r8-dicit-confirmation-20260807,DOA-FASR-DICIT-FINAL-CONFIRM-20260807,failure_aware_dicit_final_confirmation,final_evaluation_confirmation_after_eigenmike_robothead_detector_discovery; R8 core previously developed on DICIT development split,task3,<LOCATA_EVAL_ROOT>\task3\recording2,recording2,538,1485431742.35,0,0.75,1.0,0.0,True,True,3,uniform_time_spread_among_preregistered_eligible_anchors,False,False,False,False
failure-aware-safeguarded-r8-dicit-confirmation-20260807,DOA-FASR-DICIT-FINAL-CONFIRM-20260807,failure_aware_dicit_final_confirmation,final_evaluation_confirmation_after_eigenmike_robothead_detector_discovery; R8 core previously developed on DICIT development split,task3,<LOCATA_EVAL_ROOT>\task3\recording2,recording2,733,1485431743.972,0,0.5064442654370711,0.6752590205827615,0.0,True,False,4,uniform_time_spread_among_preregistered_eligible_anchors,False,False,False,False
failure-aware-safeguarded-r8-dicit-confirmation-20260807,DOA-FASR-DICIT-FINAL-CONFIRM-20260807,failure_aware_dicit_final_confirmation,final_evaluation_confirmation_after_eigenmike_robothead_detector_discovery; R8 core previously developed on DICIT development split,task3,<LOCATA_EVAL_ROOT>\task3\recording2,recording2,793,1485431744.483,0,0.75,1.0,0.0,True,True,5,uniform_time_spread_among_preregistered_eligible_anchors,False,False,False,False
failure-aware-safeguarded-r8-dicit-confirmation-20260807,DOA-FASR-DICIT-FINAL-CONFIRM-20260807,failure_aware_dicit_final_confirmation,final_evaluation_confirmation_after_eigenmike_robothead_detector_discovery; R8 core previously developed on DICIT development split,task3,<LOCATA_EVAL_ROOT>\task3\recording2,recording2,853,1485431744.972,0,0.75,1.0,0.0,True,True,6,uniform_time_spread_among_preregistered_eligible_anchors,False,False,False,False
failure-aware-safeguarded-r8-dicit-confirmation-20260807,DOA-FASR-DICIT-FINAL-CONFIRM-20260807,failure_aware_dicit_final_confirmation,final_evaluation_confirmation_after_eigenmike_robothead_detector_discovery; R8 core previously developed on DICIT development split,task3,<LOCATA_EVAL_ROOT>\task3\recording2,recording2,1100,1485431747.034,0,0.3322824365989834,0.4430432487986445,0.0,False,False,7,uniform_time_spread_among_preregistered_eligible_anchors,False,False,False,False
failure-aware-safeguarded-r8-dicit-confirmation-20260807,DOA-FASR-DICIT-FINAL-CONFIRM-20260807,failure_aware_dicit_final_confirmation,final_evaluation_confirmation_after_eigenmike_robothead_detector_discovery; R8 core previously developed on DICIT development split,task3,<LOCATA_EVAL_ROOT>\task3\recording2,recording2,1159,1485431747.533,0,0.75,1.0,0.0,True,True,8,uniform_time_spread_among_preregistered_eligible_anchors,False,False,False,False
failure-aware-safeguarded-r8-dicit-confirmation-20260807,DOA-FASR-DICIT-FINAL-CONFIRM-20260807,failure_aware_dicit_final_confirmation,final_evaluation_confirmation_after_eigenmike_robothead_detector_discovery; R8 core previously developed on DICIT development split,task3,<LOCATA_EVAL_ROOT>\task3\recording2,recording2,1219,1485431748.033,0,0.75,1.0,0.0,True,True,9,uniform_time_spread_among_preregistered_eligible_anchors,False,False,False,False
failure-aware-safeguarded-r8-dicit-confirmation-20260807,DOA-FASR-DICIT-FINAL-CONFIRM-20260807,failure_aware_dicit_final_confirmation,final_evaluation_confirmation_after_eigenmike_robothead_detector_discovery; R8 core previously developed on DICIT development split,task3,<LOCATA_EVAL_ROOT>\task3\recording2,recording2,1425,1485431749.739,0,0.39819727229799173,0.5309296963973223,0.0,True,False,10,uniform_time_spread_among_preregistered_eligible_anchors,False,False,False,False
failure-aware-safeguarded-r8-dicit-confirmation-20260807,DOA-FASR-DICIT-FINAL-CONFIRM-20260807,failure_aware_dicit_final_confirmation,final_evaluation_confirmation_after_eigenmike_robothead_detector_discovery; R8 core previously developed on DICIT development split,task3,<LOCATA_EVAL_ROOT>\task3\recording2,recording2,1485,1485431750.239,0,0.75,1.0,0.0,True,True,11,uniform_time_spread_among_preregistered_eligible_anchors,False,False,False,False
failure-aware-safeguarded-r8-dicit-confirmation-20260807,DOA-FASR-DICIT-FINAL-CONFIRM-20260807,failure_aware_dicit_final_confirmation,final_evaluation_confirmation_after_eigenmike_robothead_detector_discovery; R8 core previously developed on DICIT development split,task3,<LOCATA_EVAL_ROOT>\task3\recording2,recording2,1544,1485431750.733,0,0.75,1.0,0.0,True,True,12,uniform_time_spread_among_preregistered_eligible_anchors,False,False,False,False
failure-aware-safeguarded-r8-dicit-confirmation-20260807,DOA-FASR-DICIT-FINAL-CONFIRM-20260807,failure_aware_dicit_final_confirmation,final_evaluation_confirmation_after_eigenmike_robothead_detector_discovery; R8 core previously developed on DICIT development split,task3,<LOCATA_EVAL_ROOT>\task3\recording2,recording2,1604,1485431751.233,0,0.75,1.0,0.0,True,True,13,uniform_time_spread_among_preregistered_eligible_anchors,False,False,False,False
failure-aware-safeguarded-r8-dicit-confirmation-20260807,DOA-FASR-DICIT-FINAL-CONFIRM-20260807,failure_aware_dicit_final_confirmation,final_evaluation_confirmation_after_eigenmike_robothead_detector_discovery; R8 core previously developed on DICIT development split,task3,<LOCATA_EVAL_ROOT>\task3\recording2,recording2,1849,1485431753.283,0,0.30126246493152964,0.4016832865753729,0.0,False,False,14,uniform_time_spread_among_preregistered_eligible_anchors,False,False,False,False
failure-aware-safeguarded-r8-dicit-confirmation-20260807,DOA-FASR-DICIT-FINAL-CONFIRM-20260807,failure_aware_dicit_final_confirmation,final_evaluation_confirmation_after_eigenmike_robothead_detector_discovery; R8 core previously developed on DICIT development split,task3,<LOCATA_EVAL_ROOT>\task3\recording2,recording2,1909,1485431753.783,0,0.75,1.0,0.0,True,True,15,uniform_time_spread_among_preregistered_eligible_anchors,False,False,False,False
failure-aware-safeguarded-r8-dicit-confirmation-20260807,DOA-FASR-DICIT-FINAL-CONFIRM-20260807,failure_aware_dicit_final_confirmation,final_evaluation_confirmation_after_eigenmike_robothead_detector_discovery; R8 core previously developed on DICIT development split,task3,<LOCATA_EVAL_ROOT>\task3\recording2,recording2,1969,1485431754.272,0,0.75,1.0,0.0,True,True,16,uniform_time_spread_among_preregistered_eligible_anchors,False,False,False,False
failure-aware-safeguarded-r8-dicit-confirmation-20260807,DOA-FASR-DICIT-FINAL-CONFIRM-20260807,failure_aware_dicit_final_confirmation,final_evaluation_confirmation_after_eigenmike_robothead_detector_discovery; R8 core previously developed on DICIT development split,task3,<LOCATA_EVAL_ROOT>\task3\recording2,recording2,2028,1485431754.763,0,0.75,1.0,0.0,True,True,17,uniform_time_spread_among_preregistered_eligible_anchors,False,False,False,False
failure-aware-safeguarded-r8-dicit-confirmation-20260807,DOA-FASR-DICIT-FINAL-CONFIRM-20260807,failure_aware_dicit_final_confirmation,final_evaluation_confirmation_after_eigenmike_robothead_detector_discovery; R8 core previously developed on DICIT development split,task3,<LOCATA_EVAL_ROOT>\task3\recording2,recording2,2425,1485431758.083,0,0.5497972278547818,0.7330629704730424,0.0,True,False,18,uniform_time_spread_among_preregistered_eligible_anchors,False,False,False,False
failure-aware-safeguarded-r8-dicit-confirmation-20260807,DOA-FASR-DICIT-FINAL-CONFIRM-20260807,failure_aware_dicit_final_confirmation,final_evaluation_confirmation_after_eigenmike_robothead_detector_discovery; R8 core previously developed on DICIT development split,task3,<LOCATA_EVAL_ROOT>\task3\recording2,recording2,2485,1485431758.571,0,0.75,1.0,0.0,True,True,19,uniform_time_spread_among_preregistered_eligible_anchors,False,False,False,False
failure-aware-safeguarded-r8-dicit-confirmation-20260807,DOA-FASR-DICIT-FINAL-CONFIRM-20260807,failure_aware_dicit_final_confirmation,final_evaluation_confirmation_after_eigenmike_robothead_detector_discovery; R8 core previously developed on DICIT development split,task3,<LOCATA_EVAL_ROOT>\task3\recording3,recording3,241,1485433265.792,0,0.10801783283797672,0.1440237771173023,0.0,False,False,0,uniform_time_spread_among_preregistered_eligible_anchors,False,False,False,False
failure-aware-safeguarded-r8-dicit-confirmation-20260807,DOA-FASR-DICIT-FINAL-CONFIRM-20260807,failure_aware_dicit_final_confirmation,final_evaluation_confirmation_after_eigenmike_robothead_detector_discovery; R8 core previously developed on DICIT development split,task3,<LOCATA_EVAL_ROOT>\task3\recording3,recording3,341,1485433266.626,0,0.75,1.0,0.0,True,True,1,uniform_time_spread_among_preregistered_eligible_anchors,False,False,False,False
failure-aware-safeguarded-r8-dicit-confirmation-20260807,DOA-FASR-DICIT-FINAL-CONFIRM-20260807,failure_aware_dicit_final_confirmation,final_evaluation_confirmation_after_eigenmike_robothead_detector_discovery; R8 core previously developed on DICIT development split,task3,<LOCATA_EVAL_ROOT>\task3\recording3,recording3,441,1485433267.453,0,0.75,1.0,0.0,True,True,2,uniform_time_spread_among_preregistered_eligible_anchors,False,False,False,False
failure-aware-safeguarded-r8-dicit-confirmation-20260807,DOA-FASR-DICIT-FINAL-CONFIRM-20260807,failure_aware_dicit_final_confirmation,final_evaluation_confirmation_after_eigenmike_robothead_detector_discovery; R8 core previously developed on DICIT development split,task3,<LOCATA_EVAL_ROOT>\task3\recording3,recording3,605,1485433268.825,0,0.6764812088553096,0.9019749451404128,0.0,True,True,3,uniform_time_spread_among_preregistered_eligible_anchors,False,False,False,False
failure-aware-safeguarded-r8-dicit-confirmation-20260807,DOA-FASR-DICIT-FINAL-CONFIRM-20260807,failure_aware_dicit_final_confirmation,final_evaluation_confirmation_after_eigenmike_robothead_detector_discovery; R8 core previously developed on DICIT development split,task3,<LOCATA_EVAL_ROOT>\task3\recording3,recording3,705,1485433269.653,0,0.75,1.0,0.0,True,True,4,uniform_time_spread_among_preregistered_eligible_anchors,False,False,False,False
failure-aware-safeguarded-r8-dicit-confirmation-20260807,DOA-FASR-DICIT-FINAL-CONFIRM-20260807,failure_aware_dicit_final_confirmation,final_evaluation_confirmation_after_eigenmike_robothead_detector_discovery; R8 core previously developed on DICIT development split,task3,<LOCATA_EVAL_ROOT>\task3\recording3,recording3,806,1485433270.495,0,0.75,1.0,0.0,True,True,5,uniform_time_spread_among_preregistered_eligible_anchors,False,False,False,False
failure-aware-safeguarded-r8-dicit-confirmation-20260807,DOA-FASR-DICIT-FINAL-CONFIRM-20260807,failure_aware_dicit_final_confirmation,final_evaluation_confirmation_after_eigenmike_robothead_detector_discovery; R8 core previously developed on DICIT development split,task3,<LOCATA_EVAL_ROOT>\task3\recording3,recording3,968,1485433271.859,0,0.630524152106886,0.8406988694758479,0.0,True,True,6,uniform_time_spread_among_preregistered_eligible_anchors,False,False,False,False
failure-aware-safeguarded-r8-dicit-confirmation-20260807,DOA-FASR-DICIT-FINAL-CONFIRM-20260807,failure_aware_dicit_final_confirmation,final_evaluation_confirmation_after_eigenmike_robothead_detector_discovery; R8 core previously developed on DICIT development split,task3,<LOCATA_EVAL_ROOT>\task3\recording3,recording3,1068,1485433272.678,0,0.75,1.0,0.0,True,True,7,uniform_time_spread_among_preregistered_eligible_anchors,False,False,False,False
failure-aware-safeguarded-r8-dicit-confirmation-20260807,DOA-FASR-DICIT-FINAL-CONFIRM-20260807,failure_aware_dicit_final_confirmation,final_evaluation_confirmation_after_eigenmike_robothead_detector_discovery; R8 core previously developed on DICIT development split,task3,<LOCATA_EVAL_ROOT>\task3\recording3,recording3,1168,1485433273.512,0,0.75,1.0,0.0,True,True,8,uniform_time_spread_among_preregistered_eligible_anchors,False,False,False,False
failure-aware-safeguarded-r8-dicit-confirmation-20260807,DOA-FASR-DICIT-FINAL-CONFIRM-20260807,failure_aware_dicit_final_confirmation,final_evaluation_confirmation_after_eigenmike_robothead_detector_discovery; R8 core previously developed on DICIT development split,task3,<LOCATA_EVAL_ROOT>\task3\recording3,recording3,1343,1485433274.97,0,0.3899058359490014,0.5198744479320019,0.0,True,False,9,uniform_time_spread_among_preregistered_eligible_anchors,False,False,False,False
failure-aware-safeguarded-r8-dicit-confirmation-20260807,DOA-FASR-DICIT-FINAL-CONFIRM-20260807,failure_aware_dicit_final_confirmation,final_evaluation_confirmation_after_eigenmike_robothead_detector_discovery; R8 core previously developed on DICIT development split,task3,<LOCATA_EVAL_ROOT>\task3\recording3,recording3,1443,1485433275.809,0,0.75,1.0,0.0,True,True,10,uniform_time_spread_among_preregistered_eligible_anchors,False,False,False,False
failure-aware-safeguarded-r8-dicit-confirmation-20260807,DOA-FASR-DICIT-FINAL-CONFIRM-20260807,failure_aware_dicit_final_confirmation,final_evaluation_confirmation_after_eigenmike_robothead_detector_discovery; R8 core previously developed on DICIT development split,task3,<LOCATA_EVAL_ROOT>\task3\recording3,recording3,1662,1485433277.629,0,0.7219799450015277,0.9626399266687037,0.0,True,True,11,uniform_time_spread_among_preregistered_eligible_anchors,False,False,False,False
failure-aware-safeguarded-r8-dicit-confirmation-20260807,DOA-FASR-DICIT-FINAL-CONFIRM-20260807,failure_aware_dicit_final_confirmation,final_evaluation_confirmation_after_eigenmike_robothead_detector_discovery; R8 core previously developed on DICIT development split,task3,<LOCATA_EVAL_ROOT>\task3\recording3,recording3,1762,1485433278.461,0,0.75,1.0,0.0,True,True,12,uniform_time_spread_among_preregistered_eligible_anchors,False,False,False,False
failure-aware-safeguarded-r8-dicit-confirmation-20260807,DOA-FASR-DICIT-FINAL-CONFIRM-20260807,failure_aware_dicit_final_confirmation,final_evaluation_confirmation_after_eigenmike_robothead_detector_discovery; R8 core previously developed on DICIT development split,task3,<LOCATA_EVAL_ROOT>\task3\recording3,recording3,1907,1485433279.67,0,0.36676064553762394,0.4890141940501653,0.0,False,False,13,uniform_time_spread_among_preregistered_eligible_anchors,False,False,False,False
failure-aware-safeguarded-r8-dicit-confirmation-20260807,DOA-FASR-DICIT-FINAL-CONFIRM-20260807,failure_aware_dicit_final_confirmation,final_evaluation_confirmation_after_eigenmike_robothead_detector_discovery; R8 core previously developed on DICIT development split,task3,<LOCATA_EVAL_ROOT>\task3\recording3,recording3,2007,1485433280.508,0,0.75,1.0,0.0,True,True,14,uniform_time_spread_among_preregistered_eligible_anchors,False,False,False,False
failure-aware-safeguarded-r8-dicit-confirmation-20260807,DOA-FASR-DICIT-FINAL-CONFIRM-20260807,failure_aware_dicit_final_confirmation,final_evaluation_confirmation_after_eigenmike_robothead_detector_discovery; R8 core previously developed on DICIT development split,task3,<LOCATA_EVAL_ROOT>\task3\recording3,recording3,2201,1485433282.125,0,0.23370184161551066,0.31160245548734755,0.0,False,False,15,uniform_time_spread_among_preregistered_eligible_anchors,False,False,False,False
failure-aware-safeguarded-r8-dicit-confirmation-20260807,DOA-FASR-DICIT-FINAL-CONFIRM-20260807,failure_aware_dicit_final_confirmation,final_evaluation_confirmation_after_eigenmike_robothead_detector_discovery; R8 core previously developed on DICIT development split,task3,<LOCATA_EVAL_ROOT>\task3\recording3,recording3,2301,1485433282.953,0,0.75,1.0,0.0,True,True,16,uniform_time_spread_among_preregistered_eligible_anchors,False,False,False,False
failure-aware-safeguarded-r8-dicit-confirmation-20260807,DOA-FASR-DICIT-FINAL-CONFIRM-20260807,failure_aware_dicit_final_confirmation,final_evaluation_confirmation_after_eigenmike_robothead_detector_discovery; R8 core previously developed on DICIT development split,task3,<LOCATA_EVAL_ROOT>\task3\recording3,recording3,2473,1485433284.386,0,0.25688869753617954,0.3425182633815727,0.0,False,False,17,uniform_time_spread_among_preregistered_eligible_anchors,False,False,False,False
failure-aware-safeguarded-r8-dicit-confirmation-20260807,DOA-FASR-DICIT-FINAL-CONFIRM-20260807,failure_aware_dicit_final_confirmation,final_evaluation_confirmation_after_eigenmike_robothead_detector_discovery; R8 core previously developed on DICIT development split,task3,<LOCATA_EVAL_ROOT>\task3\recording3,recording3,2573,1485433285.22,0,0.75,1.0,0.0,True,True,18,uniform_time_spread_among_preregistered_eligible_anchors,False,False,False,False
failure-aware-safeguarded-r8-dicit-confirmation-20260807,DOA-FASR-DICIT-FINAL-CONFIRM-20260807,failure_aware_dicit_final_confirmation,final_evaluation_confirmation_after_eigenmike_robothead_detector_discovery; R8 core previously developed on DICIT development split,task3,<LOCATA_EVAL_ROOT>\task3\recording3,recording3,2673,1485433286.053,0,0.75,1.0,0.0,True,True,19,uniform_time_spread_among_preregistered_eligible_anchors,False,False,False,False
failure-aware-safeguarded-r8-dicit-confirmation-20260807,DOA-FASR-DICIT-FINAL-CONFIRM-20260807,failure_aware_dicit_final_confirmation,final_evaluation_confirmation_after_eigenmike_robothead_detector_discovery; R8 core previously developed on DICIT development split,task3,<LOCATA_EVAL_ROOT>\task3\recording4,recording4,298,1485433543.678,0,0.11095525124302102,0.1479403349906947,0.0,False,False,0,uniform_time_spread_among_preregistered_eligible_anchors,False,False,False,False
failure-aware-safeguarded-r8-dicit-confirmation-20260807,DOA-FASR-DICIT-FINAL-CONFIRM-20260807,failure_aware_dicit_final_confirmation,final_evaluation_confirmation_after_eigenmike_robothead_detector_discovery; R8 core previously developed on DICIT development split,task3,<LOCATA_EVAL_ROOT>\task3\recording4,recording4,409,1485433544.598,0,0.75,1.0,0.0,True,True,1,uniform_time_spread_among_preregistered_eligible_anchors,False,False,False,False
failure-aware-safeguarded-r8-dicit-confirmation-20260807,DOA-FASR-DICIT-FINAL-CONFIRM-20260807,failure_aware_dicit_final_confirmation,final_evaluation_confirmation_after_eigenmike_robothead_detector_discovery; R8 core previously developed on DICIT development split,task3,<LOCATA_EVAL_ROOT>\task3\recording4,recording4,560,1485433545.862,0,0.4112385767062026,0.5483181022749368,0.0,True,False,2,uniform_time_spread_among_preregistered_eligible_anchors,False,False,False,False
failure-aware-safeguarded-r8-dicit-confirmation-20260807,DOA-FASR-DICIT-FINAL-CONFIRM-20260807,failure_aware_dicit_final_confirmation,final_evaluation_confirmation_after_eigenmike_robothead_detector_discovery; R8 core previously developed on DICIT development split,task3,<LOCATA_EVAL_ROOT>\task3\recording4,recording4,671,1485433546.781,0,0.75,1.0,0.0,True,True,3,uniform_time_spread_among_preregistered_eligible_anchors,False,False,False,False
failure-aware-safeguarded-r8-dicit-confirmation-20260807,DOA-FASR-DICIT-FINAL-CONFIRM-20260807,failure_aware_dicit_final_confirmation,final_evaluation_confirmation_after_eigenmike_robothead_detector_discovery; R8 core previously developed on DICIT development split,task3,<LOCATA_EVAL_ROOT>\task3\recording4,recording4,782,1485433547.712,0,0.75,1.0,0.0,True,True,4,uniform_time_spread_among_preregistered_eligible_anchors,False,False,False,False
failure-aware-safeguarded-r8-dicit-confirmation-20260807,DOA-FASR-DICIT-FINAL-CONFIRM-20260807,failure_aware_dicit_final_confirmation,final_evaluation_confirmation_after_eigenmike_robothead_detector_discovery; R8 core previously developed on DICIT development split,task3,<LOCATA_EVAL_ROOT>\task3\recording4,recording4,993,1485433549.464,0,0.719709174745146,0.9596122329935279,0.0,True,True,5,uniform_time_spread_among_preregistered_eligible_anchors,False,False,False,False
failure-aware-safeguarded-r8-dicit-confirmation-20260807,DOA-FASR-DICIT-FINAL-CONFIRM-20260807,failure_aware_dicit_final_confirmation,final_evaluation_confirmation_after_eigenmike_robothead_detector_discovery; R8 core previously developed on DICIT development split,task3,<LOCATA_EVAL_ROOT>\task3\recording4,recording4,1132,1485433550.628,0,0.5127774228493653,0.6837032304658204,0.0,True,False,6,uniform_time_spread_among_preregistered_eligible_anchors,False,False,False,False
failure-aware-safeguarded-r8-dicit-confirmation-20260807,DOA-FASR-DICIT-FINAL-CONFIRM-20260807,failure_aware_dicit_final_confirmation,final_evaluation_confirmation_after_eigenmike_robothead_detector_discovery; R8 core previously developed on DICIT development split,task3,<LOCATA_EVAL_ROOT>\task3\recording4,recording4,1292,1485433551.962,0,0.3417613399627788,0.4556817866170384,0.0,False,False,7,uniform_time_spread_among_preregistered_eligible_anchors,False,False,False,False
failure-aware-safeguarded-r8-dicit-confirmation-20260807,DOA-FASR-DICIT-FINAL-CONFIRM-20260807,failure_aware_dicit_final_confirmation,final_evaluation_confirmation_after_eigenmike_robothead_detector_discovery; R8 core previously developed on DICIT development split,task3,<LOCATA_EVAL_ROOT>\task3\recording4,recording4,1403,1485433552.881,0,0.75,1.0,0.0,True,True,8,uniform_time_spread_among_preregistered_eligible_anchors,False,False,False,False
failure-aware-safeguarded-r8-dicit-confirmation-20260807,DOA-FASR-DICIT-FINAL-CONFIRM-20260807,failure_aware_dicit_final_confirmation,final_evaluation_confirmation_after_eigenmike_robothead_detector_discovery; R8 core previously developed on DICIT development split,task3,<LOCATA_EVAL_ROOT>\task3\recording4,recording4,1514,1485433553.811,0,0.75,1.0,0.0,True,True,9,uniform_time_spread_among_preregistered_eligible_anchors,False,False,False,False
failure-aware-safeguarded-r8-dicit-confirmation-20260807,DOA-FASR-DICIT-FINAL-CONFIRM-20260807,failure_aware_dicit_final_confirmation,final_evaluation_confirmation_after_eigenmike_robothead_detector_discovery; R8 core previously developed on DICIT development split,task3,<LOCATA_EVAL_ROOT>\task3\recording4,recording4,1716,1485433555.495,0,0.1272672981306075,0.16968973084081,0.0,False,False,10,uniform_time_spread_among_preregistered_eligible_anchors,False,False,False,False
failure-aware-safeguarded-r8-dicit-confirmation-20260807,DOA-FASR-DICIT-FINAL-CONFIRM-20260807,failure_aware_dicit_final_confirmation,final_evaluation_confirmation_after_eigenmike_robothead_detector_discovery; R8 core previously developed on DICIT development split,task3,<LOCATA_EVAL_ROOT>\task3\recording4,recording4,1827,1485433556.414,0,0.75,1.0,0.0,True,True,11,uniform_time_spread_among_preregistered_eligible_anchors,False,False,False,False
failure-aware-safeguarded-r8-dicit-confirmation-20260807,DOA-FASR-DICIT-FINAL-CONFIRM-20260807,failure_aware_dicit_final_confirmation,final_evaluation_confirmation_after_eigenmike_robothead_detector_discovery; R8 core previously developed on DICIT development split,task3,<LOCATA_EVAL_ROOT>\task3\recording4,recording4,1938,1485433557.339,0,0.75,1.0,0.0,True,True,12,uniform_time_spread_among_preregistered_eligible_anchors,False,False,False,False
failure-aware-safeguarded-r8-dicit-confirmation-20260807,DOA-FASR-DICIT-FINAL-CONFIRM-20260807,failure_aware_dicit_final_confirmation,final_evaluation_confirmation_after_eigenmike_robothead_detector_discovery; R8 core previously developed on DICIT development split,task3,<LOCATA_EVAL_ROOT>\task3\recording4,recording4,2095,1485433558.647,0,0.5508596983417128,0.7344795977889503,0.0,True,False,13,uniform_time_spread_among_preregistered_eligible_anchors,False,False,False,False
failure-aware-safeguarded-r8-dicit-confirmation-20260807,DOA-FASR-DICIT-FINAL-CONFIRM-20260807,failure_aware_dicit_final_confirmation,final_evaluation_confirmation_after_eigenmike_robothead_detector_discovery; R8 core previously developed on DICIT development split,task3,<LOCATA_EVAL_ROOT>\task3\recording4,recording4,2206,1485433559.578,0,0.75,1.0,0.0,True,True,14,uniform_time_spread_among_preregistered_eligible_anchors,False,False,False,False
failure-aware-safeguarded-r8-dicit-confirmation-20260807,DOA-FASR-DICIT-FINAL-CONFIRM-20260807,failure_aware_dicit_final_confirmation,final_evaluation_confirmation_after_eigenmike_robothead_detector_discovery; R8 core previously developed on DICIT development split,task3,<LOCATA_EVAL_ROOT>\task3\recording4,recording4,2318,1485433560.511,0,0.75,1.0,0.0,True,True,15,uniform_time_spread_among_preregistered_eligible_anchors,False,False,False,False
failure-aware-safeguarded-r8-dicit-confirmation-20260807,DOA-FASR-DICIT-FINAL-CONFIRM-20260807,failure_aware_dicit_final_confirmation,final_evaluation_confirmation_after_eigenmike_robothead_detector_discovery; R8 core previously developed on DICIT development split,task3,<LOCATA_EVAL_ROOT>\task3\recording4,recording4,2557,1485433562.497,0,0.3265950945807061,0.43546012610760815,0.0,False,False,16,uniform_time_spread_among_preregistered_eligible_anchors,False,False,False,False
failure-aware-safeguarded-r8-dicit-confirmation-20260807,DOA-FASR-DICIT-FINAL-CONFIRM-20260807,failure_aware_dicit_final_confirmation,final_evaluation_confirmation_after_eigenmike_robothead_detector_discovery; R8 core previously developed on DICIT development split,task3,<LOCATA_EVAL_ROOT>\task3\recording4,recording4,2668,1485433563.421,0,0.75,1.0,0.0,True,True,17,uniform_time_spread_among_preregistered_eligible_anchors,False,False,False,False
failure-aware-safeguarded-r8-dicit-confirmation-20260807,DOA-FASR-DICIT-FINAL-CONFIRM-20260807,failure_aware_dicit_final_confirmation,final_evaluation_confirmation_after_eigenmike_robothead_detector_discovery; R8 core previously developed on DICIT development split,task3,<LOCATA_EVAL_ROOT>\task3\recording4,recording4,2870,1485433565.111,0,0.5344018221716064,0.7125357628954752,0.0,True,False,18,uniform_time_spread_among_preregistered_eligible_anchors,False,False,False,False
failure-aware-safeguarded-r8-dicit-confirmation-20260807,DOA-FASR-DICIT-FINAL-CONFIRM-20260807,failure_aware_dicit_final_confirmation,final_evaluation_confirmation_after_eigenmike_robothead_detector_discovery; R8 core previously developed on DICIT development split,task3,<LOCATA_EVAL_ROOT>\task3\recording4,recording4,2981,1485433566.03,0,0.75,1.0,0.0,True,True,19,uniform_time_spread_among_preregistered_eligible_anchors,False,False,False,False
failure-aware-safeguarded-r8-dicit-confirmation-20260807,DOA-FASR-DICIT-FINAL-CONFIRM-20260807,failure_aware_dicit_final_confirmation,final_evaluation_confirmation_after_eigenmike_robothead_detector_discovery; R8 core previously developed on DICIT development split,task3,<LOCATA_EVAL_ROOT>\task3\recording5,recording5,443,1485435387.155,0,0.10176800644426545,0.1356906752590206,0.0,False,False,0,uniform_time_spread_among_preregistered_eligible_anchors,False,False,False,False
failure-aware-safeguarded-r8-dicit-confirmation-20260807,DOA-FASR-DICIT-FINAL-CONFIRM-20260807,failure_aware_dicit_final_confirmation,final_evaluation_confirmation_after_eigenmike_robothead_detector_discovery; R8 core previously developed on DICIT development split,task3,<LOCATA_EVAL_ROOT>\task3\recording5,recording5,509,1485435387.699,0,0.6457528957528957,0.861003861003861,0.0,True,True,1,uniform_time_spread_among_preregistered_eligible_anchors,False,False,False,False
failure-aware-safeguarded-r8-dicit-confirmation-20260807,DOA-FASR-DICIT-FINAL-CONFIRM-20260807,failure_aware_dicit_final_confirmation,final_evaluation_confirmation_after_eigenmike_robothead_detector_discovery; R8 core previously developed on DICIT development split,task3,<LOCATA_EVAL_ROOT>\task3\recording5,recording5,576,1485435388.255,0,0.75,1.0,0.0,True,True,2,uniform_time_spread_among_preregistered_eligible_anchors,False,False,False,False
failure-aware-safeguarded-r8-dicit-confirmation-20260807,DOA-FASR-DICIT-FINAL-CONFIRM-20260807,failure_aware_dicit_final_confirmation,final_evaluation_confirmation_after_eigenmike_robothead_detector_discovery; R8 core previously developed on DICIT development split,task3,<LOCATA_EVAL_ROOT>\task3\recording5,recording5,642,1485435388.806,0,0.75,1.0,0.0,True,True,3,uniform_time_spread_among_preregistered_eligible_anchors,False,False,False,False
failure-aware-safeguarded-r8-dicit-confirmation-20260807,DOA-FASR-DICIT-FINAL-CONFIRM-20260807,failure_aware_dicit_final_confirmation,final_evaluation_confirmation_after_eigenmike_robothead_detector_discovery; R8 core previously developed on DICIT development split,task3,<LOCATA_EVAL_ROOT>\task3\recording5,recording5,807,1485435390.188,0,0.3054915141246077,0.4073220188328102,0.0,False,False,4,uniform_time_spread_among_preregistered_eligible_anchors,False,False,False,False
failure-aware-safeguarded-r8-dicit-confirmation-20260807,DOA-FASR-DICIT-FINAL-CONFIRM-20260807,failure_aware_dicit_final_confirmation,final_evaluation_confirmation_after_eigenmike_robothead_detector_discovery; R8 core previously developed on DICIT development split,task3,<LOCATA_EVAL_ROOT>\task3\recording5,recording5,873,1485435390.738,0,0.75,1.0,0.0,True,True,5,uniform_time_spread_among_preregistered_eligible_anchors,False,False,False,False
failure-aware-safeguarded-r8-dicit-confirmation-20260807,DOA-FASR-DICIT-FINAL-CONFIRM-20260807,failure_aware_dicit_final_confirmation,final_evaluation_confirmation_after_eigenmike_robothead_detector_discovery; R8 core previously developed on DICIT development split,task3,<LOCATA_EVAL_ROOT>\task3\recording5,recording5,940,1485435391.289,0,0.75,1.0,0.0,True,True,6,uniform_time_spread_among_preregistered_eligible_anchors,False,False,False,False
failure-aware-safeguarded-r8-dicit-confirmation-20260807,DOA-FASR-DICIT-FINAL-CONFIRM-20260807,failure_aware_dicit_final_confirmation,final_evaluation_confirmation_after_eigenmike_robothead_detector_discovery; R8 core previously developed on DICIT development split,task3,<LOCATA_EVAL_ROOT>\task3\recording5,recording5,1006,1485435391.84,0,0.75,1.0,0.0,True,True,7,uniform_time_spread_among_preregistered_eligible_anchors,False,False,False,False
failure-aware-safeguarded-r8-dicit-confirmation-20260807,DOA-FASR-DICIT-FINAL-CONFIRM-20260807,failure_aware_dicit_final_confirmation,final_evaluation_confirmation_after_eigenmike_robothead_detector_discovery; R8 core previously developed on DICIT development split,task3,<LOCATA_EVAL_ROOT>\task3\recording5,recording5,1072,1485435392.389,0,0.75,1.0,0.0,True,True,8,uniform_time_spread_among_preregistered_eligible_anchors,False,False,False,False
failure-aware-safeguarded-r8-dicit-confirmation-20260807,DOA-FASR-DICIT-FINAL-CONFIRM-20260807,failure_aware_dicit_final_confirmation,final_evaluation_confirmation_after_eigenmike_robothead_detector_discovery; R8 core previously developed on DICIT development split,task3,<LOCATA_EVAL_ROOT>\task3\recording5,recording5,1303,1485435394.314,0,0.20249437515624566,0.26999250020832755,0.0,False,False,9,uniform_time_spread_among_preregistered_eligible_anchors,False,False,False,False
failure-aware-safeguarded-r8-dicit-confirmation-20260807,DOA-FASR-DICIT-FINAL-CONFIRM-20260807,failure_aware_dicit_final_confirmation,final_evaluation_confirmation_after_eigenmike_robothead_detector_discovery; R8 core previously developed on DICIT development split,task3,<LOCATA_EVAL_ROOT>\task3\recording5,recording5,1409,1485435395.197,0,0.42215494014055166,0.5628732535207356,0.0,True,False,10,uniform_time_spread_among_preregistered_eligible_anchors,False,False,False,False
failure-aware-safeguarded-r8-dicit-confirmation-20260807,DOA-FASR-DICIT-FINAL-CONFIRM-20260807,failure_aware_dicit_final_confirmation,final_evaluation_confirmation_after_eigenmike_robothead_detector_discovery; R8 core previously developed on DICIT development split,task3,<LOCATA_EVAL_ROOT>\task3\recording5,recording5,1476,1485435395.755,0,0.5626510374711814,0.7502013832949085,0.0,True,False,11,uniform_time_spread_among_preregistered_eligible_anchors,False,False,False,False
failure-aware-safeguarded-r8-dicit-confirmation-20260807,DOA-FASR-DICIT-FINAL-CONFIRM-20260807,failure_aware_dicit_final_confirmation,final_evaluation_confirmation_after_eigenmike_robothead_detector_discovery; R8 core previously developed on DICIT development split,task3,<LOCATA_EVAL_ROOT>\task3\recording5,recording5,1764,1485435398.157,0,0.36746895919557787,0.48995861226077053,0.0,False,False,12,uniform_time_spread_among_preregistered_eligible_anchors,False,False,False,False
failure-aware-safeguarded-r8-dicit-confirmation-20260807,DOA-FASR-DICIT-FINAL-CONFIRM-20260807,failure_aware_dicit_final_confirmation,final_evaluation_confirmation_after_eigenmike_robothead_detector_discovery; R8 core previously developed on DICIT development split,task3,<LOCATA_EVAL_ROOT>\task3\recording5,recording5,1830,1485435398.705,0,0.75,1.0,0.0,True,True,13,uniform_time_spread_among_preregistered_eligible_anchors,False,False,False,False
failure-aware-safeguarded-r8-dicit-confirmation-20260807,DOA-FASR-DICIT-FINAL-CONFIRM-20260807,failure_aware_dicit_final_confirmation,final_evaluation_confirmation_after_eigenmike_robothead_detector_discovery; R8 core previously developed on DICIT development split,task3,<LOCATA_EVAL_ROOT>\task3\recording5,recording5,2057,1485435400.604,0,0.47911169134190723,0.6388155884558763,0.0,True,False,14,uniform_time_spread_among_preregistered_eligible_anchors,False,False,False,False
failure-aware-safeguarded-r8-dicit-confirmation-20260807,DOA-FASR-DICIT-FINAL-CONFIRM-20260807,failure_aware_dicit_final_confirmation,final_evaluation_confirmation_after_eigenmike_robothead_detector_discovery; R8 core previously developed on DICIT development split,task3,<LOCATA_EVAL_ROOT>\task3\recording5,recording5,2165,1485435401.496,0,0.4856115107913669,0.6474820143884892,0.0,True,False,15,uniform_time_spread_among_preregistered_eligible_anchors,False,False,False,False
failure-aware-safeguarded-r8-dicit-confirmation-20260807,DOA-FASR-DICIT-FINAL-CONFIRM-20260807,failure_aware_dicit_final_confirmation,final_evaluation_confirmation_after_eigenmike_robothead_detector_discovery; R8 core previously developed on DICIT development split,task3,<LOCATA_EVAL_ROOT>\task3\recording5,recording5,2232,1485435402.055,0,0.75,1.0,0.0,True,True,16,uniform_time_spread_among_preregistered_eligible_anchors,False,False,False,False
failure-aware-safeguarded-r8-dicit-confirmation-20260807,DOA-FASR-DICIT-FINAL-CONFIRM-20260807,failure_aware_dicit_final_confirmation,final_evaluation_confirmation_after_eigenmike_robothead_detector_discovery; R8 core previously developed on DICIT development split,task3,<LOCATA_EVAL_ROOT>\task3\recording5,recording5,2298,1485435402.607,0,0.75,1.0,0.0,True,True,17,uniform_time_spread_among_preregistered_eligible_anchors,False,False,False,False
failure-aware-safeguarded-r8-dicit-confirmation-20260807,DOA-FASR-DICIT-FINAL-CONFIRM-20260807,failure_aware_dicit_final_confirmation,final_evaluation_confirmation_after_eigenmike_robothead_detector_discovery; R8 core previously developed on DICIT development split,task3,<LOCATA_EVAL_ROOT>\task3\recording5,recording5,2365,1485435403.171,0,0.75,1.0,0.0,True,True,18,uniform_time_spread_among_preregistered_eligible_anchors,False,False,False,False
failure-aware-safeguarded-r8-dicit-confirmation-20260807,DOA-FASR-DICIT-FINAL-CONFIRM-20260807,failure_aware_dicit_final_confirmation,final_evaluation_confirmation_after_eigenmike_robothead_detector_discovery; R8 core previously developed on DICIT development split,task3,<LOCATA_EVAL_ROOT>\task3\recording5,recording5,2431,1485435403.713,0,0.75,1.0,0.0,True,True,19,uniform_time_spread_among_preregistered_eligible_anchors,False,False,False,False
failure-aware-safeguarded-r8-dicit-confirmation-20260807,DOA-FASR-DICIT-FINAL-CONFIRM-20260807,failure_aware_dicit_final_confirmation,final_evaluation_confirmation_after_eigenmike_robothead_detector_discovery; R8 core previously developed on DICIT development split,task4,<LOCATA_EVAL_ROOT>\task4\recording1,recording1,253,1503155547.565,0,0.11568428654759591,0.15424571539679455,0.0,False,False,0,uniform_time_spread_among_preregistered_eligible_anchors,False,False,False,False
failure-aware-safeguarded-r8-dicit-confirmation-20260807,DOA-FASR-DICIT-FINAL-CONFIRM-20260807,failure_aware_dicit_final_confirmation,final_evaluation_confirmation_after_eigenmike_robothead_detector_discovery; R8 core previously developed on DICIT development split,task4,<LOCATA_EVAL_ROOT>\task4\recording1,recording1,302,1503155547.966,0,0.516673147968112,0.6888975306241494,0.0,True,False,1,uniform_time_spread_among_preregistered_eligible_anchors,False,False,False,False
failure-aware-safeguarded-r8-dicit-confirmation-20260807,DOA-FASR-DICIT-FINAL-CONFIRM-20260807,failure_aware_dicit_final_confirmation,final_evaluation_confirmation_after_eigenmike_robothead_detector_discovery; R8 core previously developed on DICIT development split,task4,<LOCATA_EVAL_ROOT>\task4\recording1,recording1,549,1503155550.02,1,0.75,1.0,0.03983222688258659,True,True,2,uniform_time_spread_among_preregistered_eligible_anchors,False,False,False,False
failure-aware-safeguarded-r8-dicit-confirmation-20260807,DOA-FASR-DICIT-FINAL-CONFIRM-20260807,failure_aware_dicit_final_confirmation,final_evaluation_confirmation_after_eigenmike_robothead_detector_discovery; R8 core previously developed on DICIT development split,task4,<LOCATA_EVAL_ROOT>\task4\recording1,recording1,933,1503155553.22,1,0.75,1.0,0.0,True,True,3,uniform_time_spread_among_preregistered_eligible_anchors,False,False,False,False
failure-aware-safeguarded-r8-dicit-confirmation-20260807,DOA-FASR-DICIT-FINAL-CONFIRM-20260807,failure_aware_dicit_final_confirmation,final_evaluation_confirmation_after_eigenmike_robothead_detector_discovery; R8 core previously developed on DICIT development split,task4,<LOCATA_EVAL_ROOT>\task4\recording1,recording1,2390,1503155565.361,1,0.75,1.0,0.0,True,True,4,uniform_time_spread_among_preregistered_eligible_anchors,False,False,False,False
failure-aware-safeguarded-r8-dicit-confirmation-20260807,DOA-FASR-DICIT-FINAL-CONFIRM-20260807,failure_aware_dicit_final_confirmation,final_evaluation_confirmation_after_eigenmike_robothead_detector_discovery; R8 core previously developed on DICIT development split,task4,<LOCATA_EVAL_ROOT>\task4\recording1,recording1,2557,1503155566.767,0,0.75,1.0,0.0,True,True,5,uniform_time_spread_among_preregistered_eligible_anchors,False,False,False,False
failure-aware-safeguarded-r8-dicit-confirmation-20260807,DOA-FASR-DICIT-FINAL-CONFIRM-20260807,failure_aware_dicit_final_confirmation,final_evaluation_confirmation_after_eigenmike_robothead_detector_discovery; R8 core previously developed on DICIT development split,task4,<LOCATA_EVAL_ROOT>\task4\recording1,recording1,2855,1503155569.239,1,0.75,1.0,0.0,True,True,6,uniform_time_spread_among_preregistered_eligible_anchors,False,False,False,False
failure-aware-safeguarded-r8-dicit-confirmation-20260807,DOA-FASR-DICIT-FINAL-CONFIRM-20260807,failure_aware_dicit_final_confirmation,final_evaluation_confirmation_after_eigenmike_robothead_detector_discovery; R8 core previously developed on DICIT development split,task4,<LOCATA_EVAL_ROOT>\task4\recording1,recording1,3387,1503155573.671,0,0.75,1.0,0.0,True,True,7,uniform_time_spread_among_preregistered_eligible_anchors,False,False,False,False
failure-aware-safeguarded-r8-dicit-confirmation-20260807,DOA-FASR-DICIT-FINAL-CONFIRM-20260807,failure_aware_dicit_final_confirmation,final_evaluation_confirmation_after_eigenmike_robothead_detector_discovery; R8 core previously developed on DICIT development split,task4,<LOCATA_EVAL_ROOT>\task4\recording1,recording1,3794,1503155577.06,1,0.75,1.0,0.029249187522568817,True,True,8,uniform_time_spread_among_preregistered_eligible_anchors,False,False,False,False
failure-aware-safeguarded-r8-dicit-confirmation-20260807,DOA-FASR-DICIT-FINAL-CONFIRM-20260807,failure_aware_dicit_final_confirmation,final_evaluation_confirmation_after_eigenmike_robothead_detector_discovery; R8 core previously developed on DICIT development split,task4,<LOCATA_EVAL_ROOT>\task4\recording1,recording1,5114,1503155588.061,0,0.75,1.0,0.0,True,True,9,uniform_time_spread_among_preregistered_eligible_anchors,False,False,False,False
failure-aware-safeguarded-r8-dicit-confirmation-20260807,DOA-FASR-DICIT-FINAL-CONFIRM-20260807,failure_aware_dicit_final_confirmation,final_evaluation_confirmation_after_eigenmike_robothead_detector_discovery; R8 core previously developed on DICIT development split,task4,<LOCATA_EVAL_ROOT>\task4\recording1,recording1,5163,1503155588.474,0,0.75,1.0,0.0,True,True,10,uniform_time_spread_among_preregistered_eligible_anchors,False,False,False,False
failure-aware-safeguarded-r8-dicit-confirmation-20260807,DOA-FASR-DICIT-FINAL-CONFIRM-20260807,failure_aware_dicit_final_confirmation,final_evaluation_confirmation_after_eigenmike_robothead_detector_discovery; R8 core previously developed on DICIT development split,task4,<LOCATA_EVAL_ROOT>\task4\recording1,recording1,5687,1503155592.834,0,0.23853504069331408,0.31804672092441877,0.0,False,False,11,uniform_time_spread_among_preregistered_eligible_anchors,False,False,False,False
failure-aware-safeguarded-r8-dicit-confirmation-20260807,DOA-FASR-DICIT-FINAL-CONFIRM-20260807,failure_aware_dicit_final_confirmation,final_evaluation_confirmation_after_eigenmike_robothead_detector_discovery; R8 core previously developed on DICIT development split,task4,<LOCATA_EVAL_ROOT>\task4\recording1,recording1,6004,1503155595.487,0,0.48040332212994086,0.6405377628399211,0.05597066748145885,True,False,12,uniform_time_spread_among_preregistered_eligible_anchors,False,False,False,False
failure-aware-safeguarded-r8-dicit-confirmation-20260807,DOA-FASR-DICIT-FINAL-CONFIRM-20260807,failure_aware_dicit_final_confirmation,final_evaluation_confirmation_after_eigenmike_robothead_detector_discovery; R8 core previously developed on DICIT development split,task4,<LOCATA_EVAL_ROOT>\task4\recording1,recording1,6465,1503155599.318,0,0.75,1.0,0.0,True,True,13,uniform_time_spread_among_preregistered_eligible_anchors,False,False,False,False
failure-aware-safeguarded-r8-dicit-confirmation-20260807,DOA-FASR-DICIT-FINAL-CONFIRM-20260807,failure_aware_dicit_final_confirmation,final_evaluation_confirmation_after_eigenmike_robothead_detector_discovery; R8 core previously developed on DICIT development split,task4,<LOCATA_EVAL_ROOT>\task4\recording1,recording1,6514,1503155599.726,0,0.75,1.0,0.0,True,True,14,uniform_time_spread_among_preregistered_eligible_anchors,False,False,False,False
failure-aware-safeguarded-r8-dicit-confirmation-20260807,DOA-FASR-DICIT-FINAL-CONFIRM-20260807,failure_aware_dicit_final_confirmation,final_evaluation_confirmation_after_eigenmike_robothead_detector_discovery; R8 core previously developed on DICIT development split,task4,<LOCATA_EVAL_ROOT>\task4\recording1,recording1,6563,1503155600.146,0,0.75,1.0,0.0,True,True,15,uniform_time_spread_among_preregistered_eligible_anchors,False,False,False,False
failure-aware-safeguarded-r8-dicit-confirmation-20260807,DOA-FASR-DICIT-FINAL-CONFIRM-20260807,failure_aware_dicit_final_confirmation,final_evaluation_confirmation_after_eigenmike_robothead_detector_discovery; R8 core previously developed on DICIT development split,task4,<LOCATA_EVAL_ROOT>\task4\recording1,recording1,6612,1503155600.542,0,0.75,1.0,0.0,True,True,16,uniform_time_spread_among_preregistered_eligible_anchors,False,False,False,False
failure-aware-safeguarded-r8-dicit-confirmation-20260807,DOA-FASR-DICIT-FINAL-CONFIRM-20260807,failure_aware_dicit_final_confirmation,final_evaluation_confirmation_after_eigenmike_robothead_detector_discovery; R8 core previously developed on DICIT development split,task4,<LOCATA_EVAL_ROOT>\task4\recording1,recording1,7434,1503155607.394,0,0.6857726174272937,0.9143634899030583,0.0,True,True,17,uniform_time_spread_among_preregistered_eligible_anchors,False,False,False,False
failure-aware-safeguarded-r8-dicit-confirmation-20260807,DOA-FASR-DICIT-FINAL-CONFIRM-20260807,failure_aware_dicit_final_confirmation,final_evaluation_confirmation_after_eigenmike_robothead_detector_discovery; R8 core previously developed on DICIT development split,task4,<LOCATA_EVAL_ROOT>\task4\recording1,recording1,8205,1503155613.817,1,0.75,1.0,0.041304408210883034,True,True,18,uniform_time_spread_among_preregistered_eligible_anchors,False,False,False,False
failure-aware-safeguarded-r8-dicit-confirmation-20260807,DOA-FASR-DICIT-FINAL-CONFIRM-20260807,failure_aware_dicit_final_confirmation,final_evaluation_confirmation_after_eigenmike_robothead_detector_discovery; R8 core previously developed on DICIT development split,task4,<LOCATA_EVAL_ROOT>\task4\recording1,recording1,8525,1503155616.484,1,0.43032137996166775,0.5737618399488903,0.0,True,False,19,uniform_time_spread_among_preregistered_eligible_anchors,False,False,False,False
failure-aware-safeguarded-r8-dicit-confirmation-20260807,DOA-FASR-DICIT-FINAL-CONFIRM-20260807,failure_aware_dicit_final_confirmation,final_evaluation_confirmation_after_eigenmike_robothead_detector_discovery; R8 core previously developed on DICIT development split,task4,<LOCATA_EVAL_ROOT>\task4\recording2,recording2,326,1503156231.615,0,0.10572622982694925,0.14096830643593233,0.0,False,False,0,uniform_time_spread_among_preregistered_eligible_anchors,False,False,False,False
failure-aware-safeguarded-r8-dicit-confirmation-20260807,DOA-FASR-DICIT-FINAL-CONFIRM-20260807,failure_aware_dicit_final_confirmation,final_evaluation_confirmation_after_eigenmike_robothead_detector_discovery; R8 core previously developed on DICIT development split,task4,<LOCATA_EVAL_ROOT>\task4\recording2,recording2,735,1503156235.021,1,0.75,1.0,0.0,True,True,1,uniform_time_spread_among_preregistered_eligible_anchors,False,False,False,False
failure-aware-safeguarded-r8-dicit-confirmation-20260807,DOA-FASR-DICIT-FINAL-CONFIRM-20260807,failure_aware_dicit_final_confirmation,final_evaluation_confirmation_after_eigenmike_robothead_detector_discovery; R8 core previously developed on DICIT development split,task4,<LOCATA_EVAL_ROOT>\task4\recording2,recording2,1101,1503156238.061,0,0.75,1.0,0.0,True,True,2,uniform_time_spread_among_preregistered_eligible_anchors,False,False,False,False
failure-aware-safeguarded-r8-dicit-confirmation-20260807,DOA-FASR-DICIT-FINAL-CONFIRM-20260807,failure_aware_dicit_final_confirmation,final_evaluation_confirmation_after_eigenmike_robothead_detector_discovery; R8 core previously developed on DICIT development split,task4,<LOCATA_EVAL_ROOT>\task4\recording2,recording2,1545,1503156241.767,1,0.75,1.0,0.0,True,True,3,uniform_time_spread_among_preregistered_eligible_anchors,False,False,False,False
failure-aware-safeguarded-r8-dicit-confirmation-20260807,DOA-FASR-DICIT-FINAL-CONFIRM-20260807,failure_aware_dicit_final_confirmation,final_evaluation_confirmation_after_eigenmike_robothead_detector_discovery; R8 core previously developed on DICIT development split,task4,<LOCATA_EVAL_ROOT>\task4\recording2,recording2,1910,1503156244.8,0,0.75,1.0,0.0,True,True,4,uniform_time_spread_among_preregistered_eligible_anchors,False,False,False,False
failure-aware-safeguarded-r8-dicit-confirmation-20260807,DOA-FASR-DICIT-FINAL-CONFIRM-20260807,failure_aware_dicit_final_confirmation,final_evaluation_confirmation_after_eigenmike_robothead_detector_discovery; R8 core previously developed on DICIT development split,task4,<LOCATA_EVAL_ROOT>\task4\recording2,recording2,2384,1503156248.75,0,0.75,1.0,0.0,True,True,5,uniform_time_spread_among_preregistered_eligible_anchors,False,False,False,False
failure-aware-safeguarded-r8-dicit-confirmation-20260807,DOA-FASR-DICIT-FINAL-CONFIRM-20260807,failure_aware_dicit_final_confirmation,final_evaluation_confirmation_after_eigenmike_robothead_detector_discovery; R8 core previously developed on DICIT development split,task4,<LOCATA_EVAL_ROOT>\task4\recording2,recording2,2749,1503156251.791,1,0.33605316518985584,0.4480708869198078,0.0,False,False,6,uniform_time_spread_among_preregistered_eligible_anchors,False,False,False,False
failure-aware-safeguarded-r8-dicit-confirmation-20260807,DOA-FASR-DICIT-FINAL-CONFIRM-20260807,failure_aware_dicit_final_confirmation,final_evaluation_confirmation_after_eigenmike_robothead_detector_discovery; R8 core previously developed on DICIT development split,task4,<LOCATA_EVAL_ROOT>\task4\recording2,recording2,3030,1503156254.133,1,0.75,1.0,0.0,True,True,7,uniform_time_spread_among_preregistered_eligible_anchors,False,False,False,False
failure-aware-safeguarded-r8-dicit-confirmation-20260807,DOA-FASR-DICIT-FINAL-CONFIRM-20260807,failure_aware_dicit_final_confirmation,final_evaluation_confirmation_after_eigenmike_robothead_detector_discovery; R8 core previously developed on DICIT development split,task4,<LOCATA_EVAL_ROOT>\task4\recording2,recording2,3395,1503156257.174,0,0.75,1.0,0.0,True,True,8,uniform_time_spread_among_preregistered_eligible_anchors,False,False,False,False
failure-aware-safeguarded-r8-dicit-confirmation-20260807,DOA-FASR-DICIT-FINAL-CONFIRM-20260807,failure_aware_dicit_final_confirmation,final_evaluation_confirmation_after_eigenmike_robothead_detector_discovery; R8 core previously developed on DICIT development split,task4,<LOCATA_EVAL_ROOT>\task4\recording2,recording2,3856,1503156261.016,0,0.75,1.0,0.0,True,True,9,uniform_time_spread_among_preregistered_eligible_anchors,False,False,False,False
failure-aware-safeguarded-r8-dicit-confirmation-20260807,DOA-FASR-DICIT-FINAL-CONFIRM-20260807,failure_aware_dicit_final_confirmation,final_evaluation_confirmation_after_eigenmike_robothead_detector_discovery; R8 core previously developed on DICIT development split,task4,<LOCATA_EVAL_ROOT>\task4\recording2,recording2,4235,1503156264.175,1,0.75,1.0,0.0,True,True,10,uniform_time_spread_among_preregistered_eligible_anchors,False,False,False,False
failure-aware-safeguarded-r8-dicit-confirmation-20260807,DOA-FASR-DICIT-FINAL-CONFIRM-20260807,failure_aware_dicit_final_confirmation,final_evaluation_confirmation_after_eigenmike_robothead_detector_discovery; R8 core previously developed on DICIT development split,task4,<LOCATA_EVAL_ROOT>\task4\recording2,recording2,4626,1503156267.437,0,0.75,1.0,0.0,True,True,11,uniform_time_spread_among_preregistered_eligible_anchors,False,False,False,False
failure-aware-safeguarded-r8-dicit-confirmation-20260807,DOA-FASR-DICIT-FINAL-CONFIRM-20260807,failure_aware_dicit_final_confirmation,final_evaluation_confirmation_after_eigenmike_robothead_detector_discovery; R8 core previously developed on DICIT development split,task4,<LOCATA_EVAL_ROOT>\task4\recording2,recording2,5114,1503156271.499,0,0.5816921752173551,0.7755895669564734,0.0,True,False,12,uniform_time_spread_among_preregistered_eligible_anchors,False,False,False,False
failure-aware-safeguarded-r8-dicit-confirmation-20260807,DOA-FASR-DICIT-FINAL-CONFIRM-20260807,failure_aware_dicit_final_confirmation,final_evaluation_confirmation_after_eigenmike_robothead_detector_discovery; R8 core previously developed on DICIT development split,task4,<LOCATA_EVAL_ROOT>\task4\recording2,recording2,5497,1503156274.69,1,0.75,1.0,0.0,True,True,13,uniform_time_spread_among_preregistered_eligible_anchors,False,False,False,False
failure-aware-safeguarded-r8-dicit-confirmation-20260807,DOA-FASR-DICIT-FINAL-CONFIRM-20260807,failure_aware_dicit_final_confirmation,final_evaluation_confirmation_after_eigenmike_robothead_detector_discovery; R8 core previously developed on DICIT development split,task4,<LOCATA_EVAL_ROOT>\task4\recording2,recording2,5862,1503156277.734,0,0.75,1.0,0.0,True,True,14,uniform_time_spread_among_preregistered_eligible_anchors,False,False,False,False
failure-aware-safeguarded-r8-dicit-confirmation-20260807,DOA-FASR-DICIT-FINAL-CONFIRM-20260807,failure_aware_dicit_final_confirmation,final_evaluation_confirmation_after_eigenmike_robothead_detector_discovery; R8 core previously developed on DICIT development split,task4,<LOCATA_EVAL_ROOT>\task4\recording2,recording2,6255,1503156281.008,1,0.75,1.0,0.0,True,True,15,uniform_time_spread_among_preregistered_eligible_anchors,False,False,False,False
failure-aware-safeguarded-r8-dicit-confirmation-20260807,DOA-FASR-DICIT-FINAL-CONFIRM-20260807,failure_aware_dicit_final_confirmation,final_evaluation_confirmation_after_eigenmike_robothead_detector_discovery; R8 core previously developed on DICIT development split,task4,<LOCATA_EVAL_ROOT>\task4\recording2,recording2,6619,1503156284.041,0,0.75,1.0,0.0,True,True,16,uniform_time_spread_among_preregistered_eligible_anchors,False,False,False,False
failure-aware-safeguarded-r8-dicit-confirmation-20260807,DOA-FASR-DICIT-FINAL-CONFIRM-20260807,failure_aware_dicit_final_confirmation,final_evaluation_confirmation_after_eigenmike_robothead_detector_discovery; R8 core previously developed on DICIT development split,task4,<LOCATA_EVAL_ROOT>\task4\recording2,recording2,7009,1503156287.299,1,0.75,1.0,0.0,True,True,17,uniform_time_spread_among_preregistered_eligible_anchors,False,False,False,False
failure-aware-safeguarded-r8-dicit-confirmation-20260807,DOA-FASR-DICIT-FINAL-CONFIRM-20260807,failure_aware_dicit_final_confirmation,final_evaluation_confirmation_after_eigenmike_robothead_detector_discovery; R8 core previously developed on DICIT development split,task4,<LOCATA_EVAL_ROOT>\task4\recording2,recording2,7466,1503156291.107,1,0.75,1.0,0.0,True,True,18,uniform_time_spread_among_preregistered_eligible_anchors,False,False,False,False
failure-aware-safeguarded-r8-dicit-confirmation-20260807,DOA-FASR-DICIT-FINAL-CONFIRM-20260807,failure_aware_dicit_final_confirmation,final_evaluation_confirmation_after_eigenmike_robothead_detector_discovery; R8 core previously developed on DICIT development split,task4,<LOCATA_EVAL_ROOT>\task4\recording2,recording2,7832,1503156294.148,0,0.75,1.0,0.0,True,True,19,uniform_time_spread_among_preregistered_eligible_anchors,False,False,False,False
failure-aware-safeguarded-r8-dicit-confirmation-20260807,DOA-FASR-DICIT-FINAL-CONFIRM-20260807,failure_aware_dicit_final_confirmation,final_evaluation_confirmation_after_eigenmike_robothead_detector_discovery; R8 core previously developed on DICIT development split,task4,<LOCATA_EVAL_ROOT>\task4\recording3,recording3,240,1503157447.953,0,0.10168467542568263,0.1355795672342435,0.0,False,False,0,uniform_time_spread_among_preregistered_eligible_anchors,False,False,False,False
failure-aware-safeguarded-r8-dicit-confirmation-20260807,DOA-FASR-DICIT-FINAL-CONFIRM-20260807,failure_aware_dicit_final_confirmation,final_evaluation_confirmation_after_eigenmike_robothead_detector_discovery; R8 core previously developed on DICIT development split,task4,<LOCATA_EVAL_ROOT>\task4\recording3,recording3,1085,1503157454.989,0,0.75,1.0,0.0,True,True,1,uniform_time_spread_among_preregistered_eligible_anchors,False,False,False,False
failure-aware-safeguarded-r8-dicit-confirmation-20260807,DOA-FASR-DICIT-FINAL-CONFIRM-20260807,failure_aware_dicit_final_confirmation,final_evaluation_confirmation_after_eigenmike_robothead_detector_discovery; R8 core previously developed on DICIT development split,task4,<LOCATA_EVAL_ROOT>\task4\recording3,recording3,1286,1503157456.668,1,0.75,1.0,0.0,True,True,2,uniform_time_spread_among_preregistered_eligible_anchors,False,False,False,False
failure-aware-safeguarded-r8-dicit-confirmation-20260807,DOA-FASR-DICIT-FINAL-CONFIRM-20260807,failure_aware_dicit_final_confirmation,final_evaluation_confirmation_after_eigenmike_robothead_detector_discovery; R8 core previously developed on DICIT development split,task4,<LOCATA_EVAL_ROOT>\task4\recording3,recording3,1963,1503157462.312,1,0.75,1.0,0.023832671314685704,True,True,3,uniform_time_spread_among_preregistered_eligible_anchors,False,False,False,False
failure-aware-safeguarded-r8-dicit-confirmation-20260807,DOA-FASR-DICIT-FINAL-CONFIRM-20260807,failure_aware_dicit_final_confirmation,final_evaluation_confirmation_after_eigenmike_robothead_detector_discovery; R8 core previously developed on DICIT development split,task4,<LOCATA_EVAL_ROOT>\task4\recording3,recording3,2619,1503157467.772,0,0.6248576428432543,0.8331435237910058,0.027082581039415573,True,True,4,uniform_time_spread_among_preregistered_eligible_anchors,False,False,False,False
failure-aware-safeguarded-r8-dicit-confirmation-20260807,DOA-FASR-DICIT-FINAL-CONFIRM-20260807,failure_aware_dicit_final_confirmation,final_evaluation_confirmation_after_eigenmike_robothead_detector_discovery; R8 core previously developed on DICIT development split,task4,<LOCATA_EVAL_ROOT>\task4\recording3,recording3,2886,1503157469.996,0,0.75,1.0,0.0,True,True,5,uniform_time_spread_among_preregistered_eligible_anchors,False,False,False,False
failure-aware-safeguarded-r8-dicit-confirmation-20260807,DOA-FASR-DICIT-FINAL-CONFIRM-20260807,failure_aware_dicit_final_confirmation,final_evaluation_confirmation_after_eigenmike_robothead_detector_discovery; R8 core previously developed on DICIT development split,task4,<LOCATA_EVAL_ROOT>\task4\recording3,recording3,3566,1503157475.662,1,0.75,1.0,0.0,True,True,6,uniform_time_spread_among_preregistered_eligible_anchors,False,False,False,False
failure-aware-safeguarded-r8-dicit-confirmation-20260807,DOA-FASR-DICIT-FINAL-CONFIRM-20260807,failure_aware_dicit_final_confirmation,final_evaluation_confirmation_after_eigenmike_robothead_detector_discovery; R8 core previously developed on DICIT development split,task4,<LOCATA_EVAL_ROOT>\task4\recording3,recording3,4312,1503157481.881,0,0.16884947640343323,0.22513263520457766,0.02124940973861837,False,False,7,uniform_time_spread_among_preregistered_eligible_anchors,False,False,False,False
failure-aware-safeguarded-r8-dicit-confirmation-20260807,DOA-FASR-DICIT-FINAL-CONFIRM-20260807,failure_aware_dicit_final_confirmation,final_evaluation_confirmation_after_eigenmike_robothead_detector_discovery; R8 core previously developed on DICIT development split,task4,<LOCATA_EVAL_ROOT>\task4\recording3,recording3,4663,1503157484.804,0,0.75,1.0,0.020971639676675646,True,True,8,uniform_time_spread_among_preregistered_eligible_anchors,False,False,False,False
failure-aware-safeguarded-r8-dicit-confirmation-20260807,DOA-FASR-DICIT-FINAL-CONFIRM-20260807,failure_aware_dicit_final_confirmation,final_evaluation_confirmation_after_eigenmike_robothead_detector_discovery; R8 core previously developed on DICIT development split,task4,<LOCATA_EVAL_ROOT>\task4\recording3,recording3,4814,1503157486.062,1,0.75,1.0,0.0,True,True,9,uniform_time_spread_among_preregistered_eligible_anchors,False,False,False,False
failure-aware-safeguarded-r8-dicit-confirmation-20260807,DOA-FASR-DICIT-FINAL-CONFIRM-20260807,failure_aware_dicit_final_confirmation,final_evaluation_confirmation_after_eigenmike_robothead_detector_discovery; R8 core previously developed on DICIT development split,task4,<LOCATA_EVAL_ROOT>\task4\recording3,recording3,5330,1503157490.363,0,0.75,1.0,0.0,True,True,10,uniform_time_spread_among_preregistered_eligible_anchors,False,False,False,False
failure-aware-safeguarded-r8-dicit-confirmation-20260807,DOA-FASR-DICIT-FINAL-CONFIRM-20260807,failure_aware_dicit_final_confirmation,final_evaluation_confirmation_after_eigenmike_robothead_detector_discovery; R8 core previously developed on DICIT development split,task4,<LOCATA_EVAL_ROOT>\task4\recording3,recording3,5544,1503157492.146,1,0.75,1.0,0.0,True,True,11,uniform_time_spread_among_preregistered_eligible_anchors,False,False,False,False
failure-aware-safeguarded-r8-dicit-confirmation-20260807,DOA-FASR-DICIT-FINAL-CONFIRM-20260807,failure_aware_dicit_final_confirmation,final_evaluation_confirmation_after_eigenmike_robothead_detector_discovery; R8 core previously developed on DICIT development split,task4,<LOCATA_EVAL_ROOT>\task4\recording3,recording3,5611,1503157492.703,1,0.75,1.0,0.0,True,True,12,uniform_time_spread_among_preregistered_eligible_anchors,False,False,False,False
failure-aware-safeguarded-r8-dicit-confirmation-20260807,DOA-FASR-DICIT-FINAL-CONFIRM-20260807,failure_aware_dicit_final_confirmation,final_evaluation_confirmation_after_eigenmike_robothead_detector_discovery; R8 core previously developed on DICIT development split,task4,<LOCATA_EVAL_ROOT>\task4\recording3,recording3,5762,1503157493.97,0,0.75,1.0,0.0,True,True,13,uniform_time_spread_among_preregistered_eligible_anchors,False,False,False,False
failure-aware-safeguarded-r8-dicit-confirmation-20260807,DOA-FASR-DICIT-FINAL-CONFIRM-20260807,failure_aware_dicit_final_confirmation,final_evaluation_confirmation_after_eigenmike_robothead_detector_discovery; R8 core previously developed on DICIT development split,task4,<LOCATA_EVAL_ROOT>\task4\recording3,recording3,5938,1503157495.429,1,0.75,1.0,0.0,True,True,14,uniform_time_spread_among_preregistered_eligible_anchors,False,False,False,False
failure-aware-safeguarded-r8-dicit-confirmation-20260807,DOA-FASR-DICIT-FINAL-CONFIRM-20260807,failure_aware_dicit_final_confirmation,final_evaluation_confirmation_after_eigenmike_robothead_detector_discovery; R8 core previously developed on DICIT development split,task4,<LOCATA_EVAL_ROOT>\task4\recording3,recording3,6319,1503157498.612,1,0.5580886642037721,0.7441182189383628,0.050054165162078834,True,False,15,uniform_time_spread_among_preregistered_eligible_anchors,False,False,False,False
failure-aware-safeguarded-r8-dicit-confirmation-20260807,DOA-FASR-DICIT-FINAL-CONFIRM-20260807,failure_aware_dicit_final_confirmation,final_evaluation_confirmation_after_eigenmike_robothead_detector_discovery; R8 core previously developed on DICIT development split,task4,<LOCATA_EVAL_ROOT>\task4\recording3,recording3,6386,1503157499.179,1,0.75,1.0,0.0,True,True,16,uniform_time_spread_among_preregistered_eligible_anchors,False,False,False,False
failure-aware-safeguarded-r8-dicit-confirmation-20260807,DOA-FASR-DICIT-FINAL-CONFIRM-20260807,failure_aware_dicit_final_confirmation,final_evaluation_confirmation_after_eigenmike_robothead_detector_discovery; R8 core previously developed on DICIT development split,task4,<LOCATA_EVAL_ROOT>\task4\recording3,recording3,6782,1503157502.46,1,0.75,1.0,0.009138635037915614,True,True,17,uniform_time_spread_among_preregistered_eligible_anchors,False,False,False,False
failure-aware-safeguarded-r8-dicit-confirmation-20260807,DOA-FASR-DICIT-FINAL-CONFIRM-20260807,failure_aware_dicit_final_confirmation,final_evaluation_confirmation_after_eigenmike_robothead_detector_discovery; R8 core previously developed on DICIT development split,task4,<LOCATA_EVAL_ROOT>\task4\recording3,recording3,6848,1503157503.011,1,0.75,1.0,0.0,True,True,18,uniform_time_spread_among_preregistered_eligible_anchors,False,False,False,False
failure-aware-safeguarded-r8-dicit-confirmation-20260807,DOA-FASR-DICIT-FINAL-CONFIRM-20260807,failure_aware_dicit_final_confirmation,final_evaluation_confirmation_after_eigenmike_robothead_detector_discovery; R8 core previously developed on DICIT development split,task4,<LOCATA_EVAL_ROOT>\task4\recording3,recording3,7314,1503157506.894,0,0.75,1.0,0.0,True,True,19,uniform_time_spread_among_preregistered_eligible_anchors,False,False,False,False
failure-aware-safeguarded-r8-dicit-confirmation-20260807,DOA-FASR-DICIT-FINAL-CONFIRM-20260807,failure_aware_dicit_final_confirmation,final_evaluation_confirmation_after_eigenmike_robothead_detector_discovery; R8 core previously developed on DICIT development split,task4,<LOCATA_EVAL_ROOT>\task4\recording4,recording4,377,1503157872.633,0,0.1030596372322991,0.13741284964306547,0.0,False,False,0,uniform_time_spread_among_preregistered_eligible_anchors,False,False,False,False
failure-aware-safeguarded-r8-dicit-confirmation-20260807,DOA-FASR-DICIT-FINAL-CONFIRM-20260807,failure_aware_dicit_final_confirmation,final_evaluation_confirmation_after_eigenmike_robothead_detector_discovery; R8 core previously developed on DICIT development split,task4,<LOCATA_EVAL_ROOT>\task4\recording4,recording4,783,1503157876.017,0,0.3839685008749757,0.5119580011666343,0.0,True,False,1,uniform_time_spread_among_preregistered_eligible_anchors,False,False,False,False
failure-aware-safeguarded-r8-dicit-confirmation-20260807,DOA-FASR-DICIT-FINAL-CONFIRM-20260807,failure_aware_dicit_final_confirmation,final_evaluation_confirmation_after_eigenmike_robothead_detector_discovery; R8 core previously developed on DICIT development split,task4,<LOCATA_EVAL_ROOT>\task4\recording4,recording4,845,1503157876.535,0,0.6251909669175856,0.8335879558901141,0.0,True,True,2,uniform_time_spread_among_preregistered_eligible_anchors,False,False,False,False
failure-aware-safeguarded-r8-dicit-confirmation-20260807,DOA-FASR-DICIT-FINAL-CONFIRM-20260807,failure_aware_dicit_final_confirmation,final_evaluation_confirmation_after_eigenmike_robothead_detector_discovery; R8 core previously developed on DICIT development split,task4,<LOCATA_EVAL_ROOT>\task4\recording4,recording4,1180,1503157879.325,0,0.5082358823366018,0.677647843115469,0.0,True,False,3,uniform_time_spread_among_preregistered_eligible_anchors,False,False,False,False
failure-aware-safeguarded-r8-dicit-confirmation-20260807,DOA-FASR-DICIT-FINAL-CONFIRM-20260807,failure_aware_dicit_final_confirmation,final_evaluation_confirmation_after_eigenmike_robothead_detector_discovery; R8 core previously developed on DICIT development split,task4,<LOCATA_EVAL_ROOT>\task4\recording4,recording4,1804,1503157884.525,0,0.75,1.0,0.0,True,True,4,uniform_time_spread_among_preregistered_eligible_anchors,False,False,False,False
failure-aware-safeguarded-r8-dicit-confirmation-20260807,DOA-FASR-DICIT-FINAL-CONFIRM-20260807,failure_aware_dicit_final_confirmation,final_evaluation_confirmation_after_eigenmike_robothead_detector_discovery; R8 core previously developed on DICIT development split,task4,<LOCATA_EVAL_ROOT>\task4\recording4,recording4,1866,1503157885.041,0,0.75,1.0,0.0,True,True,5,uniform_time_spread_among_preregistered_eligible_anchors,False,False,False,False
failure-aware-safeguarded-r8-dicit-confirmation-20260807,DOA-FASR-DICIT-FINAL-CONFIRM-20260807,failure_aware_dicit_final_confirmation,final_evaluation_confirmation_after_eigenmike_robothead_detector_discovery; R8 core previously developed on DICIT development split,task4,<LOCATA_EVAL_ROOT>\task4\recording4,recording4,2264,1503157888.357,0,0.3509485847615344,0.46793144634871253,0.0,False,False,6,uniform_time_spread_among_preregistered_eligible_anchors,False,False,False,False
failure-aware-safeguarded-r8-dicit-confirmation-20260807,DOA-FASR-DICIT-FINAL-CONFIRM-20260807,failure_aware_dicit_final_confirmation,final_evaluation_confirmation_after_eigenmike_robothead_detector_discovery; R8 core previously developed on DICIT development split,task4,<LOCATA_EVAL_ROOT>\task4\recording4,recording4,2780,1503157892.659,0,0.75,1.0,0.0,True,True,7,uniform_time_spread_among_preregistered_eligible_anchors,False,False,False,False
failure-aware-safeguarded-r8-dicit-confirmation-20260807,DOA-FASR-DICIT-FINAL-CONFIRM-20260807,failure_aware_dicit_final_confirmation,final_evaluation_confirmation_after_eigenmike_robothead_detector_discovery; R8 core previously developed on DICIT development split,task4,<LOCATA_EVAL_ROOT>\task4\recording4,recording4,3178,1503157895.974,0,0.75,1.0,0.05616510652481876,True,True,8,uniform_time_spread_among_preregistered_eligible_anchors,False,False,False,False
failure-aware-safeguarded-r8-dicit-confirmation-20260807,DOA-FASR-DICIT-FINAL-CONFIRM-20260807,failure_aware_dicit_final_confirmation,final_evaluation_confirmation_after_eigenmike_robothead_detector_discovery; R8 core previously developed on DICIT development split,task4,<LOCATA_EVAL_ROOT>\task4\recording4,recording4,3742,1503157900.678,0,0.35705258187272576,0.47607010916363435,0.0,False,False,9,uniform_time_spread_among_preregistered_eligible_anchors,False,False,False,False
failure-aware-safeguarded-r8-dicit-confirmation-20260807,DOA-FASR-DICIT-FINAL-CONFIRM-20260807,failure_aware_dicit_final_confirmation,final_evaluation_confirmation_after_eigenmike_robothead_detector_discovery; R8 core previously developed on DICIT development split,task4,<LOCATA_EVAL_ROOT>\task4\recording4,recording4,4165,1503157904.201,0,0.75,1.0,0.0,True,True,10,uniform_time_spread_among_preregistered_eligible_anchors,False,False,False,False
failure-aware-safeguarded-r8-dicit-confirmation-20260807,DOA-FASR-DICIT-FINAL-CONFIRM-20260807,failure_aware_dicit_final_confirmation,final_evaluation_confirmation_after_eigenmike_robothead_detector_discovery; R8 core previously developed on DICIT development split,task4,<LOCATA_EVAL_ROOT>\task4\recording4,recording4,4326,1503157905.54,1,0.75,1.0,0.047443126579817224,True,True,11,uniform_time_spread_among_preregistered_eligible_anchors,False,False,False,False
failure-aware-safeguarded-r8-dicit-confirmation-20260807,DOA-FASR-DICIT-FINAL-CONFIRM-20260807,failure_aware_dicit_final_confirmation,final_evaluation_confirmation_after_eigenmike_robothead_detector_discovery; R8 core previously developed on DICIT development split,task4,<LOCATA_EVAL_ROOT>\task4\recording4,recording4,4745,1503157909.031,1,0.75,1.0,0.0,True,True,12,uniform_time_spread_among_preregistered_eligible_anchors,False,False,False,False
failure-aware-safeguarded-r8-dicit-confirmation-20260807,DOA-FASR-DICIT-FINAL-CONFIRM-20260807,failure_aware_dicit_final_confirmation,final_evaluation_confirmation_after_eigenmike_robothead_detector_discovery; R8 core previously developed on DICIT development split,task4,<LOCATA_EVAL_ROOT>\task4\recording4,recording4,4891,1503157910.247,0,0.75,1.0,0.0,True,True,13,uniform_time_spread_among_preregistered_eligible_anchors,False,False,False,False
failure-aware-safeguarded-r8-dicit-confirmation-20260807,DOA-FASR-DICIT-FINAL-CONFIRM-20260807,failure_aware_dicit_final_confirmation,final_evaluation_confirmation_after_eigenmike_robothead_detector_discovery; R8 core previously developed on DICIT development split,task4,<LOCATA_EVAL_ROOT>\task4\recording4,recording4,5210,1503157912.906,0,0.75,1.0,0.0,True,True,14,uniform_time_spread_among_preregistered_eligible_anchors,False,False,False,False
failure-aware-safeguarded-r8-dicit-confirmation-20260807,DOA-FASR-DICIT-FINAL-CONFIRM-20260807,failure_aware_dicit_final_confirmation,final_evaluation_confirmation_after_eigenmike_robothead_detector_discovery; R8 core previously developed on DICIT development split,task4,<LOCATA_EVAL_ROOT>\task4\recording4,recording4,5272,1503157913.423,0,0.75,1.0,0.0,True,True,15,uniform_time_spread_among_preregistered_eligible_anchors,False,False,False,False
failure-aware-safeguarded-r8-dicit-confirmation-20260807,DOA-FASR-DICIT-FINAL-CONFIRM-20260807,failure_aware_dicit_final_confirmation,final_evaluation_confirmation_after_eigenmike_robothead_detector_discovery; R8 core previously developed on DICIT development split,task4,<LOCATA_EVAL_ROOT>\task4\recording4,recording4,5426,1503157914.705,1,0.75,1.0,0.0,True,True,16,uniform_time_spread_among_preregistered_eligible_anchors,False,False,False,False
failure-aware-safeguarded-r8-dicit-confirmation-20260807,DOA-FASR-DICIT-FINAL-CONFIRM-20260807,failure_aware_dicit_final_confirmation,final_evaluation_confirmation_after_eigenmike_robothead_detector_discovery; R8 core previously developed on DICIT development split,task4,<LOCATA_EVAL_ROOT>\task4\recording4,recording4,6028,1503157919.722,1,0.23899336129551957,0.31865781506069274,0.02669370295269576,False,False,17,uniform_time_spread_among_preregistered_eligible_anchors,False,False,False,False
failure-aware-safeguarded-r8-dicit-confirmation-20260807,DOA-FASR-DICIT-FINAL-CONFIRM-20260807,failure_aware_dicit_final_confirmation,final_evaluation_confirmation_after_eigenmike_robothead_detector_discovery; R8 core previously developed on DICIT development split,task4,<LOCATA_EVAL_ROOT>\task4\recording4,recording4,6977,1503157927.63,0,0.75,1.0,0.0,True,True,18,uniform_time_spread_among_preregistered_eligible_anchors,False,False,False,False
failure-aware-safeguarded-r8-dicit-confirmation-20260807,DOA-FASR-DICIT-FINAL-CONFIRM-20260807,failure_aware_dicit_final_confirmation,final_evaluation_confirmation_after_eigenmike_robothead_detector_discovery; R8 core previously developed on DICIT development split,task4,<LOCATA_EVAL_ROOT>\task4\recording4,recording4,7300,1503157930.321,0,0.75,1.0,0.0,True,True,19,uniform_time_spread_among_preregistered_eligible_anchors,False,False,False,False
failure-aware-safeguarded-r8-dicit-confirmation-20260807,DOA-FASR-DICIT-FINAL-CONFIRM-20260807,failure_aware_dicit_final_confirmation,final_evaluation_confirmation_after_eigenmike_robothead_detector_discovery; R8 core previously developed on DICIT development split,task4,<LOCATA_EVAL_ROOT>\task4\recording5,recording5,307,1503160365.346,0,0.10870531374128496,0.14494041832171328,0.0,False,False,0,uniform_time_spread_among_preregistered_eligible_anchors,False,False,False,False
failure-aware-safeguarded-r8-dicit-confirmation-20260807,DOA-FASR-DICIT-FINAL-CONFIRM-20260807,failure_aware_dicit_final_confirmation,final_evaluation_confirmation_after_eigenmike_robothead_detector_discovery; R8 core previously developed on DICIT development split,task4,<LOCATA_EVAL_ROOT>\task4\recording5,recording5,351,1503160365.713,0,0.47569511958001165,0.6342601594400156,0.0,True,False,1,uniform_time_spread_among_preregistered_eligible_anchors,False,False,False,False
failure-aware-safeguarded-r8-dicit-confirmation-20260807,DOA-FASR-DICIT-FINAL-CONFIRM-20260807,failure_aware_dicit_final_confirmation,final_evaluation_confirmation_after_eigenmike_robothead_detector_discovery; R8 core previously developed on DICIT development split,task4,<LOCATA_EVAL_ROOT>\task4\recording5,recording5,395,1503160366.079,0,0.75,1.0,0.0,True,True,2,uniform_time_spread_among_preregistered_eligible_anchors,False,False,False,False
failure-aware-safeguarded-r8-dicit-confirmation-20260807,DOA-FASR-DICIT-FINAL-CONFIRM-20260807,failure_aware_dicit_final_confirmation,final_evaluation_confirmation_after_eigenmike_robothead_detector_discovery; R8 core previously developed on DICIT development split,task4,<LOCATA_EVAL_ROOT>\task4\recording5,recording5,439,1503160366.435,0,0.75,1.0,0.0,True,True,3,uniform_time_spread_among_preregistered_eligible_anchors,False,False,False,False
failure-aware-safeguarded-r8-dicit-confirmation-20260807,DOA-FASR-DICIT-FINAL-CONFIRM-20260807,failure_aware_dicit_final_confirmation,final_evaluation_confirmation_after_eigenmike_robothead_detector_discovery; R8 core previously developed on DICIT development split,task4,<LOCATA_EVAL_ROOT>\task4\recording5,recording5,483,1503160366.802,0,0.75,1.0,0.0,True,True,4,uniform_time_spread_among_preregistered_eligible_anchors,False,False,False,False
failure-aware-safeguarded-r8-dicit-confirmation-20260807,DOA-FASR-DICIT-FINAL-CONFIRM-20260807,failure_aware_dicit_final_confirmation,final_evaluation_confirmation_after_eigenmike_robothead_detector_discovery; R8 core previously developed on DICIT development split,task4,<LOCATA_EVAL_ROOT>\task4\recording5,recording5,1051,1503160371.534,0,0.28763784339323906,0.38351712452431874,0.0,False,False,5,uniform_time_spread_among_preregistered_eligible_anchors,False,False,False,False
failure-aware-safeguarded-r8-dicit-confirmation-20260807,DOA-FASR-DICIT-FINAL-CONFIRM-20260807,failure_aware_dicit_final_confirmation,final_evaluation_confirmation_after_eigenmike_robothead_detector_discovery; R8 core previously developed on DICIT development split,task4,<LOCATA_EVAL_ROOT>\task4\recording5,recording5,1095,1503160371.907,0,0.6606274825699286,0.8808366434265715,0.0,True,True,6,uniform_time_spread_among_preregistered_eligible_anchors,False,False,False,False
failure-aware-safeguarded-r8-dicit-confirmation-20260807,DOA-FASR-DICIT-FINAL-CONFIRM-20260807,failure_aware_dicit_final_confirmation,final_evaluation_confirmation_after_eigenmike_robothead_detector_discovery; R8 core previously developed on DICIT development split,task4,<LOCATA_EVAL_ROOT>\task4\recording5,recording5,2247,1503160381.501,0,0.75,1.0,0.0153884614316269,True,True,7,uniform_time_spread_among_preregistered_eligible_anchors,False,False,False,False
failure-aware-safeguarded-r8-dicit-confirmation-20260807,DOA-FASR-DICIT-FINAL-CONFIRM-20260807,failure_aware_dicit_final_confirmation,final_evaluation_confirmation_after_eigenmike_robothead_detector_discovery; R8 core previously developed on DICIT development split,task4,<LOCATA_EVAL_ROOT>\task4\recording5,recording5,2471,1503160383.367,1,0.75,1.0,0.0,True,True,8,uniform_time_spread_among_preregistered_eligible_anchors,False,False,False,False
failure-aware-safeguarded-r8-dicit-confirmation-20260807,DOA-FASR-DICIT-FINAL-CONFIRM-20260807,failure_aware_dicit_final_confirmation,final_evaluation_confirmation_after_eigenmike_robothead_detector_discovery; R8 core previously developed on DICIT development split,task4,<LOCATA_EVAL_ROOT>\task4\recording5,recording5,4007,1503160396.169,1,0.39228076997861167,0.5230410266381489,0.0,True,False,9,uniform_time_spread_among_preregistered_eligible_anchors,False,False,False,False
failure-aware-safeguarded-r8-dicit-confirmation-20260807,DOA-FASR-DICIT-FINAL-CONFIRM-20260807,failure_aware_dicit_final_confirmation,final_evaluation_confirmation_after_eigenmike_robothead_detector_discovery; R8 core previously developed on DICIT development split,task4,<LOCATA_EVAL_ROOT>\task4\recording5,recording5,4313,1503160398.717,0,0.75,1.0,0.04077664509319186,True,True,10,uniform_time_spread_among_preregistered_eligible_anchors,False,False,False,False
failure-aware-safeguarded-r8-dicit-confirmation-20260807,DOA-FASR-DICIT-FINAL-CONFIRM-20260807,failure_aware_dicit_final_confirmation,final_evaluation_confirmation_after_eigenmike_robothead_detector_discovery; R8 core previously developed on DICIT development split,task4,<LOCATA_EVAL_ROOT>\task4\recording5,recording5,4357,1503160399.083,0,0.75,1.0,0.0,True,True,11,uniform_time_spread_among_preregistered_eligible_anchors,False,False,False,False
failure-aware-safeguarded-r8-dicit-confirmation-20260807,DOA-FASR-DICIT-FINAL-CONFIRM-20260807,failure_aware_dicit_final_confirmation,final_evaluation_confirmation_after_eigenmike_robothead_detector_discovery; R8 core previously developed on DICIT development split,task4,<LOCATA_EVAL_ROOT>\task4\recording5,recording5,4979,1503160404.267,0,0.75,1.0,0.0,True,True,12,uniform_time_spread_among_preregistered_eligible_anchors,False,False,False,False
failure-aware-safeguarded-r8-dicit-confirmation-20260807,DOA-FASR-DICIT-FINAL-CONFIRM-20260807,failure_aware_dicit_final_confirmation,final_evaluation_confirmation_after_eigenmike_robothead_detector_discovery; R8 core previously developed on DICIT development split,task4,<LOCATA_EVAL_ROOT>\task4\recording5,recording5,5107,1503160405.336,1,0.75,1.0,0.0,True,True,13,uniform_time_spread_among_preregistered_eligible_anchors,False,False,False,False
failure-aware-safeguarded-r8-dicit-confirmation-20260807,DOA-FASR-DICIT-FINAL-CONFIRM-20260807,failure_aware_dicit_final_confirmation,final_evaluation_confirmation_after_eigenmike_robothead_detector_discovery; R8 core previously developed on DICIT development split,task4,<LOCATA_EVAL_ROOT>\task4\recording5,recording5,5151,1503160405.703,1,0.75,1.0,0.0,True,True,14,uniform_time_spread_among_preregistered_eligible_anchors,False,False,False,False
failure-aware-safeguarded-r8-dicit-confirmation-20260807,DOA-FASR-DICIT-FINAL-CONFIRM-20260807,failure_aware_dicit_final_confirmation,final_evaluation_confirmation_after_eigenmike_robothead_detector_discovery; R8 core previously developed on DICIT development split,task4,<LOCATA_EVAL_ROOT>\task4\recording5,recording5,5661,1503160409.96,0,0.75,1.0,0.0,True,True,15,uniform_time_spread_among_preregistered_eligible_anchors,False,False,False,False
failure-aware-safeguarded-r8-dicit-confirmation-20260807,DOA-FASR-DICIT-FINAL-CONFIRM-20260807,failure_aware_dicit_final_confirmation,final_evaluation_confirmation_after_eigenmike_robothead_detector_discovery; R8 core previously developed on DICIT development split,task4,<LOCATA_EVAL_ROOT>\task4\recording5,recording5,6210,1503160414.535,1,0.75,1.0,0.0,True,True,16,uniform_time_spread_among_preregistered_eligible_anchors,False,False,False,False
failure-aware-safeguarded-r8-dicit-confirmation-20260807,DOA-FASR-DICIT-FINAL-CONFIRM-20260807,failure_aware_dicit_final_confirmation,final_evaluation_confirmation_after_eigenmike_robothead_detector_discovery; R8 core previously developed on DICIT development split,task4,<LOCATA_EVAL_ROOT>\task4\recording5,recording5,6717,1503160418.749,1,0.4540290547484792,0.6053720729979722,0.0,True,False,17,uniform_time_spread_among_preregistered_eligible_anchors,False,False,False,False
failure-aware-safeguarded-r8-dicit-confirmation-20260807,DOA-FASR-DICIT-FINAL-CONFIRM-20260807,failure_aware_dicit_final_confirmation,final_evaluation_confirmation_after_eigenmike_robothead_detector_discovery; R8 core previously developed on DICIT development split,task4,<LOCATA_EVAL_ROOT>\task4\recording5,recording5,7095,1503160421.899,0,0.75,1.0,0.0,True,True,18,uniform_time_spread_among_preregistered_eligible_anchors,False,False,False,False
failure-aware-safeguarded-r8-dicit-confirmation-20260807,DOA-FASR-DICIT-FINAL-CONFIRM-20260807,failure_aware_dicit_final_confirmation,final_evaluation_confirmation_after_eigenmike_robothead_detector_discovery; R8 core previously developed on DICIT development split,task4,<LOCATA_EVAL_ROOT>\task4\recording5,recording5,7139,1503160422.266,0,0.75,1.0,0.0,True,True,19,uniform_time_spread_among_preregistered_eligible_anchors,False,False,False,False
