release,protocol_id,task,recording_name,required_time_row_index,active_source_index,true_azimuth_deg,e0_estimate_deg,estimated_azimuth_deg,e0_signed_error_deg,signed_error_deg,e0_absolute_error_deg,absolute_error_deg,e0_squared_error_deg2,squared_error_deg2,adopt,pre_guard_adopt,guard_triggered,reassigned_pair_count,model_selection_gain,method,assignment_strength,anchor_strength,truth_used_for_estimation,task_identity_used_for_estimation,holdout_used_for_tuning
r8m-postfreeze-hearingaid-task12-extension-20260814,DOA-R8M-HA-TASK12-EXTENSION-20260814,task1,recording14,91,0,11.76644563716635,11.751143252488061,11.751143252488061,-0.015302384678278713,-0.015302384678278713,0.015302384678278713,0.015302384678278713,0.0002341629768420191,0.0002341629768420191,False,False,False,0,-0.49490061601887925,full_adaptive_freedom,1.5,0.03,False,False,False
r8m-postfreeze-hearingaid-task12-extension-20260814,DOA-R8M-HA-TASK12-EXTENSION-20260814,task1,recording14,107,0,11.76644563716635,11.907415471625113,11.907415471625113,0.14096983445875821,0.14096983445875821,0.14096983445875821,0.14096983445875821,0.019872494227329694,0.019872494227329694,False,False,False,0,-0.6160870421877453,full_adaptive_freedom,1.5,0.03,False,False,False
r8m-postfreeze-hearingaid-task12-extension-20260814,DOA-R8M-HA-TASK12-EXTENSION-20260814,task1,recording14,123,0,11.76644563716635,11.7667030437283,11.7667030437283,0.000257406561956941,0.000257406561956941,0.000257406561956941,0.000257406561956941,6.62581381384925e-08,6.62581381384925e-08,False,False,False,0,-0.5083771064546326,full_adaptive_freedom,1.5,0.03,False,False,False
r8m-postfreeze-hearingaid-task12-extension-20260814,DOA-R8M-HA-TASK12-EXTENSION-20260814,task1,recording14,139,0,11.76644563716635,11.756020352121872,11.756020352121872,-0.010425285044476595,-0.010425285044476595,0.010425285044476595,0.010425285044476595,0.00010868656825858737,0.00010868656825858737,False,False,False,0,-0.5084250818031093,full_adaptive_freedom,1.5,0.03,False,False,False
r8m-postfreeze-hearingaid-task12-extension-20260814,DOA-R8M-HA-TASK12-EXTENSION-20260814,task1,recording14,155,0,11.76644563716635,11.868430642970058,11.868430642970058,0.10198500580369796,0.10198500580369796,0.10198500580369796,0.10198500580369796,0.010400941408780307,0.010400941408780307,False,False,False,0,-0.5366846257978283,full_adaptive_freedom,1.5,0.03,False,False,False
r8m-postfreeze-hearingaid-task12-extension-20260814,DOA-R8M-HA-TASK12-EXTENSION-20260814,task1,recording14,171,0,11.76644563716635,11.661530032940073,11.661530032940073,-0.10491560422627799,-0.10491560422627799,0.10491560422627799,0.10491560422627799,0.011007284010165,0.011007284010165,False,False,False,0,-0.5199070839376556,full_adaptive_freedom,1.5,0.03,False,False,False
r8m-postfreeze-hearingaid-task12-extension-20260814,DOA-R8M-HA-TASK12-EXTENSION-20260814,task1,recording14,187,0,11.76644563716635,12.291457582885101,12.291457582885101,0.5250119457187452,0.5250119457187452,0.5250119457187452,0.5250119457187452,0.27563754314738265,0.27563754314738265,False,False,False,0,-0.5413454157109319,full_adaptive_freedom,1.5,0.03,False,False,False
r8m-postfreeze-hearingaid-task12-extension-20260814,DOA-R8M-HA-TASK12-EXTENSION-20260814,task1,recording14,203,0,11.76644563716635,13.37369047068905,13.37369047068905,1.6072448335227136,1.6072448335227136,1.6072448335227136,1.6072448335227136,2.5832359548854553,2.5832359548854553,False,False,False,0,-0.4926429405861823,full_adaptive_freedom,1.5,0.03,False,False,False
r8m-postfreeze-hearingaid-task12-extension-20260814,DOA-R8M-HA-TASK12-EXTENSION-20260814,task1,recording14,318,0,11.76644563716635,11.6211062268316,11.6211062268316,-0.14533941033474207,-0.14533941033474207,0.14533941033474207,0.14533941033474207,0.02112354419645053,0.02112354419645053,False,False,False,0,-0.5000570924433482,full_adaptive_freedom,1.5,0.03,False,False,False
r8m-postfreeze-hearingaid-task12-extension-20260814,DOA-R8M-HA-TASK12-EXTENSION-20260814,task1,recording14,334,0,11.76644563716635,12.26135998953247,12.26135998953247,0.49491435236612347,0.49491435236612347,0.49491435236612347,0.49491435236612347,0.24494021617797943,0.24494021617797943,False,False,False,0,-0.4936160045354243,full_adaptive_freedom,1.5,0.03,False,False,False
r8m-postfreeze-hearingaid-task12-extension-20260814,DOA-R8M-HA-TASK12-EXTENSION-20260814,task1,recording14,350,0,11.76644563716635,11.858120431652472,11.858120431652472,0.09167479448612426,0.09167479448612426,0.09167479448612426,0.09167479448612426,0.008404267944073118,0.008404267944073118,False,False,False,0,-0.646448338892811,full_adaptive_freedom,1.5,0.03,False,False,False
r8m-postfreeze-hearingaid-task12-extension-20260814,DOA-R8M-HA-TASK12-EXTENSION-20260814,task1,recording14,366,0,11.76644563716635,12.100998603352497,12.100998603352497,0.33455296618615193,0.33455296618615193,0.33455296618615193,0.33455296618615193,0.11192568718395252,0.11192568718395252,False,False,False,0,-0.6018433912155784,full_adaptive_freedom,1.5,0.03,False,False,False
r8m-postfreeze-hearingaid-task12-extension-20260814,DOA-R8M-HA-TASK12-EXTENSION-20260814,task1,recording14,382,0,11.76644563716635,11.922933220760248,11.922933220760248,0.15648758359390058,0.15648758359390058,0.15648758359390058,0.15648758359390058,0.024488363819058022,0.024488363819058022,False,False,False,0,-0.4793162292725478,full_adaptive_freedom,1.5,0.03,False,False,False
r8m-postfreeze-hearingaid-task12-extension-20260814,DOA-R8M-HA-TASK12-EXTENSION-20260814,task1,recording14,398,0,11.76644563716635,11.909323827061545,11.909323827061545,0.14287818989518541,0.14287818989518541,0.14287818989518541,0.14287818989518541,0.020414177147724664,0.020414177147724664,False,False,False,0,-0.508915568032571,full_adaptive_freedom,1.5,0.03,False,False,False
r8m-postfreeze-hearingaid-task12-extension-20260814,DOA-R8M-HA-TASK12-EXTENSION-20260814,task1,recording14,414,0,11.76644563716635,11.549071208342255,11.549071208342255,-0.21737442882408686,-0.21737442882408686,0.21737442882408686,0.21737442882408686,0.04725164230659801,0.04725164230659801,False,False,False,0,-0.471307887839339,full_adaptive_freedom,1.5,0.03,False,False,False
r8m-postfreeze-hearingaid-task12-extension-20260814,DOA-R8M-HA-TASK12-EXTENSION-20260814,task1,recording14,430,0,11.76644563716635,11.26859940784201,11.26859940784201,-0.4978462293243524,-0.4978462293243524,0.4978462293243524,0.4978462293243524,0.2478508680524757,0.2478508680524757,False,False,False,0,-0.5463617893840438,full_adaptive_freedom,1.5,0.03,False,False,False
r8m-postfreeze-hearingaid-task12-extension-20260814,DOA-R8M-HA-TASK12-EXTENSION-20260814,task1,recording14,446,0,11.76644563716635,11.90793773695506,11.90793773695506,0.14149209978870658,0.14149209978870658,0.14149209978870658,0.14149209978870658,0.020020014302617302,0.020020014302617302,False,False,False,0,-0.47562455555080163,full_adaptive_freedom,1.5,0.03,False,False,False
r8m-postfreeze-hearingaid-task12-extension-20260814,DOA-R8M-HA-TASK12-EXTENSION-20260814,task1,recording14,462,0,11.76644563716635,11.065756532829882,11.065756532829882,-0.700689104336476,-0.700689104336476,0.700689104336476,0.700689104336476,0.490965220935853,0.490965220935853,False,False,False,0,-0.4926450309957485,full_adaptive_freedom,1.5,0.03,False,False,False
r8m-postfreeze-hearingaid-task12-extension-20260814,DOA-R8M-HA-TASK12-EXTENSION-20260814,task1,recording14,478,0,11.76644563716635,11.777790971463595,11.777790971463595,0.011345334297232057,0.011345334297232057,0.011345334297232057,0.011345334297232057,0.00012871661031595,0.00012871661031595,False,False,False,0,-0.46892284466375095,full_adaptive_freedom,1.5,0.03,False,False,False
r8m-postfreeze-hearingaid-task12-extension-20260814,DOA-R8M-HA-TASK12-EXTENSION-20260814,task1,recording14,494,0,11.76644563716635,11.662821965622364,11.662821965622364,-0.10362367154399976,-0.10362367154399976,0.10362367154399976,0.10362367154399976,0.010737865304258746,0.010737865304258746,False,False,False,0,-0.619851102093213,full_adaptive_freedom,1.5,0.03,False,False,False
r8m-postfreeze-hearingaid-task12-extension-20260814,DOA-R8M-HA-TASK12-EXTENSION-20260814,task1,recording15,204,0,-48.36139520147361,-76.17394811069458,-76.17394811069458,-27.812552909220983,-27.812552909220983,27.812552909220983,27.812552909220983,773.5380993282166,773.5380993282166,False,False,False,0,-0.021414600421108182,full_adaptive_freedom,1.5,0.03,False,False,False
r8m-postfreeze-hearingaid-task12-extension-20260814,DOA-R8M-HA-TASK12-EXTENSION-20260814,task1,recording15,224,0,-48.36139520147361,-74.2796836052628,-74.2796836052628,-25.918288403789177,-25.918288403789177,25.918288403789177,25.918288403789177,671.7576737819925,671.7576737819925,False,False,False,0,-0.027500003971652164,full_adaptive_freedom,1.5,0.03,False,False,False
r8m-postfreeze-hearingaid-task12-extension-20260814,DOA-R8M-HA-TASK12-EXTENSION-20260814,task1,recording15,243,0,-48.36139520147361,-72.56706836436122,-72.56706836436122,-24.205673162887592,-24.205673162887592,24.205673162887592,24.205673162887592,585.9146132685366,585.9146132685366,False,False,False,0,-0.041540954444793526,full_adaptive_freedom,1.5,0.03,False,False,False
r8m-postfreeze-hearingaid-task12-extension-20260814,DOA-R8M-HA-TASK12-EXTENSION-20260814,task1,recording15,263,0,-48.36139520147361,-72.45488143468265,-72.45488143468265,-24.093486233209035,-24.093486233209035,24.093486233209035,24.093486233209035,580.4960788698332,580.4960788698332,False,False,False,0,-0.08154575257574961,full_adaptive_freedom,1.5,0.03,False,False,False
r8m-postfreeze-hearingaid-task12-extension-20260814,DOA-R8M-HA-TASK12-EXTENSION-20260814,task1,recording15,283,0,-48.36139520147361,-75.25553254012156,-75.25553254012156,-26.894137338647965,-26.894137338647965,26.894137338647965,26.894137338647965,723.2946231900587,723.2946231900587,False,False,False,0,-0.061287828387204285,full_adaptive_freedom,1.5,0.03,False,False,False
r8m-postfreeze-hearingaid-task12-extension-20260814,DOA-R8M-HA-TASK12-EXTENSION-20260814,task1,recording15,302,0,-48.36139520147361,-74.93392868431873,-74.93392868431873,-26.57253348284513,-26.57253348284513,26.57253348284513,26.57253348284513,706.0995356969256,706.0995356969256,False,False,False,0,-0.04614023766092788,full_adaptive_freedom,1.5,0.03,False,False,False
r8m-postfreeze-hearingaid-task12-extension-20260814,DOA-R8M-HA-TASK12-EXTENSION-20260814,task1,recording15,322,0,-48.36139520147361,-75.24284666497441,-75.24284666497441,-26.88145146350081,-26.88145146350081,26.88145146350081,26.88145146350081,722.6124327845498,722.6124327845498,False,True,True,0,0.6502274212584005,full_adaptive_freedom,1.5,0.03,False,False,False
r8m-postfreeze-hearingaid-task12-extension-20260814,DOA-R8M-HA-TASK12-EXTENSION-20260814,task1,recording15,341,0,-48.36139520147361,-75.16142208145625,-75.16142208145625,-26.800026879982624,-26.800026879982624,26.800026879982624,26.800026879982624,718.2414407677912,718.2414407677912,False,False,False,0,-0.054236660299010614,full_adaptive_freedom,1.5,0.03,False,False,False
r8m-postfreeze-hearingaid-task12-extension-20260814,DOA-R8M-HA-TASK12-EXTENSION-20260814,task1,recording15,361,0,-48.36139520147361,-74.23824707768212,-74.23824707768212,-25.87685187620849,-25.87685187620849,25.87685187620849,25.87685187620849,669.6114630232349,669.6114630232349,False,False,False,0,-0.020241948246886462,full_adaptive_freedom,1.5,0.03,False,False,False
r8m-postfreeze-hearingaid-task12-extension-20260814,DOA-R8M-HA-TASK12-EXTENSION-20260814,task1,recording15,381,0,-48.36139520147361,-75.04042127310603,-75.04042127310603,-26.67902607163242,-26.67902607163242,26.67902607163242,26.67902607163242,711.7704321308424,711.7704321308424,False,True,True,0,0.027931868970794665,full_adaptive_freedom,1.5,0.03,False,False,False
r8m-postfreeze-hearingaid-task12-extension-20260814,DOA-R8M-HA-TASK12-EXTENSION-20260814,task1,recording15,522,0,-48.36139520147361,-75.47216252283187,-75.47216252283187,-27.110767321358253,-27.110767321358253,27.110767321358253,27.110767321358253,734.9937047528265,734.9937047528265,False,False,False,0,-0.052215270962429346,full_adaptive_freedom,1.5,0.03,False,False,False
r8m-postfreeze-hearingaid-task12-extension-20260814,DOA-R8M-HA-TASK12-EXTENSION-20260814,task1,recording15,542,0,-48.36139520147361,-75.62195488944734,-75.62195488944734,-27.26055968797374,-27.26055968797374,27.26055968797374,27.26055968797374,743.1381145015789,743.1381145015789,False,False,False,0,-0.05233045616145788,full_adaptive_freedom,1.5,0.03,False,False,False
r8m-postfreeze-hearingaid-task12-extension-20260814,DOA-R8M-HA-TASK12-EXTENSION-20260814,task1,recording15,562,0,-48.36139520147361,-75.53624381206498,-75.53624381206498,-27.17484861059137,-27.17484861059137,27.17484861059137,27.17484861059137,738.4723970085596,738.4723970085596,False,False,False,0,-0.056874019639436446,full_adaptive_freedom,1.5,0.03,False,False,False
r8m-postfreeze-hearingaid-task12-extension-20260814,DOA-R8M-HA-TASK12-EXTENSION-20260814,task1,recording15,581,0,-48.36139520147361,-74.95112660954307,-74.95112660954307,-26.58973140806944,-26.58973140806944,26.58973140806944,26.58973140806944,707.0138163532745,707.0138163532745,False,False,False,0,-0.033224517099882556,full_adaptive_freedom,1.5,0.03,False,False,False
r8m-postfreeze-hearingaid-task12-extension-20260814,DOA-R8M-HA-TASK12-EXTENSION-20260814,task1,recording15,601,0,-48.36139520147361,-74.95016791314463,-74.95016791314463,-26.588772711671027,-26.588772711671027,26.588772711671027,26.588772711671027,706.9628343129018,706.9628343129018,False,False,False,0,-0.04147040094432744,full_adaptive_freedom,1.5,0.03,False,False,False
r8m-postfreeze-hearingaid-task12-extension-20260814,DOA-R8M-HA-TASK12-EXTENSION-20260814,task1,recording15,620,0,-48.36139520147361,-77.29276911666034,-77.29276911666034,-28.931373915186725,-28.931373915186725,28.931373915186725,28.931373915186725,837.0243966203469,837.0243966203469,False,False,False,0,-0.04099370076649358,full_adaptive_freedom,1.5,0.03,False,False,False
r8m-postfreeze-hearingaid-task12-extension-20260814,DOA-R8M-HA-TASK12-EXTENSION-20260814,task1,recording15,640,0,-48.36139520147361,-76.3599896516488,-76.3599896516488,-27.998594450175176,-27.998594450175176,27.998594450175176,27.998594450175176,783.9212911853801,783.9212911853801,False,False,False,0,-0.07039370033192771,full_adaptive_freedom,1.5,0.03,False,False,False
r8m-postfreeze-hearingaid-task12-extension-20260814,DOA-R8M-HA-TASK12-EXTENSION-20260814,task1,recording15,660,0,-48.36139520147361,-75.83701834028871,-75.83701834028871,-27.47562313881508,-27.47562313881508,27.47562313881508,27.47562313881508,754.9098668661907,754.9098668661907,False,False,False,0,-0.06311293064195651,full_adaptive_freedom,1.5,0.03,False,False,False
r8m-postfreeze-hearingaid-task12-extension-20260814,DOA-R8M-HA-TASK12-EXTENSION-20260814,task1,recording15,679,0,-48.36139520147361,-74.38498474727214,-74.38498474727214,-26.02358954579853,-26.02358954579853,26.02358954579853,26.02358954579853,677.2272128481945,677.2272128481945,False,False,False,0,-0.06148900236722035,full_adaptive_freedom,1.5,0.03,False,False,False
r8m-postfreeze-hearingaid-task12-extension-20260814,DOA-R8M-HA-TASK12-EXTENSION-20260814,task1,recording15,699,0,-48.36139520147361,-75.59287884622947,-75.59287884622947,-27.231483644755855,-27.231483644755855,27.231483644755855,27.231483644755855,741.5537014946057,741.5537014946057,False,False,False,0,-0.04749336516200453,full_adaptive_freedom,1.5,0.03,False,False,False
r8m-postfreeze-hearingaid-task12-extension-20260814,DOA-R8M-HA-TASK12-EXTENSION-20260814,task1,recording16,204,0,59.93920431200989,79.99965486413433,79.99965486413433,20.06045055212445,20.06045055212445,20.06045055212445,20.06045055212445,402.42167635423016,402.42167635423016,False,False,False,0,-14.919151692213301,full_adaptive_freedom,1.5,0.03,False,False,False
r8m-postfreeze-hearingaid-task12-extension-20260814,DOA-R8M-HA-TASK12-EXTENSION-20260814,task1,recording16,224,0,59.93920431200989,79.99965486413433,79.99965486413433,20.06045055212445,20.06045055212445,20.06045055212445,20.06045055212445,402.42167635423016,402.42167635423016,False,False,False,0,-47.14258089193939,full_adaptive_freedom,1.5,0.03,False,False,False
r8m-postfreeze-hearingaid-task12-extension-20260814,DOA-R8M-HA-TASK12-EXTENSION-20260814,task1,recording16,244,0,59.93920431200989,79.99965486413433,79.99965486413433,20.06045055212445,20.06045055212445,20.06045055212445,20.06045055212445,402.42167635423016,402.42167635423016,False,False,False,0,-0.6990055065683273,full_adaptive_freedom,1.5,0.03,False,False,False
r8m-postfreeze-hearingaid-task12-extension-20260814,DOA-R8M-HA-TASK12-EXTENSION-20260814,task1,recording16,264,0,59.93920431200989,79.99965486413433,79.99965486413433,20.06045055212445,20.06045055212445,20.06045055212445,20.06045055212445,402.42167635423016,402.42167635423016,False,False,False,0,-0.7087544129106327,full_adaptive_freedom,1.5,0.03,False,False,False
r8m-postfreeze-hearingaid-task12-extension-20260814,DOA-R8M-HA-TASK12-EXTENSION-20260814,task1,recording16,284,0,59.93920431200989,79.99965486413433,79.99965486413433,20.06045055212445,20.06045055212445,20.06045055212445,20.06045055212445,402.42167635423016,402.42167635423016,False,False,False,0,-0.734260903372093,full_adaptive_freedom,1.5,0.03,False,False,False
r8m-postfreeze-hearingaid-task12-extension-20260814,DOA-R8M-HA-TASK12-EXTENSION-20260814,task1,recording16,305,0,59.93920431200989,79.99965486413433,79.99965486413433,20.06045055212445,20.06045055212445,20.06045055212445,20.06045055212445,402.42167635423016,402.42167635423016,False,False,False,0,-36.407562225307,full_adaptive_freedom,1.5,0.03,False,False,False
r8m-postfreeze-hearingaid-task12-extension-20260814,DOA-R8M-HA-TASK12-EXTENSION-20260814,task1,recording16,325,0,59.93920431200989,79.99965486413433,79.99965486413433,20.06045055212445,20.06045055212445,20.06045055212445,20.06045055212445,402.42167635423016,402.42167635423016,False,False,False,0,-44.76527446706603,full_adaptive_freedom,1.5,0.03,False,False,False
r8m-postfreeze-hearingaid-task12-extension-20260814,DOA-R8M-HA-TASK12-EXTENSION-20260814,task1,recording16,345,0,59.93920431200989,79.99965486413433,79.99965486413433,20.06045055212445,20.06045055212445,20.06045055212445,20.06045055212445,402.42167635423016,402.42167635423016,False,False,False,0,-40.958806362470646,full_adaptive_freedom,1.5,0.03,False,False,False
r8m-postfreeze-hearingaid-task12-extension-20260814,DOA-R8M-HA-TASK12-EXTENSION-20260814,task1,recording16,365,0,59.93920431200989,79.99965486413433,79.99965486413433,20.06045055212445,20.06045055212445,20.06045055212445,20.06045055212445,402.42167635423016,402.42167635423016,False,False,False,0,-0.7225166805987325,full_adaptive_freedom,1.5,0.03,False,False,False
r8m-postfreeze-hearingaid-task12-extension-20260814,DOA-R8M-HA-TASK12-EXTENSION-20260814,task1,recording16,385,0,59.93920431200989,79.99965486413433,79.99965486413433,20.06045055212445,20.06045055212445,20.06045055212445,20.06045055212445,402.42167635423016,402.42167635423016,False,False,False,0,-0.6731474077959576,full_adaptive_freedom,1.5,0.03,False,False,False
r8m-postfreeze-hearingaid-task12-extension-20260814,DOA-R8M-HA-TASK12-EXTENSION-20260814,task1,recording16,533,0,59.93920431200989,79.99965486413433,79.99965486413433,20.06045055212445,20.06045055212445,20.06045055212445,20.06045055212445,402.42167635423016,402.42167635423016,False,False,False,0,-25.269385231892834,full_adaptive_freedom,1.5,0.03,False,False,False
r8m-postfreeze-hearingaid-task12-extension-20260814,DOA-R8M-HA-TASK12-EXTENSION-20260814,task1,recording16,553,0,59.93920431200989,79.99965486413433,79.99965486413433,20.06045055212445,20.06045055212445,20.06045055212445,20.06045055212445,402.42167635423016,402.42167635423016,False,False,False,0,-0.6983991874010196,full_adaptive_freedom,1.5,0.03,False,False,False
r8m-postfreeze-hearingaid-task12-extension-20260814,DOA-R8M-HA-TASK12-EXTENSION-20260814,task1,recording16,573,0,59.93920431200989,79.99965486413433,79.99965486413433,20.06045055212445,20.06045055212445,20.06045055212445,20.06045055212445,402.42167635423016,402.42167635423016,False,False,False,0,-0.7011909413048192,full_adaptive_freedom,1.5,0.03,False,False,False
r8m-postfreeze-hearingaid-task12-extension-20260814,DOA-R8M-HA-TASK12-EXTENSION-20260814,task1,recording16,593,0,59.93920431200989,79.99965486413433,79.99965486413433,20.06045055212445,20.06045055212445,20.06045055212445,20.06045055212445,402.42167635423016,402.42167635423016,False,False,False,0,-0.7248794113974147,full_adaptive_freedom,1.5,0.03,False,False,False
r8m-postfreeze-hearingaid-task12-extension-20260814,DOA-R8M-HA-TASK12-EXTENSION-20260814,task1,recording16,613,0,59.93920431200989,79.99965486413433,79.99965486413433,20.06045055212445,20.06045055212445,20.06045055212445,20.06045055212445,402.42167635423016,402.42167635423016,False,False,False,0,-38.761457313587606,full_adaptive_freedom,1.5,0.03,False,False,False
r8m-postfreeze-hearingaid-task12-extension-20260814,DOA-R8M-HA-TASK12-EXTENSION-20260814,task1,recording16,634,0,59.93920431200989,79.99965486413433,79.99965486413433,20.06045055212445,20.06045055212445,20.06045055212445,20.06045055212445,402.42167635423016,402.42167635423016,False,False,False,0,-0.7398127296126579,full_adaptive_freedom,1.5,0.03,False,False,False
r8m-postfreeze-hearingaid-task12-extension-20260814,DOA-R8M-HA-TASK12-EXTENSION-20260814,task1,recording16,654,0,59.93920431200989,79.99965486413433,79.99965486413433,20.06045055212445,20.06045055212445,20.06045055212445,20.06045055212445,402.42167635423016,402.42167635423016,False,False,False,0,-0.705229843916002,full_adaptive_freedom,1.5,0.03,False,False,False
r8m-postfreeze-hearingaid-task12-extension-20260814,DOA-R8M-HA-TASK12-EXTENSION-20260814,task1,recording16,674,0,59.93920431200989,79.99965486413433,79.99965486413433,20.06045055212445,20.06045055212445,20.06045055212445,20.06045055212445,402.42167635423016,402.42167635423016,False,False,False,0,-0.6844390524072065,full_adaptive_freedom,1.5,0.03,False,False,False
r8m-postfreeze-hearingaid-task12-extension-20260814,DOA-R8M-HA-TASK12-EXTENSION-20260814,task1,recording16,694,0,59.93920431200989,79.99965486413433,79.99965486413433,20.06045055212445,20.06045055212445,20.06045055212445,20.06045055212445,402.42167635423016,402.42167635423016,False,False,False,0,-0.7147365275909412,full_adaptive_freedom,1.5,0.03,False,False,False
r8m-postfreeze-hearingaid-task12-extension-20260814,DOA-R8M-HA-TASK12-EXTENSION-20260814,task1,recording16,714,0,59.93920431200989,79.99965486413433,79.99965486413433,20.06045055212445,20.06045055212445,20.06045055212445,20.06045055212445,402.42167635423016,402.42167635423016,False,False,False,0,-0.7117760751796812,full_adaptive_freedom,1.5,0.03,False,False,False
r8m-postfreeze-hearingaid-task12-extension-20260814,DOA-R8M-HA-TASK12-EXTENSION-20260814,task1,recording17,130,0,18.72073710547977,4.72430335890112,4.72430335890112,-13.996433746578646,-13.996433746578646,13.996433746578646,13.996433746578646,195.90015762236555,195.90015762236555,False,False,False,0,-0.5996504281419671,full_adaptive_freedom,1.5,0.03,False,False,False
r8m-postfreeze-hearingaid-task12-extension-20260814,DOA-R8M-HA-TASK12-EXTENSION-20260814,task1,recording17,156,0,18.72073710547977,19.63616945994899,19.63616945994899,0.9154323544692318,0.9154323544692318,0.9154323544692318,0.9154323544692318,0.8380163956090813,0.8380163956090813,False,False,False,0,-0.28994199590307784,full_adaptive_freedom,1.5,0.03,False,False,False
r8m-postfreeze-hearingaid-task12-extension-20260814,DOA-R8M-HA-TASK12-EXTENSION-20260814,task1,recording17,182,0,18.72073710547977,21.996442409165503,21.996442409165503,3.2757053036857258,3.2757053036857258,3.2757053036857258,3.2757053036857258,10.730245236594794,10.730245236594794,False,False,False,0,-0.5723194997542504,full_adaptive_freedom,1.5,0.03,False,False,False
r8m-postfreeze-hearingaid-task12-extension-20260814,DOA-R8M-HA-TASK12-EXTENSION-20260814,task1,recording17,207,0,18.72073710547977,21.43293461303766,21.43293461303766,2.712197507557903,2.712197507557903,2.712197507557903,2.712197507557903,7.356015320003301,7.356015320003301,False,False,False,0,-0.23666833133504478,full_adaptive_freedom,1.5,0.03,False,False,False
r8m-postfreeze-hearingaid-task12-extension-20260814,DOA-R8M-HA-TASK12-EXTENSION-20260814,task1,recording17,233,0,18.72073710547977,21.115375065523263,21.115375065523263,2.3946379600434966,2.3946379600434966,2.3946379600434966,2.3946379600434966,5.734290959681279,5.734290959681279,False,False,False,0,-0.38870428126857176,full_adaptive_freedom,1.5,0.03,False,False,False
r8m-postfreeze-hearingaid-task12-extension-20260814,DOA-R8M-HA-TASK12-EXTENSION-20260814,task1,recording17,259,0,18.72073710547977,20.467467602495052,20.467467602495052,1.7467304970152782,1.7467304970152782,1.7467304970152782,1.7467304970152782,3.0510674292032407,3.0510674292032407,False,False,False,0,-0.5399567459055441,full_adaptive_freedom,1.5,0.03,False,False,False
r8m-postfreeze-hearingaid-task12-extension-20260814,DOA-R8M-HA-TASK12-EXTENSION-20260814,task1,recording17,285,0,18.72073710547977,21.738513822072765,21.738513822072765,3.017776716593005,3.017776716593005,3.017776716593005,3.017776716593005,9.106976311210857,9.106976311210857,False,False,False,0,-0.5880773242753489,full_adaptive_freedom,1.5,0.03,False,False,False
r8m-postfreeze-hearingaid-task12-extension-20260814,DOA-R8M-HA-TASK12-EXTENSION-20260814,task1,recording17,311,0,18.72073710547977,21.66883628108117,21.66883628108117,2.948099175601385,2.948099175601385,2.948099175601385,2.948099175601385,8.691288749181567,8.691288749181567,False,False,False,0,-0.5597459276443766,full_adaptive_freedom,1.5,0.03,False,False,False
r8m-postfreeze-hearingaid-task12-extension-20260814,DOA-R8M-HA-TASK12-EXTENSION-20260814,task1,recording17,336,0,18.72073710547977,21.126513481434543,21.126513481434543,2.4057763759547584,2.4057763759547584,2.4057763759547584,2.4057763759547584,5.787759971102011,5.787759971102011,False,False,False,0,-0.4344709303351071,full_adaptive_freedom,1.5,0.03,False,False,False
r8m-postfreeze-hearingaid-task12-extension-20260814,DOA-R8M-HA-TASK12-EXTENSION-20260814,task1,recording17,503,0,18.72073710547977,22.055703500873836,22.055703500873836,3.3349663953940762,3.3349663953940762,3.3349663953940762,3.3349663953940762,11.122000858407757,11.122000858407757,False,False,False,0,-0.6306463385125887,full_adaptive_freedom,1.5,0.03,False,False,False
r8m-postfreeze-hearingaid-task12-extension-20260814,DOA-R8M-HA-TASK12-EXTENSION-20260814,task1,recording17,529,0,18.72073710547977,21.99671362222175,21.99671362222175,3.2759765167419914,3.2759765167419914,3.2759765167419914,3.2759765167419914,10.732022138244991,10.732022138244991,False,False,False,0,-0.49167851293436243,full_adaptive_freedom,1.5,0.03,False,False,False
r8m-postfreeze-hearingaid-task12-extension-20260814,DOA-R8M-HA-TASK12-EXTENSION-20260814,task1,recording17,555,0,18.72073710547977,21.542327050206474,21.542327050206474,2.8215899447266963,2.8215899447266963,2.8215899447266963,2.8215899447266963,7.961369816182801,7.961369816182801,False,False,False,0,-0.5220753658760837,full_adaptive_freedom,1.5,0.03,False,False,False
r8m-postfreeze-hearingaid-task12-extension-20260814,DOA-R8M-HA-TASK12-EXTENSION-20260814,task1,recording17,580,0,18.72073710547977,21.472367306796407,21.472367306796407,2.7516302013166296,2.7516302013166296,2.7516302013166296,2.7516302013166296,7.571468764797795,7.571468764797795,False,False,False,0,-0.49816494811228124,full_adaptive_freedom,1.5,0.03,False,False,False
r8m-postfreeze-hearingaid-task12-extension-20260814,DOA-R8M-HA-TASK12-EXTENSION-20260814,task1,recording17,606,0,18.72073710547977,22.099115450187632,22.099115450187632,3.378378344707869,3.378378344707869,3.378378344707869,3.378378344707869,11.41344023999108,11.41344023999108,False,False,False,0,-0.5999329122909701,full_adaptive_freedom,1.5,0.03,False,False,False
r8m-postfreeze-hearingaid-task12-extension-20260814,DOA-R8M-HA-TASK12-EXTENSION-20260814,task1,recording17,632,0,18.72073710547977,22.449569591171798,22.449569591171798,3.7288324856920383,3.7288324856920383,3.7288324856920383,3.7288324856920383,13.904191706352265,13.904191706352265,False,False,False,0,-0.5328368893506781,full_adaptive_freedom,1.5,0.03,False,False,False
r8m-postfreeze-hearingaid-task12-extension-20260814,DOA-R8M-HA-TASK12-EXTENSION-20260814,task1,recording17,658,0,18.72073710547977,21.403743837766633,21.403743837766633,2.683006732286856,2.683006732286856,2.683006732286856,2.683006732286856,7.198525125496592,7.198525125496592,False,False,False,0,-0.5006431921750716,full_adaptive_freedom,1.5,0.03,False,False,False
r8m-postfreeze-hearingaid-task12-extension-20260814,DOA-R8M-HA-TASK12-EXTENSION-20260814,task1,recording17,684,0,18.72073710547977,21.86490377532386,21.86490377532386,3.1441666698440827,3.1441666698440827,3.1441666698440827,3.1441666698440827,9.88578404775843,9.88578404775843,False,False,False,0,-0.544281441624682,full_adaptive_freedom,1.5,0.03,False,False,False
r8m-postfreeze-hearingaid-task12-extension-20260814,DOA-R8M-HA-TASK12-EXTENSION-20260814,task1,recording17,709,0,18.72073710547977,21.798385580430224,21.798385580430224,3.0776484749504505,3.0776484749504505,3.0776484749504505,3.0776484749504505,9.471920135364833,9.471920135364833,False,False,False,0,-0.4302434974087043,full_adaptive_freedom,1.5,0.03,False,False,False
r8m-postfreeze-hearingaid-task12-extension-20260814,DOA-R8M-HA-TASK12-EXTENSION-20260814,task1,recording17,735,0,18.72073710547977,21.731663782334383,21.731663782334383,3.0109266768546092,3.0109266768546092,3.0109266768546092,3.0109266768546092,9.06567945339474,9.06567945339474,False,False,False,0,-0.5034871115622358,full_adaptive_freedom,1.5,0.03,False,False,False
r8m-postfreeze-hearingaid-task12-extension-20260814,DOA-R8M-HA-TASK12-EXTENSION-20260814,task1,recording17,761,0,18.72073710547977,21.86482281216311,21.86482281216311,3.1440857066833416,3.1440857066833416,3.1440857066833416,3.1440857066833416,9.885274930970487,9.885274930970487,False,False,False,0,-0.4507597284008541,full_adaptive_freedom,1.5,0.03,False,False,False
r8m-postfreeze-hearingaid-task12-extension-20260814,DOA-R8M-HA-TASK12-EXTENSION-20260814,task1,recording18,205,0,-20.853825195405488,-22.40443458797306,-22.40443458797306,-1.5506093925675657,-1.5506093925675657,1.5506093925675657,1.5506093925675657,2.404389488318755,2.404389488318755,False,False,False,0,-0.39832420243690003,full_adaptive_freedom,1.5,0.03,False,False,False
r8m-postfreeze-hearingaid-task12-extension-20260814,DOA-R8M-HA-TASK12-EXTENSION-20260814,task1,recording18,225,0,-20.853825195405488,-23.813619739907253,-23.813619739907253,-2.9597945445017615,-2.9597945445017615,2.9597945445017615,2.9597945445017615,8.76038374566239,8.76038374566239,False,False,False,0,-0.5103997688952585,full_adaptive_freedom,1.5,0.03,False,False,False
r8m-postfreeze-hearingaid-task12-extension-20260814,DOA-R8M-HA-TASK12-EXTENSION-20260814,task1,recording18,246,0,-20.853825195405488,-23.894897763633075,-23.894897763633075,-3.0410725682275768,-3.0410725682275768,3.0410725682275768,3.0410725682275768,9.24812236522627,9.24812236522627,False,False,False,0,-0.5831526694654854,full_adaptive_freedom,1.5,0.03,False,False,False
r8m-postfreeze-hearingaid-task12-extension-20260814,DOA-R8M-HA-TASK12-EXTENSION-20260814,task1,recording18,266,0,-20.853825195405488,-23.871403817190323,-23.871403817190323,-3.0175786217848213,-3.0175786217848213,3.0175786217848213,3.0175786217848213,9.105780738652781,9.105780738652781,False,False,False,0,-0.42990789819028885,full_adaptive_freedom,1.5,0.03,False,False,False
r8m-postfreeze-hearingaid-task12-extension-20260814,DOA-R8M-HA-TASK12-EXTENSION-20260814,task1,recording18,286,0,-20.853825195405488,-24.154210827282803,-24.154210827282803,-3.3003856318773046,-3.3003856318773046,3.3003856318773046,3.3003856318773046,10.892545319102155,10.892545319102155,False,False,False,0,-0.5626835120997851,full_adaptive_freedom,1.5,0.03,False,False,False
r8m-postfreeze-hearingaid-task12-extension-20260814,DOA-R8M-HA-TASK12-EXTENSION-20260814,task1,recording18,306,0,-20.853825195405488,-23.50682410708559,-23.50682410708559,-2.6529989116801005,-2.6529989116801005,2.6529989116801005,2.6529989116801005,7.038403225375798,7.038403225375798,False,False,False,0,-0.4695319588217356,full_adaptive_freedom,1.5,0.03,False,False,False
r8m-postfreeze-hearingaid-task12-extension-20260814,DOA-R8M-HA-TASK12-EXTENSION-20260814,task1,recording18,327,0,-20.853825195405488,-24.04269752412989,-24.04269752412989,-3.1888723287244147,-3.1888723287244147,3.1888723287244147,3.1888723287244147,10.168906728904272,10.168906728904272,False,False,False,0,-0.5367494094160912,full_adaptive_freedom,1.5,0.03,False,False,False
r8m-postfreeze-hearingaid-task12-extension-20260814,DOA-R8M-HA-TASK12-EXTENSION-20260814,task1,recording18,347,0,-20.853825195405488,-23.877307481552478,-23.877307481552478,-3.0234822861469866,-3.0234822861469866,3.0234822861469866,3.0234822861469866,9.141445134644608,9.141445134644608,False,False,False,0,-0.5437208994679097,full_adaptive_freedom,1.5,0.03,False,False,False
r8m-postfreeze-hearingaid-task12-extension-20260814,DOA-R8M-HA-TASK12-EXTENSION-20260814,task1,recording18,367,0,-20.853825195405488,-23.81602376363043,-23.81602376363043,-2.9621985682249488,-2.9621985682249488,2.9621985682249488,2.9621985682249488,8.774620357593937,8.774620357593937,False,False,False,0,-0.4548558884438441,full_adaptive_freedom,1.5,0.03,False,False,False
r8m-postfreeze-hearingaid-task12-extension-20260814,DOA-R8M-HA-TASK12-EXTENSION-20260814,task1,recording18,387,0,-20.853825195405488,-23.422388795296307,-23.422388795296307,-2.5685635998908083,-2.5685635998908083,2.5685635998908083,2.5685635998908083,6.597518966684028,6.597518966684028,False,False,False,0,-0.3687568900251382,full_adaptive_freedom,1.5,0.03,False,False,False
r8m-postfreeze-hearingaid-task12-extension-20260814,DOA-R8M-HA-TASK12-EXTENSION-20260814,task1,recording18,533,0,-20.853825195405488,-24.0459058678588,-24.0459058678588,-3.192080672453301,-3.192080672453301,3.192080672453301,3.192080672453301,10.189379019449918,10.189379019449918,False,False,False,0,-0.6313337564284259,full_adaptive_freedom,1.5,0.03,False,False,False
r8m-postfreeze-hearingaid-task12-extension-20260814,DOA-R8M-HA-TASK12-EXTENSION-20260814,task1,recording18,553,0,-20.853825195405488,-23.912703385681194,-23.912703385681194,-3.0588781902757205,-3.0588781902757205,3.0588781902757205,3.0588781902757205,9.356735782944467,9.356735782944467,False,False,False,0,-0.60541168446002,full_adaptive_freedom,1.5,0.03,False,False,False
r8m-postfreeze-hearingaid-task12-extension-20260814,DOA-R8M-HA-TASK12-EXTENSION-20260814,task1,recording18,573,0,-20.853825195405488,-23.993805890860926,-23.993805890860926,-3.1399806954554492,-3.1399806954554492,3.1399806954554492,3.1399806954554492,9.859478767832886,9.859478767832886,False,False,False,0,-0.5688927890501839,full_adaptive_freedom,1.5,0.03,False,False,False
r8m-postfreeze-hearingaid-task12-extension-20260814,DOA-R8M-HA-TASK12-EXTENSION-20260814,task1,recording18,593,0,-20.853825195405488,-23.92250435965834,-23.92250435965834,-3.068679164252842,-3.068679164252842,3.068679164252842,3.068679164252842,9.41679181311952,9.41679181311952,False,False,False,0,-0.5058161486586892,full_adaptive_freedom,1.5,0.03,False,False,False
r8m-postfreeze-hearingaid-task12-extension-20260814,DOA-R8M-HA-TASK12-EXTENSION-20260814,task1,recording18,614,0,-20.853825195405488,-23.86768622485509,-23.86768622485509,-3.0138610294496004,-3.0138610294496004,3.0138610294496004,3.0138610294496004,9.083358304835006,9.083358304835006,False,False,False,0,-0.6116376221693902,full_adaptive_freedom,1.5,0.03,False,False,False
r8m-postfreeze-hearingaid-task12-extension-20260814,DOA-R8M-HA-TASK12-EXTENSION-20260814,task1,recording18,634,0,-20.853825195405488,-23.407075744675467,-23.407075744675467,-2.5532505492699897,-2.5532505492699897,2.5532505492699897,2.5532505492699897,6.519088367347504,6.519088367347504,False,False,False,0,-0.511557790305258,full_adaptive_freedom,1.5,0.03,False,False,False
r8m-postfreeze-hearingaid-task12-extension-20260814,DOA-R8M-HA-TASK12-EXTENSION-20260814,task1,recording18,654,0,-20.853825195405488,-23.87254522414472,-23.87254522414472,-3.0187200287392386,-3.0187200287392386,3.0187200287392386,3.0187200287392386,9.11267061191143,9.11267061191143,False,False,False,0,-0.5224326682026712,full_adaptive_freedom,1.5,0.03,False,False,False
r8m-postfreeze-hearingaid-task12-extension-20260814,DOA-R8M-HA-TASK12-EXTENSION-20260814,task1,recording18,674,0,-20.853825195405488,-23.83292925919531,-23.83292925919531,-2.9791040637898334,-2.9791040637898334,2.9791040637898334,2.9791040637898334,8.8750610228891,8.8750610228891,False,False,False,0,-0.6231822462666535,full_adaptive_freedom,1.5,0.03,False,False,False
r8m-postfreeze-hearingaid-task12-extension-20260814,DOA-R8M-HA-TASK12-EXTENSION-20260814,task1,recording18,695,0,-20.853825195405488,-23.865417416955633,-23.865417416955633,-3.0115922215501314,-3.0115922215501314,3.0115922215501314,3.0115922215501314,9.069687708901256,9.069687708901256,False,False,False,0,-0.594132147130864,full_adaptive_freedom,1.5,0.03,False,False,False
r8m-postfreeze-hearingaid-task12-extension-20260814,DOA-R8M-HA-TASK12-EXTENSION-20260814,task1,recording18,715,0,-20.853825195405488,-23.79273453543772,-23.79273453543772,-2.9389093400322395,-2.9389093400322395,2.9389093400322395,2.9389093400322395,8.637188108928733,8.637188108928733,False,False,False,0,-0.5061367937334059,full_adaptive_freedom,1.5,0.03,False,False,False
r8m-postfreeze-hearingaid-task12-extension-20260814,DOA-R8M-HA-TASK12-EXTENSION-20260814,task1,recording19,133,0,-63.516418477507564,-79.99965486413433,-79.99965486413433,-16.48323638662677,-16.48323638662677,16.48323638662677,16.48323638662677,271.69708177741677,271.69708177741677,False,False,False,0,-12.658189627681896,full_adaptive_freedom,1.5,0.03,False,False,False
r8m-postfreeze-hearingaid-task12-extension-20260814,DOA-R8M-HA-TASK12-EXTENSION-20260814,task1,recording19,159,0,-63.516418477507564,-79.99965486413433,-79.99965486413433,-16.48323638662677,-16.48323638662677,16.48323638662677,16.48323638662677,271.69708177741677,271.69708177741677,False,False,False,0,-14.334540516459722,full_adaptive_freedom,1.5,0.03,False,False,False
r8m-postfreeze-hearingaid-task12-extension-20260814,DOA-R8M-HA-TASK12-EXTENSION-20260814,task1,recording19,184,0,-63.516418477507564,-79.99965486413433,-79.99965486413433,-16.48323638662677,-16.48323638662677,16.48323638662677,16.48323638662677,271.69708177741677,271.69708177741677,False,False,False,0,-19.438237940179558,full_adaptive_freedom,1.5,0.03,False,False,False
r8m-postfreeze-hearingaid-task12-extension-20260814,DOA-R8M-HA-TASK12-EXTENSION-20260814,task1,recording19,210,0,-63.516418477507564,-79.99965486413433,-79.99965486413433,-16.48323638662677,-16.48323638662677,16.48323638662677,16.48323638662677,271.69708177741677,271.69708177741677,False,False,False,0,-0.7844093438884463,full_adaptive_freedom,1.5,0.03,False,False,False
r8m-postfreeze-hearingaid-task12-extension-20260814,DOA-R8M-HA-TASK12-EXTENSION-20260814,task1,recording19,236,0,-63.516418477507564,-79.99965486413433,-79.99965486413433,-16.48323638662677,-16.48323638662677,16.48323638662677,16.48323638662677,271.69708177741677,271.69708177741677,False,False,False,0,-10.872360679927226,full_adaptive_freedom,1.5,0.03,False,False,False
r8m-postfreeze-hearingaid-task12-extension-20260814,DOA-R8M-HA-TASK12-EXTENSION-20260814,task1,recording19,261,0,-63.516418477507564,-79.99965486413433,-79.99965486413433,-16.48323638662677,-16.48323638662677,16.48323638662677,16.48323638662677,271.69708177741677,271.69708177741677,False,False,False,0,1.1577413362575824,full_adaptive_freedom,1.5,0.03,False,False,False
r8m-postfreeze-hearingaid-task12-extension-20260814,DOA-R8M-HA-TASK12-EXTENSION-20260814,task1,recording19,287,0,-63.516418477507564,-79.99965486413433,-79.99965486413433,-16.48323638662677,-16.48323638662677,16.48323638662677,16.48323638662677,271.69708177741677,271.69708177741677,False,False,False,0,-0.7774740926814026,full_adaptive_freedom,1.5,0.03,False,False,False
r8m-postfreeze-hearingaid-task12-extension-20260814,DOA-R8M-HA-TASK12-EXTENSION-20260814,task1,recording19,313,0,-63.516418477507564,-79.99965486413433,-79.99965486413433,-16.48323638662677,-16.48323638662677,16.48323638662677,16.48323638662677,271.69708177741677,271.69708177741677,False,False,False,0,-18.35363876235419,full_adaptive_freedom,1.5,0.03,False,False,False
r8m-postfreeze-hearingaid-task12-extension-20260814,DOA-R8M-HA-TASK12-EXTENSION-20260814,task1,recording19,338,0,-63.516418477507564,-79.99965486413433,-79.99965486413433,-16.48323638662677,-16.48323638662677,16.48323638662677,16.48323638662677,271.69708177741677,271.69708177741677,False,False,False,0,-7.828207851739694,full_adaptive_freedom,1.5,0.03,False,False,False
r8m-postfreeze-hearingaid-task12-extension-20260814,DOA-R8M-HA-TASK12-EXTENSION-20260814,task1,recording19,506,0,-63.516418477507564,-79.99965486413433,-79.99965486413433,-16.48323638662677,-16.48323638662677,16.48323638662677,16.48323638662677,271.69708177741677,271.69708177741677,False,False,False,0,-16.05929973959356,full_adaptive_freedom,1.5,0.03,False,False,False
r8m-postfreeze-hearingaid-task12-extension-20260814,DOA-R8M-HA-TASK12-EXTENSION-20260814,task1,recording19,532,0,-63.516418477507564,-79.99965486413433,-79.99965486413433,-16.48323638662677,-16.48323638662677,16.48323638662677,16.48323638662677,271.69708177741677,271.69708177741677,False,False,False,0,-21.45659023973009,full_adaptive_freedom,1.5,0.03,False,False,False
r8m-postfreeze-hearingaid-task12-extension-20260814,DOA-R8M-HA-TASK12-EXTENSION-20260814,task1,recording19,558,0,-63.516418477507564,-79.99965486413433,-79.99965486413433,-16.48323638662677,-16.48323638662677,16.48323638662677,16.48323638662677,271.69708177741677,271.69708177741677,False,False,False,0,-0.7714663771855615,full_adaptive_freedom,1.5,0.03,False,False,False
r8m-postfreeze-hearingaid-task12-extension-20260814,DOA-R8M-HA-TASK12-EXTENSION-20260814,task1,recording19,583,0,-63.516418477507564,-79.99965486413433,-79.99965486413433,-16.48323638662677,-16.48323638662677,16.48323638662677,16.48323638662677,271.69708177741677,271.69708177741677,False,False,False,0,-0.7681587764335652,full_adaptive_freedom,1.5,0.03,False,False,False
r8m-postfreeze-hearingaid-task12-extension-20260814,DOA-R8M-HA-TASK12-EXTENSION-20260814,task1,recording19,609,0,-63.516418477507564,-79.99965486413433,-79.99965486413433,-16.48323638662677,-16.48323638662677,16.48323638662677,16.48323638662677,271.69708177741677,271.69708177741677,False,False,False,0,-22.334119644408325,full_adaptive_freedom,1.5,0.03,False,False,False
r8m-postfreeze-hearingaid-task12-extension-20260814,DOA-R8M-HA-TASK12-EXTENSION-20260814,task1,recording19,635,0,-63.516418477507564,-79.99965486413433,-79.99965486413433,-16.48323638662677,-16.48323638662677,16.48323638662677,16.48323638662677,271.69708177741677,271.69708177741677,False,False,False,0,-26.2483557996262,full_adaptive_freedom,1.5,0.03,False,False,False
r8m-postfreeze-hearingaid-task12-extension-20260814,DOA-R8M-HA-TASK12-EXTENSION-20260814,task1,recording19,660,0,-63.516418477507564,-79.99965486413433,-79.99965486413433,-16.48323638662677,-16.48323638662677,16.48323638662677,16.48323638662677,271.69708177741677,271.69708177741677,False,False,False,0,-0.705689142119275,full_adaptive_freedom,1.5,0.03,False,False,False
r8m-postfreeze-hearingaid-task12-extension-20260814,DOA-R8M-HA-TASK12-EXTENSION-20260814,task1,recording19,686,0,-63.516418477507564,-79.99965486413433,-79.99965486413433,-16.48323638662677,-16.48323638662677,16.48323638662677,16.48323638662677,271.69708177741677,271.69708177741677,False,False,False,0,-25.399391572657947,full_adaptive_freedom,1.5,0.03,False,False,False
r8m-postfreeze-hearingaid-task12-extension-20260814,DOA-R8M-HA-TASK12-EXTENSION-20260814,task1,recording19,712,0,-63.516418477507564,-79.99965486413433,-79.99965486413433,-16.48323638662677,-16.48323638662677,16.48323638662677,16.48323638662677,271.69708177741677,271.69708177741677,False,False,False,0,-17.661526033206897,full_adaptive_freedom,1.5,0.03,False,False,False
r8m-postfreeze-hearingaid-task12-extension-20260814,DOA-R8M-HA-TASK12-EXTENSION-20260814,task1,recording19,737,0,-63.516418477507564,-79.99965486413433,-79.99965486413433,-16.48323638662677,-16.48323638662677,16.48323638662677,16.48323638662677,271.69708177741677,271.69708177741677,False,False,False,0,-24.431736710304417,full_adaptive_freedom,1.5,0.03,False,False,False
r8m-postfreeze-hearingaid-task12-extension-20260814,DOA-R8M-HA-TASK12-EXTENSION-20260814,task1,recording19,763,0,-63.516418477507564,-79.99965486413433,-79.99965486413433,-16.48323638662677,-16.48323638662677,16.48323638662677,16.48323638662677,271.69708177741677,271.69708177741677,False,False,False,0,14.804115955587827,full_adaptive_freedom,1.5,0.03,False,False,False
r8m-postfreeze-hearingaid-task12-extension-20260814,DOA-R8M-HA-TASK12-EXTENSION-20260814,task1,recording20,90,0,21.55745359488763,22.983048358937413,22.983048358937413,1.4255947640497766,1.4255947640497766,1.4255947640497766,1.4255947640497766,2.0323204312861383,2.0323204312861383,False,False,False,0,-0.16906740694439784,full_adaptive_freedom,1.5,0.03,False,False,False
r8m-postfreeze-hearingaid-task12-extension-20260814,DOA-R8M-HA-TASK12-EXTENSION-20260814,task1,recording20,106,0,21.55745359488763,24.65686237825357,24.65686237825357,3.0994087833659307,3.0994087833659307,3.0994087833659307,3.0994087833659307,9.60633480640588,9.60633480640588,False,False,False,0,-0.36214175910554564,full_adaptive_freedom,1.5,0.03,False,False,False
r8m-postfreeze-hearingaid-task12-extension-20260814,DOA-R8M-HA-TASK12-EXTENSION-20260814,task1,recording20,122,0,21.55745359488763,24.11338251639335,24.11338251639335,2.5559289215057106,2.5559289215057106,2.5559289215057106,2.5559289215057106,6.532772651789345,6.532772651789345,False,False,False,0,-0.6217741079440775,full_adaptive_freedom,1.5,0.03,False,False,False
r8m-postfreeze-hearingaid-task12-extension-20260814,DOA-R8M-HA-TASK12-EXTENSION-20260814,task1,recording20,138,0,21.55745359488763,24.28116261299557,24.28116261299557,2.7237090181079395,2.7237090181079395,2.7237090181079395,2.7237090181079395,7.418590815322516,7.418590815322516,False,False,False,0,-0.5781418037051069,full_adaptive_freedom,1.5,0.03,False,False,False
r8m-postfreeze-hearingaid-task12-extension-20260814,DOA-R8M-HA-TASK12-EXTENSION-20260814,task1,recording20,153,0,21.55745359488763,24.273023651212437,24.273023651212437,2.7155700563247933,2.7155700563247933,2.7155700563247933,2.7155700563247933,7.374320730807841,7.374320730807841,False,False,False,0,-0.5332297100816146,full_adaptive_freedom,1.5,0.03,False,False,False
r8m-postfreeze-hearingaid-task12-extension-20260814,DOA-R8M-HA-TASK12-EXTENSION-20260814,task1,recording20,169,0,21.55745359488763,24.088744117518072,24.088744117518072,2.5312905226304565,2.5312905226304565,2.5312905226304565,2.5312905226304565,6.40743170995877,6.40743170995877,False,False,False,0,-0.49499383710450906,full_adaptive_freedom,1.5,0.03,False,False,False
r8m-postfreeze-hearingaid-task12-extension-20260814,DOA-R8M-HA-TASK12-EXTENSION-20260814,task1,recording20,185,0,21.55745359488763,24.3771861594587,24.3771861594587,2.819732564571069,2.819732564571069,2.819732564571069,2.819732564571069,7.950891735702538,7.950891735702538,False,False,False,0,-0.5871037097667231,full_adaptive_freedom,1.5,0.03,False,False,False
r8m-postfreeze-hearingaid-task12-extension-20260814,DOA-R8M-HA-TASK12-EXTENSION-20260814,task1,recording20,201,0,21.55745359488763,24.473667162313888,24.473667162313888,2.9162135674262686,2.9162135674262686,2.9162135674262686,2.9162135674262686,8.504301570841044,8.504301570841044,False,False,False,0,-0.5280952879037966,full_adaptive_freedom,1.5,0.03,False,False,False
r8m-postfreeze-hearingaid-task12-extension-20260814,DOA-R8M-HA-TASK12-EXTENSION-20260814,task1,recording20,319,0,21.55745359488763,24.556656781645167,24.556656781645167,2.9992031867575406,2.9992031867575406,2.9992031867575406,2.9992031867575406,8.995219755456587,8.995219755456587,False,False,False,0,-0.40337916998568757,full_adaptive_freedom,1.5,0.03,False,False,False
r8m-postfreeze-hearingaid-task12-extension-20260814,DOA-R8M-HA-TASK12-EXTENSION-20260814,task1,recording20,335,0,21.55745359488763,24.35730897324517,24.35730897324517,2.7998553783575346,2.7998553783575346,2.7998553783575346,2.7998553783575346,7.839190139717613,7.839190139717613,False,False,False,0,-0.49380727860321255,full_adaptive_freedom,1.5,0.03,False,False,False
r8m-postfreeze-hearingaid-task12-extension-20260814,DOA-R8M-HA-TASK12-EXTENSION-20260814,task1,recording20,350,0,21.55745359488763,23.85015373519962,23.85015373519962,2.292700140311979,2.292700140311979,2.292700140311979,2.292700140311979,5.256473933386568,5.256473933386568,False,False,False,0,-0.4607387555802433,full_adaptive_freedom,1.5,0.03,False,False,False
r8m-postfreeze-hearingaid-task12-extension-20260814,DOA-R8M-HA-TASK12-EXTENSION-20260814,task1,recording20,366,0,21.55745359488763,24.408595030713137,24.408595030713137,2.8511414358254967,2.8511414358254967,2.8511414358254967,2.8511414358254967,8.129007487081076,8.129007487081076,False,False,False,0,-0.4286660489996041,full_adaptive_freedom,1.5,0.03,False,False,False
r8m-postfreeze-hearingaid-task12-extension-20260814,DOA-R8M-HA-TASK12-EXTENSION-20260814,task1,recording20,382,0,21.55745359488763,24.431939497707603,24.431939497707603,2.87448590281997,2.87448590281997,2.87448590281997,2.87448590281997,8.262669205510738,8.262669205510738,False,False,False,0,-0.44257424025634085,full_adaptive_freedom,1.5,0.03,False,False,False
r8m-postfreeze-hearingaid-task12-extension-20260814,DOA-R8M-HA-TASK12-EXTENSION-20260814,task1,recording20,398,0,21.55745359488763,24.37581956564935,24.37581956564935,2.8183659707617323,2.8183659707617323,2.8183659707617323,2.8183659707617323,7.943186745147722,7.943186745147722,False,False,False,0,-0.5018833902875012,full_adaptive_freedom,1.5,0.03,False,False,False
r8m-postfreeze-hearingaid-task12-extension-20260814,DOA-R8M-HA-TASK12-EXTENSION-20260814,task1,recording20,414,0,21.55745359488763,23.40744726464737,23.40744726464737,1.8499936697597263,1.8499936697597263,1.8499936697597263,1.8499936697597263,3.4224765781510595,3.4224765781510595,False,False,False,0,-0.5233793138614434,full_adaptive_freedom,1.5,0.03,False,False,False
r8m-postfreeze-hearingaid-task12-extension-20260814,DOA-R8M-HA-TASK12-EXTENSION-20260814,task1,recording20,430,0,21.55745359488763,24.266951256964735,24.266951256964735,2.709497662077098,2.709497662077098,2.709497662077098,2.709497662077098,7.341377580801259,7.341377580801259,False,False,False,0,-0.437778921170294,full_adaptive_freedom,1.5,0.03,False,False,False
r8m-postfreeze-hearingaid-task12-extension-20260814,DOA-R8M-HA-TASK12-EXTENSION-20260814,task1,recording20,445,0,21.55745359488763,24.156948533338372,24.156948533338372,2.599494938450732,2.599494938450732,2.599494938450732,2.599494938450732,6.757373935030976,6.757373935030976,False,False,False,0,-0.46098932136042864,full_adaptive_freedom,1.5,0.03,False,False,False
r8m-postfreeze-hearingaid-task12-extension-20260814,DOA-R8M-HA-TASK12-EXTENSION-20260814,task1,recording20,461,0,21.55745359488763,24.169401942774574,24.169401942774574,2.611948347886937,2.611948347886937,2.611948347886937,2.611948347886937,6.822274172029299,6.822274172029299,False,False,False,0,-0.5134540774031379,full_adaptive_freedom,1.5,0.03,False,False,False
r8m-postfreeze-hearingaid-task12-extension-20260814,DOA-R8M-HA-TASK12-EXTENSION-20260814,task1,recording20,477,0,21.55745359488763,24.180361763242985,24.180361763242985,2.622908168355366,2.622908168355366,2.622908168355366,2.622908168355366,6.8796472596253,6.8796472596253,False,False,False,0,-0.5056425913721427,full_adaptive_freedom,1.5,0.03,False,False,False
r8m-postfreeze-hearingaid-task12-extension-20260814,DOA-R8M-HA-TASK12-EXTENSION-20260814,task1,recording20,493,0,21.55745359488763,24.16200852043998,24.16200852043998,2.6045549255523497,2.6045549255523497,2.6045549255523497,2.6045549255523497,6.783706360219006,6.783706360219006,False,False,False,0,-0.45698451645457855,full_adaptive_freedom,1.5,0.03,False,False,False
r8m-postfreeze-hearingaid-task12-extension-20260814,DOA-R8M-HA-TASK12-EXTENSION-20260814,task1,recording21,128,0,5.144796708596598,1.5272213321109558,1.5272213321109558,-3.6175753764856324,-3.6175753764856324,3.6175753764856324,3.6175753764856324,13.086851604555164,13.086851604555164,False,False,False,0,-0.390858214406383,full_adaptive_freedom,1.5,0.03,False,False,False
r8m-postfreeze-hearingaid-task12-extension-20260814,DOA-R8M-HA-TASK12-EXTENSION-20260814,task1,recording21,147,0,5.144796708596598,5.474458356169342,5.474458356169342,0.32966164757274896,0.32966164757274896,0.32966164757274896,0.32966164757274896,0.10867680188037934,0.10867680188037934,False,False,False,0,-0.41419557047678635,full_adaptive_freedom,1.5,0.03,False,False,False
r8m-postfreeze-hearingaid-task12-extension-20260814,DOA-R8M-HA-TASK12-EXTENSION-20260814,task1,recording21,167,0,5.144796708596598,5.023615333434016,5.023615333434016,-0.12118137516259253,-0.12118137516259253,0.12118137516259253,0.12118137516259253,0.014684925686296998,0.014684925686296998,False,False,False,0,-0.32279789374764517,full_adaptive_freedom,1.5,0.03,False,False,False
r8m-postfreeze-hearingaid-task12-extension-20260814,DOA-R8M-HA-TASK12-EXTENSION-20260814,task1,recording21,186,0,5.144796708596598,4.835947294053791,4.835947294053791,-0.3088494145428058,-0.3088494145428058,0.3088494145428058,0.3088494145428058,0.0953879608634339,0.0953879608634339,False,False,False,0,-0.4695863050177028,full_adaptive_freedom,1.5,0.03,False,False,False
r8m-postfreeze-hearingaid-task12-extension-20260814,DOA-R8M-HA-TASK12-EXTENSION-20260814,task1,recording21,206,0,5.144796708596598,5.059412329782932,5.059412329782932,-0.08538437881367145,-0.08538437881367145,0.08538437881367145,0.08538437881367145,0.0072904921453965455,0.0072904921453965455,False,False,False,0,-0.3329031645452592,full_adaptive_freedom,1.5,0.03,False,False,False
r8m-postfreeze-hearingaid-task12-extension-20260814,DOA-R8M-HA-TASK12-EXTENSION-20260814,task1,recording21,225,0,5.144796708596598,4.828270559717493,4.828270559717493,-0.3165261488790918,-0.3165261488790918,0.3165261488790918,0.3165261488790918,0.10018880292422899,0.10018880292422899,False,False,False,0,-0.4678857810256141,full_adaptive_freedom,1.5,0.03,False,False,False
r8m-postfreeze-hearingaid-task12-extension-20260814,DOA-R8M-HA-TASK12-EXTENSION-20260814,task1,recording21,245,0,5.144796708596598,4.977388364390912,4.977388364390912,-0.16740834420568262,-0.16740834420568262,0.16740834420568262,0.16740834420568262,0.02802555370968831,0.02802555370968831,False,False,False,0,-0.4398118562126672,full_adaptive_freedom,1.5,0.03,False,False,False
r8m-postfreeze-hearingaid-task12-extension-20260814,DOA-R8M-HA-TASK12-EXTENSION-20260814,task1,recording21,403,0,5.144796708596598,4.299741480642485,4.299741480642485,-0.8450552279541057,-0.8450552279541057,0.8450552279541057,0.8450552279541057,0.7141183382925655,0.7141183382925655,False,False,False,0,-0.5797596782971374,full_adaptive_freedom,1.5,0.03,False,False,False
r8m-postfreeze-hearingaid-task12-extension-20260814,DOA-R8M-HA-TASK12-EXTENSION-20260814,task1,recording21,423,0,5.144796708596598,4.8956304075172365,4.8956304075172365,-0.2491663010793559,-0.2491663010793559,0.2491663010793559,0.2491663010793559,0.06208384559356823,0.06208384559356823,False,False,False,0,-0.23788929907698092,full_adaptive_freedom,1.5,0.03,False,False,False
r8m-postfreeze-hearingaid-task12-extension-20260814,DOA-R8M-HA-TASK12-EXTENSION-20260814,task1,recording21,442,0,5.144796708596598,4.830641243356957,4.830641243356957,-0.31415546523965077,-0.31415546523965077,0.31415546523965077,0.31415546523965077,0.09869365633994143,0.09869365633994143,False,False,False,0,-0.44117953360381584,full_adaptive_freedom,1.5,0.03,False,False,False
r8m-postfreeze-hearingaid-task12-extension-20260814,DOA-R8M-HA-TASK12-EXTENSION-20260814,task1,recording21,462,0,5.144796708596598,4.914236506470032,4.914236506470032,-0.23056020212655426,-0.23056020212655426,0.23056020212655426,0.23056020212655426,0.05315800680463755,0.05315800680463755,False,False,False,0,-0.4505744013787176,full_adaptive_freedom,1.5,0.03,False,False,False
r8m-postfreeze-hearingaid-task12-extension-20260814,DOA-R8M-HA-TASK12-EXTENSION-20260814,task1,recording21,481,0,5.144796708596598,4.875869173483626,4.875869173483626,-0.2689275351129652,-0.2689275351129652,0.2689275351129652,0.2689275351129652,0.07232201914193512,0.07232201914193512,False,False,False,0,-0.20424825739137484,full_adaptive_freedom,1.5,0.03,False,False,False
r8m-postfreeze-hearingaid-task12-extension-20260814,DOA-R8M-HA-TASK12-EXTENSION-20260814,task1,recording21,501,0,5.144796708596598,4.887028302349774,4.887028302349774,-0.25776840624681086,-0.25776840624681086,0.25776840624681086,0.25776840624681086,0.06644455125902092,0.06644455125902092,False,False,False,0,-0.2165074323615138,full_adaptive_freedom,1.5,0.03,False,False,False
r8m-postfreeze-hearingaid-task12-extension-20260814,DOA-R8M-HA-TASK12-EXTENSION-20260814,task1,recording21,698,0,5.144796708596598,4.787064336999396,4.787064336999396,-0.3577323715971943,-0.3577323715971943,0.3577323715971943,0.3577323715971943,0.1279724496885531,0.1279724496885531,False,False,False,0,-0.24831664601495762,full_adaptive_freedom,1.5,0.03,False,False,False
r8m-postfreeze-hearingaid-task12-extension-20260814,DOA-R8M-HA-TASK12-EXTENSION-20260814,task1,recording21,718,0,5.144796708596598,4.8284766671468455,4.8284766671468455,-0.3163200414497567,-0.3163200414497567,0.3163200414497567,0.3163200414497567,0.10005836862277578,0.10005836862277578,False,False,False,0,-0.23953909073498153,full_adaptive_freedom,1.5,0.03,False,False,False
r8m-postfreeze-hearingaid-task12-extension-20260814,DOA-R8M-HA-TASK12-EXTENSION-20260814,task1,recording21,737,0,5.144796708596598,4.87677383633584,4.87677383633584,-0.26802287226075805,-0.26802287226075805,0.26802287226075805,0.26802287226075805,0.07183626005490662,0.07183626005490662,False,False,False,0,-0.40783421561539307,full_adaptive_freedom,1.5,0.03,False,False,False
r8m-postfreeze-hearingaid-task12-extension-20260814,DOA-R8M-HA-TASK12-EXTENSION-20260814,task1,recording21,757,0,5.144796708596598,4.859172773608152,4.859172773608152,-0.2856239349884504,-0.2856239349884504,0.2856239349884504,0.2856239349884504,0.08158103223828654,0.08158103223828654,False,False,False,0,-0.3801514106829266,full_adaptive_freedom,1.5,0.03,False,False,False
r8m-postfreeze-hearingaid-task12-extension-20260814,DOA-R8M-HA-TASK12-EXTENSION-20260814,task1,recording21,776,0,5.144796708596598,4.268894844213722,4.268894844213722,-0.8759018643828824,-0.8759018643828824,0.8759018643828824,0.8759018643828824,0.7672040760294093,0.7672040760294093,False,False,False,0,-0.532430305984135,full_adaptive_freedom,1.5,0.03,False,False,False
r8m-postfreeze-hearingaid-task12-extension-20260814,DOA-R8M-HA-TASK12-EXTENSION-20260814,task1,recording21,796,0,5.144796708596598,4.3561199827602275,4.3561199827602275,-0.7886767258363818,-0.7886767258363818,0.7886767258363818,0.7886767258363818,0.6220109778759954,0.6220109778759954,False,False,False,0,-0.5967264628712687,full_adaptive_freedom,1.5,0.03,False,False,False
r8m-postfreeze-hearingaid-task12-extension-20260814,DOA-R8M-HA-TASK12-EXTENSION-20260814,task1,recording21,815,0,5.144796708596598,4.593877564225176,4.593877564225176,-0.5509191443714201,-0.5509191443714201,0.5509191443714201,0.5509191443714201,0.30351190363493763,0.30351190363493763,False,False,False,0,-0.5357772266209743,full_adaptive_freedom,1.5,0.03,False,False,False
r8m-postfreeze-hearingaid-task12-extension-20260814,DOA-R8M-HA-TASK12-EXTENSION-20260814,task1,recording22,113,0,-14.900620331267895,-14.218667488698488,-14.218667488698488,0.6819528425694159,0.6819528425694159,0.6819528425694159,0.6819528425694159,0.46505967948850657,0.46505967948850657,False,False,False,0,-0.5625054039867342,full_adaptive_freedom,1.5,0.03,False,False,False
r8m-postfreeze-hearingaid-task12-extension-20260814,DOA-R8M-HA-TASK12-EXTENSION-20260814,task1,recording22,144,0,-14.900620331267895,-14.7340841288114,-14.7340841288114,0.16653620245648426,0.16653620245648426,0.16653620245648426,0.16653620245648426,0.027734306728627114,0.027734306728627114,False,False,False,0,-0.282163321204679,full_adaptive_freedom,1.5,0.03,False,False,False
r8m-postfreeze-hearingaid-task12-extension-20260814,DOA-R8M-HA-TASK12-EXTENSION-20260814,task1,recording22,176,0,-14.900620331267895,-15.231583781845488,-15.231583781845488,-0.3309634505775989,-0.3309634505775989,0.3309634505775989,0.3309634505775989,0.10953680561823076,0.10953680561823076,False,False,False,0,-0.46977774869640415,full_adaptive_freedom,1.5,0.03,False,False,False
r8m-postfreeze-hearingaid-task12-extension-20260814,DOA-R8M-HA-TASK12-EXTENSION-20260814,task1,recording22,207,0,-14.900620331267895,-13.607020208645999,-13.607020208645999,1.2936001226219105,1.2936001226219105,1.2936001226219105,1.2936001226219105,1.6734012772474218,1.6734012772474218,False,False,False,0,-0.554468474097242,full_adaptive_freedom,1.5,0.03,False,False,False
r8m-postfreeze-hearingaid-task12-extension-20260814,DOA-R8M-HA-TASK12-EXTENSION-20260814,task1,recording22,392,0,-14.900620331267895,-15.121966289975724,-15.121966289975724,-0.22134595870784324,-0.22134595870784324,0.22134595870784324,0.22134595870784324,0.04899403343629424,0.04899403343629424,False,False,False,0,-0.31385682363880435,full_adaptive_freedom,1.5,0.03,False,False,False
r8m-postfreeze-hearingaid-task12-extension-20260814,DOA-R8M-HA-TASK12-EXTENSION-20260814,task1,recording22,423,0,-14.900620331267895,-14.568855531700496,-14.568855531700496,0.33176479956739513,0.33176479956739513,0.33176479956739513,0.33176479956739513,0.11006788223199386,0.11006788223199386,False,False,False,0,-0.3517856615006859,full_adaptive_freedom,1.5,0.03,False,False,False
r8m-postfreeze-hearingaid-task12-extension-20260814,DOA-R8M-HA-TASK12-EXTENSION-20260814,task1,recording22,455,0,-14.900620331267895,-15.011175048436472,-15.011175048436472,-0.11055471716858278,-0.11055471716858278,0.11055471716858278,0.11055471716858278,0.012222345488225332,0.012222345488225332,False,False,False,0,-0.4555434160523322,full_adaptive_freedom,1.5,0.03,False,False,False
r8m-postfreeze-hearingaid-task12-extension-20260814,DOA-R8M-HA-TASK12-EXTENSION-20260814,task1,recording22,633,0,-14.900620331267895,-16.207606943638545,-16.207606943638545,-1.3069866123706504,-1.3069866123706504,1.3069866123706504,1.3069866123706504,1.7082140049161088,1.7082140049161088,False,False,False,0,-0.4685670834238354,full_adaptive_freedom,1.5,0.03,False,False,False
r8m-postfreeze-hearingaid-task12-extension-20260814,DOA-R8M-HA-TASK12-EXTENSION-20260814,task1,recording22,664,0,-14.900620331267895,-15.352375477043491,-15.352375477043491,-0.45175514577559284,-0.45175514577559284,0.45175514577559284,0.45175514577559284,0.20408271173472714,0.20408271173472714,False,False,False,0,-0.2656953314958064,full_adaptive_freedom,1.5,0.03,False,False,False
r8m-postfreeze-hearingaid-task12-extension-20260814,DOA-R8M-HA-TASK12-EXTENSION-20260814,task1,recording22,696,0,-14.900620331267895,-15.337821252713972,-15.337821252713972,-0.4372009214460775,-0.4372009214460775,0.4372009214460775,0.4372009214460775,0.1911446457132992,0.1911446457132992,False,False,False,0,-0.4715202267067338,full_adaptive_freedom,1.5,0.03,False,False,False
r8m-postfreeze-hearingaid-task12-extension-20260814,DOA-R8M-HA-TASK12-EXTENSION-20260814,task1,recording22,727,0,-14.900620331267895,-15.05248984073131,-15.05248984073131,-0.1518695094634097,-0.1518695094634097,0.1518695094634097,0.1518695094634097,0.023064347904656692,0.023064347904656692,False,False,False,0,-0.4402949766176777,full_adaptive_freedom,1.5,0.03,False,False,False
r8m-postfreeze-hearingaid-task12-extension-20260814,DOA-R8M-HA-TASK12-EXTENSION-20260814,task1,recording22,759,0,-14.900620331267895,-15.346276304585684,-15.346276304585684,-0.44565597331779827,-0.44565597331779827,0.44565597331779827,0.44565597331779827,0.19860924655383413,0.19860924655383413,False,False,False,0,-0.49366113216168006,full_adaptive_freedom,1.5,0.03,False,False,False
r8m-postfreeze-hearingaid-task12-extension-20260814,DOA-R8M-HA-TASK12-EXTENSION-20260814,task1,recording22,790,0,-14.900620331267895,-15.481644217211933,-15.481644217211933,-0.5810238859440346,-0.5810238859440346,0.5810238859440346,0.5810238859440346,0.3375887560375066,0.3375887560375066,False,False,False,0,-0.38427827732972086,full_adaptive_freedom,1.5,0.03,False,False,False
r8m-postfreeze-hearingaid-task12-extension-20260814,DOA-R8M-HA-TASK12-EXTENSION-20260814,task1,recording22,821,0,-14.900620331267895,-15.1490727419288,-15.1490727419288,-0.24845241066091717,-0.24845241066091717,0.24845241066091717,0.24845241066091717,0.061728600363221024,0.061728600363221024,False,False,False,0,-0.3969992505713767,full_adaptive_freedom,1.5,0.03,False,False,False
r8m-postfreeze-hearingaid-task12-extension-20260814,DOA-R8M-HA-TASK12-EXTENSION-20260814,task1,recording22,853,0,-14.900620331267895,-15.132029302914589,-15.132029302914589,-0.23140897164668672,-0.23140897164668672,0.23140897164668672,0.23140897164668672,0.05355011215857706,0.05355011215857706,False,False,False,0,-0.43535180890351,full_adaptive_freedom,1.5,0.03,False,False,False
r8m-postfreeze-hearingaid-task12-extension-20260814,DOA-R8M-HA-TASK12-EXTENSION-20260814,task1,recording22,884,0,-14.900620331267895,-15.054693181810032,-15.054693181810032,-0.1540728505421498,-0.1540728505421498,0.1540728505421498,0.1540728505421498,0.023738443274183632,0.023738443274183632,False,False,False,0,-0.4391541214827645,full_adaptive_freedom,1.5,0.03,False,False,False
r8m-postfreeze-hearingaid-task12-extension-20260814,DOA-R8M-HA-TASK12-EXTENSION-20260814,task1,recording22,916,0,-14.900620331267895,-14.829746348715963,-14.829746348715963,0.07087398255194444,0.07087398255194444,0.07087398255194444,0.07087398255194444,0.005023121402773324,0.005023121402773324,False,False,False,0,-0.24189235760271915,full_adaptive_freedom,1.5,0.03,False,False,False
r8m-postfreeze-hearingaid-task12-extension-20260814,DOA-R8M-HA-TASK12-EXTENSION-20260814,task1,recording22,947,0,-14.900620331267895,-14.924769286154204,-14.924769286154204,-0.02414895488630009,-0.02414895488630009,0.02414895488630009,0.02414895488630009,0.0005831720221005569,0.0005831720221005569,False,False,False,0,-0.4679117121340835,full_adaptive_freedom,1.5,0.03,False,False,False
r8m-postfreeze-hearingaid-task12-extension-20260814,DOA-R8M-HA-TASK12-EXTENSION-20260814,task1,recording22,979,0,-14.900620331267895,-15.306334911351465,-15.306334911351465,-0.40571458008358263,-0.40571458008358263,0.40571458008358263,0.40571458008358263,0.1646043204923978,0.1646043204923978,False,False,False,0,-0.28024780772535873,full_adaptive_freedom,1.5,0.03,False,False,False
r8m-postfreeze-hearingaid-task12-extension-20260814,DOA-R8M-HA-TASK12-EXTENSION-20260814,task1,recording22,1010,0,-14.900620331267895,-15.021123248544507,-15.021123248544507,-0.12050291727661033,-0.12050291727661033,0.12050291727661033,0.12050291727661033,0.014520953072173593,0.014520953072173593,False,False,False,0,-0.4321841242810347,full_adaptive_freedom,1.5,0.03,False,False,False
r8m-postfreeze-hearingaid-task12-extension-20260814,DOA-R8M-HA-TASK12-EXTENSION-20260814,task1,recording23,147,0,-29.185792040590467,-34.19890508936559,-34.19890508936559,-5.013113048775125,-5.013113048775125,5.013113048775125,5.013113048775125,25.131302439799427,25.131302439799427,False,False,False,0,-0.30383527891950995,full_adaptive_freedom,1.5,0.03,False,False,False
r8m-postfreeze-hearingaid-task12-extension-20260814,DOA-R8M-HA-TASK12-EXTENSION-20260814,task1,recording23,167,0,-29.185792040590467,-34.43054820382945,-34.43054820382945,-5.244756163238975,-5.244756163238975,5.244756163238975,5.244756163238975,27.507467211833212,27.507467211833212,False,False,False,0,-0.359366248196283,full_adaptive_freedom,1.5,0.03,False,False,False
r8m-postfreeze-hearingaid-task12-extension-20260814,DOA-R8M-HA-TASK12-EXTENSION-20260814,task1,recording23,187,0,-29.185792040590467,-34.04045676840873,-34.04045676840873,-4.85466472781826,-4.85466472781826,4.85466472781826,4.85466472781826,23.567769619522746,23.567769619522746,False,False,False,0,-0.4977584776239238,full_adaptive_freedom,1.5,0.03,False,False,False
r8m-postfreeze-hearingaid-task12-extension-20260814,DOA-R8M-HA-TASK12-EXTENSION-20260814,task1,recording23,207,0,-29.185792040590467,-33.80107047437812,-33.80107047437812,-4.615278433787665,-4.615278433787665,4.615278433787665,4.615278433787665,21.300795021385525,21.300795021385525,False,False,False,0,-0.4818429059445732,full_adaptive_freedom,1.5,0.03,False,False,False
r8m-postfreeze-hearingaid-task12-extension-20260814,DOA-R8M-HA-TASK12-EXTENSION-20260814,task1,recording23,227,0,-29.185792040590467,-33.86380079932238,-33.86380079932238,-4.67800875873192,-4.67800875873192,4.67800875873192,4.67800875873192,21.88376594677256,21.88376594677256,False,False,False,0,-0.463114650713352,full_adaptive_freedom,1.5,0.03,False,False,False
r8m-postfreeze-hearingaid-task12-extension-20260814,DOA-R8M-HA-TASK12-EXTENSION-20260814,task1,recording23,247,0,-29.185792040590467,-34.16548454027118,-34.16548454027118,-4.979692499680709,-4.979692499680709,4.979692499680709,4.979692499680709,24.79733739137631,24.79733739137631,False,False,False,0,-0.39937452223066017,full_adaptive_freedom,1.5,0.03,False,False,False
r8m-postfreeze-hearingaid-task12-extension-20260814,DOA-R8M-HA-TASK12-EXTENSION-20260814,task1,recording23,267,0,-29.185792040590467,-33.08896918600035,-33.08896918600035,-3.9031771454098703,-3.9031771454098703,3.9031771454098703,3.9031771454098703,15.234791828449943,15.234791828449943,False,False,False,0,-0.26534479505637787,full_adaptive_freedom,1.5,0.03,False,False,False
r8m-postfreeze-hearingaid-task12-extension-20260814,DOA-R8M-HA-TASK12-EXTENSION-20260814,task1,recording23,287,0,-29.185792040590467,-33.20833843469009,-33.20833843469009,-4.022546394099635,-4.022546394099635,4.022546394099635,4.022546394099635,16.180879492683975,16.180879492683975,False,False,False,0,-0.3447094892316649,full_adaptive_freedom,1.5,0.03,False,False,False
r8m-postfreeze-hearingaid-task12-extension-20260814,DOA-R8M-HA-TASK12-EXTENSION-20260814,task1,recording23,307,0,-29.185792040590467,-33.75917559673711,-33.75917559673711,-4.573383556146638,-4.573383556146638,4.573383556146638,4.573383556146638,20.915837151632466,20.915837151632466,False,False,False,0,-0.49023527505607667,full_adaptive_freedom,1.5,0.03,False,False,False
r8m-postfreeze-hearingaid-task12-extension-20260814,DOA-R8M-HA-TASK12-EXTENSION-20260814,task1,recording23,327,0,-29.185792040590467,-33.94073653280946,-33.94073653280946,-4.754944492218982,-4.754944492218982,4.754944492218982,4.754944492218982,22.60949712408363,22.60949712408363,False,False,False,0,-0.4201656778078254,full_adaptive_freedom,1.5,0.03,False,False,False
r8m-postfreeze-hearingaid-task12-extension-20260814,DOA-R8M-HA-TASK12-EXTENSION-20260814,task1,recording23,346,0,-29.185792040590467,-33.52542016812147,-33.52542016812147,-4.339628127531,-4.339628127531,4.339628127531,4.339628127531,18.832372285258216,18.832372285258216,False,False,False,0,-0.28188418788739966,full_adaptive_freedom,1.5,0.03,False,False,False
r8m-postfreeze-hearingaid-task12-extension-20260814,DOA-R8M-HA-TASK12-EXTENSION-20260814,task1,recording23,475,0,-29.185792040590467,-33.55712276976728,-33.55712276976728,-4.371330729176805,-4.371330729176805,4.371330729176805,4.371330729176805,19.108532343845415,19.108532343845415,False,False,False,0,-0.27380512807067015,full_adaptive_freedom,1.5,0.03,False,False,False
r8m-postfreeze-hearingaid-task12-extension-20260814,DOA-R8M-HA-TASK12-EXTENSION-20260814,task1,recording23,495,0,-29.185792040590467,-33.85394793675002,-33.85394793675002,-4.668155896159561,-4.668155896159561,4.668155896159561,4.668155896159561,21.791679470849278,21.791679470849278,False,False,False,0,-0.39441721572816646,full_adaptive_freedom,1.5,0.03,False,False,False
r8m-postfreeze-hearingaid-task12-extension-20260814,DOA-R8M-HA-TASK12-EXTENSION-20260814,task1,recording23,515,0,-29.185792040590467,-33.817277021845555,-33.817277021845555,-4.631484981255085,-4.631484981255085,4.631484981255085,4.631484981255085,21.450653131591412,21.450653131591412,False,False,False,0,-0.4082680743829812,full_adaptive_freedom,1.5,0.03,False,False,False
r8m-postfreeze-hearingaid-task12-extension-20260814,DOA-R8M-HA-TASK12-EXTENSION-20260814,task1,recording23,535,0,-29.185792040590467,-34.026734233540886,-34.026734233540886,-4.840942192950422,-4.840942192950422,4.840942192950422,4.840942192950422,23.43472131548764,23.43472131548764,False,False,False,0,-0.3863528722541958,full_adaptive_freedom,1.5,0.03,False,False,False
r8m-postfreeze-hearingaid-task12-extension-20260814,DOA-R8M-HA-TASK12-EXTENSION-20260814,task1,recording23,555,0,-29.185792040590467,-33.74735725219375,-33.74735725219375,-4.561565211603295,-4.561565211603295,4.561565211603295,4.561565211603295,20.80787717970941,20.80787717970941,False,False,False,0,-0.31937316765455537,full_adaptive_freedom,1.5,0.03,False,False,False
r8m-postfreeze-hearingaid-task12-extension-20260814,DOA-R8M-HA-TASK12-EXTENSION-20260814,task1,recording23,575,0,-29.185792040590467,-33.84526414400843,-33.84526414400843,-4.659472103417954,-4.659472103417954,4.659472103417954,4.659472103417954,21.710680282530134,21.710680282530134,False,False,False,0,-0.3460743307180284,full_adaptive_freedom,1.5,0.03,False,False,False
r8m-postfreeze-hearingaid-task12-extension-20260814,DOA-R8M-HA-TASK12-EXTENSION-20260814,task1,recording23,595,0,-29.185792040590467,-32.92170499629704,-32.92170499629704,-3.735912955706567,-3.735912955706567,3.735912955706567,3.735912955706567,13.957045612616179,13.957045612616179,False,False,False,0,-0.28814298447268166,full_adaptive_freedom,1.5,0.03,False,False,False
r8m-postfreeze-hearingaid-task12-extension-20260814,DOA-R8M-HA-TASK12-EXTENSION-20260814,task1,recording23,615,0,-29.185792040590467,-34.14937886019945,-34.14937886019945,-4.963586819608992,-4.963586819608992,4.963586819608992,4.963586819608992,24.637194115796106,24.637194115796106,False,False,False,0,-0.27852910864935465,full_adaptive_freedom,1.5,0.03,False,False,False
r8m-postfreeze-hearingaid-task12-extension-20260814,DOA-R8M-HA-TASK12-EXTENSION-20260814,task1,recording23,635,0,-29.185792040590467,-33.79328194895949,-33.79328194895949,-4.607489908369018,-4.607489908369018,4.607489908369018,4.607489908369018,21.228963255722345,21.228963255722345,False,False,False,0,-0.45173270343625743,full_adaptive_freedom,1.5,0.03,False,False,False
r8m-postfreeze-hearingaid-task12-extension-20260814,DOA-R8M-HA-TASK12-EXTENSION-20260814,task1,recording24,133,0,15.565300000283335,17.382417474003848,17.382417474003848,1.817117473720515,1.817117473720515,1.817117473720515,1.817117473720515,3.301915913300426,3.301915913300426,False,False,False,0,-0.3130263189932466,full_adaptive_freedom,1.5,0.03,False,False,False
r8m-postfreeze-hearingaid-task12-extension-20260814,DOA-R8M-HA-TASK12-EXTENSION-20260814,task1,recording24,157,0,15.565300000283335,16.924816087403745,16.924816087403745,1.3595160871203973,1.3595160871203973,1.3595160871203973,1.3595160871203973,1.8482839911391558,1.8482839911391558,False,False,False,0,-0.16504692665961684,full_adaptive_freedom,1.5,0.03,False,False,False
r8m-postfreeze-hearingaid-task12-extension-20260814,DOA-R8M-HA-TASK12-EXTENSION-20260814,task1,recording24,181,0,15.565300000283335,17.1065813914767,17.1065813914767,1.5412813911933654,1.5412813911933654,1.5412813911933654,1.5412813911933654,2.3755483268389557,2.3755483268389557,False,False,False,0,-0.38956965199507443,full_adaptive_freedom,1.5,0.03,False,False,False
r8m-postfreeze-hearingaid-task12-extension-20260814,DOA-R8M-HA-TASK12-EXTENSION-20260814,task1,recording24,206,0,15.565300000283335,17.29344269335549,17.29344269335549,1.728142693072158,1.728142693072158,1.728142693072158,1.728142693072158,2.9864771676186908,2.9864771676186908,False,False,False,0,-0.20068208394450568,full_adaptive_freedom,1.5,0.03,False,False,False
r8m-postfreeze-hearingaid-task12-extension-20260814,DOA-R8M-HA-TASK12-EXTENSION-20260814,task1,recording24,230,0,15.565300000283335,17.178686952401897,17.178686952401897,1.6133869521185602,1.6133869521185602,1.6133869521185602,1.6133869521185602,2.603017457266417,2.603017457266417,False,False,False,0,-0.26307259197642013,full_adaptive_freedom,1.5,0.03,False,False,False
r8m-postfreeze-hearingaid-task12-extension-20260814,DOA-R8M-HA-TASK12-EXTENSION-20260814,task1,recording24,254,0,15.565300000283335,17.06210890775493,17.06210890775493,1.4968089074716033,1.4968089074716033,1.4968089074716033,1.4968089074716033,2.2404369054863347,2.2404369054863347,False,False,False,0,-0.39070482239970056,full_adaptive_freedom,1.5,0.03,False,False,False
r8m-postfreeze-hearingaid-task12-extension-20260814,DOA-R8M-HA-TASK12-EXTENSION-20260814,task1,recording24,278,0,15.565300000283335,17.55604302603186,17.55604302603186,1.9907430257485146,1.9907430257485146,1.9907430257485146,1.9907430257485146,3.963057794566351,3.963057794566351,False,False,False,0,-0.3212618978782022,full_adaptive_freedom,1.5,0.03,False,False,False
r8m-postfreeze-hearingaid-task12-extension-20260814,DOA-R8M-HA-TASK12-EXTENSION-20260814,task1,recording24,399,0,15.565300000283335,17.096860248938032,17.096860248938032,1.5315602486546993,1.5315602486546993,1.5315602486546993,1.5315602486546993,2.3456767952592443,2.3456767952592443,False,False,False,0,-0.18399754847599825,full_adaptive_freedom,1.5,0.03,False,False,False
r8m-postfreeze-hearingaid-task12-extension-20260814,DOA-R8M-HA-TASK12-EXTENSION-20260814,task1,recording24,424,0,15.565300000283335,17.04891073163826,17.04891073163826,1.4836107313549292,1.4836107313549292,1.4836107313549292,1.4836107313549292,2.2011008021915077,2.2011008021915077,False,False,False,0,-0.3393558148622737,full_adaptive_freedom,1.5,0.03,False,False,False
r8m-postfreeze-hearingaid-task12-extension-20260814,DOA-R8M-HA-TASK12-EXTENSION-20260814,task1,recording24,448,0,15.565300000283335,17.08760376085911,17.08760376085911,1.5223037605757668,1.5223037605757668,1.5223037605757668,1.5223037605757668,2.3174087394631213,2.3174087394631213,False,False,False,0,-0.34716414196748957,full_adaptive_freedom,1.5,0.03,False,False,False
r8m-postfreeze-hearingaid-task12-extension-20260814,DOA-R8M-HA-TASK12-EXTENSION-20260814,task1,recording24,472,0,15.565300000283335,16.83770043703429,16.83770043703429,1.2724004367509565,1.2724004367509565,1.2724004367509565,1.2724004367509565,1.6190028714440248,1.6190028714440248,False,False,False,0,-0.2876824526832291,full_adaptive_freedom,1.5,0.03,False,False,False
r8m-postfreeze-hearingaid-task12-extension-20260814,DOA-R8M-HA-TASK12-EXTENSION-20260814,task1,recording24,496,0,15.565300000283335,16.97608192816504,16.97608192816504,1.4107819278817146,1.4107819278817146,1.4107819278817146,1.4107819278817146,1.9903056480376475,1.9903056480376475,False,False,False,0,-0.4265756091383064,full_adaptive_freedom,1.5,0.03,False,False,False
r8m-postfreeze-hearingaid-task12-extension-20260814,DOA-R8M-HA-TASK12-EXTENSION-20260814,task1,recording24,521,0,15.565300000283335,16.963445448451846,16.963445448451846,1.3981454481685205,1.3981454481685205,1.3981454481685205,1.3981454481685205,1.954810694234353,1.954810694234353,False,False,False,0,-0.4256188803187253,full_adaptive_freedom,1.5,0.03,False,False,False
r8m-postfreeze-hearingaid-task12-extension-20260814,DOA-R8M-HA-TASK12-EXTENSION-20260814,task1,recording24,545,0,15.565300000283335,17.16780038602756,17.16780038602756,1.6025003857442357,1.6025003857442357,1.6025003857442357,1.6025003857442357,2.568007486310424,2.568007486310424,False,False,False,0,-0.2051328190569544,full_adaptive_freedom,1.5,0.03,False,False,False
r8m-postfreeze-hearingaid-task12-extension-20260814,DOA-R8M-HA-TASK12-EXTENSION-20260814,task1,recording24,696,0,15.565300000283335,17.301706971159707,17.301706971159707,1.7364069708763736,1.7364069708763736,1.7364069708763736,1.7364069708763736,3.0151091685080633,3.0151091685080633,False,False,False,0,-0.25917960333378876,full_adaptive_freedom,1.5,0.03,False,False,False
r8m-postfreeze-hearingaid-task12-extension-20260814,DOA-R8M-HA-TASK12-EXTENSION-20260814,task1,recording24,720,0,15.565300000283335,17.20161586074929,17.20161586074929,1.6363158604659418,1.6363158604659418,1.6363158604659418,1.6363158604659418,2.6775295952123956,2.6775295952123956,False,False,False,0,-0.1943002065256452,full_adaptive_freedom,1.5,0.03,False,False,False
r8m-postfreeze-hearingaid-task12-extension-20260814,DOA-R8M-HA-TASK12-EXTENSION-20260814,task1,recording24,744,0,15.565300000283335,17.105057562372636,17.105057562372636,1.5397575620893065,1.5397575620893065,1.5397575620893065,1.5397575620893065,2.3708533500112043,2.3708533500112043,False,False,False,0,-0.39017298949255863,full_adaptive_freedom,1.5,0.03,False,False,False
r8m-postfreeze-hearingaid-task12-extension-20260814,DOA-R8M-HA-TASK12-EXTENSION-20260814,task1,recording24,769,0,15.565300000283335,17.164055701260793,17.164055701260793,1.5987557009774491,1.5987557009774491,1.5987557009774491,1.5987557009774491,2.556019791407895,2.556019791407895,False,False,False,0,-0.3557653688056577,full_adaptive_freedom,1.5,0.03,False,False,False
r8m-postfreeze-hearingaid-task12-extension-20260814,DOA-R8M-HA-TASK12-EXTENSION-20260814,task1,recording24,793,0,15.565300000283335,17.06370621685149,17.06370621685149,1.4984062165681564,1.4984062165681564,1.4984062165681564,1.4984062165681564,2.245221189850097,2.245221189850097,False,False,False,0,-0.4470813888686567,full_adaptive_freedom,1.5,0.03,False,False,False
r8m-postfreeze-hearingaid-task12-extension-20260814,DOA-R8M-HA-TASK12-EXTENSION-20260814,task1,recording24,817,0,15.565300000283335,16.95736083013849,16.95736083013849,1.3920608298551542,1.3920608298551542,1.3920608298551542,1.3920608298551542,1.9378333540170207,1.9378333540170207,False,False,False,0,-0.24738332537136687,full_adaptive_freedom,1.5,0.03,False,False,False
r8m-postfreeze-hearingaid-task12-extension-20260814,DOA-R8M-HA-TASK12-EXTENSION-20260814,task1,recording26,104,0,-52.77867544142497,-79.99965486413433,-79.99965486413433,-27.22097942270935,-27.22097942270935,27.22097942270935,27.22097942270935,740.9817207315658,740.9817207315658,False,False,False,0,-0.271168728971505,full_adaptive_freedom,1.5,0.03,False,False,False
r8m-postfreeze-hearingaid-task12-extension-20260814,DOA-R8M-HA-TASK12-EXTENSION-20260814,task1,recording26,135,0,-52.77867544142497,-79.99965486413433,-79.99965486413433,-27.22097942270935,-27.22097942270935,27.22097942270935,27.22097942270935,740.9817207315658,740.9817207315658,False,False,False,0,-0.5576829688423026,full_adaptive_freedom,1.5,0.03,False,False,False
r8m-postfreeze-hearingaid-task12-extension-20260814,DOA-R8M-HA-TASK12-EXTENSION-20260814,task1,recording26,166,0,-52.77867544142497,-79.99965486413433,-79.99965486413433,-27.22097942270935,-27.22097942270935,27.22097942270935,27.22097942270935,740.9817207315658,740.9817207315658,False,False,False,0,-0.4631337600377654,full_adaptive_freedom,1.5,0.03,False,False,False
r8m-postfreeze-hearingaid-task12-extension-20260814,DOA-R8M-HA-TASK12-EXTENSION-20260814,task1,recording26,197,0,-52.77867544142497,-79.99965486413433,-79.99965486413433,-27.22097942270935,-27.22097942270935,27.22097942270935,27.22097942270935,740.9817207315658,740.9817207315658,False,False,False,0,-0.5572419475282676,full_adaptive_freedom,1.5,0.03,False,False,False
r8m-postfreeze-hearingaid-task12-extension-20260814,DOA-R8M-HA-TASK12-EXTENSION-20260814,task1,recording26,385,0,-52.77867544142497,-79.99965486413433,-79.99965486413433,-27.22097942270935,-27.22097942270935,27.22097942270935,27.22097942270935,740.9817207315658,740.9817207315658,False,False,False,0,-0.5604120719119483,full_adaptive_freedom,1.5,0.03,False,False,False
r8m-postfreeze-hearingaid-task12-extension-20260814,DOA-R8M-HA-TASK12-EXTENSION-20260814,task1,recording26,416,0,-52.77867544142497,-79.99965486413433,-79.99965486413433,-27.22097942270935,-27.22097942270935,27.22097942270935,27.22097942270935,740.9817207315658,740.9817207315658,False,False,False,0,-0.5584251270582942,full_adaptive_freedom,1.5,0.03,False,False,False
r8m-postfreeze-hearingaid-task12-extension-20260814,DOA-R8M-HA-TASK12-EXTENSION-20260814,task1,recording26,447,0,-52.77867544142497,-79.99965486413433,-79.99965486413433,-27.22097942270935,-27.22097942270935,27.22097942270935,27.22097942270935,740.9817207315658,740.9817207315658,False,False,False,0,-0.5344905233240907,full_adaptive_freedom,1.5,0.03,False,False,False
r8m-postfreeze-hearingaid-task12-extension-20260814,DOA-R8M-HA-TASK12-EXTENSION-20260814,task1,recording26,478,0,-52.77867544142497,-79.99965486413433,-79.99965486413433,-27.22097942270935,-27.22097942270935,27.22097942270935,27.22097942270935,740.9817207315658,740.9817207315658,False,False,False,0,-0.5482091760706675,full_adaptive_freedom,1.5,0.03,False,False,False
r8m-postfreeze-hearingaid-task12-extension-20260814,DOA-R8M-HA-TASK12-EXTENSION-20260814,task1,recording26,509,0,-52.77867544142497,-79.99965486413433,-79.99965486413433,-27.22097942270935,-27.22097942270935,27.22097942270935,27.22097942270935,740.9817207315658,740.9817207315658,False,False,False,0,-0.5446052102123913,full_adaptive_freedom,1.5,0.03,False,False,False
r8m-postfreeze-hearingaid-task12-extension-20260814,DOA-R8M-HA-TASK12-EXTENSION-20260814,task1,recording26,540,0,-52.77867544142497,-79.99965486413433,-79.99965486413433,-27.22097942270935,-27.22097942270935,27.22097942270935,27.22097942270935,740.9817207315658,740.9817207315658,False,False,False,0,-0.5671221881604808,full_adaptive_freedom,1.5,0.03,False,False,False
r8m-postfreeze-hearingaid-task12-extension-20260814,DOA-R8M-HA-TASK12-EXTENSION-20260814,task1,recording26,570,0,-52.77867544142497,-79.99965486413433,-79.99965486413433,-27.22097942270935,-27.22097942270935,27.22097942270935,27.22097942270935,740.9817207315658,740.9817207315658,False,False,False,0,-0.5237985219520982,full_adaptive_freedom,1.5,0.03,False,False,False
r8m-postfreeze-hearingaid-task12-extension-20260814,DOA-R8M-HA-TASK12-EXTENSION-20260814,task1,recording26,601,0,-52.77867544142497,-79.99965486413433,-79.99965486413433,-27.22097942270935,-27.22097942270935,27.22097942270935,27.22097942270935,740.9817207315658,740.9817207315658,False,False,False,0,-0.5534775352576989,full_adaptive_freedom,1.5,0.03,False,False,False
r8m-postfreeze-hearingaid-task12-extension-20260814,DOA-R8M-HA-TASK12-EXTENSION-20260814,task1,recording26,632,0,-52.77867544142497,-79.99965486413433,-79.99965486413433,-27.22097942270935,-27.22097942270935,27.22097942270935,27.22097942270935,740.9817207315658,740.9817207315658,False,False,False,0,-0.5629648897220544,full_adaptive_freedom,1.5,0.03,False,False,False
r8m-postfreeze-hearingaid-task12-extension-20260814,DOA-R8M-HA-TASK12-EXTENSION-20260814,task1,recording26,754,0,-52.77867544142497,-79.99965486413433,-79.99965486413433,-27.22097942270935,-27.22097942270935,27.22097942270935,27.22097942270935,740.9817207315658,740.9817207315658,False,False,False,0,-0.542630293780552,full_adaptive_freedom,1.5,0.03,False,False,False
r8m-postfreeze-hearingaid-task12-extension-20260814,DOA-R8M-HA-TASK12-EXTENSION-20260814,task1,recording26,785,0,-52.77867544142497,-79.99965486413433,-79.99965486413433,-27.22097942270935,-27.22097942270935,27.22097942270935,27.22097942270935,740.9817207315658,740.9817207315658,False,False,False,0,-0.5432722335800675,full_adaptive_freedom,1.5,0.03,False,False,False
r8m-postfreeze-hearingaid-task12-extension-20260814,DOA-R8M-HA-TASK12-EXTENSION-20260814,task1,recording26,816,0,-52.77867544142497,-79.99965486413433,-79.99965486413433,-27.22097942270935,-27.22097942270935,27.22097942270935,27.22097942270935,740.9817207315658,740.9817207315658,False,False,False,0,-0.5611402131079116,full_adaptive_freedom,1.5,0.03,False,False,False
r8m-postfreeze-hearingaid-task12-extension-20260814,DOA-R8M-HA-TASK12-EXTENSION-20260814,task1,recording26,846,0,-52.77867544142497,-79.99965486413433,-79.99965486413433,-27.22097942270935,-27.22097942270935,27.22097942270935,27.22097942270935,740.9817207315658,740.9817207315658,False,False,False,0,-0.532542411089737,full_adaptive_freedom,1.5,0.03,False,False,False
r8m-postfreeze-hearingaid-task12-extension-20260814,DOA-R8M-HA-TASK12-EXTENSION-20260814,task1,recording26,877,0,-52.77867544142497,-79.99965486413433,-79.99965486413433,-27.22097942270935,-27.22097942270935,27.22097942270935,27.22097942270935,740.9817207315658,740.9817207315658,False,False,False,0,-0.47202223339195115,full_adaptive_freedom,1.5,0.03,False,False,False
r8m-postfreeze-hearingaid-task12-extension-20260814,DOA-R8M-HA-TASK12-EXTENSION-20260814,task1,recording26,908,0,-52.77867544142497,-79.99965486413433,-79.99965486413433,-27.22097942270935,-27.22097942270935,27.22097942270935,27.22097942270935,740.9817207315658,740.9817207315658,False,False,False,0,-0.4026987935647808,full_adaptive_freedom,1.5,0.03,False,False,False
r8m-postfreeze-hearingaid-task12-extension-20260814,DOA-R8M-HA-TASK12-EXTENSION-20260814,task1,recording26,939,0,-52.77867544142497,-79.99965486413433,-79.99965486413433,-27.22097942270935,-27.22097942270935,27.22097942270935,27.22097942270935,740.9817207315658,740.9817207315658,False,False,False,0,-0.446584531180266,full_adaptive_freedom,1.5,0.03,False,False,False
r8m-postfreeze-hearingaid-task12-extension-20260814,DOA-R8M-HA-TASK12-EXTENSION-20260814,task2,recording14,509,1,-29.898702873293637,-39.0861875464461,-39.0861875464461,-9.187484673152454,-9.187484673152454,9.187484673152454,9.187484673152454,84.40987461941126,84.40987461941126,False,False,False,0,-0.3045790828625588,full_adaptive_freedom,1.5,0.03,False,False,False
r8m-postfreeze-hearingaid-task12-extension-20260814,DOA-R8M-HA-TASK12-EXTENSION-20260814,task2,recording14,513,1,-29.898702873293637,-39.251376713660186,-39.251376713660186,-9.352673840366549,-9.352673840366549,9.352673840366549,9.352673840366549,87.47250796427677,87.47250796427677,False,False,False,0,-0.2883265868425311,full_adaptive_freedom,1.5,0.03,False,False,False
r8m-postfreeze-hearingaid-task12-extension-20260814,DOA-R8M-HA-TASK12-EXTENSION-20260814,task2,recording14,516,1,-29.898702873293637,-39.26084026228352,-39.26084026228352,-9.36213738898988,-9.36213738898988,9.36213738898988,9.36213738898988,87.64961649032223,87.64961649032223,False,False,False,0,-0.28562036304518007,full_adaptive_freedom,1.5,0.03,False,False,False
r8m-postfreeze-hearingaid-task12-extension-20260814,DOA-R8M-HA-TASK12-EXTENSION-20260814,task2,recording14,520,1,-29.898702873293637,-39.19540568451298,-39.19540568451298,-9.296702811219347,-9.296702811219347,9.296702811219347,9.296702811219347,86.42868316013372,86.42868316013372,False,False,False,0,-0.25159042891467553,full_adaptive_freedom,1.5,0.03,False,False,False
r8m-postfreeze-hearingaid-task12-extension-20260814,DOA-R8M-HA-TASK12-EXTENSION-20260814,task2,recording14,524,1,-29.898702873293637,-39.233633342620244,-39.233633342620244,-9.334930469326594,-9.334930469326594,9.334930469326594,9.334930469326594,87.14092686716202,87.14092686716202,False,False,False,0,-0.21696355159038483,full_adaptive_freedom,1.5,0.03,False,False,False
r8m-postfreeze-hearingaid-task12-extension-20260814,DOA-R8M-HA-TASK12-EXTENSION-20260814,task2,recording14,528,1,-29.898702873293637,-39.20397203703816,-39.20397203703816,-9.305269163744526,-9.305269163744526,9.305269163744526,9.305269163744526,86.58803420973476,86.58803420973476,False,False,False,0,-0.3269232972811487,full_adaptive_freedom,1.5,0.03,False,False,False
r8m-postfreeze-hearingaid-task12-extension-20260814,DOA-R8M-HA-TASK12-EXTENSION-20260814,task2,recording14,531,1,-29.898702873293637,-39.23691271057232,-39.23691271057232,-9.338209837278669,-9.338209837278669,9.338209837278669,9.338209837278669,87.2021629650481,87.2021629650481,False,False,False,0,-0.28829144285880287,full_adaptive_freedom,1.5,0.03,False,False,False
r8m-postfreeze-hearingaid-task12-extension-20260814,DOA-R8M-HA-TASK12-EXTENSION-20260814,task2,recording14,535,1,-29.898702873293637,-39.14454037513856,-39.14454037513856,-9.245837501844932,-9.245837501844932,9.245837501844932,9.245837501844932,85.48551111052213,85.48551111052213,False,False,False,0,-0.4207677238797223,full_adaptive_freedom,1.5,0.03,False,False,False
r8m-postfreeze-hearingaid-task12-extension-20260814,DOA-R8M-HA-TASK12-EXTENSION-20260814,task2,recording14,539,1,-29.898702873293637,-39.23814788467837,-39.23814788467837,-9.339445011384726,-9.339445011384726,9.339445011384726,9.339445011384726,87.22523312067904,87.22523312067904,False,False,False,0,-0.31204618587317673,full_adaptive_freedom,1.5,0.03,False,False,False
r8m-postfreeze-hearingaid-task12-extension-20260814,DOA-R8M-HA-TASK12-EXTENSION-20260814,task2,recording14,543,1,-29.898702873293637,-39.41938949447931,-39.41938949447931,-9.520686621185689,-9.520686621185689,9.520686621185689,9.520686621185689,90.64347373882417,90.64347373882417,False,False,False,0,-0.33615916838773124,full_adaptive_freedom,1.5,0.03,False,False,False
r8m-postfreeze-hearingaid-task12-extension-20260814,DOA-R8M-HA-TASK12-EXTENSION-20260814,task2,recording14,546,1,-29.898702873293637,-39.436053451882536,-39.436053451882536,-9.5373505785889,-9.5373505785889,9.5373505785889,9.5373505785889,90.96105605891002,90.96105605891002,False,False,False,0,-0.2744635362837681,full_adaptive_freedom,1.5,0.03,False,False,False
r8m-postfreeze-hearingaid-task12-extension-20260814,DOA-R8M-HA-TASK12-EXTENSION-20260814,task2,recording14,550,1,-29.898702873293637,-39.27089036804643,-39.27089036804643,-9.37218749475278,-9.37218749475278,9.37218749475278,9.37218749475278,87.83789843680039,87.83789843680039,False,False,False,0,-0.25013566811628574,full_adaptive_freedom,1.5,0.03,False,False,False
r8m-postfreeze-hearingaid-task12-extension-20260814,DOA-R8M-HA-TASK12-EXTENSION-20260814,task2,recording14,554,1,-29.898702873293637,-39.459633996588906,-39.459633996588906,-9.560931123295262,-9.560931123295262,9.560931123295262,9.560931123295262,91.411403944396,91.411403944396,False,False,False,0,-0.21367706150735877,full_adaptive_freedom,1.5,0.03,False,False,False
r8m-postfreeze-hearingaid-task12-extension-20260814,DOA-R8M-HA-TASK12-EXTENSION-20260814,task2,recording14,558,1,-29.898702873293637,-39.628998903629615,-39.628998903629615,-9.730296030335978,-9.730296030335978,9.730296030335978,9.730296030335978,94.6786608379721,94.6786608379721,False,False,False,0,-0.28353946320176904,full_adaptive_freedom,1.5,0.03,False,False,False
r8m-postfreeze-hearingaid-task12-extension-20260814,DOA-R8M-HA-TASK12-EXTENSION-20260814,task2,recording14,561,1,-29.898702873293637,-39.86760834236787,-39.86760834236787,-9.96890546907423,-9.96890546907423,9.96890546907423,9.96890546907423,99.37907625133809,99.37907625133809,False,False,False,0,-0.30950986726815793,full_adaptive_freedom,1.5,0.03,False,False,False
r8m-postfreeze-hearingaid-task12-extension-20260814,DOA-R8M-HA-TASK12-EXTENSION-20260814,task2,recording14,565,1,-29.898702873293637,-39.7107060388855,-39.7107060388855,-9.812003165591875,-9.812003165591875,9.812003165591875,9.812003165591875,96.27540612158498,96.27540612158498,False,False,False,0,-0.2616311873076701,full_adaptive_freedom,1.5,0.03,False,False,False
r8m-postfreeze-hearingaid-task12-extension-20260814,DOA-R8M-HA-TASK12-EXTENSION-20260814,task2,recording14,569,1,-29.898702873293637,-39.62774236425444,-39.62774236425444,-9.729039490960815,-9.729039490960815,9.729039490960815,9.729039490960815,94.65420941667509,94.65420941667509,False,False,False,0,-0.2678574248205898,full_adaptive_freedom,1.5,0.03,False,False,False
r8m-postfreeze-hearingaid-task12-extension-20260814,DOA-R8M-HA-TASK12-EXTENSION-20260814,task2,recording14,573,1,-29.898702873293637,-39.73503022335402,-39.73503022335402,-9.836327350060401,-9.836327350060401,9.836327350060401,9.836327350060401,96.75333573754627,96.75333573754627,False,False,False,0,-0.3196247069751006,full_adaptive_freedom,1.5,0.03,False,False,False
r8m-postfreeze-hearingaid-task12-extension-20260814,DOA-R8M-HA-TASK12-EXTENSION-20260814,task2,recording14,576,1,-29.898702873293637,-39.534731694180216,-39.534731694180216,-9.636028820886565,-9.636028820886565,9.636028820886565,9.636028820886565,92.85305143695653,92.85305143695653,False,False,False,0,-0.38328519926488513,full_adaptive_freedom,1.5,0.03,False,False,False
r8m-postfreeze-hearingaid-task12-extension-20260814,DOA-R8M-HA-TASK12-EXTENSION-20260814,task2,recording14,580,1,-29.898702873293637,-39.42566944600106,-39.42566944600106,-9.526966572707408,-9.526966572707408,9.526966572707408,9.526966572707408,90.76309207748434,90.76309207748434,False,False,False,0,-0.3525489773532764,full_adaptive_freedom,1.5,0.03,False,False,False
r8m-postfreeze-hearingaid-task12-extension-20260814,DOA-R8M-HA-TASK12-EXTENSION-20260814,task2,recording15,91,1,-10.611680530811931,-12.952989159217688,-12.952989159217688,-2.3413086284057556,-2.3413086284057556,2.3413086284057556,2.3413086284057556,5.48172609344724,5.48172609344724,False,False,False,0,-0.19433567058509366,full_adaptive_freedom,1.5,0.03,False,False,False
r8m-postfreeze-hearingaid-task12-extension-20260814,DOA-R8M-HA-TASK12-EXTENSION-20260814,task2,recording15,93,1,-10.611680530811931,-12.960857844776458,-12.960857844776458,-2.3491773139645318,-2.3491773139645318,2.3491773139645318,2.3491773139645318,5.518634052445612,5.518634052445612,False,False,False,0,-0.18252186733383216,full_adaptive_freedom,1.5,0.03,False,False,False
r8m-postfreeze-hearingaid-task12-extension-20260814,DOA-R8M-HA-TASK12-EXTENSION-20260814,task2,recording15,94,1,-10.611680530811931,-12.912013873217058,-12.912013873217058,-2.300333342405139,-2.300333342405139,2.300333342405139,2.300333342405139,5.291533486180799,5.291533486180799,False,False,False,0,-0.2267560287868734,full_adaptive_freedom,1.5,0.03,False,False,False
r8m-postfreeze-hearingaid-task12-extension-20260814,DOA-R8M-HA-TASK12-EXTENSION-20260814,task2,recording15,96,1,-10.611680530811931,-12.767804063614069,-12.767804063614069,-2.156123532802127,-2.156123532802127,2.156123532802127,2.156123532802127,4.648868688703124,4.648868688703124,False,False,False,0,-0.2548556063511311,full_adaptive_freedom,1.5,0.03,False,False,False
r8m-postfreeze-hearingaid-task12-extension-20260814,DOA-R8M-HA-TASK12-EXTENSION-20260814,task2,recording15,98,1,-10.611680530811931,-12.783773964748985,-12.783773964748985,-2.17209343393705,-2.17209343393705,2.17209343393705,2.17209343393705,4.717989885752447,4.717989885752447,False,False,False,0,-0.2621857255438567,full_adaptive_freedom,1.5,0.03,False,False,False
r8m-postfreeze-hearingaid-task12-extension-20260814,DOA-R8M-HA-TASK12-EXTENSION-20260814,task2,recording15,99,1,-10.611680530811931,-12.750473435297584,-12.750473435297584,-2.138792904485655,-2.138792904485655,2.138792904485655,2.138792904485655,4.574435088278183,4.574435088278183,False,False,False,0,-0.2765298323634828,full_adaptive_freedom,1.5,0.03,False,False,False
r8m-postfreeze-hearingaid-task12-extension-20260814,DOA-R8M-HA-TASK12-EXTENSION-20260814,task2,recording15,101,1,-10.611680530811931,-12.704940720523899,-12.704940720523899,-2.0932601897119696,-2.0932601897119696,2.0932601897119696,2.0932601897119696,4.3817382218329906,4.3817382218329906,False,False,False,0,-0.2813595784832933,full_adaptive_freedom,1.5,0.03,False,False,False
r8m-postfreeze-hearingaid-task12-extension-20260814,DOA-R8M-HA-TASK12-EXTENSION-20260814,task2,recording15,102,1,-10.611680530811931,-12.700005095457414,-12.700005095457414,-2.0883245646454895,-2.0883245646454895,2.0883245646454895,2.0883245646454895,4.361099487301773,4.361099487301773,False,False,False,0,-0.27838809159723943,full_adaptive_freedom,1.5,0.03,False,False,False
r8m-postfreeze-hearingaid-task12-extension-20260814,DOA-R8M-HA-TASK12-EXTENSION-20260814,task2,recording15,104,1,-10.611680530811931,-12.669904491316698,-12.669904491316698,-2.058223960504762,-2.058223960504762,2.058223960504762,2.058223960504762,4.236285871595907,4.236285871595907,False,False,False,0,-0.2937056689090447,full_adaptive_freedom,1.5,0.03,False,False,False
r8m-postfreeze-hearingaid-task12-extension-20260814,DOA-R8M-HA-TASK12-EXTENSION-20260814,task2,recording15,106,1,-10.611680530811931,-12.567780085090881,-12.567780085090881,-1.9560995542789499,-1.9560995542789499,1.9560995542789499,1.9560995542789499,3.8263254662503066,3.8263254662503066,False,False,False,0,-0.3625081230396276,full_adaptive_freedom,1.5,0.03,False,False,False
r8m-postfreeze-hearingaid-task12-extension-20260814,DOA-R8M-HA-TASK12-EXTENSION-20260814,task2,recording15,107,1,-10.611680530811931,-12.972728676539148,-12.972728676539148,-2.36104814572721,-2.36104814572721,2.36104814572721,2.36104814572721,5.5745483464418975,5.5745483464418975,False,False,False,0,-0.18085032339540494,full_adaptive_freedom,1.5,0.03,False,False,False
r8m-postfreeze-hearingaid-task12-extension-20260814,DOA-R8M-HA-TASK12-EXTENSION-20260814,task2,recording15,109,1,-10.611680530811931,-13.019800923628306,-13.019800923628306,-2.408120392816386,-2.408120392816386,2.408120392816386,2.408120392816386,5.799043826298145,5.799043826298145,False,False,False,0,-0.21202861400586434,full_adaptive_freedom,1.5,0.03,False,False,False
r8m-postfreeze-hearingaid-task12-extension-20260814,DOA-R8M-HA-TASK12-EXTENSION-20260814,task2,recording15,111,1,-10.611680530811931,-13.110044545249155,-13.110044545249155,-2.4983640144372146,-2.4983640144372146,2.4983640144372146,2.4983640144372146,6.241822748634834,6.241822748634834,False,False,False,0,-0.23750697502245094,full_adaptive_freedom,1.5,0.03,False,False,False
r8m-postfreeze-hearingaid-task12-extension-20260814,DOA-R8M-HA-TASK12-EXTENSION-20260814,task2,recording15,112,1,-10.611680530811931,-13.049385167232575,-13.049385167232575,-2.437704636420648,-2.437704636420648,2.437704636420648,2.437704636420648,5.942403894426723,5.942403894426723,False,False,False,0,-0.2132789884187472,full_adaptive_freedom,1.5,0.03,False,False,False
r8m-postfreeze-hearingaid-task12-extension-20260814,DOA-R8M-HA-TASK12-EXTENSION-20260814,task2,recording15,114,1,-10.611680530811931,-13.223362432029473,-13.223362432029473,-2.611681901217537,-2.611681901217537,2.611681901217537,2.611681901217537,6.8208823531472484,6.8208823531472484,False,False,False,0,-0.30748310794886297,full_adaptive_freedom,1.5,0.03,False,False,False
r8m-postfreeze-hearingaid-task12-extension-20260814,DOA-R8M-HA-TASK12-EXTENSION-20260814,task2,recording15,115,1,-10.611680530811931,-13.162351588485977,-13.162351588485977,-2.5506710576740375,-2.5506710576740375,2.5506710576740375,2.5506710576740375,6.505922844455993,6.505922844455993,False,False,False,0,-0.276583467786513,full_adaptive_freedom,1.5,0.03,False,False,False
r8m-postfreeze-hearingaid-task12-extension-20260814,DOA-R8M-HA-TASK12-EXTENSION-20260814,task2,recording15,117,1,-10.611680530811931,-13.171793715539266,-13.171793715539266,-2.560113184727328,-2.560113184727328,2.560113184727328,2.560113184727328,6.554179518614702,6.554179518614702,False,False,False,0,-0.2830313867892696,full_adaptive_freedom,1.5,0.03,False,False,False
r8m-postfreeze-hearingaid-task12-extension-20260814,DOA-R8M-HA-TASK12-EXTENSION-20260814,task2,recording15,119,1,-10.611680530811931,-13.135060789218867,-13.135060789218867,-2.523380258406945,-2.523380258406945,2.523380258406945,2.523380258406945,6.367447928517901,6.367447928517901,False,False,False,0,-0.2506175025579798,full_adaptive_freedom,1.5,0.03,False,False,False
r8m-postfreeze-hearingaid-task12-extension-20260814,DOA-R8M-HA-TASK12-EXTENSION-20260814,task2,recording15,120,1,-10.611680530811931,-13.10455125770134,-13.10455125770134,-2.4928707268894073,-2.4928707268894073,2.4928707268894073,2.4928707268894073,6.214404460982122,6.214404460982122,False,False,False,0,-0.24149537357428605,full_adaptive_freedom,1.5,0.03,False,False,False
r8m-postfreeze-hearingaid-task12-extension-20260814,DOA-R8M-HA-TASK12-EXTENSION-20260814,task2,recording15,122,1,-10.611680530811931,-13.092140357688791,-13.092140357688791,-2.480459826876853,-2.480459826876853,2.480459826876853,2.480459826876853,6.1526809527499475,6.1526809527499475,False,False,False,0,-0.23923584977888038,full_adaptive_freedom,1.5,0.03,False,False,False
r8m-postfreeze-hearingaid-task12-extension-20260814,DOA-R8M-HA-TASK12-EXTENSION-20260814,task2,recording19,91,1,26.343237126522478,30.596749158597316,30.596749158597316,4.253512032074838,4.253512032074838,4.253512032074838,4.253512032074838,18.092364607005415,18.092364607005415,False,False,False,0,-0.27169082378069237,full_adaptive_freedom,1.5,0.03,False,False,False
r8m-postfreeze-hearingaid-task12-extension-20260814,DOA-R8M-HA-TASK12-EXTENSION-20260814,task2,recording19,92,1,26.343237126522478,30.68194324131999,30.68194324131999,4.338706114797503,4.338706114797503,4.338706114797503,4.338706114797503,18.824370750581245,18.824370750581245,False,False,False,0,-0.21910184895062126,full_adaptive_freedom,1.5,0.03,False,False,False
r8m-postfreeze-hearingaid-task12-extension-20260814,DOA-R8M-HA-TASK12-EXTENSION-20260814,task2,recording19,93,1,26.343237126522478,30.644496018545357,30.644496018545357,4.301258892022872,4.301258892022872,4.301258892022872,4.301258892022872,18.500828056205826,18.500828056205826,False,False,False,0,-0.2692485140802285,full_adaptive_freedom,1.5,0.03,False,False,False
r8m-postfreeze-hearingaid-task12-extension-20260814,DOA-R8M-HA-TASK12-EXTENSION-20260814,task2,recording19,94,1,26.343237126522478,30.584217128200773,30.584217128200773,4.240980001678281,4.240980001678281,4.240980001678281,4.240980001678281,17.985911374635112,17.985911374635112,False,False,False,0,-0.26438143511540413,full_adaptive_freedom,1.5,0.03,False,False,False
r8m-postfreeze-hearingaid-task12-extension-20260814,DOA-R8M-HA-TASK12-EXTENSION-20260814,task2,recording19,95,1,26.343237126522478,31.49050398900049,31.49050398900049,5.147266862478006,5.147266862478006,5.147266862478006,5.147266862478006,26.494356153564173,26.494356153564173,False,False,False,0,-0.2632061724329138,full_adaptive_freedom,1.5,0.03,False,False,False
r8m-postfreeze-hearingaid-task12-extension-20260814,DOA-R8M-HA-TASK12-EXTENSION-20260814,task2,recording19,96,1,26.343237126522478,30.805987586812705,30.805987586812705,4.462750460290238,4.462750460290238,4.462750460290238,4.462750460290238,19.91614167082073,19.91614167082073,False,False,False,0,-0.194748458226304,full_adaptive_freedom,1.5,0.03,False,False,False
r8m-postfreeze-hearingaid-task12-extension-20260814,DOA-R8M-HA-TASK12-EXTENSION-20260814,task2,recording19,97,1,26.343237126522478,31.791749932619332,31.791749932619332,5.448512806096858,5.448512806096858,5.448512806096858,5.448512806096858,29.686291798201456,29.686291798201456,False,False,False,0,-0.42174608658012386,full_adaptive_freedom,1.5,0.03,False,False,False
r8m-postfreeze-hearingaid-task12-extension-20260814,DOA-R8M-HA-TASK12-EXTENSION-20260814,task2,recording19,98,1,26.343237126522478,31.681274045123462,31.681274045123462,5.338036918600977,5.338036918600977,5.338036918600977,5.338036918600977,28.494638144347018,28.494638144347018,False,False,False,0,-0.3479716610048301,full_adaptive_freedom,1.5,0.03,False,False,False
r8m-postfreeze-hearingaid-task12-extension-20260814,DOA-R8M-HA-TASK12-EXTENSION-20260814,task2,recording23,90,2,34.3849975754,42.862957786444454,42.862957786444454,8.477960211044461,8.477960211044461,8.477960211044461,8.477960211044461,71.87580934005305,71.87580934005305,False,False,False,0,-0.11911634063010934,full_adaptive_freedom,1.5,0.03,False,False,False
r8m-postfreeze-hearingaid-task12-extension-20260814,DOA-R8M-HA-TASK12-EXTENSION-20260814,task2,recording23,92,2,34.3849975754,43.585213478747576,43.585213478747576,9.200215903347583,9.200215903347583,9.200215903347583,9.200215903347583,84.64397266820978,84.64397266820978,False,False,False,0,-0.2599585451388768,full_adaptive_freedom,1.5,0.03,False,False,False
r8m-postfreeze-hearingaid-task12-extension-20260814,DOA-R8M-HA-TASK12-EXTENSION-20260814,task2,recording23,93,2,34.3849975754,43.6401666282375,43.6401666282375,9.255169052837516,9.255169052837516,9.255169052837516,9.255169052837516,85.65815419660129,85.65815419660129,False,False,False,0,-0.24442377013180416,full_adaptive_freedom,1.5,0.03,False,False,False
r8m-postfreeze-hearingaid-task12-extension-20260814,DOA-R8M-HA-TASK12-EXTENSION-20260814,task2,recording23,95,2,34.3849975754,44.23360190423468,44.23360190423468,9.848604328834682,9.848604328834682,9.848604328834682,9.848604328834682,96.99500722594124,96.99500722594124,False,False,False,0,-0.29332180331930896,full_adaptive_freedom,1.5,0.03,False,False,False
r8m-postfreeze-hearingaid-task12-extension-20260814,DOA-R8M-HA-TASK12-EXTENSION-20260814,task2,recording23,97,2,34.3849975754,43.60622273637432,43.60622273637432,9.221225160974313,9.221225160974313,9.221225160974313,9.221225160974313,85.03099346938575,85.03099346938575,False,False,False,0,-0.2076142651893591,full_adaptive_freedom,1.5,0.03,False,False,False
r8m-postfreeze-hearingaid-task12-extension-20260814,DOA-R8M-HA-TASK12-EXTENSION-20260814,task2,recording23,98,2,34.3849975754,43.81604756534659,43.81604756534659,9.431049989946587,9.431049989946587,9.431049989946587,9.431049989946587,88.94470391287152,88.94470391287152,False,False,False,0,-0.2998625037877937,full_adaptive_freedom,1.5,0.03,False,False,False
r8m-postfreeze-hearingaid-task12-extension-20260814,DOA-R8M-HA-TASK12-EXTENSION-20260814,task2,recording23,100,2,34.3849975754,43.99162764886041,43.99162764886041,9.606630073460394,9.606630073460394,9.606630073460394,9.606630073460394,92.28734136831366,92.28734136831366,False,False,False,0,-0.3511253855222211,full_adaptive_freedom,1.5,0.03,False,False,False
r8m-postfreeze-hearingaid-task12-extension-20260814,DOA-R8M-HA-TASK12-EXTENSION-20260814,task2,recording23,102,2,34.3849975754,43.9526104994128,43.9526104994128,9.567612924012792,9.567612924012792,9.567612924012792,9.567612924012792,91.53921706373661,91.53921706373661,False,False,False,0,-0.3664932217415278,full_adaptive_freedom,1.5,0.03,False,False,False
r8m-postfreeze-hearingaid-task12-extension-20260814,DOA-R8M-HA-TASK12-EXTENSION-20260814,task2,recording23,103,2,34.3849975754,43.988571624624996,43.988571624624996,9.603574049224989,9.603574049224989,9.603574049224989,9.603574049224989,92.22863451894764,92.22863451894764,False,False,False,0,-0.3507179191491821,full_adaptive_freedom,1.5,0.03,False,False,False
r8m-postfreeze-hearingaid-task12-extension-20260814,DOA-R8M-HA-TASK12-EXTENSION-20260814,task2,recording23,105,2,34.3849975754,44.151712703911734,44.151712703911734,9.766715128511748,9.766715128511748,9.766715128511748,9.766715128511748,95.38872440150026,95.38872440150026,False,False,False,0,-0.3052046596375251,full_adaptive_freedom,1.5,0.03,False,False,False
r8m-postfreeze-hearingaid-task12-extension-20260814,DOA-R8M-HA-TASK12-EXTENSION-20260814,task2,recording23,107,2,34.3849975754,44.36330158116691,44.36330158116691,9.978304005766915,9.978304005766915,9.978304005766915,9.978304005766915,99.56655083150407,99.56655083150407,False,False,False,0,-0.2680453423070424,full_adaptive_freedom,1.5,0.03,False,False,False
r8m-postfreeze-hearingaid-task12-extension-20260814,DOA-R8M-HA-TASK12-EXTENSION-20260814,task2,recording23,109,2,34.3849975754,44.4092357301592,44.4092357301592,10.024238154759189,10.024238154759189,10.024238154759189,10.024238154759189,100.4853505833299,100.4853505833299,False,False,False,0,-0.23195458631418248,full_adaptive_freedom,1.5,0.03,False,False,False
r8m-postfreeze-hearingaid-task12-extension-20260814,DOA-R8M-HA-TASK12-EXTENSION-20260814,task2,recording23,110,2,34.3849975754,44.15828985702632,44.15828985702632,9.773292281626311,9.773292281626311,9.773292281626311,9.773292281626311,95.51724202209643,95.51724202209643,False,False,False,0,-0.2898928630625836,full_adaptive_freedom,1.5,0.03,False,False,False
r8m-postfreeze-hearingaid-task12-extension-20260814,DOA-R8M-HA-TASK12-EXTENSION-20260814,task2,recording23,112,2,34.3849975754,44.32677483913833,44.32677483913833,9.941777263738345,9.941777263738345,9.941777263738345,9.941777263738345,98.83893516178469,98.83893516178469,False,False,False,0,-0.2399069720287452,full_adaptive_freedom,1.5,0.03,False,False,False
r8m-postfreeze-hearingaid-task12-extension-20260814,DOA-R8M-HA-TASK12-EXTENSION-20260814,task2,recording23,114,2,34.3849975754,44.19248964105102,44.19248964105102,9.807492065651019,9.807492065651019,9.807492065651019,9.807492065651019,96.18690061780768,96.18690061780768,False,False,False,0,-0.27300910333713985,full_adaptive_freedom,1.5,0.03,False,False,False
r8m-postfreeze-hearingaid-task12-extension-20260814,DOA-R8M-HA-TASK12-EXTENSION-20260814,task2,recording23,115,2,34.3849975754,44.112338392081455,44.112338392081455,9.727340816681448,9.727340816681448,9.727340816681448,9.727340816681448,94.6211593638769,94.6211593638769,False,False,False,0,-0.3108276421748122,full_adaptive_freedom,1.5,0.03,False,False,False
r8m-postfreeze-hearingaid-task12-extension-20260814,DOA-R8M-HA-TASK12-EXTENSION-20260814,task2,recording23,117,2,34.3849975754,44.175326246508725,44.175326246508725,9.790328671108739,9.790328671108739,9.790328671108739,9.790328671108739,95.8505354883338,95.8505354883338,False,False,False,0,-0.29194296285277355,full_adaptive_freedom,1.5,0.03,False,False,False
r8m-postfreeze-hearingaid-task12-extension-20260814,DOA-R8M-HA-TASK12-EXTENSION-20260814,task2,recording23,472,2,34.3849975754,44.69796397602173,44.69796397602173,10.312966400621747,10.312966400621747,10.312966400621747,10.312966400621747,106.35727598035307,106.35727598035307,False,False,False,0,-0.2068460621486155,full_adaptive_freedom,1.5,0.03,False,False,False
r8m-postfreeze-hearingaid-task12-extension-20260814,DOA-R8M-HA-TASK12-EXTENSION-20260814,task2,recording23,473,2,34.3849975754,44.73449471411248,44.73449471411248,10.34949713871248,10.34949713871248,10.34949713871248,10.34949713871248,107.11209102421779,107.11209102421779,False,False,False,0,-0.21832826052190357,full_adaptive_freedom,1.5,0.03,False,False,False
r8m-postfreeze-hearingaid-task12-extension-20260814,DOA-R8M-HA-TASK12-EXTENSION-20260814,task2,recording23,475,2,34.3849975754,44.56341132986611,44.56341132986611,10.178413754466106,10.178413754466106,10.178413754466106,10.178413754466106,103.60010655710482,103.60010655710482,False,False,False,0,-0.1782169291255794,full_adaptive_freedom,1.5,0.03,False,False,False
r8m-postfreeze-hearingaid-task12-extension-20260814,DOA-R8M-HA-TASK12-EXTENSION-20260814,task2,recording24,104,2,1.7155451966208441,0.5207095068747587,0.5207095068747587,-1.1948356897460712,-1.1948356897460712,1.1948356897460712,1.1948356897460712,1.4276323254909697,1.4276323254909697,False,False,False,0,-0.4241124764459176,full_adaptive_freedom,1.5,0.03,False,False,False
r8m-postfreeze-hearingaid-task12-extension-20260814,DOA-R8M-HA-TASK12-EXTENSION-20260814,task2,recording24,105,2,1.7155451966208441,0.5207095068747587,0.5207095068747587,-1.1948356897460712,-1.1948356897460712,1.1948356897460712,1.1948356897460712,1.4276323254909697,1.4276323254909697,False,False,False,0,-0.4241124764459176,full_adaptive_freedom,1.5,0.03,False,False,False
r8m-postfreeze-hearingaid-task12-extension-20260814,DOA-R8M-HA-TASK12-EXTENSION-20260814,task2,recording24,106,2,1.7155451966208441,0.9287530036237059,0.9287530036237059,-0.786792192997126,-0.786792192997126,0.786792192997126,0.786792192997126,0.6190419549612267,0.6190419549612267,False,False,False,0,-0.21462632449081184,full_adaptive_freedom,1.5,0.03,False,False,False
r8m-postfreeze-hearingaid-task12-extension-20260814,DOA-R8M-HA-TASK12-EXTENSION-20260814,task2,recording24,107,2,1.7155451966208441,1.583191651706498,1.583191651706498,-0.13235354491433782,-0.13235354491433782,0.13235354491433782,0.13235354491433782,0.017517460851391636,0.017517460851391636,False,False,False,0,-0.4209869892259191,full_adaptive_freedom,1.5,0.03,False,False,False
r8m-postfreeze-hearingaid-task12-extension-20260814,DOA-R8M-HA-TASK12-EXTENSION-20260814,task2,recording24,108,2,1.7155451966208441,1.4164541073078076,1.4164541073078076,-0.29909108931303763,-0.29909108931303763,0.29909108931303763,0.29909108931303763,0.08945547970645945,0.08945547970645945,False,False,False,0,-0.3193505431148157,full_adaptive_freedom,1.5,0.03,False,False,False
r8m-postfreeze-hearingaid-task12-extension-20260814,DOA-R8M-HA-TASK12-EXTENSION-20260814,task2,recording24,109,2,1.7155451966208441,1.4112494552042862,1.4112494552042862,-0.3042957414165528,-0.3042957414165528,0.3042957414165528,0.3042957414165528,0.09259589824424956,0.09259589824424956,False,False,False,0,-0.35401759146809236,full_adaptive_freedom,1.5,0.03,False,False,False
r8m-postfreeze-hearingaid-task12-extension-20260814,DOA-R8M-HA-TASK12-EXTENSION-20260814,task2,recording24,110,2,1.7155451966208441,0.8458536288256064,0.8458536288256064,-0.869691567795229,-0.869691567795229,0.869691567795229,0.869691567795229,0.7563634230941235,0.7563634230941235,False,False,False,0,-0.24018534504499656,full_adaptive_freedom,1.5,0.03,False,False,False
r8m-postfreeze-hearingaid-task12-extension-20260814,DOA-R8M-HA-TASK12-EXTENSION-20260814,task2,recording24,111,2,1.7155451966208441,1.3419092976949298,1.3419092976949298,-0.37363589892592586,-0.37363589892592586,0.37363589892592586,0.37363589892592586,0.1396037849661847,0.1396037849661847,False,False,False,0,-0.34826132850863656,full_adaptive_freedom,1.5,0.03,False,False,False
r8m-postfreeze-hearingaid-task12-extension-20260814,DOA-R8M-HA-TASK12-EXTENSION-20260814,task2,recording24,112,2,1.7155451966208441,1.3404285937732625,1.3404285937732625,-0.37511660284758364,-0.37511660284758364,0.37511660284758364,0.37511660284758364,0.1407124657319118,0.1407124657319118,False,False,False,0,-0.3051886006024611,full_adaptive_freedom,1.5,0.03,False,False,False
r8m-postfreeze-hearingaid-task12-extension-20260814,DOA-R8M-HA-TASK12-EXTENSION-20260814,task2,recording24,113,2,1.7155451966208441,1.068360395864328,1.068360395864328,-0.64718480075652,-0.64718480075652,0.64718480075652,0.64718480075652,0.41884816633025646,0.41884816633025646,False,False,False,0,-0.19802477644135053,full_adaptive_freedom,1.5,0.03,False,False,False
r8m-postfreeze-hearingaid-task12-extension-20260814,DOA-R8M-HA-TASK12-EXTENSION-20260814,task2,recording25,90,1,-37.59453870538406,-51.35364022050863,-51.35364022050863,-13.75910151512457,-13.75910151512457,13.75910151512457,13.75910151512457,189.31287450350322,189.31287450350322,False,False,False,0,-0.157346659353963,full_adaptive_freedom,1.5,0.03,False,False,False
r8m-postfreeze-hearingaid-task12-extension-20260814,DOA-R8M-HA-TASK12-EXTENSION-20260814,task2,recording25,92,1,-37.59453870538406,-51.394477216558776,-51.394477216558776,-13.79993851117473,-13.79993851117473,13.79993851117473,13.79993851117473,190.43830291220343,190.43830291220343,False,False,False,0,-0.15886569863167765,full_adaptive_freedom,1.5,0.03,False,False,False
r8m-postfreeze-hearingaid-task12-extension-20260814,DOA-R8M-HA-TASK12-EXTENSION-20260814,task2,recording25,94,1,-37.59453870538406,-51.406987721707495,-51.406987721707495,-13.812449016323427,-13.812449016323427,13.812449016323427,13.812449016323427,190.78374782853402,190.78374782853402,False,False,False,0,-0.2636788857139517,full_adaptive_freedom,1.5,0.03,False,False,False
r8m-postfreeze-hearingaid-task12-extension-20260814,DOA-R8M-HA-TASK12-EXTENSION-20260814,task2,recording25,120,1,-37.59453870538406,-51.40844806619537,-51.40844806619537,-13.813909360811294,-13.813909360811294,13.813909360811294,13.813909360811294,190.8240918287099,190.8240918287099,False,False,False,0,-0.12547275994559995,full_adaptive_freedom,1.5,0.03,False,False,False
r8m-postfreeze-hearingaid-task12-extension-20260814,DOA-R8M-HA-TASK12-EXTENSION-20260814,task2,recording25,123,1,-37.59453870538406,-51.24088512489197,-51.24088512489197,-13.646346419507893,-13.646346419507893,13.646346419507893,13.646346419507893,186.22277060121587,186.22277060121587,False,False,False,0,-0.27197190528740817,full_adaptive_freedom,1.5,0.03,False,False,False
r8m-postfreeze-hearingaid-task12-extension-20260814,DOA-R8M-HA-TASK12-EXTENSION-20260814,task2,recording25,125,1,-37.59453870538406,-51.25851559493565,-51.25851559493565,-13.663976889551577,-13.663976889551577,13.663976889551577,13.663976889551577,186.7042644381996,186.7042644381996,False,False,False,0,-0.1900809871698541,full_adaptive_freedom,1.5,0.03,False,False,False
r8m-postfreeze-hearingaid-task12-extension-20260814,DOA-R8M-HA-TASK12-EXTENSION-20260814,task2,recording25,127,1,-37.59453870538406,-51.48525236522314,-51.48525236522314,-13.890713659839093,-13.890713659839093,13.890713659839093,13.890713659839093,192.95192597964038,192.95192597964038,False,False,False,0,-0.24709413043402859,full_adaptive_freedom,1.5,0.03,False,False,False
r8m-postfreeze-hearingaid-task12-extension-20260814,DOA-R8M-HA-TASK12-EXTENSION-20260814,task2,recording25,129,1,-37.59453870538406,-51.46836691665853,-51.46836691665853,-13.873828211274486,-13.873828211274486,13.873828211274486,13.873828211274486,192.4831092359558,192.4831092359558,False,False,False,0,-0.17551685194113306,full_adaptive_freedom,1.5,0.03,False,False,False
r8m-postfreeze-hearingaid-task12-extension-20260814,DOA-R8M-HA-TASK12-EXTENSION-20260814,task2,recording25,131,1,-37.59453870538406,-51.819765321586516,-51.819765321586516,-14.225226616202463,-14.225226616202463,14.225226616202463,14.225226616202463,202.35707228231496,202.35707228231496,False,False,False,0,-0.26075186309742754,full_adaptive_freedom,1.5,0.03,False,False,False
r8m-postfreeze-hearingaid-task12-extension-20260814,DOA-R8M-HA-TASK12-EXTENSION-20260814,task2,recording25,133,1,-37.59453870538406,-50.93613752765268,-50.93613752765268,-13.341598822268622,-13.341598822268622,13.341598822268622,13.341598822268622,177.9982591343595,177.9982591343595,False,False,False,0,-0.24364038769427426,full_adaptive_freedom,1.5,0.03,False,False,False
r8m-postfreeze-hearingaid-task12-extension-20260814,DOA-R8M-HA-TASK12-EXTENSION-20260814,task2,recording25,136,1,-37.59453870538406,-52.037910726956056,-52.037910726956056,-14.443372021572003,-14.443372021572003,14.443372021572003,14.443372021572003,208.61099535352892,208.61099535352892,False,False,False,0,-0.24598684073005556,full_adaptive_freedom,1.5,0.03,False,False,False
r8m-postfreeze-hearingaid-task12-extension-20260814,DOA-R8M-HA-TASK12-EXTENSION-20260814,task2,recording25,138,1,-37.59453870538406,-53.54560098009404,-53.54560098009404,-15.951062274709983,-15.951062274709983,15.951062274709983,15.951062274709983,254.43638769167603,254.43638769167603,False,False,False,0,-0.2055840467383937,full_adaptive_freedom,1.5,0.03,False,False,False
r8m-postfreeze-hearingaid-task12-extension-20260814,DOA-R8M-HA-TASK12-EXTENSION-20260814,task2,recording25,140,1,-37.59453870538406,-51.39553271568359,-51.39553271568359,-13.800994010299519,-13.800994010299519,13.800994010299519,13.800994010299519,190.4674356723232,190.4674356723232,False,False,False,0,-0.11946618931404387,full_adaptive_freedom,1.5,0.03,False,False,False
r8m-postfreeze-hearingaid-task12-extension-20260814,DOA-R8M-HA-TASK12-EXTENSION-20260814,task2,recording25,142,1,-37.59453870538406,-50.309306158703045,-50.309306158703045,-12.714767453318984,-12.714767453318984,12.714767453318984,12.714767453318984,161.66531139197974,161.66531139197974,False,False,False,0,-0.26411916319119827,full_adaptive_freedom,1.5,0.03,False,False,False
r8m-postfreeze-hearingaid-task12-extension-20260814,DOA-R8M-HA-TASK12-EXTENSION-20260814,task2,recording25,144,1,-37.59453870538406,-51.81842634165902,-51.81842634165902,-14.223887636274952,-14.223887636274952,14.223887636274952,14.223887636274952,202.31897948937544,202.31897948937544,False,False,False,0,-0.24194151008524184,full_adaptive_freedom,1.5,0.03,False,False,False
r8m-postfreeze-hearingaid-task12-extension-20260814,DOA-R8M-HA-TASK12-EXTENSION-20260814,task2,recording25,146,1,-37.59453870538406,-52.934020096481056,-52.934020096481056,-15.339481391096996,-15.339481391096996,15.339481391096996,15.339481391096996,235.29968934781104,235.29968934781104,False,False,False,0,-0.2742740809743771,full_adaptive_freedom,1.5,0.03,False,False,False
r8m-postfreeze-hearingaid-task12-extension-20260814,DOA-R8M-HA-TASK12-EXTENSION-20260814,task2,recording25,149,1,-37.59453870538406,-51.70230368832047,-51.70230368832047,-14.107764982936402,-14.107764982936402,14.107764982936402,14.107764982936402,199.02903281376655,199.02903281376655,False,False,False,0,-0.17960790756643083,full_adaptive_freedom,1.5,0.03,False,False,False
r8m-postfreeze-hearingaid-task12-extension-20260814,DOA-R8M-HA-TASK12-EXTENSION-20260814,task2,recording25,151,1,-37.59453870538406,-51.8360292910505,-51.8360292910505,-14.24149058566644,-14.24149058566644,14.24149058566644,14.24149058566644,202.82005410162586,202.82005410162586,False,False,False,0,-0.19633704743952227,full_adaptive_freedom,1.5,0.03,False,False,False
r8m-postfreeze-hearingaid-task12-extension-20260814,DOA-R8M-HA-TASK12-EXTENSION-20260814,task2,recording25,153,1,-37.59453870538406,-50.99056258350905,-50.99056258350905,-13.396023878124993,-13.396023878124993,13.396023878124993,13.396023878124993,179.45345574329497,179.45345574329497,False,False,False,0,-0.13325283399929058,full_adaptive_freedom,1.5,0.03,False,False,False
r8m-postfreeze-hearingaid-task12-extension-20260814,DOA-R8M-HA-TASK12-EXTENSION-20260814,task2,recording25,155,1,-37.59453870538406,-51.59451930139021,-51.59451930139021,-13.99998059600614,-13.99998059600614,13.99998059600614,13.99998059600614,195.9994566885484,195.9994566885484,False,False,False,0,-0.2007303311871488,full_adaptive_freedom,1.5,0.03,False,False,False
