release,protocol_id,source_protocol,development_status,task,recording,recording_name,required_time_row_index,timestamp_abs_s,active_source_index,target_activity_duration_s,target_activity_fraction_full_window,maximum_other_source_activity_fraction,strict_50pct_pass,sensitivity_80pct_pass,selection_rank,selection_rule,truth_used_for_estimation,error_used_for_selection,r8_output_used_for_window_selection,window_independence_claimed
r8-boundary-safe-robothead-confirmation-20260807,DOA-R8-BOUNDARY-SAFE-ROBOTHEAD-CONFIRM-20260807,boundary_safe_robothead_confirmation,independent_confirmation_after_eigenmike_mechanism_discovery,task1,<LOCATA_EVAL_ROOT>\task1\recording1,recording1,294,1485359393.62,0,0.10214299602788812,0.1361906613705175,0.0,False,False,0,uniform_time_spread_among_preregistered_eligible_anchors,False,False,False,False
r8-boundary-safe-robothead-confirmation-20260807,DOA-R8-BOUNDARY-SAFE-ROBOTHEAD-CONFIRM-20260807,boundary_safe_robothead_confirmation,independent_confirmation_after_eigenmike_mechanism_discovery,task1,<LOCATA_EVAL_ROOT>\task1\recording1,recording1,307,1485359393.728,0,0.21013999611121914,0.2801866614816255,0.0,False,False,1,uniform_time_spread_among_preregistered_eligible_anchors,False,False,False,False
r8-boundary-safe-robothead-confirmation-20260807,DOA-R8-BOUNDARY-SAFE-ROBOTHEAD-CONFIRM-20260807,boundary_safe_robothead_confirmation,independent_confirmation_after_eigenmike_mechanism_discovery,task1,<LOCATA_EVAL_ROOT>\task1\recording1,recording1,321,1485359393.845,0,0.3271367462014944,0.4361823282686592,0.0,False,False,2,uniform_time_spread_among_preregistered_eligible_anchors,False,False,False,False
r8-boundary-safe-robothead-confirmation-20260807,DOA-R8-BOUNDARY-SAFE-ROBOTHEAD-CONFIRM-20260807,boundary_safe_robothead_confirmation,independent_confirmation_after_eigenmike_mechanism_discovery,task1,<LOCATA_EVAL_ROOT>\task1\recording1,recording1,334,1485359393.953,0,0.43513374628482543,0.5801783283797672,0.0,True,False,3,uniform_time_spread_among_preregistered_eligible_anchors,False,False,False,False
r8-boundary-safe-robothead-confirmation-20260807,DOA-R8-BOUNDARY-SAFE-ROBOTHEAD-CONFIRM-20260807,boundary_safe_robothead_confirmation,independent_confirmation_after_eigenmike_mechanism_discovery,task1,<LOCATA_EVAL_ROOT>\task1\recording1,recording1,347,1485359394.061,0,0.5431307463681565,0.7241743284908753,0.0,True,False,4,uniform_time_spread_among_preregistered_eligible_anchors,False,False,False,False
r8-boundary-safe-robothead-confirmation-20260807,DOA-R8-BOUNDARY-SAFE-ROBOTHEAD-CONFIRM-20260807,boundary_safe_robothead_confirmation,independent_confirmation_after_eigenmike_mechanism_discovery,task1,<LOCATA_EVAL_ROOT>\task1\recording1,recording1,360,1485359394.17,0,0.6521277186744813,0.8695036248993083,0.0,True,True,5,uniform_time_spread_among_preregistered_eligible_anchors,False,False,False,False
r8-boundary-safe-robothead-confirmation-20260807,DOA-R8-BOUNDARY-SAFE-ROBOTHEAD-CONFIRM-20260807,boundary_safe_robothead_confirmation,independent_confirmation_after_eigenmike_mechanism_discovery,task1,<LOCATA_EVAL_ROOT>\task1\recording1,recording1,374,1485359394.286,0,0.75,1.0,0.0,True,True,6,uniform_time_spread_among_preregistered_eligible_anchors,False,False,False,False
r8-boundary-safe-robothead-confirmation-20260807,DOA-R8-BOUNDARY-SAFE-ROBOTHEAD-CONFIRM-20260807,boundary_safe_robothead_confirmation,independent_confirmation_after_eigenmike_mechanism_discovery,task1,<LOCATA_EVAL_ROOT>\task1\recording1,recording1,387,1485359394.395,0,0.75,1.0,0.0,True,True,7,uniform_time_spread_among_preregistered_eligible_anchors,False,False,False,False
r8-boundary-safe-robothead-confirmation-20260807,DOA-R8-BOUNDARY-SAFE-ROBOTHEAD-CONFIRM-20260807,boundary_safe_robothead_confirmation,independent_confirmation_after_eigenmike_mechanism_discovery,task1,<LOCATA_EVAL_ROOT>\task1\recording1,recording1,400,1485359394.503,0,0.75,1.0,0.0,True,True,8,uniform_time_spread_among_preregistered_eligible_anchors,False,False,False,False
r8-boundary-safe-robothead-confirmation-20260807,DOA-R8-BOUNDARY-SAFE-ROBOTHEAD-CONFIRM-20260807,boundary_safe_robothead_confirmation,independent_confirmation_after_eigenmike_mechanism_discovery,task1,<LOCATA_EVAL_ROOT>\task1\recording1,recording1,413,1485359394.611,0,0.75,1.0,0.0,True,True,9,uniform_time_spread_among_preregistered_eligible_anchors,False,False,False,False
r8-boundary-safe-robothead-confirmation-20260807,DOA-R8-BOUNDARY-SAFE-ROBOTHEAD-CONFIRM-20260807,boundary_safe_robothead_confirmation,independent_confirmation_after_eigenmike_mechanism_discovery,task1,<LOCATA_EVAL_ROOT>\task1\recording1,recording1,555,1485359395.795,0,0.10430960251104136,0.13907947001472182,0.0,False,False,10,uniform_time_spread_among_preregistered_eligible_anchors,False,False,False,False
r8-boundary-safe-robothead-confirmation-20260807,DOA-R8-BOUNDARY-SAFE-ROBOTHEAD-CONFIRM-20260807,boundary_safe_robothead_confirmation,independent_confirmation_after_eigenmike_mechanism_discovery,task1,<LOCATA_EVAL_ROOT>\task1\recording1,recording1,568,1485359395.903,0,0.2123066025943724,0.28307547012582984,0.0,False,False,11,uniform_time_spread_among_preregistered_eligible_anchors,False,False,False,False
r8-boundary-safe-robothead-confirmation-20260807,DOA-R8-BOUNDARY-SAFE-ROBOTHEAD-CONFIRM-20260807,boundary_safe_robothead_confirmation,independent_confirmation_after_eigenmike_mechanism_discovery,task1,<LOCATA_EVAL_ROOT>\task1\recording1,recording1,581,1485359396.011,0,0.3203036026777034,0.42707147023693787,0.0,False,False,12,uniform_time_spread_among_preregistered_eligible_anchors,False,False,False,False
r8-boundary-safe-robothead-confirmation-20260807,DOA-R8-BOUNDARY-SAFE-ROBOTHEAD-CONFIRM-20260807,boundary_safe_robothead_confirmation,independent_confirmation_after_eigenmike_mechanism_discovery,task1,<LOCATA_EVAL_ROOT>\task1\recording1,recording1,594,1485359396.12,0,0.42930057498402824,0.572400766645371,0.0,True,False,13,uniform_time_spread_among_preregistered_eligible_anchors,False,False,False,False
r8-boundary-safe-robothead-confirmation-20260807,DOA-R8-BOUNDARY-SAFE-ROBOTHEAD-CONFIRM-20260807,boundary_safe_robothead_confirmation,independent_confirmation_after_eigenmike_mechanism_discovery,task1,<LOCATA_EVAL_ROOT>\task1\recording1,recording1,608,1485359396.236,0,0.5452973528513096,0.7270631371350795,0.0,True,False,14,uniform_time_spread_among_preregistered_eligible_anchors,False,False,False,False
r8-boundary-safe-robothead-confirmation-20260807,DOA-R8-BOUNDARY-SAFE-ROBOTHEAD-CONFIRM-20260807,boundary_safe_robothead_confirmation,independent_confirmation_after_eigenmike_mechanism_discovery,task1,<LOCATA_EVAL_ROOT>\task1\recording1,recording1,621,1485359396.345,0,0.6542943251576345,0.8723924335435127,0.0,True,True,15,uniform_time_spread_among_preregistered_eligible_anchors,False,False,False,False
r8-boundary-safe-robothead-confirmation-20260807,DOA-R8-BOUNDARY-SAFE-ROBOTHEAD-CONFIRM-20260807,boundary_safe_robothead_confirmation,independent_confirmation_after_eigenmike_mechanism_discovery,task1,<LOCATA_EVAL_ROOT>\task1\recording1,recording1,634,1485359396.453,0,0.75,1.0,0.0,True,True,16,uniform_time_spread_among_preregistered_eligible_anchors,False,False,False,False
r8-boundary-safe-robothead-confirmation-20260807,DOA-R8-BOUNDARY-SAFE-ROBOTHEAD-CONFIRM-20260807,boundary_safe_robothead_confirmation,independent_confirmation_after_eigenmike_mechanism_discovery,task1,<LOCATA_EVAL_ROOT>\task1\recording1,recording1,647,1485359396.561,0,0.75,1.0,0.0,True,True,17,uniform_time_spread_among_preregistered_eligible_anchors,False,False,False,False
r8-boundary-safe-robothead-confirmation-20260807,DOA-R8-BOUNDARY-SAFE-ROBOTHEAD-CONFIRM-20260807,boundary_safe_robothead_confirmation,independent_confirmation_after_eigenmike_mechanism_discovery,task1,<LOCATA_EVAL_ROOT>\task1\recording1,recording1,661,1485359396.678,0,0.75,1.0,0.0,True,True,18,uniform_time_spread_among_preregistered_eligible_anchors,False,False,False,False
r8-boundary-safe-robothead-confirmation-20260807,DOA-R8-BOUNDARY-SAFE-ROBOTHEAD-CONFIRM-20260807,boundary_safe_robothead_confirmation,independent_confirmation_after_eigenmike_mechanism_discovery,task1,<LOCATA_EVAL_ROOT>\task1\recording1,recording1,674,1485359396.786,0,0.75,1.0,0.0,True,True,19,uniform_time_spread_among_preregistered_eligible_anchors,False,False,False,False
r8-boundary-safe-robothead-confirmation-20260807,DOA-R8-BOUNDARY-SAFE-ROBOTHEAD-CONFIRM-20260807,boundary_safe_robothead_confirmation,independent_confirmation_after_eigenmike_mechanism_discovery,task1,<LOCATA_EVAL_ROOT>\task1\recording10,recording10,91,1485361328.914,0,0.24584733757395627,0.32779645009860836,0.0,False,False,0,uniform_time_spread_among_preregistered_eligible_anchors,False,False,False,False
r8-boundary-safe-robothead-confirmation-20260807,DOA-R8-BOUNDARY-SAFE-ROBOTHEAD-CONFIRM-20260807,boundary_safe_robothead_confirmation,independent_confirmation_after_eigenmike_mechanism_discovery,task1,<LOCATA_EVAL_ROOT>\task1\recording10,recording10,119,1485361329.147,0,0.47884086553151306,0.6384544873753507,0.0,True,False,1,uniform_time_spread_among_preregistered_eligible_anchors,False,False,False,False
r8-boundary-safe-robothead-confirmation-20260807,DOA-R8-BOUNDARY-SAFE-ROBOTHEAD-CONFIRM-20260807,boundary_safe_robothead_confirmation,independent_confirmation_after_eigenmike_mechanism_discovery,task1,<LOCATA_EVAL_ROOT>\task1\recording10,recording10,146,1485361329.372,0,0.7038346157051193,0.9384461542734924,0.0,True,True,2,uniform_time_spread_among_preregistered_eligible_anchors,False,False,False,False
r8-boundary-safe-robothead-confirmation-20260807,DOA-R8-BOUNDARY-SAFE-ROBOTHEAD-CONFIRM-20260807,boundary_safe_robothead_confirmation,independent_confirmation_after_eigenmike_mechanism_discovery,task1,<LOCATA_EVAL_ROOT>\task1\recording10,recording10,174,1485361329.606,0,0.75,1.0,0.0,True,True,3,uniform_time_spread_among_preregistered_eligible_anchors,False,False,False,False
r8-boundary-safe-robothead-confirmation-20260807,DOA-R8-BOUNDARY-SAFE-ROBOTHEAD-CONFIRM-20260807,boundary_safe_robothead_confirmation,independent_confirmation_after_eigenmike_mechanism_discovery,task1,<LOCATA_EVAL_ROOT>\task1\recording10,recording10,202,1485361329.839,0,0.75,1.0,0.0,True,True,4,uniform_time_spread_among_preregistered_eligible_anchors,False,False,False,False
r8-boundary-safe-robothead-confirmation-20260807,DOA-R8-BOUNDARY-SAFE-ROBOTHEAD-CONFIRM-20260807,boundary_safe_robothead_confirmation,independent_confirmation_after_eigenmike_mechanism_discovery,task1,<LOCATA_EVAL_ROOT>\task1\recording10,recording10,229,1485361330.064,0,0.75,1.0,0.0,True,True,5,uniform_time_spread_among_preregistered_eligible_anchors,False,False,False,False
r8-boundary-safe-robothead-confirmation-20260807,DOA-R8-BOUNDARY-SAFE-ROBOTHEAD-CONFIRM-20260807,boundary_safe_robothead_confirmation,independent_confirmation_after_eigenmike_mechanism_discovery,task1,<LOCATA_EVAL_ROOT>\task1\recording10,recording10,257,1485361330.297,0,0.75,1.0,0.0,True,True,6,uniform_time_spread_among_preregistered_eligible_anchors,False,False,False,False
r8-boundary-safe-robothead-confirmation-20260807,DOA-R8-BOUNDARY-SAFE-ROBOTHEAD-CONFIRM-20260807,boundary_safe_robothead_confirmation,independent_confirmation_after_eigenmike_mechanism_discovery,task1,<LOCATA_EVAL_ROOT>\task1\recording10,recording10,328,1485361330.889,0,0.38021860503874894,0.5069581400516653,0.0,True,False,7,uniform_time_spread_among_preregistered_eligible_anchors,False,False,False,False
r8-boundary-safe-robothead-confirmation-20260807,DOA-R8-BOUNDARY-SAFE-ROBOTHEAD-CONFIRM-20260807,boundary_safe_robothead_confirmation,independent_confirmation_after_eigenmike_mechanism_discovery,task1,<LOCATA_EVAL_ROOT>\task1\recording10,recording10,356,1485361331.122,0,0.4198841698841699,0.5598455598455598,0.0,True,False,8,uniform_time_spread_among_preregistered_eligible_anchors,False,False,False,False
r8-boundary-safe-robothead-confirmation-20260807,DOA-R8-BOUNDARY-SAFE-ROBOTHEAD-CONFIRM-20260807,boundary_safe_robothead_confirmation,independent_confirmation_after_eigenmike_mechanism_discovery,task1,<LOCATA_EVAL_ROOT>\task1\recording10,recording10,384,1485361331.356,0,0.6538776700647204,0.8718368934196272,0.0,True,True,9,uniform_time_spread_among_preregistered_eligible_anchors,False,False,False,False
r8-boundary-safe-robothead-confirmation-20260807,DOA-R8-BOUNDARY-SAFE-ROBOTHEAD-CONFIRM-20260807,boundary_safe_robothead_confirmation,independent_confirmation_after_eigenmike_mechanism_discovery,task1,<LOCATA_EVAL_ROOT>\task1\recording10,recording10,411,1485361331.581,0,0.75,1.0,0.0,True,True,10,uniform_time_spread_among_preregistered_eligible_anchors,False,False,False,False
r8-boundary-safe-robothead-confirmation-20260807,DOA-R8-BOUNDARY-SAFE-ROBOTHEAD-CONFIRM-20260807,boundary_safe_robothead_confirmation,independent_confirmation_after_eigenmike_mechanism_discovery,task1,<LOCATA_EVAL_ROOT>\task1\recording10,recording10,439,1485361331.814,0,0.75,1.0,0.0,True,True,11,uniform_time_spread_among_preregistered_eligible_anchors,False,False,False,False
r8-boundary-safe-robothead-confirmation-20260807,DOA-R8-BOUNDARY-SAFE-ROBOTHEAD-CONFIRM-20260807,boundary_safe_robothead_confirmation,independent_confirmation_after_eigenmike_mechanism_discovery,task1,<LOCATA_EVAL_ROOT>\task1\recording10,recording10,467,1485361332.047,0,0.75,1.0,0.0,True,True,12,uniform_time_spread_among_preregistered_eligible_anchors,False,False,False,False
r8-boundary-safe-robothead-confirmation-20260807,DOA-R8-BOUNDARY-SAFE-ROBOTHEAD-CONFIRM-20260807,boundary_safe_robothead_confirmation,independent_confirmation_after_eigenmike_mechanism_discovery,task1,<LOCATA_EVAL_ROOT>\task1\recording10,recording10,494,1485361332.272,0,0.75,1.0,0.0,True,True,13,uniform_time_spread_among_preregistered_eligible_anchors,False,False,False,False
r8-boundary-safe-robothead-confirmation-20260807,DOA-R8-BOUNDARY-SAFE-ROBOTHEAD-CONFIRM-20260807,boundary_safe_robothead_confirmation,independent_confirmation_after_eigenmike_mechanism_discovery,task1,<LOCATA_EVAL_ROOT>\task1\recording10,recording10,522,1485361332.506,0,0.75,1.0,0.0,True,True,14,uniform_time_spread_among_preregistered_eligible_anchors,False,False,False,False
r8-boundary-safe-robothead-confirmation-20260807,DOA-R8-BOUNDARY-SAFE-ROBOTHEAD-CONFIRM-20260807,boundary_safe_robothead_confirmation,independent_confirmation_after_eigenmike_mechanism_discovery,task1,<LOCATA_EVAL_ROOT>\task1\recording10,recording10,549,1485361332.731,0,0.75,1.0,0.0,True,True,15,uniform_time_spread_among_preregistered_eligible_anchors,False,False,False,False
r8-boundary-safe-robothead-confirmation-20260807,DOA-R8-BOUNDARY-SAFE-ROBOTHEAD-CONFIRM-20260807,boundary_safe_robothead_confirmation,independent_confirmation_after_eigenmike_mechanism_discovery,task1,<LOCATA_EVAL_ROOT>\task1\recording10,recording10,577,1485361332.964,0,0.75,1.0,0.0,True,True,16,uniform_time_spread_among_preregistered_eligible_anchors,False,False,False,False
r8-boundary-safe-robothead-confirmation-20260807,DOA-R8-BOUNDARY-SAFE-ROBOTHEAD-CONFIRM-20260807,boundary_safe_robothead_confirmation,independent_confirmation_after_eigenmike_mechanism_discovery,task1,<LOCATA_EVAL_ROOT>\task1\recording10,recording10,605,1485361333.197,0,0.75,1.0,0.0,True,True,17,uniform_time_spread_among_preregistered_eligible_anchors,False,False,False,False
r8-boundary-safe-robothead-confirmation-20260807,DOA-R8-BOUNDARY-SAFE-ROBOTHEAD-CONFIRM-20260807,boundary_safe_robothead_confirmation,independent_confirmation_after_eigenmike_mechanism_discovery,task1,<LOCATA_EVAL_ROOT>\task1\recording10,recording10,632,1485361333.422,0,0.75,1.0,0.0,True,True,18,uniform_time_spread_among_preregistered_eligible_anchors,False,False,False,False
r8-boundary-safe-robothead-confirmation-20260807,DOA-R8-BOUNDARY-SAFE-ROBOTHEAD-CONFIRM-20260807,boundary_safe_robothead_confirmation,independent_confirmation_after_eigenmike_mechanism_discovery,task1,<LOCATA_EVAL_ROOT>\task1\recording10,recording10,660,1485361333.656,0,0.75,1.0,0.0,True,True,19,uniform_time_spread_among_preregistered_eligible_anchors,False,False,False,False
r8-boundary-safe-robothead-confirmation-20260807,DOA-R8-BOUNDARY-SAFE-ROBOTHEAD-CONFIRM-20260807,boundary_safe_robothead_confirmation,independent_confirmation_after_eigenmike_mechanism_discovery,task1,<LOCATA_EVAL_ROOT>\task1\recording11,recording11,107,1485361361.282,0,0.10147634787922558,0.13530179717230076,0.0,False,False,0,uniform_time_spread_among_preregistered_eligible_anchors,False,False,False,False
r8-boundary-safe-robothead-confirmation-20260807,DOA-R8-BOUNDARY-SAFE-ROBOTHEAD-CONFIRM-20260807,boundary_safe_robothead_confirmation,independent_confirmation_after_eigenmike_mechanism_discovery,task1,<LOCATA_EVAL_ROOT>\task1\recording11,recording11,128,1485361361.457,0,0.27647148690314155,0.36862864920418875,0.0,False,False,1,uniform_time_spread_among_preregistered_eligible_anchors,False,False,False,False
r8-boundary-safe-robothead-confirmation-20260807,DOA-R8-BOUNDARY-SAFE-ROBOTHEAD-CONFIRM-20260807,boundary_safe_robothead_confirmation,independent_confirmation_after_eigenmike_mechanism_discovery,task1,<LOCATA_EVAL_ROOT>\task1\recording11,recording11,149,1485361361.632,0,0.45146662592705755,0.6019555012360768,0.0,True,False,2,uniform_time_spread_among_preregistered_eligible_anchors,False,False,False,False
r8-boundary-safe-robothead-confirmation-20260807,DOA-R8-BOUNDARY-SAFE-ROBOTHEAD-CONFIRM-20260807,boundary_safe_robothead_confirmation,independent_confirmation_after_eigenmike_mechanism_discovery,task1,<LOCATA_EVAL_ROOT>\task1\recording11,recording11,171,1485361361.815,0,0.634461542734924,0.8459487236465654,0.0,True,True,3,uniform_time_spread_among_preregistered_eligible_anchors,False,False,False,False
r8-boundary-safe-robothead-confirmation-20260807,DOA-R8-BOUNDARY-SAFE-ROBOTHEAD-CONFIRM-20260807,boundary_safe_robothead_confirmation,independent_confirmation_after_eigenmike_mechanism_discovery,task1,<LOCATA_EVAL_ROOT>\task1\recording11,recording11,192,1485361361.99,0,0.75,1.0,0.0,True,True,4,uniform_time_spread_among_preregistered_eligible_anchors,False,False,False,False
r8-boundary-safe-robothead-confirmation-20260807,DOA-R8-BOUNDARY-SAFE-ROBOTHEAD-CONFIRM-20260807,boundary_safe_robothead_confirmation,independent_confirmation_after_eigenmike_mechanism_discovery,task1,<LOCATA_EVAL_ROOT>\task1\recording11,recording11,213,1485361362.165,0,0.75,1.0,0.0,True,True,5,uniform_time_spread_among_preregistered_eligible_anchors,False,False,False,False
r8-boundary-safe-robothead-confirmation-20260807,DOA-R8-BOUNDARY-SAFE-ROBOTHEAD-CONFIRM-20260807,boundary_safe_robothead_confirmation,independent_confirmation_after_eigenmike_mechanism_discovery,task1,<LOCATA_EVAL_ROOT>\task1\recording11,recording11,234,1485361362.34,0,0.75,1.0,0.0,True,True,6,uniform_time_spread_among_preregistered_eligible_anchors,False,False,False,False
r8-boundary-safe-robothead-confirmation-20260807,DOA-R8-BOUNDARY-SAFE-ROBOTHEAD-CONFIRM-20260807,boundary_safe_robothead_confirmation,independent_confirmation_after_eigenmike_mechanism_discovery,task1,<LOCATA_EVAL_ROOT>\task1\recording11,recording11,255,1485361362.515,0,0.75,1.0,0.0,True,True,7,uniform_time_spread_among_preregistered_eligible_anchors,False,False,False,False
r8-boundary-safe-robothead-confirmation-20260807,DOA-R8-BOUNDARY-SAFE-ROBOTHEAD-CONFIRM-20260807,boundary_safe_robothead_confirmation,independent_confirmation_after_eigenmike_mechanism_discovery,task1,<LOCATA_EVAL_ROOT>\task1\recording11,recording11,277,1485361362.698,0,0.75,1.0,0.0,True,True,8,uniform_time_spread_among_preregistered_eligible_anchors,False,False,False,False
r8-boundary-safe-robothead-confirmation-20260807,DOA-R8-BOUNDARY-SAFE-ROBOTHEAD-CONFIRM-20260807,boundary_safe_robothead_confirmation,independent_confirmation_after_eigenmike_mechanism_discovery,task1,<LOCATA_EVAL_ROOT>\task1\recording11,recording11,487,1485361364.448,0,0.23734757367850895,0.31646343157134527,0.0,False,False,9,uniform_time_spread_among_preregistered_eligible_anchors,False,False,False,False
r8-boundary-safe-robothead-confirmation-20260807,DOA-R8-BOUNDARY-SAFE-ROBOTHEAD-CONFIRM-20260807,boundary_safe_robothead_confirmation,independent_confirmation_after_eigenmike_mechanism_discovery,task1,<LOCATA_EVAL_ROOT>\task1\recording11,recording11,508,1485361364.623,0,0.41234271270242495,0.5497902836032332,0.0,True,False,10,uniform_time_spread_among_preregistered_eligible_anchors,False,False,False,False
r8-boundary-safe-robothead-confirmation-20260807,DOA-R8-BOUNDARY-SAFE-ROBOTHEAD-CONFIRM-20260807,boundary_safe_robothead_confirmation,independent_confirmation_after_eigenmike_mechanism_discovery,task1,<LOCATA_EVAL_ROOT>\task1\recording11,recording11,529,1485361364.798,0,0.5873378517263409,0.7831171356351212,0.0,True,False,11,uniform_time_spread_among_preregistered_eligible_anchors,False,False,False,False
r8-boundary-safe-robothead-confirmation-20260807,DOA-R8-BOUNDARY-SAFE-ROBOTHEAD-CONFIRM-20260807,boundary_safe_robothead_confirmation,independent_confirmation_after_eigenmike_mechanism_discovery,task1,<LOCATA_EVAL_ROOT>\task1\recording11,recording11,551,1485361364.982,0,0.75,1.0,0.0,True,True,12,uniform_time_spread_among_preregistered_eligible_anchors,False,False,False,False
r8-boundary-safe-robothead-confirmation-20260807,DOA-R8-BOUNDARY-SAFE-ROBOTHEAD-CONFIRM-20260807,boundary_safe_robothead_confirmation,independent_confirmation_after_eigenmike_mechanism_discovery,task1,<LOCATA_EVAL_ROOT>\task1\recording11,recording11,572,1485361365.157,0,0.75,1.0,0.0,True,True,13,uniform_time_spread_among_preregistered_eligible_anchors,False,False,False,False
r8-boundary-safe-robothead-confirmation-20260807,DOA-R8-BOUNDARY-SAFE-ROBOTHEAD-CONFIRM-20260807,boundary_safe_robothead_confirmation,independent_confirmation_after_eigenmike_mechanism_discovery,task1,<LOCATA_EVAL_ROOT>\task1\recording11,recording11,593,1485361365.332,0,0.75,1.0,0.0,True,True,14,uniform_time_spread_among_preregistered_eligible_anchors,False,False,False,False
r8-boundary-safe-robothead-confirmation-20260807,DOA-R8-BOUNDARY-SAFE-ROBOTHEAD-CONFIRM-20260807,boundary_safe_robothead_confirmation,independent_confirmation_after_eigenmike_mechanism_discovery,task1,<LOCATA_EVAL_ROOT>\task1\recording11,recording11,614,1485361365.507,0,0.75,1.0,0.0,True,True,15,uniform_time_spread_among_preregistered_eligible_anchors,False,False,False,False
r8-boundary-safe-robothead-confirmation-20260807,DOA-R8-BOUNDARY-SAFE-ROBOTHEAD-CONFIRM-20260807,boundary_safe_robothead_confirmation,independent_confirmation_after_eigenmike_mechanism_discovery,task1,<LOCATA_EVAL_ROOT>\task1\recording11,recording11,635,1485361365.682,0,0.75,1.0,0.0,True,True,16,uniform_time_spread_among_preregistered_eligible_anchors,False,False,False,False
r8-boundary-safe-robothead-confirmation-20260807,DOA-R8-BOUNDARY-SAFE-ROBOTHEAD-CONFIRM-20260807,boundary_safe_robothead_confirmation,independent_confirmation_after_eigenmike_mechanism_discovery,task1,<LOCATA_EVAL_ROOT>\task1\recording11,recording11,657,1485361365.865,0,0.75,1.0,0.0,True,True,17,uniform_time_spread_among_preregistered_eligible_anchors,False,False,False,False
r8-boundary-safe-robothead-confirmation-20260807,DOA-R8-BOUNDARY-SAFE-ROBOTHEAD-CONFIRM-20260807,boundary_safe_robothead_confirmation,independent_confirmation_after_eigenmike_mechanism_discovery,task1,<LOCATA_EVAL_ROOT>\task1\recording11,recording11,678,1485361366.04,0,0.75,1.0,0.0,True,True,18,uniform_time_spread_among_preregistered_eligible_anchors,False,False,False,False
r8-boundary-safe-robothead-confirmation-20260807,DOA-R8-BOUNDARY-SAFE-ROBOTHEAD-CONFIRM-20260807,boundary_safe_robothead_confirmation,independent_confirmation_after_eigenmike_mechanism_discovery,task1,<LOCATA_EVAL_ROOT>\task1\recording11,recording11,699,1485361366.215,0,0.75,1.0,0.0,True,True,19,uniform_time_spread_among_preregistered_eligible_anchors,False,False,False,False
r8-boundary-safe-robothead-confirmation-20260807,DOA-R8-BOUNDARY-SAFE-ROBOTHEAD-CONFIRM-20260807,boundary_safe_robothead_confirmation,independent_confirmation_after_eigenmike_mechanism_discovery,task1,<LOCATA_EVAL_ROOT>\task1\recording12,recording12,182,1485361393.011,0,0.10724702091608566,0.14299602788811422,0.0,False,False,0,uniform_time_spread_among_preregistered_eligible_anchors,False,False,False,False
r8-boundary-safe-robothead-confirmation-20260807,DOA-R8-BOUNDARY-SAFE-ROBOTHEAD-CONFIRM-20260807,boundary_safe_robothead_confirmation,independent_confirmation_after_eigenmike_mechanism_discovery,task1,<LOCATA_EVAL_ROOT>\task1\recording12,recording12,209,1485361393.236,0,0.33224077108969197,0.44298769478625594,0.0,False,False,1,uniform_time_spread_among_preregistered_eligible_anchors,False,False,False,False
r8-boundary-safe-robothead-confirmation-20260807,DOA-R8-BOUNDARY-SAFE-ROBOTHEAD-CONFIRM-20260807,boundary_safe_robothead_confirmation,independent_confirmation_after_eigenmike_mechanism_discovery,task1,<LOCATA_EVAL_ROOT>\task1\recording12,recording12,236,1485361393.461,0,0.5572345212632983,0.7429793616843977,0.0,True,False,2,uniform_time_spread_among_preregistered_eligible_anchors,False,False,False,False
r8-boundary-safe-robothead-confirmation-20260807,DOA-R8-BOUNDARY-SAFE-ROBOTHEAD-CONFIRM-20260807,boundary_safe_robothead_confirmation,independent_confirmation_after_eigenmike_mechanism_discovery,task1,<LOCATA_EVAL_ROOT>\task1\recording12,recording12,263,1485361393.686,0,0.75,1.0,0.0,True,True,3,uniform_time_spread_among_preregistered_eligible_anchors,False,False,False,False
r8-boundary-safe-robothead-confirmation-20260807,DOA-R8-BOUNDARY-SAFE-ROBOTHEAD-CONFIRM-20260807,boundary_safe_robothead_confirmation,independent_confirmation_after_eigenmike_mechanism_discovery,task1,<LOCATA_EVAL_ROOT>\task1\recording12,recording12,290,1485361393.911,0,0.75,1.0,0.0,True,True,4,uniform_time_spread_among_preregistered_eligible_anchors,False,False,False,False
r8-boundary-safe-robothead-confirmation-20260807,DOA-R8-BOUNDARY-SAFE-ROBOTHEAD-CONFIRM-20260807,boundary_safe_robothead_confirmation,independent_confirmation_after_eigenmike_mechanism_discovery,task1,<LOCATA_EVAL_ROOT>\task1\recording12,recording12,318,1485361394.144,0,0.75,1.0,0.0,True,True,5,uniform_time_spread_among_preregistered_eligible_anchors,False,False,False,False
r8-boundary-safe-robothead-confirmation-20260807,DOA-R8-BOUNDARY-SAFE-ROBOTHEAD-CONFIRM-20260807,boundary_safe_robothead_confirmation,independent_confirmation_after_eigenmike_mechanism_discovery,task1,<LOCATA_EVAL_ROOT>\task1\recording12,recording12,345,1485361394.369,0,0.75,1.0,0.0,True,True,6,uniform_time_spread_among_preregistered_eligible_anchors,False,False,False,False
r8-boundary-safe-robothead-confirmation-20260807,DOA-R8-BOUNDARY-SAFE-ROBOTHEAD-CONFIRM-20260807,boundary_safe_robothead_confirmation,independent_confirmation_after_eigenmike_mechanism_discovery,task1,<LOCATA_EVAL_ROOT>\task1\recording12,recording12,372,1485361394.594,0,0.75,1.0,0.0,True,True,7,uniform_time_spread_among_preregistered_eligible_anchors,False,False,False,False
r8-boundary-safe-robothead-confirmation-20260807,DOA-R8-BOUNDARY-SAFE-ROBOTHEAD-CONFIRM-20260807,boundary_safe_robothead_confirmation,independent_confirmation_after_eigenmike_mechanism_discovery,task1,<LOCATA_EVAL_ROOT>\task1\recording12,recording12,399,1485361394.819,0,0.75,1.0,0.0,True,True,8,uniform_time_spread_among_preregistered_eligible_anchors,False,False,False,False
r8-boundary-safe-robothead-confirmation-20260807,DOA-R8-BOUNDARY-SAFE-ROBOTHEAD-CONFIRM-20260807,boundary_safe_robothead_confirmation,independent_confirmation_after_eigenmike_mechanism_discovery,task1,<LOCATA_EVAL_ROOT>\task1\recording12,recording12,426,1485361395.044,0,0.75,1.0,0.0,True,True,9,uniform_time_spread_among_preregistered_eligible_anchors,False,False,False,False
r8-boundary-safe-robothead-confirmation-20260807,DOA-R8-BOUNDARY-SAFE-ROBOTHEAD-CONFIRM-20260807,boundary_safe_robothead_confirmation,independent_confirmation_after_eigenmike_mechanism_discovery,task1,<LOCATA_EVAL_ROOT>\task1\recording12,recording12,453,1485361395.269,0,0.75,1.0,0.0,True,True,10,uniform_time_spread_among_preregistered_eligible_anchors,False,False,False,False
r8-boundary-safe-robothead-confirmation-20260807,DOA-R8-BOUNDARY-SAFE-ROBOTHEAD-CONFIRM-20260807,boundary_safe_robothead_confirmation,independent_confirmation_after_eigenmike_mechanism_discovery,task1,<LOCATA_EVAL_ROOT>\task1\recording12,recording12,480,1485361395.494,0,0.75,1.0,0.0,True,True,11,uniform_time_spread_among_preregistered_eligible_anchors,False,False,False,False
r8-boundary-safe-robothead-confirmation-20260807,DOA-R8-BOUNDARY-SAFE-ROBOTHEAD-CONFIRM-20260807,boundary_safe_robothead_confirmation,independent_confirmation_after_eigenmike_mechanism_discovery,task1,<LOCATA_EVAL_ROOT>\task1\recording12,recording12,572,1485361396.261,0,0.20891086358712257,0.2785478181161634,0.0,False,False,12,uniform_time_spread_among_preregistered_eligible_anchors,False,False,False,False
r8-boundary-safe-robothead-confirmation-20260807,DOA-R8-BOUNDARY-SAFE-ROBOTHEAD-CONFIRM-20260807,boundary_safe_robothead_confirmation,independent_confirmation_after_eigenmike_mechanism_discovery,task1,<LOCATA_EVAL_ROOT>\task1\recording12,recording12,599,1485361396.486,0,0.33555317907835897,0.44740423877114527,0.0,False,False,13,uniform_time_spread_among_preregistered_eligible_anchors,False,False,False,False
r8-boundary-safe-robothead-confirmation-20260807,DOA-R8-BOUNDARY-SAFE-ROBOTHEAD-CONFIRM-20260807,boundary_safe_robothead_confirmation,independent_confirmation_after_eigenmike_mechanism_discovery,task1,<LOCATA_EVAL_ROOT>\task1\recording12,recording12,626,1485361396.711,0,0.5605469292519651,0.7473959056692869,0.0,True,False,14,uniform_time_spread_among_preregistered_eligible_anchors,False,False,False,False
r8-boundary-safe-robothead-confirmation-20260807,DOA-R8-BOUNDARY-SAFE-ROBOTHEAD-CONFIRM-20260807,boundary_safe_robothead_confirmation,independent_confirmation_after_eigenmike_mechanism_discovery,task1,<LOCATA_EVAL_ROOT>\task1\recording12,recording12,654,1485361396.944,0,0.75,1.0,0.0,True,True,15,uniform_time_spread_among_preregistered_eligible_anchors,False,False,False,False
r8-boundary-safe-robothead-confirmation-20260807,DOA-R8-BOUNDARY-SAFE-ROBOTHEAD-CONFIRM-20260807,boundary_safe_robothead_confirmation,independent_confirmation_after_eigenmike_mechanism_discovery,task1,<LOCATA_EVAL_ROOT>\task1\recording12,recording12,681,1485361397.169,0,0.75,1.0,0.0,True,True,16,uniform_time_spread_among_preregistered_eligible_anchors,False,False,False,False
r8-boundary-safe-robothead-confirmation-20260807,DOA-R8-BOUNDARY-SAFE-ROBOTHEAD-CONFIRM-20260807,boundary_safe_robothead_confirmation,independent_confirmation_after_eigenmike_mechanism_discovery,task1,<LOCATA_EVAL_ROOT>\task1\recording12,recording12,708,1485361397.394,0,0.75,1.0,0.0,True,True,17,uniform_time_spread_among_preregistered_eligible_anchors,False,False,False,False
r8-boundary-safe-robothead-confirmation-20260807,DOA-R8-BOUNDARY-SAFE-ROBOTHEAD-CONFIRM-20260807,boundary_safe_robothead_confirmation,independent_confirmation_after_eigenmike_mechanism_discovery,task1,<LOCATA_EVAL_ROOT>\task1\recording12,recording12,735,1485361397.619,0,0.75,1.0,0.0,True,True,18,uniform_time_spread_among_preregistered_eligible_anchors,False,False,False,False
r8-boundary-safe-robothead-confirmation-20260807,DOA-R8-BOUNDARY-SAFE-ROBOTHEAD-CONFIRM-20260807,boundary_safe_robothead_confirmation,independent_confirmation_after_eigenmike_mechanism_discovery,task1,<LOCATA_EVAL_ROOT>\task1\recording12,recording12,762,1485361397.844,0,0.75,1.0,0.0,True,True,19,uniform_time_spread_among_preregistered_eligible_anchors,False,False,False,False
r8-boundary-safe-robothead-confirmation-20260807,DOA-R8-BOUNDARY-SAFE-ROBOTHEAD-CONFIRM-20260807,boundary_safe_robothead_confirmation,independent_confirmation_after_eigenmike_mechanism_discovery,task1,<LOCATA_EVAL_ROOT>\task1\recording13,recording13,164,1485361436.837,0,0.10174717368961975,0.13566289825282632,0.0,False,False,0,uniform_time_spread_among_preregistered_eligible_anchors,False,False,False,False
r8-boundary-safe-robothead-confirmation-20260807,DOA-R8-BOUNDARY-SAFE-ROBOTHEAD-CONFIRM-20260807,boundary_safe_robothead_confirmation,independent_confirmation_after_eigenmike_mechanism_discovery,task1,<LOCATA_EVAL_ROOT>\task1\recording13,recording13,190,1485361437.054,0,0.31874114607927556,0.42498819477236743,0.0,False,False,1,uniform_time_spread_among_preregistered_eligible_anchors,False,False,False,False
r8-boundary-safe-robothead-confirmation-20260807,DOA-R8-BOUNDARY-SAFE-ROBOTHEAD-CONFIRM-20260807,boundary_safe_robothead_confirmation,independent_confirmation_after_eigenmike_mechanism_discovery,task1,<LOCATA_EVAL_ROOT>\task1\recording13,recording13,216,1485361437.27,0,0.5347351462459377,0.7129801949945835,0.0,True,False,2,uniform_time_spread_among_preregistered_eligible_anchors,False,False,False,False
r8-boundary-safe-robothead-confirmation-20260807,DOA-R8-BOUNDARY-SAFE-ROBOTHEAD-CONFIRM-20260807,boundary_safe_robothead_confirmation,independent_confirmation_after_eigenmike_mechanism_discovery,task1,<LOCATA_EVAL_ROOT>\task1\recording13,recording13,242,1485361437.487,0,0.75,1.0,0.0,True,True,3,uniform_time_spread_among_preregistered_eligible_anchors,False,False,False,False
r8-boundary-safe-robothead-confirmation-20260807,DOA-R8-BOUNDARY-SAFE-ROBOTHEAD-CONFIRM-20260807,boundary_safe_robothead_confirmation,independent_confirmation_after_eigenmike_mechanism_discovery,task1,<LOCATA_EVAL_ROOT>\task1\recording13,recording13,267,1485361437.695,0,0.75,1.0,0.0,True,True,4,uniform_time_spread_among_preregistered_eligible_anchors,False,False,False,False
r8-boundary-safe-robothead-confirmation-20260807,DOA-R8-BOUNDARY-SAFE-ROBOTHEAD-CONFIRM-20260807,boundary_safe_robothead_confirmation,independent_confirmation_after_eigenmike_mechanism_discovery,task1,<LOCATA_EVAL_ROOT>\task1\recording13,recording13,293,1485361437.912,0,0.75,1.0,0.0,True,True,5,uniform_time_spread_among_preregistered_eligible_anchors,False,False,False,False
r8-boundary-safe-robothead-confirmation-20260807,DOA-R8-BOUNDARY-SAFE-ROBOTHEAD-CONFIRM-20260807,boundary_safe_robothead_confirmation,independent_confirmation_after_eigenmike_mechanism_discovery,task1,<LOCATA_EVAL_ROOT>\task1\recording13,recording13,319,1485361438.129,0,0.75,1.0,0.0,True,True,6,uniform_time_spread_among_preregistered_eligible_anchors,False,False,False,False
r8-boundary-safe-robothead-confirmation-20260807,DOA-R8-BOUNDARY-SAFE-ROBOTHEAD-CONFIRM-20260807,boundary_safe_robothead_confirmation,independent_confirmation_after_eigenmike_mechanism_discovery,task1,<LOCATA_EVAL_ROOT>\task1\recording13,recording13,345,1485361438.345,0,0.75,1.0,0.0,True,True,7,uniform_time_spread_among_preregistered_eligible_anchors,False,False,False,False
r8-boundary-safe-robothead-confirmation-20260807,DOA-R8-BOUNDARY-SAFE-ROBOTHEAD-CONFIRM-20260807,boundary_safe_robothead_confirmation,independent_confirmation_after_eigenmike_mechanism_discovery,task1,<LOCATA_EVAL_ROOT>\task1\recording13,recording13,371,1485361438.562,0,0.75,1.0,0.0,True,True,8,uniform_time_spread_among_preregistered_eligible_anchors,False,False,False,False
r8-boundary-safe-robothead-confirmation-20260807,DOA-R8-BOUNDARY-SAFE-ROBOTHEAD-CONFIRM-20260807,boundary_safe_robothead_confirmation,independent_confirmation_after_eigenmike_mechanism_discovery,task1,<LOCATA_EVAL_ROOT>\task1\recording13,recording13,397,1485361438.779,0,0.75,1.0,0.0,True,True,9,uniform_time_spread_among_preregistered_eligible_anchors,False,False,False,False
r8-boundary-safe-robothead-confirmation-20260807,DOA-R8-BOUNDARY-SAFE-ROBOTHEAD-CONFIRM-20260807,boundary_safe_robothead_confirmation,independent_confirmation_after_eigenmike_mechanism_discovery,task1,<LOCATA_EVAL_ROOT>\task1\recording13,recording13,422,1485361438.987,0,0.75,1.0,0.0,True,True,10,uniform_time_spread_among_preregistered_eligible_anchors,False,False,False,False
r8-boundary-safe-robothead-confirmation-20260807,DOA-R8-BOUNDARY-SAFE-ROBOTHEAD-CONFIRM-20260807,boundary_safe_robothead_confirmation,independent_confirmation_after_eigenmike_mechanism_discovery,task1,<LOCATA_EVAL_ROOT>\task1\recording13,recording13,448,1485361439.204,0,0.75,1.0,0.0,True,True,11,uniform_time_spread_among_preregistered_eligible_anchors,False,False,False,False
r8-boundary-safe-robothead-confirmation-20260807,DOA-R8-BOUNDARY-SAFE-ROBOTHEAD-CONFIRM-20260807,boundary_safe_robothead_confirmation,independent_confirmation_after_eigenmike_mechanism_discovery,task1,<LOCATA_EVAL_ROOT>\task1\recording13,recording13,849,1485361442.545,0,0.29482514374600705,0.39310019166134275,0.0,False,False,12,uniform_time_spread_among_preregistered_eligible_anchors,False,False,False,False
r8-boundary-safe-robothead-confirmation-20260807,DOA-R8-BOUNDARY-SAFE-ROBOTHEAD-CONFIRM-20260807,boundary_safe_robothead_confirmation,independent_confirmation_after_eigenmike_mechanism_discovery,task1,<LOCATA_EVAL_ROOT>\task1\recording13,recording13,875,1485361442.762,0,0.5118191161356629,0.6824254881808839,0.0,True,False,13,uniform_time_spread_among_preregistered_eligible_anchors,False,False,False,False
r8-boundary-safe-robothead-confirmation-20260807,DOA-R8-BOUNDARY-SAFE-ROBOTHEAD-CONFIRM-20260807,boundary_safe_robothead_confirmation,independent_confirmation_after_eigenmike_mechanism_discovery,task1,<LOCATA_EVAL_ROOT>\task1\recording13,recording13,901,1485361442.979,0,0.7288130885253188,0.971750784700425,0.0,True,True,14,uniform_time_spread_among_preregistered_eligible_anchors,False,False,False,False
r8-boundary-safe-robothead-confirmation-20260807,DOA-R8-BOUNDARY-SAFE-ROBOTHEAD-CONFIRM-20260807,boundary_safe_robothead_confirmation,independent_confirmation_after_eigenmike_mechanism_discovery,task1,<LOCATA_EVAL_ROOT>\task1\recording13,recording13,927,1485361443.195,0,0.75,1.0,0.0,True,True,15,uniform_time_spread_among_preregistered_eligible_anchors,False,False,False,False
r8-boundary-safe-robothead-confirmation-20260807,DOA-R8-BOUNDARY-SAFE-ROBOTHEAD-CONFIRM-20260807,boundary_safe_robothead_confirmation,independent_confirmation_after_eigenmike_mechanism_discovery,task1,<LOCATA_EVAL_ROOT>\task1\recording13,recording13,952,1485361443.404,0,0.75,1.0,0.0,True,True,16,uniform_time_spread_among_preregistered_eligible_anchors,False,False,False,False
r8-boundary-safe-robothead-confirmation-20260807,DOA-R8-BOUNDARY-SAFE-ROBOTHEAD-CONFIRM-20260807,boundary_safe_robothead_confirmation,independent_confirmation_after_eigenmike_mechanism_discovery,task1,<LOCATA_EVAL_ROOT>\task1\recording13,recording13,978,1485361443.62,0,0.75,1.0,0.0,True,True,17,uniform_time_spread_among_preregistered_eligible_anchors,False,False,False,False
r8-boundary-safe-robothead-confirmation-20260807,DOA-R8-BOUNDARY-SAFE-ROBOTHEAD-CONFIRM-20260807,boundary_safe_robothead_confirmation,independent_confirmation_after_eigenmike_mechanism_discovery,task1,<LOCATA_EVAL_ROOT>\task1\recording13,recording13,1004,1485361443.837,0,0.75,1.0,0.0,True,True,18,uniform_time_spread_among_preregistered_eligible_anchors,False,False,False,False
r8-boundary-safe-robothead-confirmation-20260807,DOA-R8-BOUNDARY-SAFE-ROBOTHEAD-CONFIRM-20260807,boundary_safe_robothead_confirmation,independent_confirmation_after_eigenmike_mechanism_discovery,task1,<LOCATA_EVAL_ROOT>\task1\recording13,recording13,1030,1485361444.054,0,0.75,1.0,0.0,True,True,19,uniform_time_spread_among_preregistered_eligible_anchors,False,False,False,False
r8-boundary-safe-robothead-confirmation-20260807,DOA-R8-BOUNDARY-SAFE-ROBOTHEAD-CONFIRM-20260807,boundary_safe_robothead_confirmation,independent_confirmation_after_eigenmike_mechanism_discovery,task1,<LOCATA_EVAL_ROOT>\task1\recording2,recording2,117,1485359698.747,0,0.10033054637371183,0.13377406183161578,0.0,False,False,0,uniform_time_spread_among_preregistered_eligible_anchors,False,False,False,False
r8-boundary-safe-robothead-confirmation-20260807,DOA-R8-BOUNDARY-SAFE-ROBOTHEAD-CONFIRM-20260807,boundary_safe_robothead_confirmation,independent_confirmation_after_eigenmike_mechanism_discovery,task1,<LOCATA_EVAL_ROOT>\task1\recording2,recording2,140,1485359698.939,0,0.29232521318852256,0.38976695091803004,0.0,False,False,1,uniform_time_spread_among_preregistered_eligible_anchors,False,False,False,False
r8-boundary-safe-robothead-confirmation-20260807,DOA-R8-BOUNDARY-SAFE-ROBOTHEAD-CONFIRM-20260807,boundary_safe_robothead_confirmation,independent_confirmation_after_eigenmike_mechanism_discovery,task1,<LOCATA_EVAL_ROOT>\task1\recording2,recording2,163,1485359699.13,0,0.48331990778033945,0.6444265437071193,0.0,True,False,2,uniform_time_spread_among_preregistered_eligible_anchors,False,False,False,False
r8-boundary-safe-robothead-confirmation-20260807,DOA-R8-BOUNDARY-SAFE-ROBOTHEAD-CONFIRM-20260807,boundary_safe_robothead_confirmation,independent_confirmation_after_eigenmike_mechanism_discovery,task1,<LOCATA_EVAL_ROOT>\task1\recording2,recording2,186,1485359699.322,0,0.6753145745951501,0.9004194327935335,0.0,True,True,3,uniform_time_spread_among_preregistered_eligible_anchors,False,False,False,False
r8-boundary-safe-robothead-confirmation-20260807,DOA-R8-BOUNDARY-SAFE-ROBOTHEAD-CONFIRM-20260807,boundary_safe_robothead_confirmation,independent_confirmation_after_eigenmike_mechanism_discovery,task1,<LOCATA_EVAL_ROOT>\task1\recording2,recording2,209,1485359699.514,0,0.75,1.0,0.0,True,True,4,uniform_time_spread_among_preregistered_eligible_anchors,False,False,False,False
r8-boundary-safe-robothead-confirmation-20260807,DOA-R8-BOUNDARY-SAFE-ROBOTHEAD-CONFIRM-20260807,boundary_safe_robothead_confirmation,independent_confirmation_after_eigenmike_mechanism_discovery,task1,<LOCATA_EVAL_ROOT>\task1\recording2,recording2,232,1485359699.705,0,0.75,1.0,0.0,True,True,5,uniform_time_spread_among_preregistered_eligible_anchors,False,False,False,False
r8-boundary-safe-robothead-confirmation-20260807,DOA-R8-BOUNDARY-SAFE-ROBOTHEAD-CONFIRM-20260807,boundary_safe_robothead_confirmation,independent_confirmation_after_eigenmike_mechanism_discovery,task1,<LOCATA_EVAL_ROOT>\task1\recording2,recording2,255,1485359699.897,0,0.75,1.0,0.0,True,True,6,uniform_time_spread_among_preregistered_eligible_anchors,False,False,False,False
r8-boundary-safe-robothead-confirmation-20260807,DOA-R8-BOUNDARY-SAFE-ROBOTHEAD-CONFIRM-20260807,boundary_safe_robothead_confirmation,independent_confirmation_after_eigenmike_mechanism_discovery,task1,<LOCATA_EVAL_ROOT>\task1\recording2,recording2,278,1485359700.089,0,0.75,1.0,0.0,True,True,7,uniform_time_spread_among_preregistered_eligible_anchors,False,False,False,False
r8-boundary-safe-robothead-confirmation-20260807,DOA-R8-BOUNDARY-SAFE-ROBOTHEAD-CONFIRM-20260807,boundary_safe_robothead_confirmation,independent_confirmation_after_eigenmike_mechanism_discovery,task1,<LOCATA_EVAL_ROOT>\task1\recording2,recording2,301,1485359700.28,0,0.75,1.0,0.0,True,True,8,uniform_time_spread_among_preregistered_eligible_anchors,False,False,False,False
r8-boundary-safe-robothead-confirmation-20260807,DOA-R8-BOUNDARY-SAFE-ROBOTHEAD-CONFIRM-20260807,boundary_safe_robothead_confirmation,independent_confirmation_after_eigenmike_mechanism_discovery,task1,<LOCATA_EVAL_ROOT>\task1\recording2,recording2,379,1485359700.93,0,0.2882419932779645,0.3843226577039527,0.0,False,False,9,uniform_time_spread_among_preregistered_eligible_anchors,False,False,False,False
r8-boundary-safe-robothead-confirmation-20260807,DOA-R8-BOUNDARY-SAFE-ROBOTHEAD-CONFIRM-20260807,boundary_safe_robothead_confirmation,independent_confirmation_after_eigenmike_mechanism_discovery,task1,<LOCATA_EVAL_ROOT>\task1\recording2,recording2,401,1485359701.114,0,0.2882419932779645,0.3843226577039527,0.0,False,False,10,uniform_time_spread_among_preregistered_eligible_anchors,False,False,False,False
r8-boundary-safe-robothead-confirmation-20260807,DOA-R8-BOUNDARY-SAFE-ROBOTHEAD-CONFIRM-20260807,boundary_safe_robothead_confirmation,independent_confirmation_after_eigenmike_mechanism_discovery,task1,<LOCATA_EVAL_ROOT>\task1\recording2,recording2,424,1485359701.305,0,0.466091219688342,0.621454959584456,0.0,True,False,11,uniform_time_spread_among_preregistered_eligible_anchors,False,False,False,False
r8-boundary-safe-robothead-confirmation-20260807,DOA-R8-BOUNDARY-SAFE-ROBOTHEAD-CONFIRM-20260807,boundary_safe_robothead_confirmation,independent_confirmation_after_eigenmike_mechanism_discovery,task1,<LOCATA_EVAL_ROOT>\task1\recording2,recording2,447,1485359701.497,0,0.6580858865031527,0.8774478486708702,0.0,True,True,12,uniform_time_spread_among_preregistered_eligible_anchors,False,False,False,False
r8-boundary-safe-robothead-confirmation-20260807,DOA-R8-BOUNDARY-SAFE-ROBOTHEAD-CONFIRM-20260807,boundary_safe_robothead_confirmation,independent_confirmation_after_eigenmike_mechanism_discovery,task1,<LOCATA_EVAL_ROOT>\task1\recording2,recording2,470,1485359701.689,0,0.75,1.0,0.0,True,True,13,uniform_time_spread_among_preregistered_eligible_anchors,False,False,False,False
r8-boundary-safe-robothead-confirmation-20260807,DOA-R8-BOUNDARY-SAFE-ROBOTHEAD-CONFIRM-20260807,boundary_safe_robothead_confirmation,independent_confirmation_after_eigenmike_mechanism_discovery,task1,<LOCATA_EVAL_ROOT>\task1\recording2,recording2,493,1485359701.88,0,0.75,1.0,0.0,True,True,14,uniform_time_spread_among_preregistered_eligible_anchors,False,False,False,False
r8-boundary-safe-robothead-confirmation-20260807,DOA-R8-BOUNDARY-SAFE-ROBOTHEAD-CONFIRM-20260807,boundary_safe_robothead_confirmation,independent_confirmation_after_eigenmike_mechanism_discovery,task1,<LOCATA_EVAL_ROOT>\task1\recording2,recording2,516,1485359702.072,0,0.75,1.0,0.0,True,True,15,uniform_time_spread_among_preregistered_eligible_anchors,False,False,False,False
r8-boundary-safe-robothead-confirmation-20260807,DOA-R8-BOUNDARY-SAFE-ROBOTHEAD-CONFIRM-20260807,boundary_safe_robothead_confirmation,independent_confirmation_after_eigenmike_mechanism_discovery,task1,<LOCATA_EVAL_ROOT>\task1\recording2,recording2,539,1485359702.264,0,0.75,1.0,0.0,True,True,16,uniform_time_spread_among_preregistered_eligible_anchors,False,False,False,False
r8-boundary-safe-robothead-confirmation-20260807,DOA-R8-BOUNDARY-SAFE-ROBOTHEAD-CONFIRM-20260807,boundary_safe_robothead_confirmation,independent_confirmation_after_eigenmike_mechanism_discovery,task1,<LOCATA_EVAL_ROOT>\task1\recording2,recording2,562,1485359702.455,0,0.75,1.0,0.0,True,True,17,uniform_time_spread_among_preregistered_eligible_anchors,False,False,False,False
r8-boundary-safe-robothead-confirmation-20260807,DOA-R8-BOUNDARY-SAFE-ROBOTHEAD-CONFIRM-20260807,boundary_safe_robothead_confirmation,independent_confirmation_after_eigenmike_mechanism_discovery,task1,<LOCATA_EVAL_ROOT>\task1\recording2,recording2,585,1485359702.647,0,0.75,1.0,0.0,True,True,18,uniform_time_spread_among_preregistered_eligible_anchors,False,False,False,False
r8-boundary-safe-robothead-confirmation-20260807,DOA-R8-BOUNDARY-SAFE-ROBOTHEAD-CONFIRM-20260807,boundary_safe_robothead_confirmation,independent_confirmation_after_eigenmike_mechanism_discovery,task1,<LOCATA_EVAL_ROOT>\task1\recording2,recording2,608,1485359702.839,0,0.75,1.0,0.0,True,True,19,uniform_time_spread_among_preregistered_eligible_anchors,False,False,False,False
r8-boundary-safe-robothead-confirmation-20260807,DOA-R8-BOUNDARY-SAFE-ROBOTHEAD-CONFIRM-20260807,boundary_safe_robothead_confirmation,independent_confirmation_after_eigenmike_mechanism_discovery,task1,<LOCATA_EVAL_ROOT>\task1\recording3,recording3,126,1485359731.203,0,0.10703869336962862,0.1427182578261715,0.0,False,False,0,uniform_time_spread_among_preregistered_eligible_anchors,False,False,False,False
r8-boundary-safe-robothead-confirmation-20260807,DOA-R8-BOUNDARY-SAFE-ROBOTHEAD-CONFIRM-20260807,boundary_safe_robothead_confirmation,independent_confirmation_after_eigenmike_mechanism_discovery,task1,<LOCATA_EVAL_ROOT>\task1\recording3,recording3,154,1485359731.436,0,0.34003222132718536,0.45337629510291383,0.0,False,False,1,uniform_time_spread_among_preregistered_eligible_anchors,False,False,False,False
r8-boundary-safe-robothead-confirmation-20260807,DOA-R8-BOUNDARY-SAFE-ROBOTHEAD-CONFIRM-20260807,boundary_safe_robothead_confirmation,independent_confirmation_after_eigenmike_mechanism_discovery,task1,<LOCATA_EVAL_ROOT>\task1\recording3,recording3,182,1485359731.669,0,0.5730257492847421,0.7640343323796561,0.0,True,False,2,uniform_time_spread_among_preregistered_eligible_anchors,False,False,False,False
r8-boundary-safe-robothead-confirmation-20260807,DOA-R8-BOUNDARY-SAFE-ROBOTHEAD-CONFIRM-20260807,boundary_safe_robothead_confirmation,independent_confirmation_after_eigenmike_mechanism_discovery,task1,<LOCATA_EVAL_ROOT>\task1\recording3,recording3,210,1485359731.903,0,0.75,1.0,0.0,True,True,3,uniform_time_spread_among_preregistered_eligible_anchors,False,False,False,False
r8-boundary-safe-robothead-confirmation-20260807,DOA-R8-BOUNDARY-SAFE-ROBOTHEAD-CONFIRM-20260807,boundary_safe_robothead_confirmation,independent_confirmation_after_eigenmike_mechanism_discovery,task1,<LOCATA_EVAL_ROOT>\task1\recording3,recording3,238,1485359732.136,0,0.75,1.0,0.0,True,True,4,uniform_time_spread_among_preregistered_eligible_anchors,False,False,False,False
r8-boundary-safe-robothead-confirmation-20260807,DOA-R8-BOUNDARY-SAFE-ROBOTHEAD-CONFIRM-20260807,boundary_safe_robothead_confirmation,independent_confirmation_after_eigenmike_mechanism_discovery,task1,<LOCATA_EVAL_ROOT>\task1\recording3,recording3,266,1485359732.369,0,0.75,1.0,0.0,True,True,5,uniform_time_spread_among_preregistered_eligible_anchors,False,False,False,False
r8-boundary-safe-robothead-confirmation-20260807,DOA-R8-BOUNDARY-SAFE-ROBOTHEAD-CONFIRM-20260807,boundary_safe_robothead_confirmation,independent_confirmation_after_eigenmike_mechanism_discovery,task1,<LOCATA_EVAL_ROOT>\task1\recording3,recording3,294,1485359732.603,0,0.75,1.0,0.0,True,True,6,uniform_time_spread_among_preregistered_eligible_anchors,False,False,False,False
r8-boundary-safe-robothead-confirmation-20260807,DOA-R8-BOUNDARY-SAFE-ROBOTHEAD-CONFIRM-20260807,boundary_safe_robothead_confirmation,independent_confirmation_after_eigenmike_mechanism_discovery,task1,<LOCATA_EVAL_ROOT>\task1\recording3,recording3,322,1485359732.836,0,0.75,1.0,0.0,True,True,7,uniform_time_spread_among_preregistered_eligible_anchors,False,False,False,False
r8-boundary-safe-robothead-confirmation-20260807,DOA-R8-BOUNDARY-SAFE-ROBOTHEAD-CONFIRM-20260807,boundary_safe_robothead_confirmation,independent_confirmation_after_eigenmike_mechanism_discovery,task1,<LOCATA_EVAL_ROOT>\task1\recording3,recording3,448,1485359733.886,0,0.19439043359906671,0.2591872447987556,0.0,False,False,8,uniform_time_spread_among_preregistered_eligible_anchors,False,False,False,False
r8-boundary-safe-robothead-confirmation-20260807,DOA-R8-BOUNDARY-SAFE-ROBOTHEAD-CONFIRM-20260807,boundary_safe_robothead_confirmation,independent_confirmation_after_eigenmike_mechanism_discovery,task1,<LOCATA_EVAL_ROOT>\task1\recording3,recording3,476,1485359734.119,0,0.4273839615566234,0.5698452820754979,0.0,True,False,9,uniform_time_spread_among_preregistered_eligible_anchors,False,False,False,False
r8-boundary-safe-robothead-confirmation-20260807,DOA-R8-BOUNDARY-SAFE-ROBOTHEAD-CONFIRM-20260807,boundary_safe_robothead_confirmation,independent_confirmation_after_eigenmike_mechanism_discovery,task1,<LOCATA_EVAL_ROOT>\task1\recording3,recording3,505,1485359734.361,0,0.6693772395211244,0.8925029860281659,0.0,True,True,10,uniform_time_spread_among_preregistered_eligible_anchors,False,False,False,False
r8-boundary-safe-robothead-confirmation-20260807,DOA-R8-BOUNDARY-SAFE-ROBOTHEAD-CONFIRM-20260807,boundary_safe_robothead_confirmation,independent_confirmation_after_eigenmike_mechanism_discovery,task1,<LOCATA_EVAL_ROOT>\task1\recording3,recording3,533,1485359734.594,0,0.75,1.0,0.0,True,True,11,uniform_time_spread_among_preregistered_eligible_anchors,False,False,False,False
r8-boundary-safe-robothead-confirmation-20260807,DOA-R8-BOUNDARY-SAFE-ROBOTHEAD-CONFIRM-20260807,boundary_safe_robothead_confirmation,independent_confirmation_after_eigenmike_mechanism_discovery,task1,<LOCATA_EVAL_ROOT>\task1\recording3,recording3,561,1485359734.828,0,0.75,1.0,0.0,True,True,12,uniform_time_spread_among_preregistered_eligible_anchors,False,False,False,False
r8-boundary-safe-robothead-confirmation-20260807,DOA-R8-BOUNDARY-SAFE-ROBOTHEAD-CONFIRM-20260807,boundary_safe_robothead_confirmation,independent_confirmation_after_eigenmike_mechanism_discovery,task1,<LOCATA_EVAL_ROOT>\task1\recording3,recording3,589,1485359735.061,0,0.75,1.0,0.0,True,True,13,uniform_time_spread_among_preregistered_eligible_anchors,False,False,False,False
r8-boundary-safe-robothead-confirmation-20260807,DOA-R8-BOUNDARY-SAFE-ROBOTHEAD-CONFIRM-20260807,boundary_safe_robothead_confirmation,independent_confirmation_after_eigenmike_mechanism_discovery,task1,<LOCATA_EVAL_ROOT>\task1\recording3,recording3,617,1485359735.294,0,0.75,1.0,0.0,True,True,14,uniform_time_spread_among_preregistered_eligible_anchors,False,False,False,False
r8-boundary-safe-robothead-confirmation-20260807,DOA-R8-BOUNDARY-SAFE-ROBOTHEAD-CONFIRM-20260807,boundary_safe_robothead_confirmation,independent_confirmation_after_eigenmike_mechanism_discovery,task1,<LOCATA_EVAL_ROOT>\task1\recording3,recording3,645,1485359735.528,0,0.75,1.0,0.0,True,True,15,uniform_time_spread_among_preregistered_eligible_anchors,False,False,False,False
r8-boundary-safe-robothead-confirmation-20260807,DOA-R8-BOUNDARY-SAFE-ROBOTHEAD-CONFIRM-20260807,boundary_safe_robothead_confirmation,independent_confirmation_after_eigenmike_mechanism_discovery,task1,<LOCATA_EVAL_ROOT>\task1\recording3,recording3,673,1485359735.761,0,0.75,1.0,0.0,True,True,16,uniform_time_spread_among_preregistered_eligible_anchors,False,False,False,False
r8-boundary-safe-robothead-confirmation-20260807,DOA-R8-BOUNDARY-SAFE-ROBOTHEAD-CONFIRM-20260807,boundary_safe_robothead_confirmation,independent_confirmation_after_eigenmike_mechanism_discovery,task1,<LOCATA_EVAL_ROOT>\task1\recording3,recording3,701,1485359735.994,0,0.75,1.0,0.0,True,True,17,uniform_time_spread_among_preregistered_eligible_anchors,False,False,False,False
r8-boundary-safe-robothead-confirmation-20260807,DOA-R8-BOUNDARY-SAFE-ROBOTHEAD-CONFIRM-20260807,boundary_safe_robothead_confirmation,independent_confirmation_after_eigenmike_mechanism_discovery,task1,<LOCATA_EVAL_ROOT>\task1\recording3,recording3,729,1485359736.228,0,0.75,1.0,0.0,True,True,18,uniform_time_spread_among_preregistered_eligible_anchors,False,False,False,False
r8-boundary-safe-robothead-confirmation-20260807,DOA-R8-BOUNDARY-SAFE-ROBOTHEAD-CONFIRM-20260807,boundary_safe_robothead_confirmation,independent_confirmation_after_eigenmike_mechanism_discovery,task1,<LOCATA_EVAL_ROOT>\task1\recording3,recording3,757,1485359736.461,0,0.75,1.0,0.0,True,True,19,uniform_time_spread_among_preregistered_eligible_anchors,False,False,False,False
r8-boundary-safe-robothead-confirmation-20260807,DOA-R8-BOUNDARY-SAFE-ROBOTHEAD-CONFIRM-20260807,boundary_safe_robothead_confirmation,independent_confirmation_after_eigenmike_mechanism_discovery,task1,<LOCATA_EVAL_ROOT>\task1\recording4,recording4,106,1485359815.362,0,0.10428876975639566,0.13905169300852754,0.0,False,False,0,uniform_time_spread_among_preregistered_eligible_anchors,False,False,False,False
r8-boundary-safe-robothead-confirmation-20260807,DOA-R8-BOUNDARY-SAFE-ROBOTHEAD-CONFIRM-20260807,boundary_safe_robothead_confirmation,independent_confirmation_after_eigenmike_mechanism_discovery,task1,<LOCATA_EVAL_ROOT>\task1\recording4,recording4,135,1485359815.604,0,0.34628204772089666,0.4617093969611955,0.0,False,False,1,uniform_time_spread_among_preregistered_eligible_anchors,False,False,False,False
r8-boundary-safe-robothead-confirmation-20260807,DOA-R8-BOUNDARY-SAFE-ROBOTHEAD-CONFIRM-20260807,boundary_safe_robothead_confirmation,independent_confirmation_after_eigenmike_mechanism_discovery,task1,<LOCATA_EVAL_ROOT>\task1\recording4,recording4,165,1485359815.854,0,0.5962751034693481,0.795033471292464,0.0,True,False,2,uniform_time_spread_among_preregistered_eligible_anchors,False,False,False,False
r8-boundary-safe-robothead-confirmation-20260807,DOA-R8-BOUNDARY-SAFE-ROBOTHEAD-CONFIRM-20260807,boundary_safe_robothead_confirmation,independent_confirmation_after_eigenmike_mechanism_discovery,task1,<LOCATA_EVAL_ROOT>\task1\recording4,recording4,194,1485359816.096,0,0.75,1.0,0.0,True,True,3,uniform_time_spread_among_preregistered_eligible_anchors,False,False,False,False
r8-boundary-safe-robothead-confirmation-20260807,DOA-R8-BOUNDARY-SAFE-ROBOTHEAD-CONFIRM-20260807,boundary_safe_robothead_confirmation,independent_confirmation_after_eigenmike_mechanism_discovery,task1,<LOCATA_EVAL_ROOT>\task1\recording4,recording4,223,1485359816.337,0,0.75,1.0,0.0,True,True,4,uniform_time_spread_among_preregistered_eligible_anchors,False,False,False,False
r8-boundary-safe-robothead-confirmation-20260807,DOA-R8-BOUNDARY-SAFE-ROBOTHEAD-CONFIRM-20260807,boundary_safe_robothead_confirmation,independent_confirmation_after_eigenmike_mechanism_discovery,task1,<LOCATA_EVAL_ROOT>\task1\recording4,recording4,253,1485359816.587,0,0.75,1.0,0.0,True,True,5,uniform_time_spread_among_preregistered_eligible_anchors,False,False,False,False
r8-boundary-safe-robothead-confirmation-20260807,DOA-R8-BOUNDARY-SAFE-ROBOTHEAD-CONFIRM-20260807,boundary_safe_robothead_confirmation,independent_confirmation_after_eigenmike_mechanism_discovery,task1,<LOCATA_EVAL_ROOT>\task1\recording4,recording4,282,1485359816.829,0,0.75,1.0,0.0,True,True,6,uniform_time_spread_among_preregistered_eligible_anchors,False,False,False,False
r8-boundary-safe-robothead-confirmation-20260807,DOA-R8-BOUNDARY-SAFE-ROBOTHEAD-CONFIRM-20260807,boundary_safe_robothead_confirmation,independent_confirmation_after_eigenmike_mechanism_discovery,task1,<LOCATA_EVAL_ROOT>\task1\recording4,recording4,442,1485359818.162,0,0.3061789950279159,0.4082386600372212,0.0,False,False,7,uniform_time_spread_among_preregistered_eligible_anchors,False,False,False,False
r8-boundary-safe-robothead-confirmation-20260807,DOA-R8-BOUNDARY-SAFE-ROBOTHEAD-CONFIRM-20260807,boundary_safe_robothead_confirmation,independent_confirmation_after_eigenmike_mechanism_discovery,task1,<LOCATA_EVAL_ROOT>\task1\recording4,recording4,471,1485359818.404,0,0.5481722729924169,0.7308963639898892,0.0,True,False,8,uniform_time_spread_among_preregistered_eligible_anchors,False,False,False,False
r8-boundary-safe-robothead-confirmation-20260807,DOA-R8-BOUNDARY-SAFE-ROBOTHEAD-CONFIRM-20260807,boundary_safe_robothead_confirmation,independent_confirmation_after_eigenmike_mechanism_discovery,task1,<LOCATA_EVAL_ROOT>\task1\recording4,recording4,500,1485359818.646,0,0.75,1.0,0.0,True,True,9,uniform_time_spread_among_preregistered_eligible_anchors,False,False,False,False
r8-boundary-safe-robothead-confirmation-20260807,DOA-R8-BOUNDARY-SAFE-ROBOTHEAD-CONFIRM-20260807,boundary_safe_robothead_confirmation,independent_confirmation_after_eigenmike_mechanism_discovery,task1,<LOCATA_EVAL_ROOT>\task1\recording4,recording4,530,1485359818.896,0,0.75,1.0,0.0,True,True,10,uniform_time_spread_among_preregistered_eligible_anchors,False,False,False,False
r8-boundary-safe-robothead-confirmation-20260807,DOA-R8-BOUNDARY-SAFE-ROBOTHEAD-CONFIRM-20260807,boundary_safe_robothead_confirmation,independent_confirmation_after_eigenmike_mechanism_discovery,task1,<LOCATA_EVAL_ROOT>\task1\recording4,recording4,684,1485359820.179,0,0.23757673397961165,0.3167689786394822,0.0,False,False,11,uniform_time_spread_among_preregistered_eligible_anchors,False,False,False,False
r8-boundary-safe-robothead-confirmation-20260807,DOA-R8-BOUNDARY-SAFE-ROBOTHEAD-CONFIRM-20260807,boundary_safe_robothead_confirmation,independent_confirmation_after_eigenmike_mechanism_discovery,task1,<LOCATA_EVAL_ROOT>\task1\recording4,recording4,713,1485359820.421,0,0.47957001194411264,0.6394266825921502,0.0,True,False,12,uniform_time_spread_among_preregistered_eligible_anchors,False,False,False,False
r8-boundary-safe-robothead-confirmation-20260807,DOA-R8-BOUNDARY-SAFE-ROBOTHEAD-CONFIRM-20260807,boundary_safe_robothead_confirmation,independent_confirmation_after_eigenmike_mechanism_discovery,task1,<LOCATA_EVAL_ROOT>\task1\recording4,recording4,743,1485359820.671,0,0.7295630676925642,0.9727507569234188,0.0,True,True,13,uniform_time_spread_among_preregistered_eligible_anchors,False,False,False,False
r8-boundary-safe-robothead-confirmation-20260807,DOA-R8-BOUNDARY-SAFE-ROBOTHEAD-CONFIRM-20260807,boundary_safe_robothead_confirmation,independent_confirmation_after_eigenmike_mechanism_discovery,task1,<LOCATA_EVAL_ROOT>\task1\recording4,recording4,772,1485359820.912,0,0.75,1.0,0.0,True,True,14,uniform_time_spread_among_preregistered_eligible_anchors,False,False,False,False
r8-boundary-safe-robothead-confirmation-20260807,DOA-R8-BOUNDARY-SAFE-ROBOTHEAD-CONFIRM-20260807,boundary_safe_robothead_confirmation,independent_confirmation_after_eigenmike_mechanism_discovery,task1,<LOCATA_EVAL_ROOT>\task1\recording4,recording4,802,1485359821.162,0,0.75,1.0,0.0,True,True,15,uniform_time_spread_among_preregistered_eligible_anchors,False,False,False,False
r8-boundary-safe-robothead-confirmation-20260807,DOA-R8-BOUNDARY-SAFE-ROBOTHEAD-CONFIRM-20260807,boundary_safe_robothead_confirmation,independent_confirmation_after_eigenmike_mechanism_discovery,task1,<LOCATA_EVAL_ROOT>\task1\recording4,recording4,831,1485359821.404,0,0.75,1.0,0.0,True,True,16,uniform_time_spread_among_preregistered_eligible_anchors,False,False,False,False
r8-boundary-safe-robothead-confirmation-20260807,DOA-R8-BOUNDARY-SAFE-ROBOTHEAD-CONFIRM-20260807,boundary_safe_robothead_confirmation,independent_confirmation_after_eigenmike_mechanism_discovery,task1,<LOCATA_EVAL_ROOT>\task1\recording4,recording4,860,1485359821.646,0,0.75,1.0,0.0,True,True,17,uniform_time_spread_among_preregistered_eligible_anchors,False,False,False,False
r8-boundary-safe-robothead-confirmation-20260807,DOA-R8-BOUNDARY-SAFE-ROBOTHEAD-CONFIRM-20260807,boundary_safe_robothead_confirmation,independent_confirmation_after_eigenmike_mechanism_discovery,task1,<LOCATA_EVAL_ROOT>\task1\recording4,recording4,890,1485359821.896,0,0.75,1.0,0.0,True,True,18,uniform_time_spread_among_preregistered_eligible_anchors,False,False,False,False
r8-boundary-safe-robothead-confirmation-20260807,DOA-R8-BOUNDARY-SAFE-ROBOTHEAD-CONFIRM-20260807,boundary_safe_robothead_confirmation,independent_confirmation_after_eigenmike_mechanism_discovery,task1,<LOCATA_EVAL_ROOT>\task1\recording4,recording4,919,1485359822.137,0,0.75,1.0,0.0,True,True,19,uniform_time_spread_among_preregistered_eligible_anchors,False,False,False,False
r8-boundary-safe-robothead-confirmation-20260807,DOA-R8-BOUNDARY-SAFE-ROBOTHEAD-CONFIRM-20260807,boundary_safe_robothead_confirmation,independent_confirmation_after_eigenmike_mechanism_discovery,task1,<LOCATA_EVAL_ROOT>\task1\recording5,recording5,90,1485360035.646,0,0.13401711063581567,0.17868948084775424,0.0,False,False,0,uniform_time_spread_among_preregistered_eligible_anchors,False,False,False,False
r8-boundary-safe-robothead-confirmation-20260807,DOA-R8-BOUNDARY-SAFE-ROBOTHEAD-CONFIRM-20260807,boundary_safe_robothead_confirmation,independent_confirmation_after_eigenmike_mechanism_discovery,task1,<LOCATA_EVAL_ROOT>\task1\recording5,recording5,121,1485360035.904,0,0.39200994416821755,0.5226799255576234,0.0,True,False,1,uniform_time_spread_among_preregistered_eligible_anchors,False,False,False,False
r8-boundary-safe-robothead-confirmation-20260807,DOA-R8-BOUNDARY-SAFE-ROBOTHEAD-CONFIRM-20260807,boundary_safe_robothead_confirmation,independent_confirmation_after_eigenmike_mechanism_discovery,task1,<LOCATA_EVAL_ROOT>\task1\recording5,recording5,152,1485360036.162,0,0.6500027777006194,0.8666703702674926,0.0,True,True,2,uniform_time_spread_among_preregistered_eligible_anchors,False,False,False,False
r8-boundary-safe-robothead-confirmation-20260807,DOA-R8-BOUNDARY-SAFE-ROBOTHEAD-CONFIRM-20260807,boundary_safe_robothead_confirmation,independent_confirmation_after_eigenmike_mechanism_discovery,task1,<LOCATA_EVAL_ROOT>\task1\recording5,recording5,183,1485360036.421,0,0.75,1.0,0.0,True,True,3,uniform_time_spread_among_preregistered_eligible_anchors,False,False,False,False
r8-boundary-safe-robothead-confirmation-20260807,DOA-R8-BOUNDARY-SAFE-ROBOTHEAD-CONFIRM-20260807,boundary_safe_robothead_confirmation,independent_confirmation_after_eigenmike_mechanism_discovery,task1,<LOCATA_EVAL_ROOT>\task1\recording5,recording5,214,1485360036.679,0,0.75,1.0,0.0,True,True,4,uniform_time_spread_among_preregistered_eligible_anchors,False,False,False,False
r8-boundary-safe-robothead-confirmation-20260807,DOA-R8-BOUNDARY-SAFE-ROBOTHEAD-CONFIRM-20260807,boundary_safe_robothead_confirmation,independent_confirmation_after_eigenmike_mechanism_discovery,task1,<LOCATA_EVAL_ROOT>\task1\recording5,recording5,245,1485360036.937,0,0.75,1.0,0.0,True,True,5,uniform_time_spread_among_preregistered_eligible_anchors,False,False,False,False
r8-boundary-safe-robothead-confirmation-20260807,DOA-R8-BOUNDARY-SAFE-ROBOTHEAD-CONFIRM-20260807,boundary_safe_robothead_confirmation,independent_confirmation_after_eigenmike_mechanism_discovery,task1,<LOCATA_EVAL_ROOT>\task1\recording5,recording5,349,1485360037.804,0,0.22818116163439905,0.3042415488458654,0.0,False,False,6,uniform_time_spread_among_preregistered_eligible_anchors,False,False,False,False
r8-boundary-safe-robothead-confirmation-20260807,DOA-R8-BOUNDARY-SAFE-ROBOTHEAD-CONFIRM-20260807,boundary_safe_robothead_confirmation,independent_confirmation_after_eigenmike_mechanism_discovery,task1,<LOCATA_EVAL_ROOT>\task1\recording5,recording5,380,1485360038.062,0,0.48617399516680093,0.6482319935557346,0.0,True,False,7,uniform_time_spread_among_preregistered_eligible_anchors,False,False,False,False
r8-boundary-safe-robothead-confirmation-20260807,DOA-R8-BOUNDARY-SAFE-ROBOTHEAD-CONFIRM-20260807,boundary_safe_robothead_confirmation,independent_confirmation_after_eigenmike_mechanism_discovery,task1,<LOCATA_EVAL_ROOT>\task1\recording5,recording5,411,1485360038.321,0,0.7451668009221966,0.9935557345629288,0.0,True,True,8,uniform_time_spread_among_preregistered_eligible_anchors,False,False,False,False
r8-boundary-safe-robothead-confirmation-20260807,DOA-R8-BOUNDARY-SAFE-ROBOTHEAD-CONFIRM-20260807,boundary_safe_robothead_confirmation,independent_confirmation_after_eigenmike_mechanism_discovery,task1,<LOCATA_EVAL_ROOT>\task1\recording5,recording5,442,1485360038.579,0,0.75,1.0,0.0,True,True,9,uniform_time_spread_among_preregistered_eligible_anchors,False,False,False,False
r8-boundary-safe-robothead-confirmation-20260807,DOA-R8-BOUNDARY-SAFE-ROBOTHEAD-CONFIRM-20260807,boundary_safe_robothead_confirmation,independent_confirmation_after_eigenmike_mechanism_discovery,task1,<LOCATA_EVAL_ROOT>\task1\recording5,recording5,473,1485360038.837,0,0.75,1.0,0.0,True,True,10,uniform_time_spread_among_preregistered_eligible_anchors,False,False,False,False
r8-boundary-safe-robothead-confirmation-20260807,DOA-R8-BOUNDARY-SAFE-ROBOTHEAD-CONFIRM-20260807,boundary_safe_robothead_confirmation,independent_confirmation_after_eigenmike_mechanism_discovery,task1,<LOCATA_EVAL_ROOT>\task1\recording5,recording5,504,1485360039.096,0,0.75,1.0,0.0,True,True,11,uniform_time_spread_among_preregistered_eligible_anchors,False,False,False,False
r8-boundary-safe-robothead-confirmation-20260807,DOA-R8-BOUNDARY-SAFE-ROBOTHEAD-CONFIRM-20260807,boundary_safe_robothead_confirmation,independent_confirmation_after_eigenmike_mechanism_discovery,task1,<LOCATA_EVAL_ROOT>\task1\recording5,recording5,535,1485360039.354,0,0.75,1.0,0.0,True,True,12,uniform_time_spread_among_preregistered_eligible_anchors,False,False,False,False
r8-boundary-safe-robothead-confirmation-20260807,DOA-R8-BOUNDARY-SAFE-ROBOTHEAD-CONFIRM-20260807,boundary_safe_robothead_confirmation,independent_confirmation_after_eigenmike_mechanism_discovery,task1,<LOCATA_EVAL_ROOT>\task1\recording5,recording5,566,1485360039.612,0,0.75,1.0,0.0,True,True,13,uniform_time_spread_among_preregistered_eligible_anchors,False,False,False,False
r8-boundary-safe-robothead-confirmation-20260807,DOA-R8-BOUNDARY-SAFE-ROBOTHEAD-CONFIRM-20260807,boundary_safe_robothead_confirmation,independent_confirmation_after_eigenmike_mechanism_discovery,task1,<LOCATA_EVAL_ROOT>\task1\recording5,recording5,597,1485360039.871,0,0.75,1.0,0.0,True,True,14,uniform_time_spread_among_preregistered_eligible_anchors,False,False,False,False
r8-boundary-safe-robothead-confirmation-20260807,DOA-R8-BOUNDARY-SAFE-ROBOTHEAD-CONFIRM-20260807,boundary_safe_robothead_confirmation,independent_confirmation_after_eigenmike_mechanism_discovery,task1,<LOCATA_EVAL_ROOT>\task1\recording5,recording5,693,1485360040.671,0,0.25301380517207855,0.3373517402294381,0.0,False,False,15,uniform_time_spread_among_preregistered_eligible_anchors,False,False,False,False
r8-boundary-safe-robothead-confirmation-20260807,DOA-R8-BOUNDARY-SAFE-ROBOTHEAD-CONFIRM-20260807,boundary_safe_robothead_confirmation,independent_confirmation_after_eigenmike_mechanism_discovery,task1,<LOCATA_EVAL_ROOT>\task1\recording5,recording5,724,1485360040.929,0,0.5110066387044804,0.6813421849393072,0.0,True,False,16,uniform_time_spread_among_preregistered_eligible_anchors,False,False,False,False
r8-boundary-safe-robothead-confirmation-20260807,DOA-R8-BOUNDARY-SAFE-ROBOTHEAD-CONFIRM-20260807,boundary_safe_robothead_confirmation,independent_confirmation_after_eigenmike_mechanism_discovery,task1,<LOCATA_EVAL_ROOT>\task1\recording5,recording5,755,1485360041.187,0,0.75,1.0,0.0,True,True,17,uniform_time_spread_among_preregistered_eligible_anchors,False,False,False,False
r8-boundary-safe-robothead-confirmation-20260807,DOA-R8-BOUNDARY-SAFE-ROBOTHEAD-CONFIRM-20260807,boundary_safe_robothead_confirmation,independent_confirmation_after_eigenmike_mechanism_discovery,task1,<LOCATA_EVAL_ROOT>\task1\recording5,recording5,837,1485360041.871,0,0.3231993555734563,0.4309324740979417,0.0,False,False,18,uniform_time_spread_among_preregistered_eligible_anchors,False,False,False,False
r8-boundary-safe-robothead-confirmation-20260807,DOA-R8-BOUNDARY-SAFE-ROBOTHEAD-CONFIRM-20260807,boundary_safe_robothead_confirmation,independent_confirmation_after_eigenmike_mechanism_discovery,task1,<LOCATA_EVAL_ROOT>\task1\recording5,recording5,868,1485360042.129,0,0.5008194216827311,0.667759228910308,0.0,True,False,19,uniform_time_spread_among_preregistered_eligible_anchors,False,False,False,False
r8-boundary-safe-robothead-confirmation-20260807,DOA-R8-BOUNDARY-SAFE-ROBOTHEAD-CONFIRM-20260807,boundary_safe_robothead_confirmation,independent_confirmation_after_eigenmike_mechanism_discovery,task1,<LOCATA_EVAL_ROOT>\task1\recording6,recording6,100,1485360595.191,0,0.10428876975639566,0.13905169300852754,0.0,False,False,0,uniform_time_spread_among_preregistered_eligible_anchors,False,False,False,False
r8-boundary-safe-robothead-confirmation-20260807,DOA-R8-BOUNDARY-SAFE-ROBOTHEAD-CONFIRM-20260807,boundary_safe_robothead_confirmation,independent_confirmation_after_eigenmike_mechanism_discovery,task1,<LOCATA_EVAL_ROOT>\task1\recording6,recording6,128,1485360595.425,0,0.3382822699369462,0.45104302658259493,0.0,False,False,1,uniform_time_spread_among_preregistered_eligible_anchors,False,False,False,False
r8-boundary-safe-robothead-confirmation-20260807,DOA-R8-BOUNDARY-SAFE-ROBOTHEAD-CONFIRM-20260807,boundary_safe_robothead_confirmation,independent_confirmation_after_eigenmike_mechanism_discovery,task1,<LOCATA_EVAL_ROOT>\task1\recording6,recording6,157,1485360595.666,0,0.5792755756784533,0.7723674342379379,0.0,True,False,2,uniform_time_spread_among_preregistered_eligible_anchors,False,False,False,False
r8-boundary-safe-robothead-confirmation-20260807,DOA-R8-BOUNDARY-SAFE-ROBOTHEAD-CONFIRM-20260807,boundary_safe_robothead_confirmation,independent_confirmation_after_eigenmike_mechanism_discovery,task1,<LOCATA_EVAL_ROOT>\task1\recording6,recording6,185,1485360595.9,0,0.75,1.0,0.0,True,True,3,uniform_time_spread_among_preregistered_eligible_anchors,False,False,False,False
r8-boundary-safe-robothead-confirmation-20260807,DOA-R8-BOUNDARY-SAFE-ROBOTHEAD-CONFIRM-20260807,boundary_safe_robothead_confirmation,independent_confirmation_after_eigenmike_mechanism_discovery,task1,<LOCATA_EVAL_ROOT>\task1\recording6,recording6,214,1485360596.141,0,0.75,1.0,0.0,True,True,4,uniform_time_spread_among_preregistered_eligible_anchors,False,False,False,False
r8-boundary-safe-robothead-confirmation-20260807,DOA-R8-BOUNDARY-SAFE-ROBOTHEAD-CONFIRM-20260807,boundary_safe_robothead_confirmation,independent_confirmation_after_eigenmike_mechanism_discovery,task1,<LOCATA_EVAL_ROOT>\task1\recording6,recording6,242,1485360596.375,0,0.75,1.0,0.0,True,True,5,uniform_time_spread_among_preregistered_eligible_anchors,False,False,False,False
r8-boundary-safe-robothead-confirmation-20260807,DOA-R8-BOUNDARY-SAFE-ROBOTHEAD-CONFIRM-20260807,boundary_safe_robothead_confirmation,independent_confirmation_after_eigenmike_mechanism_discovery,task1,<LOCATA_EVAL_ROOT>\task1\recording6,recording6,271,1485360596.616,0,0.75,1.0,0.0,True,True,6,uniform_time_spread_among_preregistered_eligible_anchors,False,False,False,False
r8-boundary-safe-robothead-confirmation-20260807,DOA-R8-BOUNDARY-SAFE-ROBOTHEAD-CONFIRM-20260807,boundary_safe_robothead_confirmation,independent_confirmation_after_eigenmike_mechanism_discovery,task1,<LOCATA_EVAL_ROOT>\task1\recording6,recording6,299,1485360596.85,0,0.75,1.0,0.0,True,True,7,uniform_time_spread_among_preregistered_eligible_anchors,False,False,False,False
r8-boundary-safe-robothead-confirmation-20260807,DOA-R8-BOUNDARY-SAFE-ROBOTHEAD-CONFIRM-20260807,boundary_safe_robothead_confirmation,independent_confirmation_after_eigenmike_mechanism_discovery,task1,<LOCATA_EVAL_ROOT>\task1\recording6,recording6,542,1485360598.875,0,0.24903474903474904,0.33204633204633205,0.0,False,False,8,uniform_time_spread_among_preregistered_eligible_anchors,False,False,False,False
r8-boundary-safe-robothead-confirmation-20260807,DOA-R8-BOUNDARY-SAFE-ROBOTHEAD-CONFIRM-20260807,boundary_safe_robothead_confirmation,independent_confirmation_after_eigenmike_mechanism_discovery,task1,<LOCATA_EVAL_ROOT>\task1\recording6,recording6,570,1485360599.108,0,0.48202827699230577,0.6427043693230744,0.0,True,False,9,uniform_time_spread_among_preregistered_eligible_anchors,False,False,False,False
r8-boundary-safe-robothead-confirmation-20260807,DOA-R8-BOUNDARY-SAFE-ROBOTHEAD-CONFIRM-20260807,boundary_safe_robothead_confirmation,independent_confirmation_after_eigenmike_mechanism_discovery,task1,<LOCATA_EVAL_ROOT>\task1\recording6,recording6,599,1485360599.35,0,0.7240215549568068,0.9653620732757423,0.0,True,True,10,uniform_time_spread_among_preregistered_eligible_anchors,False,False,False,False
r8-boundary-safe-robothead-confirmation-20260807,DOA-R8-BOUNDARY-SAFE-ROBOTHEAD-CONFIRM-20260807,boundary_safe_robothead_confirmation,independent_confirmation_after_eigenmike_mechanism_discovery,task1,<LOCATA_EVAL_ROOT>\task1\recording6,recording6,627,1485360599.583,0,0.75,1.0,0.0,True,True,11,uniform_time_spread_among_preregistered_eligible_anchors,False,False,False,False
r8-boundary-safe-robothead-confirmation-20260807,DOA-R8-BOUNDARY-SAFE-ROBOTHEAD-CONFIRM-20260807,boundary_safe_robothead_confirmation,independent_confirmation_after_eigenmike_mechanism_discovery,task1,<LOCATA_EVAL_ROOT>\task1\recording6,recording6,656,1485360599.825,0,0.75,1.0,0.0,True,True,12,uniform_time_spread_among_preregistered_eligible_anchors,False,False,False,False
r8-boundary-safe-robothead-confirmation-20260807,DOA-R8-BOUNDARY-SAFE-ROBOTHEAD-CONFIRM-20260807,boundary_safe_robothead_confirmation,independent_confirmation_after_eigenmike_mechanism_discovery,task1,<LOCATA_EVAL_ROOT>\task1\recording6,recording6,684,1485360600.058,0,0.75,1.0,0.0,True,True,13,uniform_time_spread_among_preregistered_eligible_anchors,False,False,False,False
r8-boundary-safe-robothead-confirmation-20260807,DOA-R8-BOUNDARY-SAFE-ROBOTHEAD-CONFIRM-20260807,boundary_safe_robothead_confirmation,independent_confirmation_after_eigenmike_mechanism_discovery,task1,<LOCATA_EVAL_ROOT>\task1\recording6,recording6,713,1485360600.3,0,0.75,1.0,0.0,True,True,14,uniform_time_spread_among_preregistered_eligible_anchors,False,False,False,False
r8-boundary-safe-robothead-confirmation-20260807,DOA-R8-BOUNDARY-SAFE-ROBOTHEAD-CONFIRM-20260807,boundary_safe_robothead_confirmation,independent_confirmation_after_eigenmike_mechanism_discovery,task1,<LOCATA_EVAL_ROOT>\task1\recording6,recording6,741,1485360600.533,0,0.75,1.0,0.0,True,True,15,uniform_time_spread_among_preregistered_eligible_anchors,False,False,False,False
r8-boundary-safe-robothead-confirmation-20260807,DOA-R8-BOUNDARY-SAFE-ROBOTHEAD-CONFIRM-20260807,boundary_safe_robothead_confirmation,independent_confirmation_after_eigenmike_mechanism_discovery,task1,<LOCATA_EVAL_ROOT>\task1\recording6,recording6,770,1485360600.775,0,0.75,1.0,0.0,True,True,16,uniform_time_spread_among_preregistered_eligible_anchors,False,False,False,False
r8-boundary-safe-robothead-confirmation-20260807,DOA-R8-BOUNDARY-SAFE-ROBOTHEAD-CONFIRM-20260807,boundary_safe_robothead_confirmation,independent_confirmation_after_eigenmike_mechanism_discovery,task1,<LOCATA_EVAL_ROOT>\task1\recording6,recording6,798,1485360601.008,0,0.75,1.0,0.0,True,True,17,uniform_time_spread_among_preregistered_eligible_anchors,False,False,False,False
r8-boundary-safe-robothead-confirmation-20260807,DOA-R8-BOUNDARY-SAFE-ROBOTHEAD-CONFIRM-20260807,boundary_safe_robothead_confirmation,independent_confirmation_after_eigenmike_mechanism_discovery,task1,<LOCATA_EVAL_ROOT>\task1\recording6,recording6,827,1485360601.25,0,0.75,1.0,0.0,True,True,18,uniform_time_spread_among_preregistered_eligible_anchors,False,False,False,False
r8-boundary-safe-robothead-confirmation-20260807,DOA-R8-BOUNDARY-SAFE-ROBOTHEAD-CONFIRM-20260807,boundary_safe_robothead_confirmation,independent_confirmation_after_eigenmike_mechanism_discovery,task1,<LOCATA_EVAL_ROOT>\task1\recording6,recording6,855,1485360601.483,0,0.75,1.0,0.0,True,True,19,uniform_time_spread_among_preregistered_eligible_anchors,False,False,False,False
r8-boundary-safe-robothead-confirmation-20260807,DOA-R8-BOUNDARY-SAFE-ROBOTHEAD-CONFIRM-20260807,boundary_safe_robothead_confirmation,independent_confirmation_after_eigenmike_mechanism_discovery,task1,<LOCATA_EVAL_ROOT>\task1\recording7,recording7,142,1485360734.756,0,0.10103886003166579,0.13471848004222106,0.0,False,False,0,uniform_time_spread_among_preregistered_eligible_anchors,False,False,False,False
r8-boundary-safe-robothead-confirmation-20260807,DOA-R8-BOUNDARY-SAFE-ROBOTHEAD-CONFIRM-20260807,boundary_safe_robothead_confirmation,independent_confirmation_after_eigenmike_mechanism_discovery,task1,<LOCATA_EVAL_ROOT>\task1\recording7,recording7,166,1485360734.956,0,0.30103330463042693,0.40137773950723593,0.0,False,False,1,uniform_time_spread_among_preregistered_eligible_anchors,False,False,False,False
r8-boundary-safe-robothead-confirmation-20260807,DOA-R8-BOUNDARY-SAFE-ROBOTHEAD-CONFIRM-20260807,boundary_safe_robothead_confirmation,independent_confirmation_after_eigenmike_mechanism_discovery,task1,<LOCATA_EVAL_ROOT>\task1\recording7,recording7,189,1485360735.148,0,0.4930279714452376,0.6573706285936501,0.0,True,False,2,uniform_time_spread_among_preregistered_eligible_anchors,False,False,False,False
r8-boundary-safe-robothead-confirmation-20260807,DOA-R8-BOUNDARY-SAFE-ROBOTHEAD-CONFIRM-20260807,boundary_safe_robothead_confirmation,independent_confirmation_after_eigenmike_mechanism_discovery,task1,<LOCATA_EVAL_ROOT>\task1\recording7,recording7,213,1485360735.348,0,0.6930224160439988,0.924029888058665,0.0,True,True,3,uniform_time_spread_among_preregistered_eligible_anchors,False,False,False,False
r8-boundary-safe-robothead-confirmation-20260807,DOA-R8-BOUNDARY-SAFE-ROBOTHEAD-CONFIRM-20260807,boundary_safe_robothead_confirmation,independent_confirmation_after_eigenmike_mechanism_discovery,task1,<LOCATA_EVAL_ROOT>\task1\recording7,recording7,237,1485360735.548,0,0.75,1.0,0.0,True,True,4,uniform_time_spread_among_preregistered_eligible_anchors,False,False,False,False
r8-boundary-safe-robothead-confirmation-20260807,DOA-R8-BOUNDARY-SAFE-ROBOTHEAD-CONFIRM-20260807,boundary_safe_robothead_confirmation,independent_confirmation_after_eigenmike_mechanism_discovery,task1,<LOCATA_EVAL_ROOT>\task1\recording7,recording7,435,1485360737.198,0,0.2187855892891864,0.29171411905224853,0.0,False,False,5,uniform_time_spread_among_preregistered_eligible_anchors,False,False,False,False
r8-boundary-safe-robothead-confirmation-20260807,DOA-R8-BOUNDARY-SAFE-ROBOTHEAD-CONFIRM-20260807,boundary_safe_robothead_confirmation,independent_confirmation_after_eigenmike_mechanism_discovery,task1,<LOCATA_EVAL_ROOT>\task1\recording7,recording7,459,1485360737.398,0,0.4187800338879476,0.5583733785172634,0.0,True,False,6,uniform_time_spread_among_preregistered_eligible_anchors,False,False,False,False
r8-boundary-safe-robothead-confirmation-20260807,DOA-R8-BOUNDARY-SAFE-ROBOTHEAD-CONFIRM-20260807,boundary_safe_robothead_confirmation,independent_confirmation_after_eigenmike_mechanism_discovery,task1,<LOCATA_EVAL_ROOT>\task1\recording7,recording7,483,1485360737.598,0,0.6187744784867086,0.8250326379822782,0.0,True,True,7,uniform_time_spread_among_preregistered_eligible_anchors,False,False,False,False
r8-boundary-safe-robothead-confirmation-20260807,DOA-R8-BOUNDARY-SAFE-ROBOTHEAD-CONFIRM-20260807,boundary_safe_robothead_confirmation,independent_confirmation_after_eigenmike_mechanism_discovery,task1,<LOCATA_EVAL_ROOT>\task1\recording7,recording7,506,1485360737.789,0,0.75,1.0,0.0,True,True,8,uniform_time_spread_among_preregistered_eligible_anchors,False,False,False,False
r8-boundary-safe-robothead-confirmation-20260807,DOA-R8-BOUNDARY-SAFE-ROBOTHEAD-CONFIRM-20260807,boundary_safe_robothead_confirmation,independent_confirmation_after_eigenmike_mechanism_discovery,task1,<LOCATA_EVAL_ROOT>\task1\recording7,recording7,530,1485360737.989,0,0.75,1.0,0.0,True,True,9,uniform_time_spread_among_preregistered_eligible_anchors,False,False,False,False
r8-boundary-safe-robothead-confirmation-20260807,DOA-R8-BOUNDARY-SAFE-ROBOTHEAD-CONFIRM-20260807,boundary_safe_robothead_confirmation,independent_confirmation_after_eigenmike_mechanism_discovery,task1,<LOCATA_EVAL_ROOT>\task1\recording7,recording7,554,1485360738.189,0,0.75,1.0,0.0,True,True,10,uniform_time_spread_among_preregistered_eligible_anchors,False,False,False,False
r8-boundary-safe-robothead-confirmation-20260807,DOA-R8-BOUNDARY-SAFE-ROBOTHEAD-CONFIRM-20260807,boundary_safe_robothead_confirmation,independent_confirmation_after_eigenmike_mechanism_discovery,task1,<LOCATA_EVAL_ROOT>\task1\recording7,recording7,578,1485360738.389,0,0.75,1.0,0.0,True,True,11,uniform_time_spread_among_preregistered_eligible_anchors,False,False,False,False
r8-boundary-safe-robothead-confirmation-20260807,DOA-R8-BOUNDARY-SAFE-ROBOTHEAD-CONFIRM-20260807,boundary_safe_robothead_confirmation,independent_confirmation_after_eigenmike_mechanism_discovery,task1,<LOCATA_EVAL_ROOT>\task1\recording7,recording7,601,1485360738.581,0,0.75,1.0,0.0,True,True,12,uniform_time_spread_among_preregistered_eligible_anchors,False,False,False,False
r8-boundary-safe-robothead-confirmation-20260807,DOA-R8-BOUNDARY-SAFE-ROBOTHEAD-CONFIRM-20260807,boundary_safe_robothead_confirmation,independent_confirmation_after_eigenmike_mechanism_discovery,task1,<LOCATA_EVAL_ROOT>\task1\recording7,recording7,625,1485360738.781,0,0.75,1.0,0.0,True,True,13,uniform_time_spread_among_preregistered_eligible_anchors,False,False,False,False
r8-boundary-safe-robothead-confirmation-20260807,DOA-R8-BOUNDARY-SAFE-ROBOTHEAD-CONFIRM-20260807,boundary_safe_robothead_confirmation,independent_confirmation_after_eigenmike_mechanism_discovery,task1,<LOCATA_EVAL_ROOT>\task1\recording7,recording7,649,1485360738.981,0,0.75,1.0,0.0,True,True,14,uniform_time_spread_among_preregistered_eligible_anchors,False,False,False,False
r8-boundary-safe-robothead-confirmation-20260807,DOA-R8-BOUNDARY-SAFE-ROBOTHEAD-CONFIRM-20260807,boundary_safe_robothead_confirmation,independent_confirmation_after_eigenmike_mechanism_discovery,task1,<LOCATA_EVAL_ROOT>\task1\recording7,recording7,672,1485360739.173,0,0.75,1.0,0.0,True,True,15,uniform_time_spread_among_preregistered_eligible_anchors,False,False,False,False
r8-boundary-safe-robothead-confirmation-20260807,DOA-R8-BOUNDARY-SAFE-ROBOTHEAD-CONFIRM-20260807,boundary_safe_robothead_confirmation,independent_confirmation_after_eigenmike_mechanism_discovery,task1,<LOCATA_EVAL_ROOT>\task1\recording7,recording7,696,1485360739.373,0,0.75,1.0,0.0,True,True,16,uniform_time_spread_among_preregistered_eligible_anchors,False,False,False,False
r8-boundary-safe-robothead-confirmation-20260807,DOA-R8-BOUNDARY-SAFE-ROBOTHEAD-CONFIRM-20260807,boundary_safe_robothead_confirmation,independent_confirmation_after_eigenmike_mechanism_discovery,task1,<LOCATA_EVAL_ROOT>\task1\recording7,recording7,720,1485360739.573,0,0.75,1.0,0.0,True,True,17,uniform_time_spread_among_preregistered_eligible_anchors,False,False,False,False
r8-boundary-safe-robothead-confirmation-20260807,DOA-R8-BOUNDARY-SAFE-ROBOTHEAD-CONFIRM-20260807,boundary_safe_robothead_confirmation,independent_confirmation_after_eigenmike_mechanism_discovery,task1,<LOCATA_EVAL_ROOT>\task1\recording7,recording7,743,1485360739.764,0,0.75,1.0,0.0,True,True,18,uniform_time_spread_among_preregistered_eligible_anchors,False,False,False,False
r8-boundary-safe-robothead-confirmation-20260807,DOA-R8-BOUNDARY-SAFE-ROBOTHEAD-CONFIRM-20260807,boundary_safe_robothead_confirmation,independent_confirmation_after_eigenmike_mechanism_discovery,task1,<LOCATA_EVAL_ROOT>\task1\recording7,recording7,767,1485360739.964,0,0.75,1.0,0.0,True,True,19,uniform_time_spread_among_preregistered_eligible_anchors,False,False,False,False
r8-boundary-safe-robothead-confirmation-20260807,DOA-R8-BOUNDARY-SAFE-ROBOTHEAD-CONFIRM-20260807,boundary_safe_robothead_confirmation,independent_confirmation_after_eigenmike_mechanism_discovery,task1,<LOCATA_EVAL_ROOT>\task1\recording8,recording8,236,1485360765.512,0,0.10826782589372516,0.14435710119163356,0.0,False,False,0,uniform_time_spread_among_preregistered_eligible_anchors,False,False,False,False
r8-boundary-safe-robothead-confirmation-20260807,DOA-R8-BOUNDARY-SAFE-ROBOTHEAD-CONFIRM-20260807,boundary_safe_robothead_confirmation,independent_confirmation_after_eigenmike_mechanism_discovery,task1,<LOCATA_EVAL_ROOT>\task1\recording8,recording8,245,1485360765.587,0,0.1832657426182606,0.24435432349101413,0.0,False,False,1,uniform_time_spread_among_preregistered_eligible_anchors,False,False,False,False
r8-boundary-safe-robothead-confirmation-20260807,DOA-R8-BOUNDARY-SAFE-ROBOTHEAD-CONFIRM-20260807,boundary_safe_robothead_confirmation,independent_confirmation_after_eigenmike_mechanism_discovery,task1,<LOCATA_EVAL_ROOT>\task1\recording8,recording8,254,1485360765.662,0,0.25826365934279605,0.34435154579039473,0.0,False,False,2,uniform_time_spread_among_preregistered_eligible_anchors,False,False,False,False
r8-boundary-safe-robothead-confirmation-20260807,DOA-R8-BOUNDARY-SAFE-ROBOTHEAD-CONFIRM-20260807,boundary_safe_robothead_confirmation,independent_confirmation_after_eigenmike_mechanism_discovery,task1,<LOCATA_EVAL_ROOT>\task1\recording8,recording8,263,1485360765.737,0,0.3332615760673315,0.4443487680897753,0.0,False,False,3,uniform_time_spread_among_preregistered_eligible_anchors,False,False,False,False
r8-boundary-safe-robothead-confirmation-20260807,DOA-R8-BOUNDARY-SAFE-ROBOTHEAD-CONFIRM-20260807,boundary_safe_robothead_confirmation,independent_confirmation_after_eigenmike_mechanism_discovery,task1,<LOCATA_EVAL_ROOT>\task1\recording8,recording8,272,1485360765.812,0,0.4082594927918669,0.5443459903891559,0.0,True,False,4,uniform_time_spread_among_preregistered_eligible_anchors,False,False,False,False
r8-boundary-safe-robothead-confirmation-20260807,DOA-R8-BOUNDARY-SAFE-ROBOTHEAD-CONFIRM-20260807,boundary_safe_robothead_confirmation,independent_confirmation_after_eigenmike_mechanism_discovery,task1,<LOCATA_EVAL_ROOT>\task1\recording8,recording8,282,1485360765.895,0,0.4912571873003527,0.655009583067137,0.0,True,False,5,uniform_time_spread_among_preregistered_eligible_anchors,False,False,False,False
r8-boundary-safe-robothead-confirmation-20260807,DOA-R8-BOUNDARY-SAFE-ROBOTHEAD-CONFIRM-20260807,boundary_safe_robothead_confirmation,independent_confirmation_after_eigenmike_mechanism_discovery,task1,<LOCATA_EVAL_ROOT>\task1\recording8,recording8,291,1485360765.97,0,0.5662551040248882,0.7550068053665175,0.0,True,False,6,uniform_time_spread_among_preregistered_eligible_anchors,False,False,False,False
r8-boundary-safe-robothead-confirmation-20260807,DOA-R8-BOUNDARY-SAFE-ROBOTHEAD-CONFIRM-20260807,boundary_safe_robothead_confirmation,independent_confirmation_after_eigenmike_mechanism_discovery,task1,<LOCATA_EVAL_ROOT>\task1\recording8,recording8,300,1485360766.045,0,0.6412530207494236,0.8550040276658981,0.0,True,True,7,uniform_time_spread_among_preregistered_eligible_anchors,False,False,False,False
r8-boundary-safe-robothead-confirmation-20260807,DOA-R8-BOUNDARY-SAFE-ROBOTHEAD-CONFIRM-20260807,boundary_safe_robothead_confirmation,independent_confirmation_after_eigenmike_mechanism_discovery,task1,<LOCATA_EVAL_ROOT>\task1\recording8,recording8,309,1485360766.12,0,0.716250937473959,0.9550012499652787,0.0,True,True,8,uniform_time_spread_among_preregistered_eligible_anchors,False,False,False,False
r8-boundary-safe-robothead-confirmation-20260807,DOA-R8-BOUNDARY-SAFE-ROBOTHEAD-CONFIRM-20260807,boundary_safe_robothead_confirmation,independent_confirmation_after_eigenmike_mechanism_discovery,task1,<LOCATA_EVAL_ROOT>\task1\recording8,recording8,318,1485360766.195,0,0.75,1.0,0.0,True,True,9,uniform_time_spread_among_preregistered_eligible_anchors,False,False,False,False
r8-boundary-safe-robothead-confirmation-20260807,DOA-R8-BOUNDARY-SAFE-ROBOTHEAD-CONFIRM-20260807,boundary_safe_robothead_confirmation,independent_confirmation_after_eigenmike_mechanism_discovery,task1,<LOCATA_EVAL_ROOT>\task1\recording8,recording8,327,1485360766.27,0,0.75,1.0,0.0,True,True,10,uniform_time_spread_among_preregistered_eligible_anchors,False,False,False,False
r8-boundary-safe-robothead-confirmation-20260807,DOA-R8-BOUNDARY-SAFE-ROBOTHEAD-CONFIRM-20260807,boundary_safe_robothead_confirmation,independent_confirmation_after_eigenmike_mechanism_discovery,task1,<LOCATA_EVAL_ROOT>\task1\recording8,recording8,336,1485360766.345,0,0.75,1.0,0.0,True,True,11,uniform_time_spread_among_preregistered_eligible_anchors,False,False,False,False
r8-boundary-safe-robothead-confirmation-20260807,DOA-R8-BOUNDARY-SAFE-ROBOTHEAD-CONFIRM-20260807,boundary_safe_robothead_confirmation,independent_confirmation_after_eigenmike_mechanism_discovery,task1,<LOCATA_EVAL_ROOT>\task1\recording8,recording8,345,1485360766.42,0,0.75,1.0,0.0,True,True,12,uniform_time_spread_among_preregistered_eligible_anchors,False,False,False,False
r8-boundary-safe-robothead-confirmation-20260807,DOA-R8-BOUNDARY-SAFE-ROBOTHEAD-CONFIRM-20260807,boundary_safe_robothead_confirmation,independent_confirmation_after_eigenmike_mechanism_discovery,task1,<LOCATA_EVAL_ROOT>\task1\recording8,recording8,354,1485360766.495,0,0.75,1.0,0.0,True,True,13,uniform_time_spread_among_preregistered_eligible_anchors,False,False,False,False
r8-boundary-safe-robothead-confirmation-20260807,DOA-R8-BOUNDARY-SAFE-ROBOTHEAD-CONFIRM-20260807,boundary_safe_robothead_confirmation,independent_confirmation_after_eigenmike_mechanism_discovery,task1,<LOCATA_EVAL_ROOT>\task1\recording8,recording8,363,1485360766.57,0,0.75,1.0,0.0,True,True,14,uniform_time_spread_among_preregistered_eligible_anchors,False,False,False,False
r8-boundary-safe-robothead-confirmation-20260807,DOA-R8-BOUNDARY-SAFE-ROBOTHEAD-CONFIRM-20260807,boundary_safe_robothead_confirmation,independent_confirmation_after_eigenmike_mechanism_discovery,task1,<LOCATA_EVAL_ROOT>\task1\recording8,recording8,373,1485360766.653,0,0.75,1.0,0.0,True,True,15,uniform_time_spread_among_preregistered_eligible_anchors,False,False,False,False
r8-boundary-safe-robothead-confirmation-20260807,DOA-R8-BOUNDARY-SAFE-ROBOTHEAD-CONFIRM-20260807,boundary_safe_robothead_confirmation,independent_confirmation_after_eigenmike_mechanism_discovery,task1,<LOCATA_EVAL_ROOT>\task1\recording8,recording8,382,1485360766.728,0,0.75,1.0,0.0,True,True,16,uniform_time_spread_among_preregistered_eligible_anchors,False,False,False,False
r8-boundary-safe-robothead-confirmation-20260807,DOA-R8-BOUNDARY-SAFE-ROBOTHEAD-CONFIRM-20260807,boundary_safe_robothead_confirmation,independent_confirmation_after_eigenmike_mechanism_discovery,task1,<LOCATA_EVAL_ROOT>\task1\recording8,recording8,391,1485360766.803,0,0.75,1.0,0.0,True,True,17,uniform_time_spread_among_preregistered_eligible_anchors,False,False,False,False
r8-boundary-safe-robothead-confirmation-20260807,DOA-R8-BOUNDARY-SAFE-ROBOTHEAD-CONFIRM-20260807,boundary_safe_robothead_confirmation,independent_confirmation_after_eigenmike_mechanism_discovery,task1,<LOCATA_EVAL_ROOT>\task1\recording8,recording8,400,1485360766.878,0,0.75,1.0,0.0,True,True,18,uniform_time_spread_among_preregistered_eligible_anchors,False,False,False,False
r8-boundary-safe-robothead-confirmation-20260807,DOA-R8-BOUNDARY-SAFE-ROBOTHEAD-CONFIRM-20260807,boundary_safe_robothead_confirmation,independent_confirmation_after_eigenmike_mechanism_discovery,task1,<LOCATA_EVAL_ROOT>\task1\recording8,recording8,409,1485360766.953,0,0.75,1.0,0.0,True,True,19,uniform_time_spread_among_preregistered_eligible_anchors,False,False,False,False
r8-boundary-safe-robothead-confirmation-20260807,DOA-R8-BOUNDARY-SAFE-ROBOTHEAD-CONFIRM-20260807,boundary_safe_robothead_confirmation,independent_confirmation_after_eigenmike_mechanism_discovery,task1,<LOCATA_EVAL_ROOT>\task1\recording9,recording9,91,1485360800.8,0,0.400718035610122,0.5342907141468293,0.0,True,False,0,uniform_time_spread_among_preregistered_eligible_anchors,False,False,False,False
r8-boundary-safe-robothead-confirmation-20260807,DOA-R8-BOUNDARY-SAFE-ROBOTHEAD-CONFIRM-20260807,boundary_safe_robothead_confirmation,independent_confirmation_after_eigenmike_mechanism_discovery,task1,<LOCATA_EVAL_ROOT>\task1\recording9,recording9,116,1485360801.009,0,0.6097122302158273,0.8129496402877698,0.0,True,True,1,uniform_time_spread_among_preregistered_eligible_anchors,False,False,False,False
r8-boundary-safe-robothead-confirmation-20260807,DOA-R8-BOUNDARY-SAFE-ROBOTHEAD-CONFIRM-20260807,boundary_safe_robothead_confirmation,independent_confirmation_after_eigenmike_mechanism_discovery,task1,<LOCATA_EVAL_ROOT>\task1\recording9,recording9,140,1485360801.209,0,0.75,1.0,0.0,True,True,2,uniform_time_spread_among_preregistered_eligible_anchors,False,False,False,False
r8-boundary-safe-robothead-confirmation-20260807,DOA-R8-BOUNDARY-SAFE-ROBOTHEAD-CONFIRM-20260807,boundary_safe_robothead_confirmation,independent_confirmation_after_eigenmike_mechanism_discovery,task1,<LOCATA_EVAL_ROOT>\task1\recording9,recording9,165,1485360801.417,0,0.75,1.0,0.0,True,True,3,uniform_time_spread_among_preregistered_eligible_anchors,False,False,False,False
r8-boundary-safe-robothead-confirmation-20260807,DOA-R8-BOUNDARY-SAFE-ROBOTHEAD-CONFIRM-20260807,boundary_safe_robothead_confirmation,independent_confirmation_after_eigenmike_mechanism_discovery,task1,<LOCATA_EVAL_ROOT>\task1\recording9,recording9,189,1485360801.617,0,0.75,1.0,0.0,True,True,4,uniform_time_spread_among_preregistered_eligible_anchors,False,False,False,False
r8-boundary-safe-robothead-confirmation-20260807,DOA-R8-BOUNDARY-SAFE-ROBOTHEAD-CONFIRM-20260807,boundary_safe_robothead_confirmation,independent_confirmation_after_eigenmike_mechanism_discovery,task1,<LOCATA_EVAL_ROOT>\task1\recording9,recording9,214,1485360801.825,0,0.75,1.0,0.0,True,True,5,uniform_time_spread_among_preregistered_eligible_anchors,False,False,False,False
r8-boundary-safe-robothead-confirmation-20260807,DOA-R8-BOUNDARY-SAFE-ROBOTHEAD-CONFIRM-20260807,boundary_safe_robothead_confirmation,independent_confirmation_after_eigenmike_mechanism_discovery,task1,<LOCATA_EVAL_ROOT>\task1\recording9,recording9,238,1485360802.025,0,0.75,1.0,0.0,True,True,6,uniform_time_spread_among_preregistered_eligible_anchors,False,False,False,False
r8-boundary-safe-robothead-confirmation-20260807,DOA-R8-BOUNDARY-SAFE-ROBOTHEAD-CONFIRM-20260807,boundary_safe_robothead_confirmation,independent_confirmation_after_eigenmike_mechanism_discovery,task1,<LOCATA_EVAL_ROOT>\task1\recording9,recording9,263,1485360802.234,0,0.75,1.0,0.0,True,True,7,uniform_time_spread_among_preregistered_eligible_anchors,False,False,False,False
r8-boundary-safe-robothead-confirmation-20260807,DOA-R8-BOUNDARY-SAFE-ROBOTHEAD-CONFIRM-20260807,boundary_safe_robothead_confirmation,independent_confirmation_after_eigenmike_mechanism_discovery,task1,<LOCATA_EVAL_ROOT>\task1\recording9,recording9,287,1485360802.434,0,0.75,1.0,0.0,True,True,8,uniform_time_spread_among_preregistered_eligible_anchors,False,False,False,False
r8-boundary-safe-robothead-confirmation-20260807,DOA-R8-BOUNDARY-SAFE-ROBOTHEAD-CONFIRM-20260807,boundary_safe_robothead_confirmation,independent_confirmation_after_eigenmike_mechanism_discovery,task1,<LOCATA_EVAL_ROOT>\task1\recording9,recording9,312,1485360802.642,0,0.75,1.0,0.0,True,True,9,uniform_time_spread_among_preregistered_eligible_anchors,False,False,False,False
r8-boundary-safe-robothead-confirmation-20260807,DOA-R8-BOUNDARY-SAFE-ROBOTHEAD-CONFIRM-20260807,boundary_safe_robothead_confirmation,independent_confirmation_after_eigenmike_mechanism_discovery,task1,<LOCATA_EVAL_ROOT>\task1\recording9,recording9,336,1485360802.842,0,0.75,1.0,0.0,True,True,10,uniform_time_spread_among_preregistered_eligible_anchors,False,False,False,False
r8-boundary-safe-robothead-confirmation-20260807,DOA-R8-BOUNDARY-SAFE-ROBOTHEAD-CONFIRM-20260807,boundary_safe_robothead_confirmation,independent_confirmation_after_eigenmike_mechanism_discovery,task1,<LOCATA_EVAL_ROOT>\task1\recording9,recording9,361,1485360803.05,0,0.75,1.0,0.0,True,True,11,uniform_time_spread_among_preregistered_eligible_anchors,False,False,False,False
r8-boundary-safe-robothead-confirmation-20260807,DOA-R8-BOUNDARY-SAFE-ROBOTHEAD-CONFIRM-20260807,boundary_safe_robothead_confirmation,independent_confirmation_after_eigenmike_mechanism_discovery,task1,<LOCATA_EVAL_ROOT>\task1\recording9,recording9,385,1485360803.25,0,0.75,1.0,0.0,True,True,12,uniform_time_spread_among_preregistered_eligible_anchors,False,False,False,False
r8-boundary-safe-robothead-confirmation-20260807,DOA-R8-BOUNDARY-SAFE-ROBOTHEAD-CONFIRM-20260807,boundary_safe_robothead_confirmation,independent_confirmation_after_eigenmike_mechanism_discovery,task1,<LOCATA_EVAL_ROOT>\task1\recording9,recording9,410,1485360803.459,0,0.75,1.0,0.0,True,True,13,uniform_time_spread_among_preregistered_eligible_anchors,False,False,False,False
r8-boundary-safe-robothead-confirmation-20260807,DOA-R8-BOUNDARY-SAFE-ROBOTHEAD-CONFIRM-20260807,boundary_safe_robothead_confirmation,independent_confirmation_after_eigenmike_mechanism_discovery,task1,<LOCATA_EVAL_ROOT>\task1\recording9,recording9,480,1485360804.042,0,0.3689064192661315,0.4918752256881753,0.0,False,False,14,uniform_time_spread_among_preregistered_eligible_anchors,False,False,False,False
r8-boundary-safe-robothead-confirmation-20260807,DOA-R8-BOUNDARY-SAFE-ROBOTHEAD-CONFIRM-20260807,boundary_safe_robothead_confirmation,independent_confirmation_after_eigenmike_mechanism_discovery,task1,<LOCATA_EVAL_ROOT>\task1\recording9,recording9,505,1485360804.25,0,0.38638510041387736,0.5151801338851698,0.0,True,False,15,uniform_time_spread_among_preregistered_eligible_anchors,False,False,False,False
r8-boundary-safe-robothead-confirmation-20260807,DOA-R8-BOUNDARY-SAFE-ROBOTHEAD-CONFIRM-20260807,boundary_safe_robothead_confirmation,independent_confirmation_after_eigenmike_mechanism_discovery,task1,<LOCATA_EVAL_ROOT>\task1\recording9,recording9,529,1485360804.45,0,0.5863795450126386,0.7818393933501847,0.0,True,False,16,uniform_time_spread_among_preregistered_eligible_anchors,False,False,False,False
r8-boundary-safe-robothead-confirmation-20260807,DOA-R8-BOUNDARY-SAFE-ROBOTHEAD-CONFIRM-20260807,boundary_safe_robothead_confirmation,independent_confirmation_after_eigenmike_mechanism_discovery,task1,<LOCATA_EVAL_ROOT>\task1\recording9,recording9,554,1485360804.659,0,0.75,1.0,0.0,True,True,17,uniform_time_spread_among_preregistered_eligible_anchors,False,False,False,False
r8-boundary-safe-robothead-confirmation-20260807,DOA-R8-BOUNDARY-SAFE-ROBOTHEAD-CONFIRM-20260807,boundary_safe_robothead_confirmation,independent_confirmation_after_eigenmike_mechanism_discovery,task1,<LOCATA_EVAL_ROOT>\task1\recording9,recording9,578,1485360804.859,0,0.75,1.0,0.0,True,True,18,uniform_time_spread_among_preregistered_eligible_anchors,False,False,False,False
r8-boundary-safe-robothead-confirmation-20260807,DOA-R8-BOUNDARY-SAFE-ROBOTHEAD-CONFIRM-20260807,boundary_safe_robothead_confirmation,independent_confirmation_after_eigenmike_mechanism_discovery,task1,<LOCATA_EVAL_ROOT>\task1\recording9,recording9,603,1485360805.067,0,0.75,1.0,0.0,True,True,19,uniform_time_spread_among_preregistered_eligible_anchors,False,False,False,False
r8-boundary-safe-robothead-confirmation-20260807,DOA-R8-BOUNDARY-SAFE-ROBOTHEAD-CONFIRM-20260807,boundary_safe_robothead_confirmation,independent_confirmation_after_eigenmike_mechanism_discovery,task2,<LOCATA_EVAL_ROOT>\task2\recording10,recording10,738,1485372702.622,0,0.10564289880836643,0.14085719841115524,0.0,False,False,0,uniform_time_spread_among_preregistered_eligible_anchors,False,False,False,False
r8-boundary-safe-robothead-confirmation-20260807,DOA-R8-BOUNDARY-SAFE-ROBOTHEAD-CONFIRM-20260807,boundary_safe_robothead_confirmation,independent_confirmation_after_eigenmike_mechanism_discovery,task2,<LOCATA_EVAL_ROOT>\task2\recording10,recording10,746,1485372702.689,0,0.17264103774895143,0.23018805033193523,0.0,False,False,1,uniform_time_spread_among_preregistered_eligible_anchors,False,False,False,False
r8-boundary-safe-robothead-confirmation-20260807,DOA-R8-BOUNDARY-SAFE-ROBOTHEAD-CONFIRM-20260807,boundary_safe_robothead_confirmation,independent_confirmation_after_eigenmike_mechanism_discovery,task2,<LOCATA_EVAL_ROOT>\task2\recording10,recording10,753,1485372702.747,0,0.23063942668259213,0.3075192355767895,0.0,False,False,2,uniform_time_spread_among_preregistered_eligible_anchors,False,False,False,False
r8-boundary-safe-robothead-confirmation-20260807,DOA-R8-BOUNDARY-SAFE-ROBOTHEAD-CONFIRM-20260807,boundary_safe_robothead_confirmation,independent_confirmation_after_eigenmike_mechanism_discovery,task2,<LOCATA_EVAL_ROOT>\task2\recording10,recording10,761,1485372702.814,0,0.2976375656231771,0.3968500874975695,0.0,False,False,3,uniform_time_spread_among_preregistered_eligible_anchors,False,False,False,False
r8-boundary-safe-robothead-confirmation-20260807,DOA-R8-BOUNDARY-SAFE-ROBOTHEAD-CONFIRM-20260807,boundary_safe_robothead_confirmation,independent_confirmation_after_eigenmike_mechanism_discovery,task2,<LOCATA_EVAL_ROOT>\task2\recording10,recording10,769,1485372702.881,0,0.36463570456376215,0.4861809394183495,0.0,False,False,4,uniform_time_spread_among_preregistered_eligible_anchors,False,False,False,False
r8-boundary-safe-robothead-confirmation-20260807,DOA-R8-BOUNDARY-SAFE-ROBOTHEAD-CONFIRM-20260807,boundary_safe_robothead_confirmation,independent_confirmation_after_eigenmike_mechanism_discovery,task2,<LOCATA_EVAL_ROOT>\task2\recording10,recording10,776,1485372702.939,0,0.42263409349740283,0.5635121246632038,0.0,True,False,5,uniform_time_spread_among_preregistered_eligible_anchors,False,False,False,False
r8-boundary-safe-robothead-confirmation-20260807,DOA-R8-BOUNDARY-SAFE-ROBOTHEAD-CONFIRM-20260807,boundary_safe_robothead_confirmation,independent_confirmation_after_eigenmike_mechanism_discovery,task2,<LOCATA_EVAL_ROOT>\task2\recording10,recording10,784,1485372703.006,0,0.48963223243798787,0.6528429765839838,0.0,True,False,6,uniform_time_spread_among_preregistered_eligible_anchors,False,False,False,False
r8-boundary-safe-robothead-confirmation-20260807,DOA-R8-BOUNDARY-SAFE-ROBOTHEAD-CONFIRM-20260807,boundary_safe_robothead_confirmation,independent_confirmation_after_eigenmike_mechanism_discovery,task2,<LOCATA_EVAL_ROOT>\task2\recording10,recording10,791,1485372703.064,0,0.5476306213716285,0.7301741618288381,0.0,True,False,7,uniform_time_spread_among_preregistered_eligible_anchors,False,False,False,False
r8-boundary-safe-robothead-confirmation-20260807,DOA-R8-BOUNDARY-SAFE-ROBOTHEAD-CONFIRM-20260807,boundary_safe_robothead_confirmation,independent_confirmation_after_eigenmike_mechanism_discovery,task2,<LOCATA_EVAL_ROOT>\task2\recording10,recording10,799,1485372703.131,0,0.6146287603122136,0.819505013749618,0.0,True,True,8,uniform_time_spread_among_preregistered_eligible_anchors,False,False,False,False
r8-boundary-safe-robothead-confirmation-20260807,DOA-R8-BOUNDARY-SAFE-ROBOTHEAD-CONFIRM-20260807,boundary_safe_robothead_confirmation,independent_confirmation_after_eigenmike_mechanism_discovery,task2,<LOCATA_EVAL_ROOT>\task2\recording10,recording10,807,1485372703.197,0,0.6806269270298047,0.9075025693730729,0.0,True,True,9,uniform_time_spread_among_preregistered_eligible_anchors,False,False,False,False
r8-boundary-safe-robothead-confirmation-20260807,DOA-R8-BOUNDARY-SAFE-ROBOTHEAD-CONFIRM-20260807,boundary_safe_robothead_confirmation,independent_confirmation_after_eigenmike_mechanism_discovery,task2,<LOCATA_EVAL_ROOT>\task2\recording10,recording10,814,1485372703.256,0,0.7396252881864392,0.9861670509152524,0.0,True,True,10,uniform_time_spread_among_preregistered_eligible_anchors,False,False,False,False
r8-boundary-safe-robothead-confirmation-20260807,DOA-R8-BOUNDARY-SAFE-ROBOTHEAD-CONFIRM-20260807,boundary_safe_robothead_confirmation,independent_confirmation_after_eigenmike_mechanism_discovery,task2,<LOCATA_EVAL_ROOT>\task2\recording10,recording10,822,1485372703.322,0,0.75,1.0,0.0,True,True,11,uniform_time_spread_among_preregistered_eligible_anchors,False,False,False,False
r8-boundary-safe-robothead-confirmation-20260807,DOA-R8-BOUNDARY-SAFE-ROBOTHEAD-CONFIRM-20260807,boundary_safe_robothead_confirmation,independent_confirmation_after_eigenmike_mechanism_discovery,task2,<LOCATA_EVAL_ROOT>\task2\recording10,recording10,830,1485372703.389,0,0.75,1.0,0.0,True,True,12,uniform_time_spread_among_preregistered_eligible_anchors,False,False,False,False
r8-boundary-safe-robothead-confirmation-20260807,DOA-R8-BOUNDARY-SAFE-ROBOTHEAD-CONFIRM-20260807,boundary_safe_robothead_confirmation,independent_confirmation_after_eigenmike_mechanism_discovery,task2,<LOCATA_EVAL_ROOT>\task2\recording10,recording10,837,1485372703.447,0,0.75,1.0,0.0,True,True,13,uniform_time_spread_among_preregistered_eligible_anchors,False,False,False,False
r8-boundary-safe-robothead-confirmation-20260807,DOA-R8-BOUNDARY-SAFE-ROBOTHEAD-CONFIRM-20260807,boundary_safe_robothead_confirmation,independent_confirmation_after_eigenmike_mechanism_discovery,task2,<LOCATA_EVAL_ROOT>\task2\recording10,recording10,845,1485372703.514,0,0.75,1.0,0.0,True,True,14,uniform_time_spread_among_preregistered_eligible_anchors,False,False,False,False
r8-boundary-safe-robothead-confirmation-20260807,DOA-R8-BOUNDARY-SAFE-ROBOTHEAD-CONFIRM-20260807,boundary_safe_robothead_confirmation,independent_confirmation_after_eigenmike_mechanism_discovery,task2,<LOCATA_EVAL_ROOT>\task2\recording10,recording10,852,1485372703.572,0,0.75,1.0,0.0,True,True,15,uniform_time_spread_among_preregistered_eligible_anchors,False,False,False,False
r8-boundary-safe-robothead-confirmation-20260807,DOA-R8-BOUNDARY-SAFE-ROBOTHEAD-CONFIRM-20260807,boundary_safe_robothead_confirmation,independent_confirmation_after_eigenmike_mechanism_discovery,task2,<LOCATA_EVAL_ROOT>\task2\recording10,recording10,860,1485372703.639,0,0.75,1.0,0.0,True,True,16,uniform_time_spread_among_preregistered_eligible_anchors,False,False,False,False
r8-boundary-safe-robothead-confirmation-20260807,DOA-R8-BOUNDARY-SAFE-ROBOTHEAD-CONFIRM-20260807,boundary_safe_robothead_confirmation,independent_confirmation_after_eigenmike_mechanism_discovery,task2,<LOCATA_EVAL_ROOT>\task2\recording10,recording10,868,1485372703.706,0,0.75,1.0,0.0,True,True,17,uniform_time_spread_among_preregistered_eligible_anchors,False,False,False,False
r8-boundary-safe-robothead-confirmation-20260807,DOA-R8-BOUNDARY-SAFE-ROBOTHEAD-CONFIRM-20260807,boundary_safe_robothead_confirmation,independent_confirmation_after_eigenmike_mechanism_discovery,task2,<LOCATA_EVAL_ROOT>\task2\recording10,recording10,875,1485372703.764,0,0.75,1.0,0.0,True,True,18,uniform_time_spread_among_preregistered_eligible_anchors,False,False,False,False
r8-boundary-safe-robothead-confirmation-20260807,DOA-R8-BOUNDARY-SAFE-ROBOTHEAD-CONFIRM-20260807,boundary_safe_robothead_confirmation,independent_confirmation_after_eigenmike_mechanism_discovery,task2,<LOCATA_EVAL_ROOT>\task2\recording10,recording10,883,1485372703.831,0,0.75,1.0,0.0,True,True,19,uniform_time_spread_among_preregistered_eligible_anchors,False,False,False,False
r8-boundary-safe-robothead-confirmation-20260807,DOA-R8-BOUNDARY-SAFE-ROBOTHEAD-CONFIRM-20260807,boundary_safe_robothead_confirmation,independent_confirmation_after_eigenmike_mechanism_discovery,task2,<LOCATA_EVAL_ROOT>\task2\recording11,recording11,91,1485373382.605,1,0.2689091969667509,0.3585455959556679,0.0,False,False,0,uniform_time_spread_among_preregistered_eligible_anchors,False,False,False,False
r8-boundary-safe-robothead-confirmation-20260807,DOA-R8-BOUNDARY-SAFE-ROBOTHEAD-CONFIRM-20260807,boundary_safe_robothead_confirmation,independent_confirmation_after_eigenmike_mechanism_discovery,task2,<LOCATA_EVAL_ROOT>\task2\recording11,recording11,93,1485373382.622,1,0.2859087247576456,0.3812116330101942,0.0,False,False,1,uniform_time_spread_among_preregistered_eligible_anchors,False,False,False,False
r8-boundary-safe-robothead-confirmation-20260807,DOA-R8-BOUNDARY-SAFE-ROBOTHEAD-CONFIRM-20260807,boundary_safe_robothead_confirmation,independent_confirmation_after_eigenmike_mechanism_discovery,task2,<LOCATA_EVAL_ROOT>\task2\recording11,recording11,96,1485373382.647,1,0.31090803033249076,0.414544040443321,0.0,False,False,2,uniform_time_spread_among_preregistered_eligible_anchors,False,False,False,False
r8-boundary-safe-robothead-confirmation-20260807,DOA-R8-BOUNDARY-SAFE-ROBOTHEAD-CONFIRM-20260807,boundary_safe_robothead_confirmation,independent_confirmation_after_eigenmike_mechanism_discovery,task2,<LOCATA_EVAL_ROOT>\task2\recording11,recording11,98,1485373382.664,1,0.32790755812338546,0.4372100774978473,0.0,False,False,3,uniform_time_spread_among_preregistered_eligible_anchors,False,False,False,False
r8-boundary-safe-robothead-confirmation-20260807,DOA-R8-BOUNDARY-SAFE-ROBOTHEAD-CONFIRM-20260807,boundary_safe_robothead_confirmation,independent_confirmation_after_eigenmike_mechanism_discovery,task2,<LOCATA_EVAL_ROOT>\task2\recording11,recording11,101,1485373382.689,1,0.3529068636982306,0.4705424849309741,0.0,False,False,4,uniform_time_spread_among_preregistered_eligible_anchors,False,False,False,False
r8-boundary-safe-robothead-confirmation-20260807,DOA-R8-BOUNDARY-SAFE-ROBOTHEAD-CONFIRM-20260807,boundary_safe_robothead_confirmation,independent_confirmation_after_eigenmike_mechanism_discovery,task2,<LOCATA_EVAL_ROOT>\task2\recording11,recording11,103,1485373382.705,1,0.3689064192661315,0.4918752256881753,0.0,False,False,5,uniform_time_spread_among_preregistered_eligible_anchors,False,False,False,False
r8-boundary-safe-robothead-confirmation-20260807,DOA-R8-BOUNDARY-SAFE-ROBOTHEAD-CONFIRM-20260807,boundary_safe_robothead_confirmation,independent_confirmation_after_eigenmike_mechanism_discovery,task2,<LOCATA_EVAL_ROOT>\task2\recording11,recording11,106,1485373382.73,1,0.39390572484097663,0.5252076331213021,0.0,True,False,6,uniform_time_spread_among_preregistered_eligible_anchors,False,False,False,False
r8-boundary-safe-robothead-confirmation-20260807,DOA-R8-BOUNDARY-SAFE-ROBOTHEAD-CONFIRM-20260807,boundary_safe_robothead_confirmation,independent_confirmation_after_eigenmike_mechanism_discovery,task2,<LOCATA_EVAL_ROOT>\task2\recording11,recording11,361,1485373384.855,1,0.3764478764478765,0.5019305019305019,0.06177606177606178,True,False,7,uniform_time_spread_among_preregistered_eligible_anchors,False,False,False,False
r8-boundary-safe-robothead-confirmation-20260807,DOA-R8-BOUNDARY-SAFE-ROBOTHEAD-CONFIRM-20260807,boundary_safe_robothead_confirmation,independent_confirmation_after_eigenmike_mechanism_discovery,task2,<LOCATA_EVAL_ROOT>\task2\recording11,recording11,364,1485373384.88,1,0.40144718202272156,0.5352629093636287,0.02844365434293492,True,False,8,uniform_time_spread_among_preregistered_eligible_anchors,False,False,False,False
r8-boundary-safe-robothead-confirmation-20260807,DOA-R8-BOUNDARY-SAFE-ROBOTHEAD-CONFIRM-20260807,boundary_safe_robothead_confirmation,independent_confirmation_after_eigenmike_mechanism_discovery,task2,<LOCATA_EVAL_ROOT>\task2\recording11,recording11,366,1485373384.897,1,0.4184467098136163,0.557928946418155,0.005777617288408655,True,False,9,uniform_time_spread_among_preregistered_eligible_anchors,False,False,False,False
r8-boundary-safe-robothead-confirmation-20260807,DOA-R8-BOUNDARY-SAFE-ROBOTHEAD-CONFIRM-20260807,boundary_safe_robothead_confirmation,independent_confirmation_after_eigenmike_mechanism_discovery,task2,<LOCATA_EVAL_ROOT>\task2\recording11,recording11,369,1485373384.922,1,0.4434460153884614,0.5912613538512819,0.0,True,False,10,uniform_time_spread_among_preregistered_eligible_anchors,False,False,False,False
r8-boundary-safe-robothead-confirmation-20260807,DOA-R8-BOUNDARY-SAFE-ROBOTHEAD-CONFIRM-20260807,boundary_safe_robothead_confirmation,independent_confirmation_after_eigenmike_mechanism_discovery,task2,<LOCATA_EVAL_ROOT>\task2\recording11,recording11,371,1485373384.939,1,0.46044554317935615,0.6139273909058082,0.0,True,False,11,uniform_time_spread_among_preregistered_eligible_anchors,False,False,False,False
r8-boundary-safe-robothead-confirmation-20260807,DOA-R8-BOUNDARY-SAFE-ROBOTHEAD-CONFIRM-20260807,boundary_safe_robothead_confirmation,independent_confirmation_after_eigenmike_mechanism_discovery,task2,<LOCATA_EVAL_ROOT>\task2\recording11,recording11,374,1485373384.964,1,0.48544484875420124,0.647259798338935,0.0,True,False,12,uniform_time_spread_among_preregistered_eligible_anchors,False,False,False,False
r8-boundary-safe-robothead-confirmation-20260807,DOA-R8-BOUNDARY-SAFE-ROBOTHEAD-CONFIRM-20260807,boundary_safe_robothead_confirmation,independent_confirmation_after_eigenmike_mechanism_discovery,task2,<LOCATA_EVAL_ROOT>\task2\recording11,recording11,376,1485373384.98,1,0.5014444043221022,0.6685925390961363,0.0,True,False,13,uniform_time_spread_among_preregistered_eligible_anchors,False,False,False,False
r8-boundary-safe-robothead-confirmation-20260807,DOA-R8-BOUNDARY-SAFE-ROBOTHEAD-CONFIRM-20260807,boundary_safe_robothead_confirmation,independent_confirmation_after_eigenmike_mechanism_discovery,task2,<LOCATA_EVAL_ROOT>\task2\recording11,recording11,379,1485373385.005,1,0.5264437098969473,0.7019249465292631,0.0,True,False,14,uniform_time_spread_among_preregistered_eligible_anchors,False,False,False,False
r8-boundary-safe-robothead-confirmation-20260807,DOA-R8-BOUNDARY-SAFE-ROBOTHEAD-CONFIRM-20260807,boundary_safe_robothead_confirmation,independent_confirmation_after_eigenmike_mechanism_discovery,task2,<LOCATA_EVAL_ROOT>\task2\recording11,recording11,381,1485373385.022,1,0.543443237687842,0.7245909835837894,0.0,True,False,15,uniform_time_spread_among_preregistered_eligible_anchors,False,False,False,False
r8-boundary-safe-robothead-confirmation-20260807,DOA-R8-BOUNDARY-SAFE-ROBOTHEAD-CONFIRM-20260807,boundary_safe_robothead_confirmation,independent_confirmation_after_eigenmike_mechanism_discovery,task2,<LOCATA_EVAL_ROOT>\task2\recording11,recording11,384,1485373385.047,1,0.5684425432626872,0.7579233910169162,0.0,True,False,16,uniform_time_spread_among_preregistered_eligible_anchors,False,False,False,False
r8-boundary-safe-robothead-confirmation-20260807,DOA-R8-BOUNDARY-SAFE-ROBOTHEAD-CONFIRM-20260807,boundary_safe_robothead_confirmation,independent_confirmation_after_eigenmike_mechanism_discovery,task2,<LOCATA_EVAL_ROOT>\task2\recording11,recording11,386,1485373385.064,1,0.5854420710535819,0.7805894280714425,0.0,True,False,17,uniform_time_spread_among_preregistered_eligible_anchors,False,False,False,False
r8-boundary-safe-robothead-confirmation-20260807,DOA-R8-BOUNDARY-SAFE-ROBOTHEAD-CONFIRM-20260807,boundary_safe_robothead_confirmation,independent_confirmation_after_eigenmike_mechanism_discovery,task2,<LOCATA_EVAL_ROOT>\task2\recording11,recording11,389,1485373385.089,1,0.610441376628427,0.8139218355045693,0.0,True,True,18,uniform_time_spread_among_preregistered_eligible_anchors,False,False,False,False
r8-boundary-safe-robothead-confirmation-20260807,DOA-R8-BOUNDARY-SAFE-ROBOTHEAD-CONFIRM-20260807,boundary_safe_robothead_confirmation,independent_confirmation_after_eigenmike_mechanism_discovery,task2,<LOCATA_EVAL_ROOT>\task2\recording11,recording11,391,1485373385.105,1,0.6264409321963278,0.8352545762617705,0.0,True,True,19,uniform_time_spread_among_preregistered_eligible_anchors,False,False,False,False
r8-boundary-safe-robothead-confirmation-20260807,DOA-R8-BOUNDARY-SAFE-ROBOTHEAD-CONFIRM-20260807,boundary_safe_robothead_confirmation,independent_confirmation_after_eigenmike_mechanism_discovery,task2,<LOCATA_EVAL_ROOT>\task2\recording12,recording12,110,1485373785.203,1,0.10762201049970835,0.14349601399961112,0.0,False,False,0,uniform_time_spread_among_preregistered_eligible_anchors,False,False,False,False
r8-boundary-safe-robothead-confirmation-20260807,DOA-R8-BOUNDARY-SAFE-ROBOTHEAD-CONFIRM-20260807,boundary_safe_robothead_confirmation,independent_confirmation_after_eigenmike_mechanism_discovery,task2,<LOCATA_EVAL_ROOT>\task2\recording12,recording12,114,1485373785.236,1,0.14062109385850394,0.18749479181133857,0.0,False,False,1,uniform_time_spread_among_preregistered_eligible_anchors,False,False,False,False
r8-boundary-safe-robothead-confirmation-20260807,DOA-R8-BOUNDARY-SAFE-ROBOTHEAD-CONFIRM-20260807,boundary_safe_robothead_confirmation,independent_confirmation_after_eigenmike_mechanism_discovery,task2,<LOCATA_EVAL_ROOT>\task2\recording12,recording12,118,1485373785.27,1,0.1746201494402933,0.2328268659203911,0.0,False,False,2,uniform_time_spread_among_preregistered_eligible_anchors,False,False,False,False
r8-boundary-safe-robothead-confirmation-20260807,DOA-R8-BOUNDARY-SAFE-ROBOTHEAD-CONFIRM-20260807,boundary_safe_robothead_confirmation,independent_confirmation_after_eigenmike_mechanism_discovery,task2,<LOCATA_EVAL_ROOT>\task2\recording12,recording12,122,1485373785.303,1,0.2076192327990889,0.27682564373211854,0.0,False,False,3,uniform_time_spread_among_preregistered_eligible_anchors,False,False,False,False
r8-boundary-safe-robothead-confirmation-20260807,DOA-R8-BOUNDARY-SAFE-ROBOTHEAD-CONFIRM-20260807,boundary_safe_robothead_confirmation,independent_confirmation_after_eigenmike_mechanism_discovery,task2,<LOCATA_EVAL_ROOT>\task2\recording12,recording12,126,1485373785.336,1,0.24061831615788448,0.320824421543846,0.0,False,False,4,uniform_time_spread_among_preregistered_eligible_anchors,False,False,False,False
r8-boundary-safe-robothead-confirmation-20260807,DOA-R8-BOUNDARY-SAFE-ROBOTHEAD-CONFIRM-20260807,boundary_safe_robothead_confirmation,independent_confirmation_after_eigenmike_mechanism_discovery,task2,<LOCATA_EVAL_ROOT>\task2\recording12,recording12,130,1485373785.37,1,0.27461737173967393,0.36615649565289854,0.0,False,False,5,uniform_time_spread_among_preregistered_eligible_anchors,False,False,False,False
r8-boundary-safe-robothead-confirmation-20260807,DOA-R8-BOUNDARY-SAFE-ROBOTHEAD-CONFIRM-20260807,boundary_safe_robothead_confirmation,independent_confirmation_after_eigenmike_mechanism_discovery,task2,<LOCATA_EVAL_ROOT>\task2\recording12,recording12,134,1485373785.403,1,0.30761645509846947,0.410155273464626,0.0,False,False,6,uniform_time_spread_among_preregistered_eligible_anchors,False,False,False,False
r8-boundary-safe-robothead-confirmation-20260807,DOA-R8-BOUNDARY-SAFE-ROBOTHEAD-CONFIRM-20260807,boundary_safe_robothead_confirmation,independent_confirmation_after_eigenmike_mechanism_discovery,task2,<LOCATA_EVAL_ROOT>\task2\recording12,recording12,425,1485373787.828,1,0.4246965362073276,0.5662620482764368,0.04647093136301769,True,False,7,uniform_time_spread_among_preregistered_eligible_anchors,False,False,False,False
r8-boundary-safe-robothead-confirmation-20260807,DOA-R8-BOUNDARY-SAFE-ROBOTHEAD-CONFIRM-20260807,boundary_safe_robothead_confirmation,independent_confirmation_after_eigenmike_mechanism_discovery,task2,<LOCATA_EVAL_ROOT>\task2\recording12,recording12,429,1485373787.861,1,0.45769561956612315,0.6102608260881642,0.002472153551290242,True,False,8,uniform_time_spread_among_preregistered_eligible_anchors,False,False,False,False
r8-boundary-safe-robothead-confirmation-20260807,DOA-R8-BOUNDARY-SAFE-ROBOTHEAD-CONFIRM-20260807,boundary_safe_robothead_confirmation,independent_confirmation_after_eigenmike_mechanism_discovery,task2,<LOCATA_EVAL_ROOT>\task2\recording12,recording12,433,1485373787.895,1,0.49169467514791254,0.6555929001972167,0.0,True,False,9,uniform_time_spread_among_preregistered_eligible_anchors,False,False,False,False
r8-boundary-safe-robothead-confirmation-20260807,DOA-R8-BOUNDARY-SAFE-ROBOTHEAD-CONFIRM-20260807,boundary_safe_robothead_confirmation,independent_confirmation_after_eigenmike_mechanism_discovery,task2,<LOCATA_EVAL_ROOT>\task2\recording12,recording12,436,1485373787.92,1,0.5166939807227577,0.6889253076303437,0.0,True,False,10,uniform_time_spread_among_preregistered_eligible_anchors,False,False,False,False
r8-boundary-safe-robothead-confirmation-20260807,DOA-R8-BOUNDARY-SAFE-ROBOTHEAD-CONFIRM-20260807,boundary_safe_robothead_confirmation,independent_confirmation_after_eigenmike_mechanism_discovery,task2,<LOCATA_EVAL_ROOT>\task2\recording12,recording12,716,1485373790.253,0,0.75,1.0,0.03524902086053165,True,True,11,uniform_time_spread_among_preregistered_eligible_anchors,False,False,False,False
r8-boundary-safe-robothead-confirmation-20260807,DOA-R8-BOUNDARY-SAFE-ROBOTHEAD-CONFIRM-20260807,boundary_safe_robothead_confirmation,independent_confirmation_after_eigenmike_mechanism_discovery,task2,<LOCATA_EVAL_ROOT>\task2\recording12,recording12,720,1485373790.286,0,0.75,1.0,0.0,True,True,12,uniform_time_spread_among_preregistered_eligible_anchors,False,False,False,False
r8-boundary-safe-robothead-confirmation-20260807,DOA-R8-BOUNDARY-SAFE-ROBOTHEAD-CONFIRM-20260807,boundary_safe_robothead_confirmation,independent_confirmation_after_eigenmike_mechanism_discovery,task2,<LOCATA_EVAL_ROOT>\task2\recording12,recording12,724,1485373790.32,0,0.75,1.0,0.0,True,True,13,uniform_time_spread_among_preregistered_eligible_anchors,False,False,False,False
r8-boundary-safe-robothead-confirmation-20260807,DOA-R8-BOUNDARY-SAFE-ROBOTHEAD-CONFIRM-20260807,boundary_safe_robothead_confirmation,independent_confirmation_after_eigenmike_mechanism_discovery,task2,<LOCATA_EVAL_ROOT>\task2\recording12,recording12,728,1485373790.353,0,0.75,1.0,0.0,True,True,14,uniform_time_spread_among_preregistered_eligible_anchors,False,False,False,False
r8-boundary-safe-robothead-confirmation-20260807,DOA-R8-BOUNDARY-SAFE-ROBOTHEAD-CONFIRM-20260807,boundary_safe_robothead_confirmation,independent_confirmation_after_eigenmike_mechanism_discovery,task2,<LOCATA_EVAL_ROOT>\task2\recording12,recording12,732,1485373790.386,0,0.75,1.0,0.0,True,True,15,uniform_time_spread_among_preregistered_eligible_anchors,False,False,False,False
r8-boundary-safe-robothead-confirmation-20260807,DOA-R8-BOUNDARY-SAFE-ROBOTHEAD-CONFIRM-20260807,boundary_safe_robothead_confirmation,independent_confirmation_after_eigenmike_mechanism_discovery,task2,<LOCATA_EVAL_ROOT>\task2\recording12,recording12,736,1485373790.42,0,0.75,1.0,0.0,True,True,16,uniform_time_spread_among_preregistered_eligible_anchors,False,False,False,False
r8-boundary-safe-robothead-confirmation-20260807,DOA-R8-BOUNDARY-SAFE-ROBOTHEAD-CONFIRM-20260807,boundary_safe_robothead_confirmation,independent_confirmation_after_eigenmike_mechanism_discovery,task2,<LOCATA_EVAL_ROOT>\task2\recording12,recording12,740,1485373790.453,0,0.75,1.0,0.0,True,True,17,uniform_time_spread_among_preregistered_eligible_anchors,False,False,False,False
r8-boundary-safe-robothead-confirmation-20260807,DOA-R8-BOUNDARY-SAFE-ROBOTHEAD-CONFIRM-20260807,boundary_safe_robothead_confirmation,independent_confirmation_after_eigenmike_mechanism_discovery,task2,<LOCATA_EVAL_ROOT>\task2\recording12,recording12,744,1485373790.486,0,0.75,1.0,0.0,True,True,18,uniform_time_spread_among_preregistered_eligible_anchors,False,False,False,False
r8-boundary-safe-robothead-confirmation-20260807,DOA-R8-BOUNDARY-SAFE-ROBOTHEAD-CONFIRM-20260807,boundary_safe_robothead_confirmation,independent_confirmation_after_eigenmike_mechanism_discovery,task2,<LOCATA_EVAL_ROOT>\task2\recording12,recording12,748,1485373790.52,0,0.75,1.0,0.0,True,True,19,uniform_time_spread_among_preregistered_eligible_anchors,False,False,False,False
r8-boundary-safe-robothead-confirmation-20260807,DOA-R8-BOUNDARY-SAFE-ROBOTHEAD-CONFIRM-20260807,boundary_safe_robothead_confirmation,independent_confirmation_after_eigenmike_mechanism_discovery,task2,<LOCATA_EVAL_ROOT>\task2\recording13,recording13,90,1485373934.796,0,0.19501541623843782,0.26002055498458376,0.0,False,False,0,uniform_time_spread_among_preregistered_eligible_anchors,False,False,False,False
r8-boundary-safe-robothead-confirmation-20260807,DOA-R8-BOUNDARY-SAFE-ROBOTHEAD-CONFIRM-20260807,boundary_safe_robothead_confirmation,independent_confirmation_after_eigenmike_mechanism_discovery,task2,<LOCATA_EVAL_ROOT>\task2\recording13,recording13,98,1485373934.863,0,0.2620135551790228,0.34935140690536376,0.0,False,False,1,uniform_time_spread_among_preregistered_eligible_anchors,False,False,False,False
r8-boundary-safe-robothead-confirmation-20260807,DOA-R8-BOUNDARY-SAFE-ROBOTHEAD-CONFIRM-20260807,boundary_safe_robothead_confirmation,independent_confirmation_after_eigenmike_mechanism_discovery,task2,<LOCATA_EVAL_ROOT>\task2\recording13,recording13,105,1485373934.921,0,0.32001194411266354,0.42668259215021803,0.0,False,False,2,uniform_time_spread_among_preregistered_eligible_anchors,False,False,False,False
r8-boundary-safe-robothead-confirmation-20260807,DOA-R8-BOUNDARY-SAFE-ROBOTHEAD-CONFIRM-20260807,boundary_safe_robothead_confirmation,independent_confirmation_after_eigenmike_mechanism_discovery,task2,<LOCATA_EVAL_ROOT>\task2\recording13,recording13,113,1485373934.988,0,0.3870100830532485,0.516013444070998,0.0,True,False,3,uniform_time_spread_among_preregistered_eligible_anchors,False,False,False,False
r8-boundary-safe-robothead-confirmation-20260807,DOA-R8-BOUNDARY-SAFE-ROBOTHEAD-CONFIRM-20260807,boundary_safe_robothead_confirmation,independent_confirmation_after_eigenmike_mechanism_discovery,task2,<LOCATA_EVAL_ROOT>\task2\recording13,recording13,120,1485373935.046,0,0.4450084719868892,0.5933446293158523,0.0,True,False,4,uniform_time_spread_among_preregistered_eligible_anchors,False,False,False,False
r8-boundary-safe-robothead-confirmation-20260807,DOA-R8-BOUNDARY-SAFE-ROBOTHEAD-CONFIRM-20260807,boundary_safe_robothead_confirmation,independent_confirmation_after_eigenmike_mechanism_discovery,task2,<LOCATA_EVAL_ROOT>\task2\recording13,recording13,128,1485373935.113,0,0.5120066109274742,0.6826754812366324,0.0,True,False,5,uniform_time_spread_among_preregistered_eligible_anchors,False,False,False,False
r8-boundary-safe-robothead-confirmation-20260807,DOA-R8-BOUNDARY-SAFE-ROBOTHEAD-CONFIRM-20260807,boundary_safe_robothead_confirmation,independent_confirmation_after_eigenmike_mechanism_discovery,task2,<LOCATA_EVAL_ROOT>\task2\recording13,recording13,135,1485373935.171,0,0.570004999861115,0.7600066664814866,0.0,True,False,6,uniform_time_spread_among_preregistered_eligible_anchors,False,False,False,False
r8-boundary-safe-robothead-confirmation-20260807,DOA-R8-BOUNDARY-SAFE-ROBOTHEAD-CONFIRM-20260807,boundary_safe_robothead_confirmation,independent_confirmation_after_eigenmike_mechanism_discovery,task2,<LOCATA_EVAL_ROOT>\task2\recording13,recording13,143,1485373935.238,0,0.6370031388016999,0.8493375184022666,0.0,True,True,7,uniform_time_spread_among_preregistered_eligible_anchors,False,False,False,False
r8-boundary-safe-robothead-confirmation-20260807,DOA-R8-BOUNDARY-SAFE-ROBOTHEAD-CONFIRM-20260807,boundary_safe_robothead_confirmation,independent_confirmation_after_eigenmike_mechanism_discovery,task2,<LOCATA_EVAL_ROOT>\task2\recording13,recording13,150,1485373935.296,0,0.6950015277353407,0.926668703647121,0.0,True,True,8,uniform_time_spread_among_preregistered_eligible_anchors,False,False,False,False
r8-boundary-safe-robothead-confirmation-20260807,DOA-R8-BOUNDARY-SAFE-ROBOTHEAD-CONFIRM-20260807,boundary_safe_robothead_confirmation,independent_confirmation_after_eigenmike_mechanism_discovery,task2,<LOCATA_EVAL_ROOT>\task2\recording13,recording13,158,1485373935.363,0,0.75,1.0,0.0,True,True,9,uniform_time_spread_among_preregistered_eligible_anchors,False,False,False,False
r8-boundary-safe-robothead-confirmation-20260807,DOA-R8-BOUNDARY-SAFE-ROBOTHEAD-CONFIRM-20260807,boundary_safe_robothead_confirmation,independent_confirmation_after_eigenmike_mechanism_discovery,task2,<LOCATA_EVAL_ROOT>\task2\recording13,recording13,165,1485373935.421,0,0.75,1.0,0.0,True,True,10,uniform_time_spread_among_preregistered_eligible_anchors,False,False,False,False
r8-boundary-safe-robothead-confirmation-20260807,DOA-R8-BOUNDARY-SAFE-ROBOTHEAD-CONFIRM-20260807,boundary_safe_robothead_confirmation,independent_confirmation_after_eigenmike_mechanism_discovery,task2,<LOCATA_EVAL_ROOT>\task2\recording13,recording13,173,1485373935.488,0,0.75,1.0,0.0,True,True,11,uniform_time_spread_among_preregistered_eligible_anchors,False,False,False,False
r8-boundary-safe-robothead-confirmation-20260807,DOA-R8-BOUNDARY-SAFE-ROBOTHEAD-CONFIRM-20260807,boundary_safe_robothead_confirmation,independent_confirmation_after_eigenmike_mechanism_discovery,task2,<LOCATA_EVAL_ROOT>\task2\recording13,recording13,180,1485373935.546,0,0.75,1.0,0.0,True,True,12,uniform_time_spread_among_preregistered_eligible_anchors,False,False,False,False
r8-boundary-safe-robothead-confirmation-20260807,DOA-R8-BOUNDARY-SAFE-ROBOTHEAD-CONFIRM-20260807,boundary_safe_robothead_confirmation,independent_confirmation_after_eigenmike_mechanism_discovery,task2,<LOCATA_EVAL_ROOT>\task2\recording13,recording13,188,1485373935.613,0,0.75,1.0,0.0,True,True,13,uniform_time_spread_among_preregistered_eligible_anchors,False,False,False,False
r8-boundary-safe-robothead-confirmation-20260807,DOA-R8-BOUNDARY-SAFE-ROBOTHEAD-CONFIRM-20260807,boundary_safe_robothead_confirmation,independent_confirmation_after_eigenmike_mechanism_discovery,task2,<LOCATA_EVAL_ROOT>\task2\recording13,recording13,195,1485373935.671,0,0.75,1.0,0.0,True,True,14,uniform_time_spread_among_preregistered_eligible_anchors,False,False,False,False
r8-boundary-safe-robothead-confirmation-20260807,DOA-R8-BOUNDARY-SAFE-ROBOTHEAD-CONFIRM-20260807,boundary_safe_robothead_confirmation,independent_confirmation_after_eigenmike_mechanism_discovery,task2,<LOCATA_EVAL_ROOT>\task2\recording13,recording13,203,1485373935.738,0,0.75,1.0,0.0,True,True,15,uniform_time_spread_among_preregistered_eligible_anchors,False,False,False,False
r8-boundary-safe-robothead-confirmation-20260807,DOA-R8-BOUNDARY-SAFE-ROBOTHEAD-CONFIRM-20260807,boundary_safe_robothead_confirmation,independent_confirmation_after_eigenmike_mechanism_discovery,task2,<LOCATA_EVAL_ROOT>\task2\recording13,recording13,345,1485373936.921,1,0.75,1.0,0.019193911280242216,True,True,16,uniform_time_spread_among_preregistered_eligible_anchors,False,False,False,False
r8-boundary-safe-robothead-confirmation-20260807,DOA-R8-BOUNDARY-SAFE-ROBOTHEAD-CONFIRM-20260807,boundary_safe_robothead_confirmation,independent_confirmation_after_eigenmike_mechanism_discovery,task2,<LOCATA_EVAL_ROOT>\task2\recording13,recording13,353,1485373936.988,1,0.75,1.0,0.0,True,True,17,uniform_time_spread_among_preregistered_eligible_anchors,False,False,False,False
r8-boundary-safe-robothead-confirmation-20260807,DOA-R8-BOUNDARY-SAFE-ROBOTHEAD-CONFIRM-20260807,boundary_safe_robothead_confirmation,independent_confirmation_after_eigenmike_mechanism_discovery,task2,<LOCATA_EVAL_ROOT>\task2\recording13,recording13,360,1485373937.046,1,0.75,1.0,0.0,True,True,18,uniform_time_spread_among_preregistered_eligible_anchors,False,False,False,False
r8-boundary-safe-robothead-confirmation-20260807,DOA-R8-BOUNDARY-SAFE-ROBOTHEAD-CONFIRM-20260807,boundary_safe_robothead_confirmation,independent_confirmation_after_eigenmike_mechanism_discovery,task2,<LOCATA_EVAL_ROOT>\task2\recording13,recording13,368,1485373937.113,1,0.75,1.0,0.0,True,True,19,uniform_time_spread_among_preregistered_eligible_anchors,False,False,False,False
r8-boundary-safe-robothead-confirmation-20260807,DOA-R8-BOUNDARY-SAFE-ROBOTHEAD-CONFIRM-20260807,boundary_safe_robothead_confirmation,independent_confirmation_after_eigenmike_mechanism_discovery,task2,<LOCATA_EVAL_ROOT>\task2\recording7,recording7,108,1485370958.692,0,0.10691369684175439,0.14255159578900586,0.0,False,False,0,uniform_time_spread_among_preregistered_eligible_anchors,False,False,False,False
r8-boundary-safe-robothead-confirmation-20260807,DOA-R8-BOUNDARY-SAFE-ROBOTHEAD-CONFIRM-20260807,boundary_safe_robothead_confirmation,independent_confirmation_after_eigenmike_mechanism_discovery,task2,<LOCATA_EVAL_ROOT>\task2\recording7,recording7,109,1485370958.7,0,0.11491347462570485,0.15321796616760647,0.0,False,False,1,uniform_time_spread_among_preregistered_eligible_anchors,False,False,False,False
r8-boundary-safe-robothead-confirmation-20260807,DOA-R8-BOUNDARY-SAFE-ROBOTHEAD-CONFIRM-20260807,boundary_safe_robothead_confirmation,independent_confirmation_after_eigenmike_mechanism_discovery,task2,<LOCATA_EVAL_ROOT>\task2\recording7,recording7,110,1485370958.708,0,0.12291325240965528,0.16388433654620704,0.0,False,False,2,uniform_time_spread_among_preregistered_eligible_anchors,False,False,False,False
r8-boundary-safe-robothead-confirmation-20260807,DOA-R8-BOUNDARY-SAFE-ROBOTHEAD-CONFIRM-20260807,boundary_safe_robothead_confirmation,independent_confirmation_after_eigenmike_mechanism_discovery,task2,<LOCATA_EVAL_ROOT>\task2\recording7,recording7,111,1485370958.717,0,0.13191300241659953,0.1758840032221327,0.0,False,False,3,uniform_time_spread_among_preregistered_eligible_anchors,False,False,False,False
r8-boundary-safe-robothead-confirmation-20260807,DOA-R8-BOUNDARY-SAFE-ROBOTHEAD-CONFIRM-20260807,boundary_safe_robothead_confirmation,independent_confirmation_after_eigenmike_mechanism_discovery,task2,<LOCATA_EVAL_ROOT>\task2\recording7,recording7,112,1485370958.725,0,0.13991278020054998,0.18655037360073332,0.0,False,False,4,uniform_time_spread_among_preregistered_eligible_anchors,False,False,False,False
r8-boundary-safe-robothead-confirmation-20260807,DOA-R8-BOUNDARY-SAFE-ROBOTHEAD-CONFIRM-20260807,boundary_safe_robothead_confirmation,independent_confirmation_after_eigenmike_mechanism_discovery,task2,<LOCATA_EVAL_ROOT>\task2\recording7,recording7,113,1485370958.733,0,0.14791255798450043,0.19721674397933392,0.0,False,False,5,uniform_time_spread_among_preregistered_eligible_anchors,False,False,False,False
r8-boundary-safe-robothead-confirmation-20260807,DOA-R8-BOUNDARY-SAFE-ROBOTHEAD-CONFIRM-20260807,boundary_safe_robothead_confirmation,independent_confirmation_after_eigenmike_mechanism_discovery,task2,<LOCATA_EVAL_ROOT>\task2\recording7,recording7,114,1485370958.742,0,0.15691230799144468,0.2092164106552596,0.0,False,False,6,uniform_time_spread_among_preregistered_eligible_anchors,False,False,False,False
r8-boundary-safe-robothead-confirmation-20260807,DOA-R8-BOUNDARY-SAFE-ROBOTHEAD-CONFIRM-20260807,boundary_safe_robothead_confirmation,independent_confirmation_after_eigenmike_mechanism_discovery,task2,<LOCATA_EVAL_ROOT>\task2\recording7,recording7,115,1485370958.75,0,0.16491208577539512,0.21988278103386016,0.0,False,False,7,uniform_time_spread_among_preregistered_eligible_anchors,False,False,False,False
r8-boundary-safe-robothead-confirmation-20260807,DOA-R8-BOUNDARY-SAFE-ROBOTHEAD-CONFIRM-20260807,boundary_safe_robothead_confirmation,independent_confirmation_after_eigenmike_mechanism_discovery,task2,<LOCATA_EVAL_ROOT>\task2\recording7,recording7,116,1485370958.758,0,0.17291186355934557,0.23054915141246077,0.0,False,False,8,uniform_time_spread_among_preregistered_eligible_anchors,False,False,False,False
r8-boundary-safe-robothead-confirmation-20260807,DOA-R8-BOUNDARY-SAFE-ROBOTHEAD-CONFIRM-20260807,boundary_safe_robothead_confirmation,independent_confirmation_after_eigenmike_mechanism_discovery,task2,<LOCATA_EVAL_ROOT>\task2\recording7,recording7,117,1485370958.767,0,0.18191161356628982,0.24254881808838644,0.0,False,False,9,uniform_time_spread_among_preregistered_eligible_anchors,False,False,False,False
r8-boundary-safe-robothead-confirmation-20260807,DOA-R8-BOUNDARY-SAFE-ROBOTHEAD-CONFIRM-20260807,boundary_safe_robothead_confirmation,independent_confirmation_after_eigenmike_mechanism_discovery,task2,<LOCATA_EVAL_ROOT>\task2\recording7,recording7,119,1485370958.783,0,0.1979111691341907,0.2638815588455876,0.0,False,False,10,uniform_time_spread_among_preregistered_eligible_anchors,False,False,False,False
r8-boundary-safe-robothead-confirmation-20260807,DOA-R8-BOUNDARY-SAFE-ROBOTHEAD-CONFIRM-20260807,boundary_safe_robothead_confirmation,independent_confirmation_after_eigenmike_mechanism_discovery,task2,<LOCATA_EVAL_ROOT>\task2\recording7,recording7,120,1485370958.792,0,0.20691091914113496,0.2758812255215133,0.0,False,False,11,uniform_time_spread_among_preregistered_eligible_anchors,False,False,False,False
r8-boundary-safe-robothead-confirmation-20260807,DOA-R8-BOUNDARY-SAFE-ROBOTHEAD-CONFIRM-20260807,boundary_safe_robothead_confirmation,independent_confirmation_after_eigenmike_mechanism_discovery,task2,<LOCATA_EVAL_ROOT>\task2\recording7,recording7,121,1485370958.8,0,0.2149106969250854,0.28654759590011386,0.0,False,False,12,uniform_time_spread_among_preregistered_eligible_anchors,False,False,False,False
r8-boundary-safe-robothead-confirmation-20260807,DOA-R8-BOUNDARY-SAFE-ROBOTHEAD-CONFIRM-20260807,boundary_safe_robothead_confirmation,independent_confirmation_after_eigenmike_mechanism_discovery,task2,<LOCATA_EVAL_ROOT>\task2\recording7,recording7,122,1485370958.808,0,0.22291047470903586,0.2972139662787145,0.0,False,False,13,uniform_time_spread_among_preregistered_eligible_anchors,False,False,False,False
r8-boundary-safe-robothead-confirmation-20260807,DOA-R8-BOUNDARY-SAFE-ROBOTHEAD-CONFIRM-20260807,boundary_safe_robothead_confirmation,independent_confirmation_after_eigenmike_mechanism_discovery,task2,<LOCATA_EVAL_ROOT>\task2\recording7,recording7,123,1485370958.817,0,0.2319102247159801,0.30921363295464016,0.0,False,False,14,uniform_time_spread_among_preregistered_eligible_anchors,False,False,False,False
r8-boundary-safe-robothead-confirmation-20260807,DOA-R8-BOUNDARY-SAFE-ROBOTHEAD-CONFIRM-20260807,boundary_safe_robothead_confirmation,independent_confirmation_after_eigenmike_mechanism_discovery,task2,<LOCATA_EVAL_ROOT>\task2\recording7,recording7,124,1485370958.825,0,0.23991000249993055,0.31988000333324074,0.0,False,False,15,uniform_time_spread_among_preregistered_eligible_anchors,False,False,False,False
r8-boundary-safe-robothead-confirmation-20260807,DOA-R8-BOUNDARY-SAFE-ROBOTHEAD-CONFIRM-20260807,boundary_safe_robothead_confirmation,independent_confirmation_after_eigenmike_mechanism_discovery,task2,<LOCATA_EVAL_ROOT>\task2\recording7,recording7,125,1485370958.833,0,0.247909780283881,0.3305463737118413,0.0,False,False,16,uniform_time_spread_among_preregistered_eligible_anchors,False,False,False,False
r8-boundary-safe-robothead-confirmation-20260807,DOA-R8-BOUNDARY-SAFE-ROBOTHEAD-CONFIRM-20260807,boundary_safe_robothead_confirmation,independent_confirmation_after_eigenmike_mechanism_discovery,task2,<LOCATA_EVAL_ROOT>\task2\recording7,recording7,126,1485370958.842,0,0.25690953029082525,0.342546040387767,0.0,False,False,17,uniform_time_spread_among_preregistered_eligible_anchors,False,False,False,False
r8-boundary-safe-robothead-confirmation-20260807,DOA-R8-BOUNDARY-SAFE-ROBOTHEAD-CONFIRM-20260807,boundary_safe_robothead_confirmation,independent_confirmation_after_eigenmike_mechanism_discovery,task2,<LOCATA_EVAL_ROOT>\task2\recording7,recording7,127,1485370958.85,0,0.2649093080747757,0.3532124107663676,0.0,False,False,18,uniform_time_spread_among_preregistered_eligible_anchors,False,False,False,False
r8-boundary-safe-robothead-confirmation-20260807,DOA-R8-BOUNDARY-SAFE-ROBOTHEAD-CONFIRM-20260807,boundary_safe_robothead_confirmation,independent_confirmation_after_eigenmike_mechanism_discovery,task2,<LOCATA_EVAL_ROOT>\task2\recording7,recording7,128,1485370958.858,0,0.27290908585872614,0.3638787811449682,0.0,False,False,19,uniform_time_spread_among_preregistered_eligible_anchors,False,False,False,False
r8-boundary-safe-robothead-confirmation-20260807,DOA-R8-BOUNDARY-SAFE-ROBOTHEAD-CONFIRM-20260807,boundary_safe_robothead_confirmation,independent_confirmation_after_eigenmike_mechanism_discovery,task2,<LOCATA_EVAL_ROOT>\task2\recording8,recording8,254,1485371246.823,2,0.75,1.0,0.06485930946362602,True,True,0,uniform_time_spread_among_preregistered_eligible_anchors,False,False,False,False
r8-boundary-safe-robothead-confirmation-20260807,DOA-R8-BOUNDARY-SAFE-ROBOTHEAD-CONFIRM-20260807,boundary_safe_robothead_confirmation,independent_confirmation_after_eigenmike_mechanism_discovery,task2,<LOCATA_EVAL_ROOT>\task2\recording8,recording8,255,1485371246.831,2,0.75,1.0,0.05419293908502541,True,True,1,uniform_time_spread_among_preregistered_eligible_anchors,False,False,False,False
r8-boundary-safe-robothead-confirmation-20260807,DOA-R8-BOUNDARY-SAFE-ROBOTHEAD-CONFIRM-20260807,boundary_safe_robothead_confirmation,independent_confirmation_after_eigenmike_mechanism_discovery,task2,<LOCATA_EVAL_ROOT>\task2\recording8,recording8,256,1485371246.84,2,0.75,1.0,0.042193272409099744,True,True,2,uniform_time_spread_among_preregistered_eligible_anchors,False,False,False,False
r8-boundary-safe-robothead-confirmation-20260807,DOA-R8-BOUNDARY-SAFE-ROBOTHEAD-CONFIRM-20260807,boundary_safe_robothead_confirmation,independent_confirmation_after_eigenmike_mechanism_discovery,task2,<LOCATA_EVAL_ROOT>\task2\recording8,recording8,257,1485371246.848,2,0.75,1.0,0.031526902030499154,True,True,3,uniform_time_spread_among_preregistered_eligible_anchors,False,False,False,False
r8-boundary-safe-robothead-confirmation-20260807,DOA-R8-BOUNDARY-SAFE-ROBOTHEAD-CONFIRM-20260807,boundary_safe_robothead_confirmation,independent_confirmation_after_eigenmike_mechanism_discovery,task2,<LOCATA_EVAL_ROOT>\task2\recording8,recording8,258,1485371246.856,2,0.75,1.0,0.020860531651898558,True,True,4,uniform_time_spread_among_preregistered_eligible_anchors,False,False,False,False
r8-boundary-safe-robothead-confirmation-20260807,DOA-R8-BOUNDARY-SAFE-ROBOTHEAD-CONFIRM-20260807,boundary_safe_robothead_confirmation,independent_confirmation_after_eigenmike_mechanism_discovery,task2,<LOCATA_EVAL_ROOT>\task2\recording8,recording8,259,1485371246.865,2,0.75,1.0,0.008860864975972889,True,True,5,uniform_time_spread_among_preregistered_eligible_anchors,False,False,False,False
r8-boundary-safe-robothead-confirmation-20260807,DOA-R8-BOUNDARY-SAFE-ROBOTHEAD-CONFIRM-20260807,boundary_safe_robothead_confirmation,independent_confirmation_after_eigenmike_mechanism_discovery,task2,<LOCATA_EVAL_ROOT>\task2\recording8,recording8,260,1485371246.873,2,0.75,1.0,0.0,True,True,6,uniform_time_spread_among_preregistered_eligible_anchors,False,False,False,False
r8-boundary-safe-robothead-confirmation-20260807,DOA-R8-BOUNDARY-SAFE-ROBOTHEAD-CONFIRM-20260807,boundary_safe_robothead_confirmation,independent_confirmation_after_eigenmike_mechanism_discovery,task2,<LOCATA_EVAL_ROOT>\task2\recording8,recording8,261,1485371246.881,2,0.75,1.0,0.0,True,True,7,uniform_time_spread_among_preregistered_eligible_anchors,False,False,False,False
r8-boundary-safe-robothead-confirmation-20260807,DOA-R8-BOUNDARY-SAFE-ROBOTHEAD-CONFIRM-20260807,boundary_safe_robothead_confirmation,independent_confirmation_after_eigenmike_mechanism_discovery,task2,<LOCATA_EVAL_ROOT>\task2\recording8,recording8,262,1485371246.89,2,0.75,1.0,0.0,True,True,8,uniform_time_spread_among_preregistered_eligible_anchors,False,False,False,False
r8-boundary-safe-robothead-confirmation-20260807,DOA-R8-BOUNDARY-SAFE-ROBOTHEAD-CONFIRM-20260807,boundary_safe_robothead_confirmation,independent_confirmation_after_eigenmike_mechanism_discovery,task2,<LOCATA_EVAL_ROOT>\task2\recording8,recording8,263,1485371246.898,2,0.75,1.0,0.0,True,True,9,uniform_time_spread_among_preregistered_eligible_anchors,False,False,False,False
r8-boundary-safe-robothead-confirmation-20260807,DOA-R8-BOUNDARY-SAFE-ROBOTHEAD-CONFIRM-20260807,boundary_safe_robothead_confirmation,independent_confirmation_after_eigenmike_mechanism_discovery,task2,<LOCATA_EVAL_ROOT>\task2\recording8,recording8,264,1485371246.906,2,0.75,1.0,0.0,True,True,10,uniform_time_spread_among_preregistered_eligible_anchors,False,False,False,False
r8-boundary-safe-robothead-confirmation-20260807,DOA-R8-BOUNDARY-SAFE-ROBOTHEAD-CONFIRM-20260807,boundary_safe_robothead_confirmation,independent_confirmation_after_eigenmike_mechanism_discovery,task2,<LOCATA_EVAL_ROOT>\task2\recording8,recording8,265,1485371246.915,2,0.75,1.0,0.0,True,True,11,uniform_time_spread_among_preregistered_eligible_anchors,False,False,False,False
r8-boundary-safe-robothead-confirmation-20260807,DOA-R8-BOUNDARY-SAFE-ROBOTHEAD-CONFIRM-20260807,boundary_safe_robothead_confirmation,independent_confirmation_after_eigenmike_mechanism_discovery,task2,<LOCATA_EVAL_ROOT>\task2\recording8,recording8,266,1485371246.923,2,0.75,1.0,0.0,True,True,12,uniform_time_spread_among_preregistered_eligible_anchors,False,False,False,False
r8-boundary-safe-robothead-confirmation-20260807,DOA-R8-BOUNDARY-SAFE-ROBOTHEAD-CONFIRM-20260807,boundary_safe_robothead_confirmation,independent_confirmation_after_eigenmike_mechanism_discovery,task2,<LOCATA_EVAL_ROOT>\task2\recording8,recording8,267,1485371246.931,2,0.75,1.0,0.0,True,True,13,uniform_time_spread_among_preregistered_eligible_anchors,False,False,False,False
r8-boundary-safe-robothead-confirmation-20260807,DOA-R8-BOUNDARY-SAFE-ROBOTHEAD-CONFIRM-20260807,boundary_safe_robothead_confirmation,independent_confirmation_after_eigenmike_mechanism_discovery,task2,<LOCATA_EVAL_ROOT>\task2\recording8,recording8,268,1485371246.94,2,0.75,1.0,0.0,True,True,14,uniform_time_spread_among_preregistered_eligible_anchors,False,False,False,False
r8-boundary-safe-robothead-confirmation-20260807,DOA-R8-BOUNDARY-SAFE-ROBOTHEAD-CONFIRM-20260807,boundary_safe_robothead_confirmation,independent_confirmation_after_eigenmike_mechanism_discovery,task2,<LOCATA_EVAL_ROOT>\task2\recording8,recording8,269,1485371246.948,2,0.75,1.0,0.0,True,True,15,uniform_time_spread_among_preregistered_eligible_anchors,False,False,False,False
r8-boundary-safe-robothead-confirmation-20260807,DOA-R8-BOUNDARY-SAFE-ROBOTHEAD-CONFIRM-20260807,boundary_safe_robothead_confirmation,independent_confirmation_after_eigenmike_mechanism_discovery,task3,<LOCATA_EVAL_ROOT>\task3\recording1,recording1,358,1485429921.624,0,0.11295519568900864,0.15060692758534486,0.0,False,False,0,uniform_time_spread_among_preregistered_eligible_anchors,False,False,False,False
r8-boundary-safe-robothead-confirmation-20260807,DOA-R8-BOUNDARY-SAFE-ROBOTHEAD-CONFIRM-20260807,boundary_safe_robothead_confirmation,independent_confirmation_after_eigenmike_mechanism_discovery,task3,<LOCATA_EVAL_ROOT>\task3\recording1,recording1,451,1485429922.39,0,0.75,1.0,0.0,True,True,1,uniform_time_spread_among_preregistered_eligible_anchors,False,False,False,False
r8-boundary-safe-robothead-confirmation-20260807,DOA-R8-BOUNDARY-SAFE-ROBOTHEAD-CONFIRM-20260807,boundary_safe_robothead_confirmation,independent_confirmation_after_eigenmike_mechanism_discovery,task3,<LOCATA_EVAL_ROOT>\task3\recording1,recording1,545,1485429923.173,0,0.75,1.0,0.0,True,True,2,uniform_time_spread_among_preregistered_eligible_anchors,False,False,False,False
r8-boundary-safe-robothead-confirmation-20260807,DOA-R8-BOUNDARY-SAFE-ROBOTHEAD-CONFIRM-20260807,boundary_safe_robothead_confirmation,independent_confirmation_after_eigenmike_mechanism_discovery,task3,<LOCATA_EVAL_ROOT>\task3\recording1,recording1,695,1485429924.423,0,0.4672578539485014,0.6230104719313352,0.0,True,False,3,uniform_time_spread_among_preregistered_eligible_anchors,False,False,False,False
r8-boundary-safe-robothead-confirmation-20260807,DOA-R8-BOUNDARY-SAFE-ROBOTHEAD-CONFIRM-20260807,boundary_safe_robothead_confirmation,independent_confirmation_after_eigenmike_mechanism_discovery,task3,<LOCATA_EVAL_ROOT>\task3\recording1,recording1,789,1485429925.207,0,0.75,1.0,0.0,True,True,4,uniform_time_spread_among_preregistered_eligible_anchors,False,False,False,False
r8-boundary-safe-robothead-confirmation-20260807,DOA-R8-BOUNDARY-SAFE-ROBOTHEAD-CONFIRM-20260807,boundary_safe_robothead_confirmation,independent_confirmation_after_eigenmike_mechanism_discovery,task3,<LOCATA_EVAL_ROOT>\task3\recording1,recording1,882,1485429925.981,0,0.75,1.0,0.0,True,True,5,uniform_time_spread_among_preregistered_eligible_anchors,False,False,False,False
r8-boundary-safe-robothead-confirmation-20260807,DOA-R8-BOUNDARY-SAFE-ROBOTHEAD-CONFIRM-20260807,boundary_safe_robothead_confirmation,independent_confirmation_after_eigenmike_mechanism_discovery,task3,<LOCATA_EVAL_ROOT>\task3\recording1,recording1,1048,1485429927.365,0,0.5670884142107164,0.7561178856142885,0.0,True,False,6,uniform_time_spread_among_preregistered_eligible_anchors,False,False,False,False
r8-boundary-safe-robothead-confirmation-20260807,DOA-R8-BOUNDARY-SAFE-ROBOTHEAD-CONFIRM-20260807,boundary_safe_robothead_confirmation,independent_confirmation_after_eigenmike_mechanism_discovery,task3,<LOCATA_EVAL_ROOT>\task3\recording1,recording1,1141,1485429928.14,0,0.75,1.0,0.0,True,True,7,uniform_time_spread_among_preregistered_eligible_anchors,False,False,False,False
r8-boundary-safe-robothead-confirmation-20260807,DOA-R8-BOUNDARY-SAFE-ROBOTHEAD-CONFIRM-20260807,boundary_safe_robothead_confirmation,independent_confirmation_after_eigenmike_mechanism_discovery,task3,<LOCATA_EVAL_ROOT>\task3\recording1,recording1,1235,1485429928.924,0,0.75,1.0,0.0,True,True,8,uniform_time_spread_among_preregistered_eligible_anchors,False,False,False,False
r8-boundary-safe-robothead-confirmation-20260807,DOA-R8-BOUNDARY-SAFE-ROBOTHEAD-CONFIRM-20260807,boundary_safe_robothead_confirmation,independent_confirmation_after_eigenmike_mechanism_discovery,task3,<LOCATA_EVAL_ROOT>\task3\recording1,recording1,1431,1485429930.557,0,0.17518263381572735,0.23357684508763646,0.0,False,False,9,uniform_time_spread_among_preregistered_eligible_anchors,False,False,False,False
r8-boundary-safe-robothead-confirmation-20260807,DOA-R8-BOUNDARY-SAFE-ROBOTHEAD-CONFIRM-20260807,boundary_safe_robothead_confirmation,independent_confirmation_after_eigenmike_mechanism_discovery,task3,<LOCATA_EVAL_ROOT>\task3\recording1,recording1,1525,1485429931.34,0,0.75,1.0,0.0,True,True,10,uniform_time_spread_among_preregistered_eligible_anchors,False,False,False,False
r8-boundary-safe-robothead-confirmation-20260807,DOA-R8-BOUNDARY-SAFE-ROBOTHEAD-CONFIRM-20260807,boundary_safe_robothead_confirmation,independent_confirmation_after_eigenmike_mechanism_discovery,task3,<LOCATA_EVAL_ROOT>\task3\recording1,recording1,1796,1485429933.606,0,0.6338573928501986,0.8451431904669314,0.0,True,True,11,uniform_time_spread_among_preregistered_eligible_anchors,False,False,False,False
r8-boundary-safe-robothead-confirmation-20260807,DOA-R8-BOUNDARY-SAFE-ROBOTHEAD-CONFIRM-20260807,boundary_safe_robothead_confirmation,independent_confirmation_after_eigenmike_mechanism_discovery,task3,<LOCATA_EVAL_ROOT>\task3\recording1,recording1,1890,1485429934.39,0,0.75,1.0,0.0,True,True,12,uniform_time_spread_among_preregistered_eligible_anchors,False,False,False,False
r8-boundary-safe-robothead-confirmation-20260807,DOA-R8-BOUNDARY-SAFE-ROBOTHEAD-CONFIRM-20260807,boundary_safe_robothead_confirmation,independent_confirmation_after_eigenmike_mechanism_discovery,task3,<LOCATA_EVAL_ROOT>\task3\recording1,recording1,1983,1485429935.157,0,0.75,1.0,0.0,True,True,13,uniform_time_spread_among_preregistered_eligible_anchors,False,False,False,False
r8-boundary-safe-robothead-confirmation-20260807,DOA-R8-BOUNDARY-SAFE-ROBOTHEAD-CONFIRM-20260807,boundary_safe_robothead_confirmation,independent_confirmation_after_eigenmike_mechanism_discovery,task3,<LOCATA_EVAL_ROOT>\task3\recording1,recording1,2170,1485429936.714,0,0.26970084164328767,0.3596011221910502,0.0,False,False,14,uniform_time_spread_among_preregistered_eligible_anchors,False,False,False,False
r8-boundary-safe-robothead-confirmation-20260807,DOA-R8-BOUNDARY-SAFE-ROBOTHEAD-CONFIRM-20260807,boundary_safe_robothead_confirmation,independent_confirmation_after_eigenmike_mechanism_discovery,task3,<LOCATA_EVAL_ROOT>\task3\recording1,recording1,2263,1485429937.489,0,0.75,1.0,0.0,True,True,15,uniform_time_spread_among_preregistered_eligible_anchors,False,False,False,False
r8-boundary-safe-robothead-confirmation-20260807,DOA-R8-BOUNDARY-SAFE-ROBOTHEAD-CONFIRM-20260807,boundary_safe_robothead_confirmation,independent_confirmation_after_eigenmike_mechanism_discovery,task3,<LOCATA_EVAL_ROOT>\task3\recording1,recording1,2357,1485429938.273,0,0.75,1.0,0.0,True,True,16,uniform_time_spread_among_preregistered_eligible_anchors,False,False,False,False
r8-boundary-safe-robothead-confirmation-20260807,DOA-R8-BOUNDARY-SAFE-ROBOTHEAD-CONFIRM-20260807,boundary_safe_robothead_confirmation,independent_confirmation_after_eigenmike_mechanism_discovery,task3,<LOCATA_EVAL_ROOT>\task3\recording1,recording1,2450,1485429939.047,0,0.75,1.0,0.0,True,True,17,uniform_time_spread_among_preregistered_eligible_anchors,False,False,False,False
r8-boundary-safe-robothead-confirmation-20260807,DOA-R8-BOUNDARY-SAFE-ROBOTHEAD-CONFIRM-20260807,boundary_safe_robothead_confirmation,independent_confirmation_after_eigenmike_mechanism_discovery,task3,<LOCATA_EVAL_ROOT>\task3\recording1,recording1,2640,1485429940.639,0,0.41900919418905036,0.5586789255854004,0.0,True,False,18,uniform_time_spread_among_preregistered_eligible_anchors,False,False,False,False
r8-boundary-safe-robothead-confirmation-20260807,DOA-R8-BOUNDARY-SAFE-ROBOTHEAD-CONFIRM-20260807,boundary_safe_robothead_confirmation,independent_confirmation_after_eigenmike_mechanism_discovery,task3,<LOCATA_EVAL_ROOT>\task3\recording1,recording1,2733,1485429941.407,0,0.75,1.0,0.0,True,True,19,uniform_time_spread_among_preregistered_eligible_anchors,False,False,False,False
r8-boundary-safe-robothead-confirmation-20260807,DOA-R8-BOUNDARY-SAFE-ROBOTHEAD-CONFIRM-20260807,boundary_safe_robothead_confirmation,independent_confirmation_after_eigenmike_mechanism_discovery,task3,<LOCATA_EVAL_ROOT>\task3\recording2,recording2,359,1485431740.856,0,0.10512207994222383,0.14016277325629845,0.0,False,False,0,uniform_time_spread_among_preregistered_eligible_anchors,False,False,False,False
r8-boundary-safe-robothead-confirmation-20260807,DOA-R8-BOUNDARY-SAFE-ROBOTHEAD-CONFIRM-20260807,boundary_safe_robothead_confirmation,independent_confirmation_after_eigenmike_mechanism_discovery,task3,<LOCATA_EVAL_ROOT>\task3\recording2,recording2,419,1485431741.356,0,0.6051081914391268,0.8068109219188356,0.0,True,True,1,uniform_time_spread_among_preregistered_eligible_anchors,False,False,False,False
r8-boundary-safe-robothead-confirmation-20260807,DOA-R8-BOUNDARY-SAFE-ROBOTHEAD-CONFIRM-20260807,boundary_safe_robothead_confirmation,independent_confirmation_after_eigenmike_mechanism_discovery,task3,<LOCATA_EVAL_ROOT>\task3\recording2,recording2,479,1485431741.856,0,0.75,1.0,0.0,True,True,2,uniform_time_spread_among_preregistered_eligible_anchors,False,False,False,False
r8-boundary-safe-robothead-confirmation-20260807,DOA-R8-BOUNDARY-SAFE-ROBOTHEAD-CONFIRM-20260807,boundary_safe_robothead_confirmation,independent_confirmation_after_eigenmike_mechanism_discovery,task3,<LOCATA_EVAL_ROOT>\task3\recording2,recording2,538,1485431742.35,0,0.75,1.0,0.0,True,True,3,uniform_time_spread_among_preregistered_eligible_anchors,False,False,False,False
r8-boundary-safe-robothead-confirmation-20260807,DOA-R8-BOUNDARY-SAFE-ROBOTHEAD-CONFIRM-20260807,boundary_safe_robothead_confirmation,independent_confirmation_after_eigenmike_mechanism_discovery,task3,<LOCATA_EVAL_ROOT>\task3\recording2,recording2,733,1485431743.972,0,0.5062151051359685,0.6749534735146246,0.0,True,False,4,uniform_time_spread_among_preregistered_eligible_anchors,False,False,False,False
r8-boundary-safe-robothead-confirmation-20260807,DOA-R8-BOUNDARY-SAFE-ROBOTHEAD-CONFIRM-20260807,boundary_safe_robothead_confirmation,independent_confirmation_after_eigenmike_mechanism_discovery,task3,<LOCATA_EVAL_ROOT>\task3\recording2,recording2,793,1485431744.483,0,0.75,1.0,0.0,True,True,5,uniform_time_spread_among_preregistered_eligible_anchors,False,False,False,False
r8-boundary-safe-robothead-confirmation-20260807,DOA-R8-BOUNDARY-SAFE-ROBOTHEAD-CONFIRM-20260807,boundary_safe_robothead_confirmation,independent_confirmation_after_eigenmike_mechanism_discovery,task3,<LOCATA_EVAL_ROOT>\task3\recording2,recording2,853,1485431744.972,0,0.75,1.0,0.0,True,True,6,uniform_time_spread_among_preregistered_eligible_anchors,False,False,False,False
r8-boundary-safe-robothead-confirmation-20260807,DOA-R8-BOUNDARY-SAFE-ROBOTHEAD-CONFIRM-20260807,boundary_safe_robothead_confirmation,independent_confirmation_after_eigenmike_mechanism_discovery,task3,<LOCATA_EVAL_ROOT>\task3\recording2,recording2,1100,1485431747.034,0,0.33217827282575485,0.4429043637676731,0.0,False,False,7,uniform_time_spread_among_preregistered_eligible_anchors,False,False,False,False
r8-boundary-safe-robothead-confirmation-20260807,DOA-R8-BOUNDARY-SAFE-ROBOTHEAD-CONFIRM-20260807,boundary_safe_robothead_confirmation,independent_confirmation_after_eigenmike_mechanism_discovery,task3,<LOCATA_EVAL_ROOT>\task3\recording2,recording2,1159,1485431747.533,0,0.75,1.0,0.0,True,True,8,uniform_time_spread_among_preregistered_eligible_anchors,False,False,False,False
r8-boundary-safe-robothead-confirmation-20260807,DOA-R8-BOUNDARY-SAFE-ROBOTHEAD-CONFIRM-20260807,boundary_safe_robothead_confirmation,independent_confirmation_after_eigenmike_mechanism_discovery,task3,<LOCATA_EVAL_ROOT>\task3\recording2,recording2,1219,1485431748.033,0,0.75,1.0,0.0,True,True,9,uniform_time_spread_among_preregistered_eligible_anchors,False,False,False,False
r8-boundary-safe-robothead-confirmation-20260807,DOA-R8-BOUNDARY-SAFE-ROBOTHEAD-CONFIRM-20260807,boundary_safe_robothead_confirmation,independent_confirmation_after_eigenmike_mechanism_discovery,task3,<LOCATA_EVAL_ROOT>\task3\recording2,recording2,1425,1485431749.739,0,0.3982597705619288,0.5310130274159051,0.0,True,False,10,uniform_time_spread_among_preregistered_eligible_anchors,False,False,False,False
r8-boundary-safe-robothead-confirmation-20260807,DOA-R8-BOUNDARY-SAFE-ROBOTHEAD-CONFIRM-20260807,boundary_safe_robothead_confirmation,independent_confirmation_after_eigenmike_mechanism_discovery,task3,<LOCATA_EVAL_ROOT>\task3\recording2,recording2,1485,1485431750.239,0,0.75,1.0,0.0,True,True,11,uniform_time_spread_among_preregistered_eligible_anchors,False,False,False,False
r8-boundary-safe-robothead-confirmation-20260807,DOA-R8-BOUNDARY-SAFE-ROBOTHEAD-CONFIRM-20260807,boundary_safe_robothead_confirmation,independent_confirmation_after_eigenmike_mechanism_discovery,task3,<LOCATA_EVAL_ROOT>\task3\recording2,recording2,1544,1485431750.733,0,0.75,1.0,0.0,True,True,12,uniform_time_spread_among_preregistered_eligible_anchors,False,False,False,False
r8-boundary-safe-robothead-confirmation-20260807,DOA-R8-BOUNDARY-SAFE-ROBOTHEAD-CONFIRM-20260807,boundary_safe_robothead_confirmation,independent_confirmation_after_eigenmike_mechanism_discovery,task3,<LOCATA_EVAL_ROOT>\task3\recording2,recording2,1604,1485431751.233,0,0.75,1.0,0.0,True,True,13,uniform_time_spread_among_preregistered_eligible_anchors,False,False,False,False
r8-boundary-safe-robothead-confirmation-20260807,DOA-R8-BOUNDARY-SAFE-ROBOTHEAD-CONFIRM-20260807,boundary_safe_robothead_confirmation,independent_confirmation_after_eigenmike_mechanism_discovery,task3,<LOCATA_EVAL_ROOT>\task3\recording2,recording2,1849,1485431753.283,0,0.3008249770839699,0.4010999694452932,0.0,False,False,14,uniform_time_spread_among_preregistered_eligible_anchors,False,False,False,False
r8-boundary-safe-robothead-confirmation-20260807,DOA-R8-BOUNDARY-SAFE-ROBOTHEAD-CONFIRM-20260807,boundary_safe_robothead_confirmation,independent_confirmation_after_eigenmike_mechanism_discovery,task3,<LOCATA_EVAL_ROOT>\task3\recording2,recording2,1909,1485431753.783,0,0.75,1.0,0.0,True,True,15,uniform_time_spread_among_preregistered_eligible_anchors,False,False,False,False
r8-boundary-safe-robothead-confirmation-20260807,DOA-R8-BOUNDARY-SAFE-ROBOTHEAD-CONFIRM-20260807,boundary_safe_robothead_confirmation,independent_confirmation_after_eigenmike_mechanism_discovery,task3,<LOCATA_EVAL_ROOT>\task3\recording2,recording2,1969,1485431754.272,0,0.75,1.0,0.0,True,True,16,uniform_time_spread_among_preregistered_eligible_anchors,False,False,False,False
r8-boundary-safe-robothead-confirmation-20260807,DOA-R8-BOUNDARY-SAFE-ROBOTHEAD-CONFIRM-20260807,boundary_safe_robothead_confirmation,independent_confirmation_after_eigenmike_mechanism_discovery,task3,<LOCATA_EVAL_ROOT>\task3\recording2,recording2,2028,1485431754.763,0,0.75,1.0,0.0,True,True,17,uniform_time_spread_among_preregistered_eligible_anchors,False,False,False,False
r8-boundary-safe-robothead-confirmation-20260807,DOA-R8-BOUNDARY-SAFE-ROBOTHEAD-CONFIRM-20260807,boundary_safe_robothead_confirmation,independent_confirmation_after_eigenmike_mechanism_discovery,task3,<LOCATA_EVAL_ROOT>\task3\recording2,recording2,2425,1485431758.083,0,0.5494222382711591,0.7325629843615455,0.0,True,False,18,uniform_time_spread_among_preregistered_eligible_anchors,False,False,False,False
r8-boundary-safe-robothead-confirmation-20260807,DOA-R8-BOUNDARY-SAFE-ROBOTHEAD-CONFIRM-20260807,boundary_safe_robothead_confirmation,independent_confirmation_after_eigenmike_mechanism_discovery,task3,<LOCATA_EVAL_ROOT>\task3\recording2,recording2,2485,1485431758.571,0,0.75,1.0,0.0,True,True,19,uniform_time_spread_among_preregistered_eligible_anchors,False,False,False,False
r8-boundary-safe-robothead-confirmation-20260807,DOA-R8-BOUNDARY-SAFE-ROBOTHEAD-CONFIRM-20260807,boundary_safe_robothead_confirmation,independent_confirmation_after_eigenmike_mechanism_discovery,task3,<LOCATA_EVAL_ROOT>\task3\recording3,recording3,241,1485433265.792,0,0.10760117774506264,0.14346823699341685,0.0,False,False,0,uniform_time_spread_among_preregistered_eligible_anchors,False,False,False,False
r8-boundary-safe-robothead-confirmation-20260807,DOA-R8-BOUNDARY-SAFE-ROBOTHEAD-CONFIRM-20260807,boundary_safe_robothead_confirmation,independent_confirmation_after_eigenmike_mechanism_discovery,task3,<LOCATA_EVAL_ROOT>\task3\recording3,recording3,340,1485433266.612,0,0.75,1.0,0.0,True,True,1,uniform_time_spread_among_preregistered_eligible_anchors,False,False,False,False
r8-boundary-safe-robothead-confirmation-20260807,DOA-R8-BOUNDARY-SAFE-ROBOTHEAD-CONFIRM-20260807,boundary_safe_robothead_confirmation,independent_confirmation_after_eigenmike_mechanism_discovery,task3,<LOCATA_EVAL_ROOT>\task3\recording3,recording3,439,1485433267.437,0,0.75,1.0,0.0,True,True,2,uniform_time_spread_among_preregistered_eligible_anchors,False,False,False,False
r8-boundary-safe-robothead-confirmation-20260807,DOA-R8-BOUNDARY-SAFE-ROBOTHEAD-CONFIRM-20260807,boundary_safe_robothead_confirmation,independent_confirmation_after_eigenmike_mechanism_discovery,task3,<LOCATA_EVAL_ROOT>\task3\recording3,recording3,603,1485433268.809,0,0.6600024999305575,0.8800033332407433,0.0,True,True,3,uniform_time_spread_among_preregistered_eligible_anchors,False,False,False,False
r8-boundary-safe-robothead-confirmation-20260807,DOA-R8-BOUNDARY-SAFE-ROBOTHEAD-CONFIRM-20260807,boundary_safe_robothead_confirmation,independent_confirmation_after_eigenmike_mechanism_discovery,task3,<LOCATA_EVAL_ROOT>\task3\recording3,recording3,702,1485433269.628,0,0.75,1.0,0.0,True,True,4,uniform_time_spread_among_preregistered_eligible_anchors,False,False,False,False
r8-boundary-safe-robothead-confirmation-20260807,DOA-R8-BOUNDARY-SAFE-ROBOTHEAD-CONFIRM-20260807,boundary_safe_robothead_confirmation,independent_confirmation_after_eigenmike_mechanism_discovery,task3,<LOCATA_EVAL_ROOT>\task3\recording3,recording3,801,1485433270.454,0,0.75,1.0,0.0,True,True,5,uniform_time_spread_among_preregistered_eligible_anchors,False,False,False,False
r8-boundary-safe-robothead-confirmation-20260807,DOA-R8-BOUNDARY-SAFE-ROBOTHEAD-CONFIRM-20260807,boundary_safe_robothead_confirmation,independent_confirmation_after_eigenmike_mechanism_discovery,task3,<LOCATA_EVAL_ROOT>\task3\recording3,recording3,962,1485433271.795,0,0.5661092747423683,0.7548123663231577,0.0,True,False,6,uniform_time_spread_among_preregistered_eligible_anchors,False,False,False,False
r8-boundary-safe-robothead-confirmation-20260807,DOA-R8-BOUNDARY-SAFE-ROBOTHEAD-CONFIRM-20260807,boundary_safe_robothead_confirmation,independent_confirmation_after_eigenmike_mechanism_discovery,task3,<LOCATA_EVAL_ROOT>\task3\recording3,recording3,1061,1485433272.625,0,0.75,1.0,0.0,True,True,7,uniform_time_spread_among_preregistered_eligible_anchors,False,False,False,False
r8-boundary-safe-robothead-confirmation-20260807,DOA-R8-BOUNDARY-SAFE-ROBOTHEAD-CONFIRM-20260807,boundary_safe_robothead_confirmation,independent_confirmation_after_eigenmike_mechanism_discovery,task3,<LOCATA_EVAL_ROOT>\task3\recording3,recording3,1161,1485433273.453,0,0.75,1.0,0.0,True,True,8,uniform_time_spread_among_preregistered_eligible_anchors,False,False,False,False
r8-boundary-safe-robothead-confirmation-20260807,DOA-R8-BOUNDARY-SAFE-ROBOTHEAD-CONFIRM-20260807,boundary_safe_robothead_confirmation,independent_confirmation_after_eigenmike_mechanism_discovery,task3,<LOCATA_EVAL_ROOT>\task3\recording3,recording3,1351,1485433275.042,0,0.46165384294880696,0.615538457265076,0.0,True,False,9,uniform_time_spread_among_preregistered_eligible_anchors,False,False,False,False
r8-boundary-safe-robothead-confirmation-20260807,DOA-R8-BOUNDARY-SAFE-ROBOTHEAD-CONFIRM-20260807,boundary_safe_robothead_confirmation,independent_confirmation_after_eigenmike_mechanism_discovery,task3,<LOCATA_EVAL_ROOT>\task3\recording3,recording3,1450,1485433275.862,0,0.75,1.0,0.0,True,True,10,uniform_time_spread_among_preregistered_eligible_anchors,False,False,False,False
r8-boundary-safe-robothead-confirmation-20260807,DOA-R8-BOUNDARY-SAFE-ROBOTHEAD-CONFIRM-20260807,boundary_safe_robothead_confirmation,independent_confirmation_after_eigenmike_mechanism_discovery,task3,<LOCATA_EVAL_ROOT>\task3\recording3,recording3,1668,1485433277.678,0,0.75,1.0,0.0,True,True,11,uniform_time_spread_among_preregistered_eligible_anchors,False,False,False,False
r8-boundary-safe-robothead-confirmation-20260807,DOA-R8-BOUNDARY-SAFE-ROBOTHEAD-CONFIRM-20260807,boundary_safe_robothead_confirmation,independent_confirmation_after_eigenmike_mechanism_discovery,task3,<LOCATA_EVAL_ROOT>\task3\recording3,recording3,1768,1485433278.512,0,0.75,1.0,0.0,True,True,12,uniform_time_spread_among_preregistered_eligible_anchors,False,False,False,False
r8-boundary-safe-robothead-confirmation-20260807,DOA-R8-BOUNDARY-SAFE-ROBOTHEAD-CONFIRM-20260807,boundary_safe_robothead_confirmation,independent_confirmation_after_eigenmike_mechanism_discovery,task3,<LOCATA_EVAL_ROOT>\task3\recording3,recording3,1913,1485433279.72,0,0.36682314380156106,0.4890975250687481,0.0,False,False,13,uniform_time_spread_among_preregistered_eligible_anchors,False,False,False,False
r8-boundary-safe-robothead-confirmation-20260807,DOA-R8-BOUNDARY-SAFE-ROBOTHEAD-CONFIRM-20260807,boundary_safe_robothead_confirmation,independent_confirmation_after_eigenmike_mechanism_discovery,task3,<LOCATA_EVAL_ROOT>\task3\recording3,recording3,2012,1485433280.545,0,0.75,1.0,0.0,True,True,14,uniform_time_spread_among_preregistered_eligible_anchors,False,False,False,False
r8-boundary-safe-robothead-confirmation-20260807,DOA-R8-BOUNDARY-SAFE-ROBOTHEAD-CONFIRM-20260807,boundary_safe_robothead_confirmation,independent_confirmation_after_eigenmike_mechanism_discovery,task3,<LOCATA_EVAL_ROOT>\task3\recording3,recording3,2204,1485433282.144,0,0.2527429793616844,0.33699063914891253,0.0,False,False,15,uniform_time_spread_among_preregistered_eligible_anchors,False,False,False,False
r8-boundary-safe-robothead-confirmation-20260807,DOA-R8-BOUNDARY-SAFE-ROBOTHEAD-CONFIRM-20260807,boundary_safe_robothead_confirmation,independent_confirmation_after_eigenmike_mechanism_discovery,task3,<LOCATA_EVAL_ROOT>\task3\recording3,recording3,2303,1485433282.975,0,0.75,1.0,0.0,True,True,16,uniform_time_spread_among_preregistered_eligible_anchors,False,False,False,False
r8-boundary-safe-robothead-confirmation-20260807,DOA-R8-BOUNDARY-SAFE-ROBOTHEAD-CONFIRM-20260807,boundary_safe_robothead_confirmation,independent_confirmation_after_eigenmike_mechanism_discovery,task3,<LOCATA_EVAL_ROOT>\task3\recording3,recording3,2475,1485433284.403,0,0.27384655981778283,0.36512874642371046,0.0,False,False,17,uniform_time_spread_among_preregistered_eligible_anchors,False,False,False,False
r8-boundary-safe-robothead-confirmation-20260807,DOA-R8-BOUNDARY-SAFE-ROBOTHEAD-CONFIRM-20260807,boundary_safe_robothead_confirmation,independent_confirmation_after_eigenmike_mechanism_discovery,task3,<LOCATA_EVAL_ROOT>\task3\recording3,recording3,2574,1485433285.23,0,0.75,1.0,0.0,True,True,18,uniform_time_spread_among_preregistered_eligible_anchors,False,False,False,False
r8-boundary-safe-robothead-confirmation-20260807,DOA-R8-BOUNDARY-SAFE-ROBOTHEAD-CONFIRM-20260807,boundary_safe_robothead_confirmation,independent_confirmation_after_eigenmike_mechanism_discovery,task3,<LOCATA_EVAL_ROOT>\task3\recording3,recording3,2673,1485433286.053,0,0.75,1.0,0.0,True,True,19,uniform_time_spread_among_preregistered_eligible_anchors,False,False,False,False
r8-boundary-safe-robothead-confirmation-20260807,DOA-R8-BOUNDARY-SAFE-ROBOTHEAD-CONFIRM-20260807,boundary_safe_robothead_confirmation,independent_confirmation_after_eigenmike_mechanism_discovery,task3,<LOCATA_EVAL_ROOT>\task3\recording4,recording4,298,1485433543.678,0,0.11097608399766673,0.14796811199688897,0.0,False,False,0,uniform_time_spread_among_preregistered_eligible_anchors,False,False,False,False
r8-boundary-safe-robothead-confirmation-20260807,DOA-R8-BOUNDARY-SAFE-ROBOTHEAD-CONFIRM-20260807,boundary_safe_robothead_confirmation,independent_confirmation_after_eigenmike_mechanism_discovery,task3,<LOCATA_EVAL_ROOT>\task3\recording4,recording4,409,1485433544.598,0,0.75,1.0,0.0,True,True,1,uniform_time_spread_among_preregistered_eligible_anchors,False,False,False,False
r8-boundary-safe-robothead-confirmation-20260807,DOA-R8-BOUNDARY-SAFE-ROBOTHEAD-CONFIRM-20260807,boundary_safe_robothead_confirmation,independent_confirmation_after_eigenmike_mechanism_discovery,task3,<LOCATA_EVAL_ROOT>\task3\recording4,recording4,560,1485433545.862,0,0.4111969111969112,0.5482625482625483,0.0,True,False,2,uniform_time_spread_among_preregistered_eligible_anchors,False,False,False,False
r8-boundary-safe-robothead-confirmation-20260807,DOA-R8-BOUNDARY-SAFE-ROBOTHEAD-CONFIRM-20260807,boundary_safe_robothead_confirmation,independent_confirmation_after_eigenmike_mechanism_discovery,task3,<LOCATA_EVAL_ROOT>\task3\recording4,recording4,670,1485433546.773,0,0.75,1.0,0.0,True,True,3,uniform_time_spread_among_preregistered_eligible_anchors,False,False,False,False
r8-boundary-safe-robothead-confirmation-20260807,DOA-R8-BOUNDARY-SAFE-ROBOTHEAD-CONFIRM-20260807,boundary_safe_robothead_confirmation,independent_confirmation_after_eigenmike_mechanism_discovery,task3,<LOCATA_EVAL_ROOT>\task3\recording4,recording4,781,1485433547.698,0,0.75,1.0,0.0,True,True,4,uniform_time_spread_among_preregistered_eligible_anchors,False,False,False,False
r8-boundary-safe-robothead-confirmation-20260807,DOA-R8-BOUNDARY-SAFE-ROBOTHEAD-CONFIRM-20260807,boundary_safe_robothead_confirmation,independent_confirmation_after_eigenmike_mechanism_discovery,task3,<LOCATA_EVAL_ROOT>\task3\recording4,recording4,991,1485433549.448,0,0.7035429571400794,0.9380572761867726,0.0,True,True,5,uniform_time_spread_among_preregistered_eligible_anchors,False,False,False,False
r8-boundary-safe-robothead-confirmation-20260807,DOA-R8-BOUNDARY-SAFE-ROBOTHEAD-CONFIRM-20260807,boundary_safe_robothead_confirmation,independent_confirmation_after_eigenmike_mechanism_discovery,task3,<LOCATA_EVAL_ROOT>\task3\recording4,recording4,1130,1485433550.612,0,0.5114441265520402,0.681925502069387,0.0,True,False,6,uniform_time_spread_among_preregistered_eligible_anchors,False,False,False,False
r8-boundary-safe-robothead-confirmation-20260807,DOA-R8-BOUNDARY-SAFE-ROBOTHEAD-CONFIRM-20260807,boundary_safe_robothead_confirmation,independent_confirmation_after_eigenmike_mechanism_discovery,task3,<LOCATA_EVAL_ROOT>\task3\recording4,recording4,1295,1485433551.981,0,0.3417405072081331,0.4556540096108441,0.0,False,False,7,uniform_time_spread_among_preregistered_eligible_anchors,False,False,False,False
r8-boundary-safe-robothead-confirmation-20260807,DOA-R8-BOUNDARY-SAFE-ROBOTHEAD-CONFIRM-20260807,boundary_safe_robothead_confirmation,independent_confirmation_after_eigenmike_mechanism_discovery,task3,<LOCATA_EVAL_ROOT>\task3\recording4,recording4,1405,1485433552.9,0,0.75,1.0,0.0,True,True,8,uniform_time_spread_among_preregistered_eligible_anchors,False,False,False,False
r8-boundary-safe-robothead-confirmation-20260807,DOA-R8-BOUNDARY-SAFE-ROBOTHEAD-CONFIRM-20260807,boundary_safe_robothead_confirmation,independent_confirmation_after_eigenmike_mechanism_discovery,task3,<LOCATA_EVAL_ROOT>\task3\recording4,recording4,1516,1485433553.828,0,0.75,1.0,0.0,True,True,9,uniform_time_spread_among_preregistered_eligible_anchors,False,False,False,False
r8-boundary-safe-robothead-confirmation-20260807,DOA-R8-BOUNDARY-SAFE-ROBOTHEAD-CONFIRM-20260807,boundary_safe_robothead_confirmation,independent_confirmation_after_eigenmike_mechanism_discovery,task3,<LOCATA_EVAL_ROOT>\task3\recording4,recording4,1718,1485433555.512,0,0.1439126690925252,0.1918835587900336,0.0,False,False,10,uniform_time_spread_among_preregistered_eligible_anchors,False,False,False,False
r8-boundary-safe-robothead-confirmation-20260807,DOA-R8-BOUNDARY-SAFE-ROBOTHEAD-CONFIRM-20260807,boundary_safe_robothead_confirmation,independent_confirmation_after_eigenmike_mechanism_discovery,task3,<LOCATA_EVAL_ROOT>\task3\recording4,recording4,1829,1485433556.431,0,0.75,1.0,0.0,True,True,11,uniform_time_spread_among_preregistered_eligible_anchors,False,False,False,False
r8-boundary-safe-robothead-confirmation-20260807,DOA-R8-BOUNDARY-SAFE-ROBOTHEAD-CONFIRM-20260807,boundary_safe_robothead_confirmation,independent_confirmation_after_eigenmike_mechanism_discovery,task3,<LOCATA_EVAL_ROOT>\task3\recording4,recording4,1939,1485433557.348,0,0.75,1.0,0.0,True,True,12,uniform_time_spread_among_preregistered_eligible_anchors,False,False,False,False
r8-boundary-safe-robothead-confirmation-20260807,DOA-R8-BOUNDARY-SAFE-ROBOTHEAD-CONFIRM-20260807,boundary_safe_robothead_confirmation,independent_confirmation_after_eigenmike_mechanism_discovery,task3,<LOCATA_EVAL_ROOT>\task3\recording4,recording4,2096,1485433558.656,0,0.5600052776311769,0.7466737035082359,0.0,True,False,13,uniform_time_spread_among_preregistered_eligible_anchors,False,False,False,False
r8-boundary-safe-robothead-confirmation-20260807,DOA-R8-BOUNDARY-SAFE-ROBOTHEAD-CONFIRM-20260807,boundary_safe_robothead_confirmation,independent_confirmation_after_eigenmike_mechanism_discovery,task3,<LOCATA_EVAL_ROOT>\task3\recording4,recording4,2207,1485433559.581,0,0.75,1.0,0.0,True,True,14,uniform_time_spread_among_preregistered_eligible_anchors,False,False,False,False
r8-boundary-safe-robothead-confirmation-20260807,DOA-R8-BOUNDARY-SAFE-ROBOTHEAD-CONFIRM-20260807,boundary_safe_robothead_confirmation,independent_confirmation_after_eigenmike_mechanism_discovery,task3,<LOCATA_EVAL_ROOT>\task3\recording4,recording4,2318,1485433560.511,0,0.75,1.0,0.0,True,True,15,uniform_time_spread_among_preregistered_eligible_anchors,False,False,False,False
r8-boundary-safe-robothead-confirmation-20260807,DOA-R8-BOUNDARY-SAFE-ROBOTHEAD-CONFIRM-20260807,boundary_safe_robothead_confirmation,independent_confirmation_after_eigenmike_mechanism_discovery,task3,<LOCATA_EVAL_ROOT>\task3\recording4,recording4,2558,1485433562.511,0,0.32661592733535183,0.4354879031138024,0.0,False,False,16,uniform_time_spread_among_preregistered_eligible_anchors,False,False,False,False
r8-boundary-safe-robothead-confirmation-20260807,DOA-R8-BOUNDARY-SAFE-ROBOTHEAD-CONFIRM-20260807,boundary_safe_robothead_confirmation,independent_confirmation_after_eigenmike_mechanism_discovery,task3,<LOCATA_EVAL_ROOT>\task3\recording4,recording4,2668,1485433563.421,0,0.75,1.0,0.0,True,True,17,uniform_time_spread_among_preregistered_eligible_anchors,False,False,False,False
r8-boundary-safe-robothead-confirmation-20260807,DOA-R8-BOUNDARY-SAFE-ROBOTHEAD-CONFIRM-20260807,boundary_safe_robothead_confirmation,independent_confirmation_after_eigenmike_mechanism_discovery,task3,<LOCATA_EVAL_ROOT>\task3\recording4,recording4,2870,1485433565.111,0,0.5341101636065665,0.7121468848087553,0.0,True,False,18,uniform_time_spread_among_preregistered_eligible_anchors,False,False,False,False
r8-boundary-safe-robothead-confirmation-20260807,DOA-R8-BOUNDARY-SAFE-ROBOTHEAD-CONFIRM-20260807,boundary_safe_robothead_confirmation,independent_confirmation_after_eigenmike_mechanism_discovery,task3,<LOCATA_EVAL_ROOT>\task3\recording4,recording4,2981,1485433566.03,0,0.75,1.0,0.0,True,True,19,uniform_time_spread_among_preregistered_eligible_anchors,False,False,False,False
r8-boundary-safe-robothead-confirmation-20260807,DOA-R8-BOUNDARY-SAFE-ROBOTHEAD-CONFIRM-20260807,boundary_safe_robothead_confirmation,independent_confirmation_after_eigenmike_mechanism_discovery,task3,<LOCATA_EVAL_ROOT>\task3\recording5,recording5,443,1485435387.155,0,0.10141384961528847,0.13521846615371796,0.0,False,False,0,uniform_time_spread_among_preregistered_eligible_anchors,False,False,False,False
r8-boundary-safe-robothead-confirmation-20260807,DOA-R8-BOUNDARY-SAFE-ROBOTHEAD-CONFIRM-20260807,boundary_safe_robothead_confirmation,independent_confirmation_after_eigenmike_mechanism_discovery,task3,<LOCATA_EVAL_ROOT>\task3\recording5,recording5,510,1485435387.705,0,0.6513985722618816,0.8685314296825088,0.0,True,True,1,uniform_time_spread_among_preregistered_eligible_anchors,False,False,False,False
r8-boundary-safe-robothead-confirmation-20260807,DOA-R8-BOUNDARY-SAFE-ROBOTHEAD-CONFIRM-20260807,boundary_safe_robothead_confirmation,independent_confirmation_after_eigenmike_mechanism_discovery,task3,<LOCATA_EVAL_ROOT>\task3\recording5,recording5,576,1485435388.255,0,0.75,1.0,0.0,True,True,2,uniform_time_spread_among_preregistered_eligible_anchors,False,False,False,False
r8-boundary-safe-robothead-confirmation-20260807,DOA-R8-BOUNDARY-SAFE-ROBOTHEAD-CONFIRM-20260807,boundary_safe_robothead_confirmation,independent_confirmation_after_eigenmike_mechanism_discovery,task3,<LOCATA_EVAL_ROOT>\task3\recording5,recording5,643,1485435388.821,0,0.75,1.0,0.0,True,True,3,uniform_time_spread_among_preregistered_eligible_anchors,False,False,False,False
r8-boundary-safe-robothead-confirmation-20260807,DOA-R8-BOUNDARY-SAFE-ROBOTHEAD-CONFIRM-20260807,boundary_safe_robothead_confirmation,independent_confirmation_after_eigenmike_mechanism_discovery,task3,<LOCATA_EVAL_ROOT>\task3\recording5,recording5,808,1485435390.188,0,0.305116524540985,0.4068220327213133,0.0,False,False,4,uniform_time_spread_among_preregistered_eligible_anchors,False,False,False,False
r8-boundary-safe-robothead-confirmation-20260807,DOA-R8-BOUNDARY-SAFE-ROBOTHEAD-CONFIRM-20260807,boundary_safe_robothead_confirmation,independent_confirmation_after_eigenmike_mechanism_discovery,task3,<LOCATA_EVAL_ROOT>\task3\recording5,recording5,874,1485435390.738,0,0.75,1.0,0.0,True,True,5,uniform_time_spread_among_preregistered_eligible_anchors,False,False,False,False
r8-boundary-safe-robothead-confirmation-20260807,DOA-R8-BOUNDARY-SAFE-ROBOTHEAD-CONFIRM-20260807,boundary_safe_robothead_confirmation,independent_confirmation_after_eigenmike_mechanism_discovery,task3,<LOCATA_EVAL_ROOT>\task3\recording5,recording5,941,1485435391.297,0,0.75,1.0,0.0,True,True,6,uniform_time_spread_among_preregistered_eligible_anchors,False,False,False,False
r8-boundary-safe-robothead-confirmation-20260807,DOA-R8-BOUNDARY-SAFE-ROBOTHEAD-CONFIRM-20260807,boundary_safe_robothead_confirmation,independent_confirmation_after_eigenmike_mechanism_discovery,task3,<LOCATA_EVAL_ROOT>\task3\recording5,recording5,1007,1485435391.855,0,0.75,1.0,0.0,True,True,7,uniform_time_spread_among_preregistered_eligible_anchors,False,False,False,False
r8-boundary-safe-robothead-confirmation-20260807,DOA-R8-BOUNDARY-SAFE-ROBOTHEAD-CONFIRM-20260807,boundary_safe_robothead_confirmation,independent_confirmation_after_eigenmike_mechanism_discovery,task3,<LOCATA_EVAL_ROOT>\task3\recording5,recording5,1074,1485435392.406,0,0.75,1.0,0.0,True,True,8,uniform_time_spread_among_preregistered_eligible_anchors,False,False,False,False
r8-boundary-safe-robothead-confirmation-20260807,DOA-R8-BOUNDARY-SAFE-ROBOTHEAD-CONFIRM-20260807,boundary_safe_robothead_confirmation,independent_confirmation_after_eigenmike_mechanism_discovery,task3,<LOCATA_EVAL_ROOT>\task3\recording5,recording5,1305,1485435394.338,0,0.22622288269770283,0.30163051026360377,0.0,False,False,9,uniform_time_spread_among_preregistered_eligible_anchors,False,False,False,False
r8-boundary-safe-robothead-confirmation-20260807,DOA-R8-BOUNDARY-SAFE-ROBOTHEAD-CONFIRM-20260807,boundary_safe_robothead_confirmation,independent_confirmation_after_eigenmike_mechanism_discovery,task3,<LOCATA_EVAL_ROOT>\task3\recording5,recording5,1411,1485435395.213,0,0.42219660564984307,0.5629288075331241,0.0,True,False,10,uniform_time_spread_among_preregistered_eligible_anchors,False,False,False,False
r8-boundary-safe-robothead-confirmation-20260807,DOA-R8-BOUNDARY-SAFE-ROBOTHEAD-CONFIRM-20260807,boundary_safe_robothead_confirmation,independent_confirmation_after_eigenmike_mechanism_discovery,task3,<LOCATA_EVAL_ROOT>\task3\recording5,recording5,1478,1485435395.772,0,0.5794005722063276,0.7725340962751035,0.0,True,False,11,uniform_time_spread_among_preregistered_eligible_anchors,False,False,False,False
r8-boundary-safe-robothead-confirmation-20260807,DOA-R8-BOUNDARY-SAFE-ROBOTHEAD-CONFIRM-20260807,boundary_safe_robothead_confirmation,independent_confirmation_after_eigenmike_mechanism_discovery,task3,<LOCATA_EVAL_ROOT>\task3\recording5,recording5,1763,1485435398.147,0,0.3574900697202855,0.47665342629371404,0.0,False,False,12,uniform_time_spread_among_preregistered_eligible_anchors,False,False,False,False
r8-boundary-safe-robothead-confirmation-20260807,DOA-R8-BOUNDARY-SAFE-ROBOTHEAD-CONFIRM-20260807,boundary_safe_robothead_confirmation,independent_confirmation_after_eigenmike_mechanism_discovery,task3,<LOCATA_EVAL_ROOT>\task3\recording5,recording5,1829,1485435398.704,0,0.75,1.0,0.0,True,True,13,uniform_time_spread_among_preregistered_eligible_anchors,False,False,False,False
r8-boundary-safe-robothead-confirmation-20260807,DOA-R8-BOUNDARY-SAFE-ROBOTHEAD-CONFIRM-20260807,boundary_safe_robothead_confirmation,independent_confirmation_after_eigenmike_mechanism_discovery,task3,<LOCATA_EVAL_ROOT>\task3\recording5,recording5,2056,1485435400.588,0,0.46315380128329764,0.6175384017110636,0.0,True,False,14,uniform_time_spread_among_preregistered_eligible_anchors,False,False,False,False
r8-boundary-safe-robothead-confirmation-20260807,DOA-R8-BOUNDARY-SAFE-ROBOTHEAD-CONFIRM-20260807,boundary_safe_robothead_confirmation,independent_confirmation_after_eigenmike_mechanism_discovery,task3,<LOCATA_EVAL_ROOT>\task3\recording5,recording5,2164,1485435401.488,0,0.4775700674981251,0.6367600899975001,0.0,True,False,15,uniform_time_spread_among_preregistered_eligible_anchors,False,False,False,False
r8-boundary-safe-robothead-confirmation-20260807,DOA-R8-BOUNDARY-SAFE-ROBOTHEAD-CONFIRM-20260807,boundary_safe_robothead_confirmation,independent_confirmation_after_eigenmike_mechanism_discovery,task3,<LOCATA_EVAL_ROOT>\task3\recording5,recording5,2231,1485435402.046,0,0.75,1.0,0.0,True,True,16,uniform_time_spread_among_preregistered_eligible_anchors,False,False,False,False
r8-boundary-safe-robothead-confirmation-20260807,DOA-R8-BOUNDARY-SAFE-ROBOTHEAD-CONFIRM-20260807,boundary_safe_robothead_confirmation,independent_confirmation_after_eigenmike_mechanism_discovery,task3,<LOCATA_EVAL_ROOT>\task3\recording5,recording5,2298,1485435402.607,0,0.75,1.0,0.0,True,True,17,uniform_time_spread_among_preregistered_eligible_anchors,False,False,False,False
r8-boundary-safe-robothead-confirmation-20260807,DOA-R8-BOUNDARY-SAFE-ROBOTHEAD-CONFIRM-20260807,boundary_safe_robothead_confirmation,independent_confirmation_after_eigenmike_mechanism_discovery,task3,<LOCATA_EVAL_ROOT>\task3\recording5,recording5,2364,1485435403.154,0,0.75,1.0,0.0,True,True,18,uniform_time_spread_among_preregistered_eligible_anchors,False,False,False,False
r8-boundary-safe-robothead-confirmation-20260807,DOA-R8-BOUNDARY-SAFE-ROBOTHEAD-CONFIRM-20260807,boundary_safe_robothead_confirmation,independent_confirmation_after_eigenmike_mechanism_discovery,task3,<LOCATA_EVAL_ROOT>\task3\recording5,recording5,2431,1485435403.713,0,0.75,1.0,0.0,True,True,19,uniform_time_spread_among_preregistered_eligible_anchors,False,False,False,False
r8-boundary-safe-robothead-confirmation-20260807,DOA-R8-BOUNDARY-SAFE-ROBOTHEAD-CONFIRM-20260807,boundary_safe_robothead_confirmation,independent_confirmation_after_eigenmike_mechanism_discovery,task4,<LOCATA_EVAL_ROOT>\task4\recording1,recording1,253,1503155547.565,0,0.11145523735451793,0.14860698313935725,0.0,False,False,0,uniform_time_spread_among_preregistered_eligible_anchors,False,False,False,False
r8-boundary-safe-robothead-confirmation-20260807,DOA-R8-BOUNDARY-SAFE-ROBOTHEAD-CONFIRM-20260807,boundary_safe_robothead_confirmation,independent_confirmation_after_eigenmike_mechanism_discovery,task4,<LOCATA_EVAL_ROOT>\task4\recording1,recording1,302,1503155547.966,0,0.512444098775034,0.683258798366712,0.0,True,False,1,uniform_time_spread_among_preregistered_eligible_anchors,False,False,False,False
r8-boundary-safe-robothead-confirmation-20260807,DOA-R8-BOUNDARY-SAFE-ROBOTHEAD-CONFIRM-20260807,boundary_safe_robothead_confirmation,independent_confirmation_after_eigenmike_mechanism_discovery,task4,<LOCATA_EVAL_ROOT>\task4\recording1,recording1,549,1503155550.02,1,0.75,1.0,0.04127663120468876,True,True,2,uniform_time_spread_among_preregistered_eligible_anchors,False,False,False,False
r8-boundary-safe-robothead-confirmation-20260807,DOA-R8-BOUNDARY-SAFE-ROBOTHEAD-CONFIRM-20260807,boundary_safe_robothead_confirmation,independent_confirmation_after_eigenmike_mechanism_discovery,task4,<LOCATA_EVAL_ROOT>\task4\recording1,recording1,932,1503155553.212,1,0.75,1.0,0.0,True,True,3,uniform_time_spread_among_preregistered_eligible_anchors,False,False,False,False
r8-boundary-safe-robothead-confirmation-20260807,DOA-R8-BOUNDARY-SAFE-ROBOTHEAD-CONFIRM-20260807,boundary_safe_robothead_confirmation,independent_confirmation_after_eigenmike_mechanism_discovery,task4,<LOCATA_EVAL_ROOT>\task4\recording1,recording1,2389,1503155565.353,1,0.75,1.0,0.0,True,True,4,uniform_time_spread_among_preregistered_eligible_anchors,False,False,False,False
r8-boundary-safe-robothead-confirmation-20260807,DOA-R8-BOUNDARY-SAFE-ROBOTHEAD-CONFIRM-20260807,boundary_safe_robothead_confirmation,independent_confirmation_after_eigenmike_mechanism_discovery,task4,<LOCATA_EVAL_ROOT>\task4\recording1,recording1,2555,1503155566.738,0,0.75,1.0,0.0,True,True,5,uniform_time_spread_among_preregistered_eligible_anchors,False,False,False,False
r8-boundary-safe-robothead-confirmation-20260807,DOA-R8-BOUNDARY-SAFE-ROBOTHEAD-CONFIRM-20260807,boundary_safe_robothead_confirmation,independent_confirmation_after_eigenmike_mechanism_discovery,task4,<LOCATA_EVAL_ROOT>\task4\recording1,recording1,2853,1503155569.222,1,0.75,1.0,0.0,True,True,6,uniform_time_spread_among_preregistered_eligible_anchors,False,False,False,False
r8-boundary-safe-robothead-confirmation-20260807,DOA-R8-BOUNDARY-SAFE-ROBOTHEAD-CONFIRM-20260807,boundary_safe_robothead_confirmation,independent_confirmation_after_eigenmike_mechanism_discovery,task4,<LOCATA_EVAL_ROOT>\task4\recording1,recording1,3386,1503155573.66,0,0.75,1.0,0.0,True,True,7,uniform_time_spread_among_preregistered_eligible_anchors,False,False,False,False
r8-boundary-safe-robothead-confirmation-20260807,DOA-R8-BOUNDARY-SAFE-ROBOTHEAD-CONFIRM-20260807,boundary_safe_robothead_confirmation,independent_confirmation_after_eigenmike_mechanism_discovery,task4,<LOCATA_EVAL_ROOT>\task4\recording1,recording1,3793,1503155577.052,1,0.75,1.0,0.043415460681647734,True,True,8,uniform_time_spread_among_preregistered_eligible_anchors,False,False,False,False
r8-boundary-safe-robothead-confirmation-20260807,DOA-R8-BOUNDARY-SAFE-ROBOTHEAD-CONFIRM-20260807,boundary_safe_robothead_confirmation,independent_confirmation_after_eigenmike_mechanism_discovery,task4,<LOCATA_EVAL_ROOT>\task4\recording1,recording1,5113,1503155588.052,0,0.75,1.0,0.0,True,True,9,uniform_time_spread_among_preregistered_eligible_anchors,False,False,False,False
r8-boundary-safe-robothead-confirmation-20260807,DOA-R8-BOUNDARY-SAFE-ROBOTHEAD-CONFIRM-20260807,boundary_safe_robothead_confirmation,independent_confirmation_after_eigenmike_mechanism_discovery,task4,<LOCATA_EVAL_ROOT>\task4\recording1,recording1,5163,1503155588.474,0,0.75,1.0,0.0,True,True,10,uniform_time_spread_among_preregistered_eligible_anchors,False,False,False,False
r8-boundary-safe-robothead-confirmation-20260807,DOA-R8-BOUNDARY-SAFE-ROBOTHEAD-CONFIRM-20260807,boundary_safe_robothead_confirmation,independent_confirmation_after_eigenmike_mechanism_discovery,task4,<LOCATA_EVAL_ROOT>\task4\recording1,recording1,5687,1503155592.834,0,0.2390766923141024,0.31876892308546984,0.0,False,False,11,uniform_time_spread_among_preregistered_eligible_anchors,False,False,False,False
r8-boundary-safe-robothead-confirmation-20260807,DOA-R8-BOUNDARY-SAFE-ROBOTHEAD-CONFIRM-20260807,boundary_safe_robothead_confirmation,independent_confirmation_after_eigenmike_mechanism_discovery,task4,<LOCATA_EVAL_ROOT>\task4\recording1,recording1,6004,1503155595.487,0,0.4758617816171773,0.6344823754895698,0.05658176161773284,True,False,12,uniform_time_spread_among_preregistered_eligible_anchors,False,False,False,False
r8-boundary-safe-robothead-confirmation-20260807,DOA-R8-BOUNDARY-SAFE-ROBOTHEAD-CONFIRM-20260807,boundary_safe_robothead_confirmation,independent_confirmation_after_eigenmike_mechanism_discovery,task4,<LOCATA_EVAL_ROOT>\task4\recording1,recording1,6464,1503155599.31,0,0.75,1.0,0.0,True,True,13,uniform_time_spread_among_preregistered_eligible_anchors,False,False,False,False
r8-boundary-safe-robothead-confirmation-20260807,DOA-R8-BOUNDARY-SAFE-ROBOTHEAD-CONFIRM-20260807,boundary_safe_robothead_confirmation,independent_confirmation_after_eigenmike_mechanism_discovery,task4,<LOCATA_EVAL_ROOT>\task4\recording1,recording1,6514,1503155599.726,0,0.75,1.0,0.0,True,True,14,uniform_time_spread_among_preregistered_eligible_anchors,False,False,False,False
r8-boundary-safe-robothead-confirmation-20260807,DOA-R8-BOUNDARY-SAFE-ROBOTHEAD-CONFIRM-20260807,boundary_safe_robothead_confirmation,independent_confirmation_after_eigenmike_mechanism_discovery,task4,<LOCATA_EVAL_ROOT>\task4\recording1,recording1,6563,1503155600.146,0,0.75,1.0,0.0,True,True,15,uniform_time_spread_among_preregistered_eligible_anchors,False,False,False,False
r8-boundary-safe-robothead-confirmation-20260807,DOA-R8-BOUNDARY-SAFE-ROBOTHEAD-CONFIRM-20260807,boundary_safe_robothead_confirmation,independent_confirmation_after_eigenmike_mechanism_discovery,task4,<LOCATA_EVAL_ROOT>\task4\recording1,recording1,6612,1503155600.542,0,0.75,1.0,0.0,True,True,16,uniform_time_spread_among_preregistered_eligible_anchors,False,False,False,False
r8-boundary-safe-robothead-confirmation-20260807,DOA-R8-BOUNDARY-SAFE-ROBOTHEAD-CONFIRM-20260807,boundary_safe_robothead_confirmation,independent_confirmation_after_eigenmike_mechanism_discovery,task4,<LOCATA_EVAL_ROOT>\task4\recording1,recording1,7435,1503155607.4,0,0.6925849281964389,0.9234465709285853,0.0,True,True,17,uniform_time_spread_among_preregistered_eligible_anchors,False,False,False,False
r8-boundary-safe-robothead-confirmation-20260807,DOA-R8-BOUNDARY-SAFE-ROBOTHEAD-CONFIRM-20260807,boundary_safe_robothead_confirmation,independent_confirmation_after_eigenmike_mechanism_discovery,task4,<LOCATA_EVAL_ROOT>\task4\recording1,recording1,8205,1503155613.817,1,0.75,1.0,0.04766534262937141,True,True,18,uniform_time_spread_among_preregistered_eligible_anchors,False,False,False,False
r8-boundary-safe-robothead-confirmation-20260807,DOA-R8-BOUNDARY-SAFE-ROBOTHEAD-CONFIRM-20260807,boundary_safe_robothead_confirmation,independent_confirmation_after_eigenmike_mechanism_discovery,task4,<LOCATA_EVAL_ROOT>\task4\recording1,recording1,8526,1503155616.492,1,0.4371336907308131,0.5828449209744174,0.0,True,False,19,uniform_time_spread_among_preregistered_eligible_anchors,False,False,False,False
r8-boundary-safe-robothead-confirmation-20260807,DOA-R8-BOUNDARY-SAFE-ROBOTHEAD-CONFIRM-20260807,boundary_safe_robothead_confirmation,independent_confirmation_after_eigenmike_mechanism_discovery,task4,<LOCATA_EVAL_ROOT>\task4\recording2,recording2,326,1503156231.615,0,0.10480958862253828,0.13974611816338436,0.0,False,False,0,uniform_time_spread_among_preregistered_eligible_anchors,False,False,False,False
r8-boundary-safe-robothead-confirmation-20260807,DOA-R8-BOUNDARY-SAFE-ROBOTHEAD-CONFIRM-20260807,boundary_safe_robothead_confirmation,independent_confirmation_after_eigenmike_mechanism_discovery,task4,<LOCATA_EVAL_ROOT>\task4\recording2,recording2,735,1503156235.021,1,0.75,1.0,0.0,True,True,1,uniform_time_spread_among_preregistered_eligible_anchors,False,False,False,False
r8-boundary-safe-robothead-confirmation-20260807,DOA-R8-BOUNDARY-SAFE-ROBOTHEAD-CONFIRM-20260807,boundary_safe_robothead_confirmation,independent_confirmation_after_eigenmike_mechanism_discovery,task4,<LOCATA_EVAL_ROOT>\task4\recording2,recording2,1101,1503156238.061,0,0.75,1.0,0.0,True,True,2,uniform_time_spread_among_preregistered_eligible_anchors,False,False,False,False
r8-boundary-safe-robothead-confirmation-20260807,DOA-R8-BOUNDARY-SAFE-ROBOTHEAD-CONFIRM-20260807,boundary_safe_robothead_confirmation,independent_confirmation_after_eigenmike_mechanism_discovery,task4,<LOCATA_EVAL_ROOT>\task4\recording2,recording2,1546,1503156241.767,1,0.75,1.0,0.0,True,True,3,uniform_time_spread_among_preregistered_eligible_anchors,False,False,False,False
r8-boundary-safe-robothead-confirmation-20260807,DOA-R8-BOUNDARY-SAFE-ROBOTHEAD-CONFIRM-20260807,boundary_safe_robothead_confirmation,independent_confirmation_after_eigenmike_mechanism_discovery,task4,<LOCATA_EVAL_ROOT>\task4\recording2,recording2,1911,1503156244.809,0,0.75,1.0,0.0,True,True,4,uniform_time_spread_among_preregistered_eligible_anchors,False,False,False,False
r8-boundary-safe-robothead-confirmation-20260807,DOA-R8-BOUNDARY-SAFE-ROBOTHEAD-CONFIRM-20260807,boundary_safe_robothead_confirmation,independent_confirmation_after_eigenmike_mechanism_discovery,task4,<LOCATA_EVAL_ROOT>\task4\recording2,recording2,2385,1503156248.762,0,0.75,1.0,0.0,True,True,5,uniform_time_spread_among_preregistered_eligible_anchors,False,False,False,False
r8-boundary-safe-robothead-confirmation-20260807,DOA-R8-BOUNDARY-SAFE-ROBOTHEAD-CONFIRM-20260807,boundary_safe_robothead_confirmation,independent_confirmation_after_eigenmike_mechanism_discovery,task4,<LOCATA_EVAL_ROOT>\task4\recording2,recording2,2750,1503156251.801,1,0.34294880697758395,0.45726507597011196,0.0,False,False,6,uniform_time_spread_among_preregistered_eligible_anchors,False,False,False,False
r8-boundary-safe-robothead-confirmation-20260807,DOA-R8-BOUNDARY-SAFE-ROBOTHEAD-CONFIRM-20260807,boundary_safe_robothead_confirmation,independent_confirmation_after_eigenmike_mechanism_discovery,task4,<LOCATA_EVAL_ROOT>\task4\recording2,recording2,3031,1503156254.141,1,0.75,1.0,0.0,True,True,7,uniform_time_spread_among_preregistered_eligible_anchors,False,False,False,False
r8-boundary-safe-robothead-confirmation-20260807,DOA-R8-BOUNDARY-SAFE-ROBOTHEAD-CONFIRM-20260807,boundary_safe_robothead_confirmation,independent_confirmation_after_eigenmike_mechanism_discovery,task4,<LOCATA_EVAL_ROOT>\task4\recording2,recording2,3397,1503156257.191,0,0.75,1.0,0.0,True,True,8,uniform_time_spread_among_preregistered_eligible_anchors,False,False,False,False
r8-boundary-safe-robothead-confirmation-20260807,DOA-R8-BOUNDARY-SAFE-ROBOTHEAD-CONFIRM-20260807,boundary_safe_robothead_confirmation,independent_confirmation_after_eigenmike_mechanism_discovery,task4,<LOCATA_EVAL_ROOT>\task4\recording2,recording2,3859,1503156261.048,0,0.75,1.0,0.0,True,True,9,uniform_time_spread_among_preregistered_eligible_anchors,False,False,False,False
r8-boundary-safe-robothead-confirmation-20260807,DOA-R8-BOUNDARY-SAFE-ROBOTHEAD-CONFIRM-20260807,boundary_safe_robothead_confirmation,independent_confirmation_after_eigenmike_mechanism_discovery,task4,<LOCATA_EVAL_ROOT>\task4\recording2,recording2,4237,1503156264.191,1,0.75,1.0,0.0,True,True,10,uniform_time_spread_among_preregistered_eligible_anchors,False,False,False,False
r8-boundary-safe-robothead-confirmation-20260807,DOA-R8-BOUNDARY-SAFE-ROBOTHEAD-CONFIRM-20260807,boundary_safe_robothead_confirmation,independent_confirmation_after_eigenmike_mechanism_discovery,task4,<LOCATA_EVAL_ROOT>\task4\recording2,recording2,4628,1503156267.45,0,0.75,1.0,0.0,True,True,11,uniform_time_spread_among_preregistered_eligible_anchors,False,False,False,False
r8-boundary-safe-robothead-confirmation-20260807,DOA-R8-BOUNDARY-SAFE-ROBOTHEAD-CONFIRM-20260807,boundary_safe_robothead_confirmation,independent_confirmation_after_eigenmike_mechanism_discovery,task4,<LOCATA_EVAL_ROOT>\task4\recording2,recording2,5117,1503156271.525,0,0.6089414182939363,0.8119218910585817,0.0,True,True,12,uniform_time_spread_among_preregistered_eligible_anchors,False,False,False,False
r8-boundary-safe-robothead-confirmation-20260807,DOA-R8-BOUNDARY-SAFE-ROBOTHEAD-CONFIRM-20260807,boundary_safe_robothead_confirmation,independent_confirmation_after_eigenmike_mechanism_discovery,task4,<LOCATA_EVAL_ROOT>\task4\recording2,recording2,5496,1503156274.682,1,0.75,1.0,0.0,True,True,13,uniform_time_spread_among_preregistered_eligible_anchors,False,False,False,False
r8-boundary-safe-robothead-confirmation-20260807,DOA-R8-BOUNDARY-SAFE-ROBOTHEAD-CONFIRM-20260807,boundary_safe_robothead_confirmation,independent_confirmation_after_eigenmike_mechanism_discovery,task4,<LOCATA_EVAL_ROOT>\task4\recording2,recording2,5861,1503156277.724,0,0.75,1.0,0.0,True,True,14,uniform_time_spread_among_preregistered_eligible_anchors,False,False,False,False
r8-boundary-safe-robothead-confirmation-20260807,DOA-R8-BOUNDARY-SAFE-ROBOTHEAD-CONFIRM-20260807,boundary_safe_robothead_confirmation,independent_confirmation_after_eigenmike_mechanism_discovery,task4,<LOCATA_EVAL_ROOT>\task4\recording2,recording2,6254,1503156281.005,1,0.75,1.0,0.0,True,True,15,uniform_time_spread_among_preregistered_eligible_anchors,False,False,False,False
r8-boundary-safe-robothead-confirmation-20260807,DOA-R8-BOUNDARY-SAFE-ROBOTHEAD-CONFIRM-20260807,boundary_safe_robothead_confirmation,independent_confirmation_after_eigenmike_mechanism_discovery,task4,<LOCATA_EVAL_ROOT>\task4\recording2,recording2,6618,1503156284.033,0,0.75,1.0,0.0,True,True,16,uniform_time_spread_among_preregistered_eligible_anchors,False,False,False,False
r8-boundary-safe-robothead-confirmation-20260807,DOA-R8-BOUNDARY-SAFE-ROBOTHEAD-CONFIRM-20260807,boundary_safe_robothead_confirmation,independent_confirmation_after_eigenmike_mechanism_discovery,task4,<LOCATA_EVAL_ROOT>\task4\recording2,recording2,7009,1503156287.299,1,0.75,1.0,0.0,True,True,17,uniform_time_spread_among_preregistered_eligible_anchors,False,False,False,False
r8-boundary-safe-robothead-confirmation-20260807,DOA-R8-BOUNDARY-SAFE-ROBOTHEAD-CONFIRM-20260807,boundary_safe_robothead_confirmation,independent_confirmation_after_eigenmike_mechanism_discovery,task4,<LOCATA_EVAL_ROOT>\task4\recording2,recording2,7466,1503156291.107,1,0.75,1.0,0.0,True,True,18,uniform_time_spread_among_preregistered_eligible_anchors,False,False,False,False
r8-boundary-safe-robothead-confirmation-20260807,DOA-R8-BOUNDARY-SAFE-ROBOTHEAD-CONFIRM-20260807,boundary_safe_robothead_confirmation,independent_confirmation_after_eigenmike_mechanism_discovery,task4,<LOCATA_EVAL_ROOT>\task4\recording2,recording2,7832,1503156294.148,0,0.75,1.0,0.0,True,True,19,uniform_time_spread_among_preregistered_eligible_anchors,False,False,False,False
r8-boundary-safe-robothead-confirmation-20260807,DOA-R8-BOUNDARY-SAFE-ROBOTHEAD-CONFIRM-20260807,boundary_safe_robothead_confirmation,independent_confirmation_after_eigenmike_mechanism_discovery,task4,<LOCATA_EVAL_ROOT>\task4\recording3,recording3,240,1503157447.953,0,0.10133051859670565,0.13510735812894087,0.0,False,False,0,uniform_time_spread_among_preregistered_eligible_anchors,False,False,False,False
r8-boundary-safe-robothead-confirmation-20260807,DOA-R8-BOUNDARY-SAFE-ROBOTHEAD-CONFIRM-20260807,boundary_safe_robothead_confirmation,independent_confirmation_after_eigenmike_mechanism_discovery,task4,<LOCATA_EVAL_ROOT>\task4\recording3,recording3,1085,1503157454.989,0,0.75,1.0,0.0,True,True,1,uniform_time_spread_among_preregistered_eligible_anchors,False,False,False,False
r8-boundary-safe-robothead-confirmation-20260807,DOA-R8-BOUNDARY-SAFE-ROBOTHEAD-CONFIRM-20260807,boundary_safe_robothead_confirmation,independent_confirmation_after_eigenmike_mechanism_discovery,task4,<LOCATA_EVAL_ROOT>\task4\recording3,recording3,1286,1503157456.668,1,0.75,1.0,0.0,True,True,2,uniform_time_spread_among_preregistered_eligible_anchors,False,False,False,False
r8-boundary-safe-robothead-confirmation-20260807,DOA-R8-BOUNDARY-SAFE-ROBOTHEAD-CONFIRM-20260807,boundary_safe_robothead_confirmation,independent_confirmation_after_eigenmike_mechanism_discovery,task4,<LOCATA_EVAL_ROOT>\task4\recording3,recording3,1962,1503157462.296,1,0.75,1.0,0.049637510069164746,True,True,3,uniform_time_spread_among_preregistered_eligible_anchors,False,False,False,False
r8-boundary-safe-robothead-confirmation-20260807,DOA-R8-BOUNDARY-SAFE-ROBOTHEAD-CONFIRM-20260807,boundary_safe_robothead_confirmation,independent_confirmation_after_eigenmike_mechanism_discovery,task4,<LOCATA_EVAL_ROOT>\task4\recording3,recording3,2617,1503157467.755,0,0.6247534790700258,0.8330046387600344,0.053720729979722784,True,True,4,uniform_time_spread_among_preregistered_eligible_anchors,False,False,False,False
r8-boundary-safe-robothead-confirmation-20260807,DOA-R8-BOUNDARY-SAFE-ROBOTHEAD-CONFIRM-20260807,boundary_safe_robothead_confirmation,independent_confirmation_after_eigenmike_mechanism_discovery,task4,<LOCATA_EVAL_ROOT>\task4\recording3,recording3,2885,1503157469.989,0,0.75,1.0,0.0,True,True,5,uniform_time_spread_among_preregistered_eligible_anchors,False,False,False,False
r8-boundary-safe-robothead-confirmation-20260807,DOA-R8-BOUNDARY-SAFE-ROBOTHEAD-CONFIRM-20260807,boundary_safe_robothead_confirmation,independent_confirmation_after_eigenmike_mechanism_discovery,task4,<LOCATA_EVAL_ROOT>\task4\recording3,recording3,3564,1503157475.646,1,0.75,1.0,0.0,True,True,6,uniform_time_spread_among_preregistered_eligible_anchors,False,False,False,False
r8-boundary-safe-robothead-confirmation-20260807,DOA-R8-BOUNDARY-SAFE-ROBOTHEAD-CONFIRM-20260807,boundary_safe_robothead_confirmation,independent_confirmation_after_eigenmike_mechanism_discovery,task4,<LOCATA_EVAL_ROOT>\task4\recording3,recording3,4310,1503157481.864,0,0.1511416349545846,0.20152217993944613,0.04722091053026305,False,False,7,uniform_time_spread_among_preregistered_eligible_anchors,False,False,False,False
r8-boundary-safe-robothead-confirmation-20260807,DOA-R8-BOUNDARY-SAFE-ROBOTHEAD-CONFIRM-20260807,boundary_safe_robothead_confirmation,independent_confirmation_after_eigenmike_mechanism_discovery,task4,<LOCATA_EVAL_ROOT>\task4\recording3,recording3,4662,1503157484.795,0,0.75,1.0,0.03824893752951307,True,True,8,uniform_time_spread_among_preregistered_eligible_anchors,False,False,False,False
r8-boundary-safe-robothead-confirmation-20260807,DOA-R8-BOUNDARY-SAFE-ROBOTHEAD-CONFIRM-20260807,boundary_safe_robothead_confirmation,independent_confirmation_after_eigenmike_mechanism_discovery,task4,<LOCATA_EVAL_ROOT>\task4\recording3,recording3,4813,1503157486.055,1,0.75,1.0,0.0,True,True,9,uniform_time_spread_among_preregistered_eligible_anchors,False,False,False,False
r8-boundary-safe-robothead-confirmation-20260807,DOA-R8-BOUNDARY-SAFE-ROBOTHEAD-CONFIRM-20260807,boundary_safe_robothead_confirmation,independent_confirmation_after_eigenmike_mechanism_discovery,task4,<LOCATA_EVAL_ROOT>\task4\recording3,recording3,5329,1503157490.363,0,0.75,1.0,0.0,True,True,10,uniform_time_spread_among_preregistered_eligible_anchors,False,False,False,False
r8-boundary-safe-robothead-confirmation-20260807,DOA-R8-BOUNDARY-SAFE-ROBOTHEAD-CONFIRM-20260807,boundary_safe_robothead_confirmation,independent_confirmation_after_eigenmike_mechanism_discovery,task4,<LOCATA_EVAL_ROOT>\task4\recording3,recording3,5543,1503157492.137,1,0.75,1.0,0.0,True,True,11,uniform_time_spread_among_preregistered_eligible_anchors,False,False,False,False
r8-boundary-safe-robothead-confirmation-20260807,DOA-R8-BOUNDARY-SAFE-ROBOTHEAD-CONFIRM-20260807,boundary_safe_robothead_confirmation,independent_confirmation_after_eigenmike_mechanism_discovery,task4,<LOCATA_EVAL_ROOT>\task4\recording3,recording3,5609,1503157492.686,1,0.75,1.0,0.0,True,True,12,uniform_time_spread_among_preregistered_eligible_anchors,False,False,False,False
r8-boundary-safe-robothead-confirmation-20260807,DOA-R8-BOUNDARY-SAFE-ROBOTHEAD-CONFIRM-20260807,boundary_safe_robothead_confirmation,independent_confirmation_after_eigenmike_mechanism_discovery,task4,<LOCATA_EVAL_ROOT>\task4\recording3,recording3,5760,1503157493.953,0,0.75,1.0,0.0,True,True,13,uniform_time_spread_among_preregistered_eligible_anchors,False,False,False,False
r8-boundary-safe-robothead-confirmation-20260807,DOA-R8-BOUNDARY-SAFE-ROBOTHEAD-CONFIRM-20260807,boundary_safe_robothead_confirmation,independent_confirmation_after_eigenmike_mechanism_discovery,task4,<LOCATA_EVAL_ROOT>\task4\recording3,recording3,5938,1503157495.429,1,0.75,1.0,0.0,True,True,14,uniform_time_spread_among_preregistered_eligible_anchors,False,False,False,False
r8-boundary-safe-robothead-confirmation-20260807,DOA-R8-BOUNDARY-SAFE-ROBOTHEAD-CONFIRM-20260807,boundary_safe_robothead_confirmation,independent_confirmation_after_eigenmike_mechanism_discovery,task4,<LOCATA_EVAL_ROOT>\task4\recording3,recording3,6318,1503157498.612,1,0.5567553679064471,0.7423404905419294,0.051970778589483624,True,False,15,uniform_time_spread_among_preregistered_eligible_anchors,False,False,False,False
r8-boundary-safe-robothead-confirmation-20260807,DOA-R8-BOUNDARY-SAFE-ROBOTHEAD-CONFIRM-20260807,boundary_safe_robothead_confirmation,independent_confirmation_after_eigenmike_mechanism_discovery,task4,<LOCATA_EVAL_ROOT>\task4\recording3,recording3,6385,1503157499.154,1,0.75,1.0,0.0,True,True,16,uniform_time_spread_among_preregistered_eligible_anchors,False,False,False,False
r8-boundary-safe-robothead-confirmation-20260807,DOA-R8-BOUNDARY-SAFE-ROBOTHEAD-CONFIRM-20260807,boundary_safe_robothead_confirmation,independent_confirmation_after_eigenmike_mechanism_discovery,task4,<LOCATA_EVAL_ROOT>\task4\recording3,recording3,6780,1503157502.444,1,0.75,1.0,0.02872142440487764,True,True,17,uniform_time_spread_among_preregistered_eligible_anchors,False,False,False,False
r8-boundary-safe-robothead-confirmation-20260807,DOA-R8-BOUNDARY-SAFE-ROBOTHEAD-CONFIRM-20260807,boundary_safe_robothead_confirmation,independent_confirmation_after_eigenmike_mechanism_discovery,task4,<LOCATA_EVAL_ROOT>\task4\recording3,recording3,6847,1503157503.003,1,0.75,1.0,0.0,True,True,18,uniform_time_spread_among_preregistered_eligible_anchors,False,False,False,False
r8-boundary-safe-robothead-confirmation-20260807,DOA-R8-BOUNDARY-SAFE-ROBOTHEAD-CONFIRM-20260807,boundary_safe_robothead_confirmation,independent_confirmation_after_eigenmike_mechanism_discovery,task4,<LOCATA_EVAL_ROOT>\task4\recording3,recording3,7314,1503157506.894,0,0.75,1.0,0.0,True,True,19,uniform_time_spread_among_preregistered_eligible_anchors,False,False,False,False
r8-boundary-safe-robothead-confirmation-20260807,DOA-R8-BOUNDARY-SAFE-ROBOTHEAD-CONFIRM-20260807,boundary_safe_robothead_confirmation,independent_confirmation_after_eigenmike_mechanism_discovery,task4,<LOCATA_EVAL_ROOT>\task4\recording4,recording4,377,1503157872.633,0,0.10268464764867642,0.13691286353156856,0.0,False,False,0,uniform_time_spread_among_preregistered_eligible_anchors,False,False,False,False
r8-boundary-safe-robothead-confirmation-20260807,DOA-R8-BOUNDARY-SAFE-ROBOTHEAD-CONFIRM-20260807,boundary_safe_robothead_confirmation,independent_confirmation_after_eigenmike_mechanism_discovery,task4,<LOCATA_EVAL_ROOT>\task4\recording4,recording4,783,1503157876.017,0,0.38344768200883306,0.5112635760117774,0.0,True,False,1,uniform_time_spread_among_preregistered_eligible_anchors,False,False,False,False
r8-boundary-safe-robothead-confirmation-20260807,DOA-R8-BOUNDARY-SAFE-ROBOTHEAD-CONFIRM-20260807,boundary_safe_robothead_confirmation,independent_confirmation_after_eigenmike_mechanism_discovery,task4,<LOCATA_EVAL_ROOT>\task4\recording4,recording4,845,1503157876.535,0,0.6242118274492375,0.8322824365989834,0.0,True,True,2,uniform_time_spread_among_preregistered_eligible_anchors,False,False,False,False
r8-boundary-safe-robothead-confirmation-20260807,DOA-R8-BOUNDARY-SAFE-ROBOTHEAD-CONFIRM-20260807,boundary_safe_robothead_confirmation,independent_confirmation_after_eigenmike_mechanism_discovery,task4,<LOCATA_EVAL_ROOT>\task4\recording4,recording4,1180,1503157879.325,0,0.5081942168273104,0.6775922891030804,0.0,True,False,3,uniform_time_spread_among_preregistered_eligible_anchors,False,False,False,False
r8-boundary-safe-robothead-confirmation-20260807,DOA-R8-BOUNDARY-SAFE-ROBOTHEAD-CONFIRM-20260807,boundary_safe_robothead_confirmation,independent_confirmation_after_eigenmike_mechanism_discovery,task4,<LOCATA_EVAL_ROOT>\task4\recording4,recording4,1804,1503157884.525,0,0.75,1.0,0.0,True,True,4,uniform_time_spread_among_preregistered_eligible_anchors,False,False,False,False
r8-boundary-safe-robothead-confirmation-20260807,DOA-R8-BOUNDARY-SAFE-ROBOTHEAD-CONFIRM-20260807,boundary_safe_robothead_confirmation,independent_confirmation_after_eigenmike_mechanism_discovery,task4,<LOCATA_EVAL_ROOT>\task4\recording4,recording4,1866,1503157885.041,0,0.75,1.0,0.0,True,True,5,uniform_time_spread_among_preregistered_eligible_anchors,False,False,False,False
r8-boundary-safe-robothead-confirmation-20260807,DOA-R8-BOUNDARY-SAFE-ROBOTHEAD-CONFIRM-20260807,boundary_safe_robothead_confirmation,independent_confirmation_after_eigenmike_mechanism_discovery,task4,<LOCATA_EVAL_ROOT>\task4\recording4,recording4,2263,1503157888.348,0,0.3445529290853032,0.45940390544707094,0.0,False,False,6,uniform_time_spread_among_preregistered_eligible_anchors,False,False,False,False
r8-boundary-safe-robothead-confirmation-20260807,DOA-R8-BOUNDARY-SAFE-ROBOTHEAD-CONFIRM-20260807,boundary_safe_robothead_confirmation,independent_confirmation_after_eigenmike_mechanism_discovery,task4,<LOCATA_EVAL_ROOT>\task4\recording4,recording4,2780,1503157892.659,0,0.75,1.0,0.0,True,True,7,uniform_time_spread_among_preregistered_eligible_anchors,False,False,False,False
r8-boundary-safe-robothead-confirmation-20260807,DOA-R8-BOUNDARY-SAFE-ROBOTHEAD-CONFIRM-20260807,boundary_safe_robothead_confirmation,independent_confirmation_after_eigenmike_mechanism_discovery,task4,<LOCATA_EVAL_ROOT>\task4\recording4,recording4,3178,1503157895.974,0,0.75,1.0,0.05052637426738146,True,True,8,uniform_time_spread_among_preregistered_eligible_anchors,False,False,False,False
r8-boundary-safe-robothead-confirmation-20260807,DOA-R8-BOUNDARY-SAFE-ROBOTHEAD-CONFIRM-20260807,boundary_safe_robothead_confirmation,independent_confirmation_after_eigenmike_mechanism_discovery,task4,<LOCATA_EVAL_ROOT>\task4\recording4,recording4,3742,1503157900.678,0,0.36030249159745564,0.48040332212994086,0.0,False,False,9,uniform_time_spread_among_preregistered_eligible_anchors,False,False,False,False
r8-boundary-safe-robothead-confirmation-20260807,DOA-R8-BOUNDARY-SAFE-ROBOTHEAD-CONFIRM-20260807,boundary_safe_robothead_confirmation,independent_confirmation_after_eigenmike_mechanism_discovery,task4,<LOCATA_EVAL_ROOT>\task4\recording4,recording4,4165,1503157904.201,0,0.75,1.0,0.0,True,True,10,uniform_time_spread_among_preregistered_eligible_anchors,False,False,False,False
r8-boundary-safe-robothead-confirmation-20260807,DOA-R8-BOUNDARY-SAFE-ROBOTHEAD-CONFIRM-20260807,boundary_safe_robothead_confirmation,independent_confirmation_after_eigenmike_mechanism_discovery,task4,<LOCATA_EVAL_ROOT>\task4\recording4,recording4,4326,1503157905.54,1,0.75,1.0,0.04813755173467404,True,True,11,uniform_time_spread_among_preregistered_eligible_anchors,False,False,False,False
r8-boundary-safe-robothead-confirmation-20260807,DOA-R8-BOUNDARY-SAFE-ROBOTHEAD-CONFIRM-20260807,boundary_safe_robothead_confirmation,independent_confirmation_after_eigenmike_mechanism_discovery,task4,<LOCATA_EVAL_ROOT>\task4\recording4,recording4,4745,1503157909.031,1,0.75,1.0,0.0,True,True,12,uniform_time_spread_among_preregistered_eligible_anchors,False,False,False,False
r8-boundary-safe-robothead-confirmation-20260807,DOA-R8-BOUNDARY-SAFE-ROBOTHEAD-CONFIRM-20260807,boundary_safe_robothead_confirmation,independent_confirmation_after_eigenmike_mechanism_discovery,task4,<LOCATA_EVAL_ROOT>\task4\recording4,recording4,4891,1503157910.247,0,0.75,1.0,0.0,True,True,13,uniform_time_spread_among_preregistered_eligible_anchors,False,False,False,False
r8-boundary-safe-robothead-confirmation-20260807,DOA-R8-BOUNDARY-SAFE-ROBOTHEAD-CONFIRM-20260807,boundary_safe_robothead_confirmation,independent_confirmation_after_eigenmike_mechanism_discovery,task4,<LOCATA_EVAL_ROOT>\task4\recording4,recording4,5210,1503157912.906,0,0.75,1.0,0.0,True,True,14,uniform_time_spread_among_preregistered_eligible_anchors,False,False,False,False
r8-boundary-safe-robothead-confirmation-20260807,DOA-R8-BOUNDARY-SAFE-ROBOTHEAD-CONFIRM-20260807,boundary_safe_robothead_confirmation,independent_confirmation_after_eigenmike_mechanism_discovery,task4,<LOCATA_EVAL_ROOT>\task4\recording4,recording4,5272,1503157913.423,0,0.75,1.0,0.0,True,True,15,uniform_time_spread_among_preregistered_eligible_anchors,False,False,False,False
r8-boundary-safe-robothead-confirmation-20260807,DOA-R8-BOUNDARY-SAFE-ROBOTHEAD-CONFIRM-20260807,boundary_safe_robothead_confirmation,independent_confirmation_after_eigenmike_mechanism_discovery,task4,<LOCATA_EVAL_ROOT>\task4\recording4,recording4,5426,1503157914.705,1,0.75,1.0,0.0,True,True,16,uniform_time_spread_among_preregistered_eligible_anchors,False,False,False,False
r8-boundary-safe-robothead-confirmation-20260807,DOA-R8-BOUNDARY-SAFE-ROBOTHEAD-CONFIRM-20260807,boundary_safe_robothead_confirmation,independent_confirmation_after_eigenmike_mechanism_discovery,task4,<LOCATA_EVAL_ROOT>\task4\recording4,recording4,6027,1503157919.714,1,0.23303519346684815,0.31071359128913084,0.038776700647204246,False,False,17,uniform_time_spread_among_preregistered_eligible_anchors,False,False,False,False
r8-boundary-safe-robothead-confirmation-20260807,DOA-R8-BOUNDARY-SAFE-ROBOTHEAD-CONFIRM-20260807,boundary_safe_robothead_confirmation,independent_confirmation_after_eigenmike_mechanism_discovery,task4,<LOCATA_EVAL_ROOT>\task4\recording4,recording4,6976,1503157927.629,0,0.75,1.0,0.0,True,True,18,uniform_time_spread_among_preregistered_eligible_anchors,False,False,False,False
r8-boundary-safe-robothead-confirmation-20260807,DOA-R8-BOUNDARY-SAFE-ROBOTHEAD-CONFIRM-20260807,boundary_safe_robothead_confirmation,independent_confirmation_after_eigenmike_mechanism_discovery,task4,<LOCATA_EVAL_ROOT>\task4\recording4,recording4,7300,1503157930.321,0,0.75,1.0,0.0,True,True,19,uniform_time_spread_among_preregistered_eligible_anchors,False,False,False,False
r8-boundary-safe-robothead-confirmation-20260807,DOA-R8-BOUNDARY-SAFE-ROBOTHEAD-CONFIRM-20260807,boundary_safe_robothead_confirmation,independent_confirmation_after_eigenmike_mechanism_discovery,task4,<LOCATA_EVAL_ROOT>\task4\recording5,recording5,307,1503160365.346,0,0.1084344879308908,0.14457931724118775,0.0,False,False,0,uniform_time_spread_among_preregistered_eligible_anchors,False,False,False,False
r8-boundary-safe-robothead-confirmation-20260807,DOA-R8-BOUNDARY-SAFE-ROBOTHEAD-CONFIRM-20260807,boundary_safe_robothead_confirmation,independent_confirmation_after_eigenmike_mechanism_discovery,task4,<LOCATA_EVAL_ROOT>\task4\recording5,recording5,351,1503160365.713,0,0.4754242937696175,0.63389905835949,0.0,True,False,1,uniform_time_spread_among_preregistered_eligible_anchors,False,False,False,False
r8-boundary-safe-robothead-confirmation-20260807,DOA-R8-BOUNDARY-SAFE-ROBOTHEAD-CONFIRM-20260807,boundary_safe_robothead_confirmation,independent_confirmation_after_eigenmike_mechanism_discovery,task4,<LOCATA_EVAL_ROOT>\task4\recording5,recording5,396,1503160366.08,0,0.75,1.0,0.0,True,True,2,uniform_time_spread_among_preregistered_eligible_anchors,False,False,False,False
r8-boundary-safe-robothead-confirmation-20260807,DOA-R8-BOUNDARY-SAFE-ROBOTHEAD-CONFIRM-20260807,boundary_safe_robothead_confirmation,independent_confirmation_after_eigenmike_mechanism_discovery,task4,<LOCATA_EVAL_ROOT>\task4\recording5,recording5,440,1503160366.447,0,0.75,1.0,0.0,True,True,3,uniform_time_spread_among_preregistered_eligible_anchors,False,False,False,False
r8-boundary-safe-robothead-confirmation-20260807,DOA-R8-BOUNDARY-SAFE-ROBOTHEAD-CONFIRM-20260807,boundary_safe_robothead_confirmation,independent_confirmation_after_eigenmike_mechanism_discovery,task4,<LOCATA_EVAL_ROOT>\task4\recording5,recording5,484,1503160366.81,0,0.75,1.0,0.0,True,True,4,uniform_time_spread_among_preregistered_eligible_anchors,False,False,False,False
r8-boundary-safe-robothead-confirmation-20260807,DOA-R8-BOUNDARY-SAFE-ROBOTHEAD-CONFIRM-20260807,boundary_safe_robothead_confirmation,independent_confirmation_after_eigenmike_mechanism_discovery,task4,<LOCATA_EVAL_ROOT>\task4\recording5,recording5,1052,1503160371.543,0,0.2925335407349796,0.3900447209799728,0.0,False,False,5,uniform_time_spread_among_preregistered_eligible_anchors,False,False,False,False
r8-boundary-safe-robothead-confirmation-20260807,DOA-R8-BOUNDARY-SAFE-ROBOTHEAD-CONFIRM-20260807,boundary_safe_robothead_confirmation,independent_confirmation_after_eigenmike_mechanism_discovery,task4,<LOCATA_EVAL_ROOT>\task4\recording5,recording5,1096,1503160371.91,0,0.6595233465737063,0.879364462098275,0.0,True,True,6,uniform_time_spread_among_preregistered_eligible_anchors,False,False,False,False
r8-boundary-safe-robothead-confirmation-20260807,DOA-R8-BOUNDARY-SAFE-ROBOTHEAD-CONFIRM-20260807,boundary_safe_robothead_confirmation,independent_confirmation_after_eigenmike_mechanism_discovery,task4,<LOCATA_EVAL_ROOT>\task4\recording5,recording5,2248,1503160381.51,0,0.75,1.0,0.00838865587067026,True,True,7,uniform_time_spread_among_preregistered_eligible_anchors,False,False,False,False
r8-boundary-safe-robothead-confirmation-20260807,DOA-R8-BOUNDARY-SAFE-ROBOTHEAD-CONFIRM-20260807,boundary_safe_robothead_confirmation,independent_confirmation_after_eigenmike_mechanism_discovery,task4,<LOCATA_EVAL_ROOT>\task4\recording5,recording5,2473,1503160383.384,1,0.75,1.0,0.0,True,True,8,uniform_time_spread_among_preregistered_eligible_anchors,False,False,False,False
r8-boundary-safe-robothead-confirmation-20260807,DOA-R8-BOUNDARY-SAFE-ROBOTHEAD-CONFIRM-20260807,boundary_safe_robothead_confirmation,independent_confirmation_after_eigenmike_mechanism_discovery,task4,<LOCATA_EVAL_ROOT>\task4\recording5,recording5,4007,1503160396.169,1,0.39263492680758866,0.5235132357434515,0.0,True,False,9,uniform_time_spread_among_preregistered_eligible_anchors,False,False,False,False
r8-boundary-safe-robothead-confirmation-20260807,DOA-R8-BOUNDARY-SAFE-ROBOTHEAD-CONFIRM-20260807,boundary_safe_robothead_confirmation,independent_confirmation_after_eigenmike_mechanism_discovery,task4,<LOCATA_EVAL_ROOT>\task4\recording5,recording5,4313,1503160398.717,0,0.75,1.0,0.03705452626315936,True,True,10,uniform_time_spread_among_preregistered_eligible_anchors,False,False,False,False
r8-boundary-safe-robothead-confirmation-20260807,DOA-R8-BOUNDARY-SAFE-ROBOTHEAD-CONFIRM-20260807,boundary_safe_robothead_confirmation,independent_confirmation_after_eigenmike_mechanism_discovery,task4,<LOCATA_EVAL_ROOT>\task4\recording5,recording5,4357,1503160399.083,0,0.75,1.0,0.0,True,True,11,uniform_time_spread_among_preregistered_eligible_anchors,False,False,False,False
r8-boundary-safe-robothead-confirmation-20260807,DOA-R8-BOUNDARY-SAFE-ROBOTHEAD-CONFIRM-20260807,boundary_safe_robothead_confirmation,independent_confirmation_after_eigenmike_mechanism_discovery,task4,<LOCATA_EVAL_ROOT>\task4\recording5,recording5,4979,1503160404.267,0,0.75,1.0,0.0,True,True,12,uniform_time_spread_among_preregistered_eligible_anchors,False,False,False,False
r8-boundary-safe-robothead-confirmation-20260807,DOA-R8-BOUNDARY-SAFE-ROBOTHEAD-CONFIRM-20260807,boundary_safe_robothead_confirmation,independent_confirmation_after_eigenmike_mechanism_discovery,task4,<LOCATA_EVAL_ROOT>\task4\recording5,recording5,5107,1503160405.336,1,0.75,1.0,0.0,True,True,13,uniform_time_spread_among_preregistered_eligible_anchors,False,False,False,False
r8-boundary-safe-robothead-confirmation-20260807,DOA-R8-BOUNDARY-SAFE-ROBOTHEAD-CONFIRM-20260807,boundary_safe_robothead_confirmation,independent_confirmation_after_eigenmike_mechanism_discovery,task4,<LOCATA_EVAL_ROOT>\task4\recording5,recording5,5151,1503160405.703,1,0.75,1.0,0.0,True,True,14,uniform_time_spread_among_preregistered_eligible_anchors,False,False,False,False
r8-boundary-safe-robothead-confirmation-20260807,DOA-R8-BOUNDARY-SAFE-ROBOTHEAD-CONFIRM-20260807,boundary_safe_robothead_confirmation,independent_confirmation_after_eigenmike_mechanism_discovery,task4,<LOCATA_EVAL_ROOT>\task4\recording5,recording5,5662,1503160409.961,0,0.75,1.0,0.0,True,True,15,uniform_time_spread_among_preregistered_eligible_anchors,False,False,False,False
r8-boundary-safe-robothead-confirmation-20260807,DOA-R8-BOUNDARY-SAFE-ROBOTHEAD-CONFIRM-20260807,boundary_safe_robothead_confirmation,independent_confirmation_after_eigenmike_mechanism_discovery,task4,<LOCATA_EVAL_ROOT>\task4\recording5,recording5,6210,1503160414.535,1,0.75,1.0,0.0,True,True,16,uniform_time_spread_among_preregistered_eligible_anchors,False,False,False,False
r8-boundary-safe-robothead-confirmation-20260807,DOA-R8-BOUNDARY-SAFE-ROBOTHEAD-CONFIRM-20260807,boundary_safe_robothead_confirmation,independent_confirmation_after_eigenmike_mechanism_discovery,task4,<LOCATA_EVAL_ROOT>\task4\recording5,recording5,6717,1503160418.749,1,0.45027915891225245,0.6003722118830033,0.0,True,False,17,uniform_time_spread_among_preregistered_eligible_anchors,False,False,False,False
r8-boundary-safe-robothead-confirmation-20260807,DOA-R8-BOUNDARY-SAFE-ROBOTHEAD-CONFIRM-20260807,boundary_safe_robothead_confirmation,independent_confirmation_after_eigenmike_mechanism_discovery,task4,<LOCATA_EVAL_ROOT>\task4\recording5,recording5,7095,1503160421.899,0,0.75,1.0,0.0,True,True,18,uniform_time_spread_among_preregistered_eligible_anchors,False,False,False,False
r8-boundary-safe-robothead-confirmation-20260807,DOA-R8-BOUNDARY-SAFE-ROBOTHEAD-CONFIRM-20260807,boundary_safe_robothead_confirmation,independent_confirmation_after_eigenmike_mechanism_discovery,task4,<LOCATA_EVAL_ROOT>\task4\recording5,recording5,7139,1503160422.266,0,0.75,1.0,0.0,True,True,19,uniform_time_spread_among_preregistered_eligible_anchors,False,False,False,False
