release,protocol_id,source_protocol,development_status,task,recording,recording_name,required_time_row_index,timestamp_abs_s,active_source_index,target_activity_duration_s,target_activity_fraction_full_window,maximum_other_source_activity_fraction,strict_50pct_pass,sensitivity_80pct_pass,selection_rank,selection_rule,truth_used_for_estimation,error_used_for_selection,r8_output_used_for_selection,window_independence_claimed
r8-final-frozen-eigenmike-evaluation-20260806,DOA-R8-FINAL-EIGENMIKE-EVAL-20260806,final_frozen_eigenmike_evaluation,independent_locata_evaluation_cross_array,task1,<LOCATA_EVAL_ROOT>\task1\recording1,recording1,294,1485359393.62,0,0.10241382183828227,0.13655176245104303,0.0,False,False,0,uniform_time_spread_among_preregistered_eligible_anchors,False,False,False,False
r8-final-frozen-eigenmike-evaluation-20260806,DOA-R8-FINAL-EIGENMIKE-EVAL-20260806,final_frozen_eigenmike_evaluation,independent_locata_evaluation_cross_array,task1,<LOCATA_EVAL_ROOT>\task1\recording1,recording1,307,1485359393.728,0,0.21041082192161326,0.280547762562151,0.0,False,False,1,uniform_time_spread_among_preregistered_eligible_anchors,False,False,False,False
r8-final-frozen-eigenmike-evaluation-20260806,DOA-R8-FINAL-EIGENMIKE-EVAL-20260806,final_frozen_eigenmike_evaluation,independent_locata_evaluation_cross_array,task1,<LOCATA_EVAL_ROOT>\task1\recording1,recording1,321,1485359393.845,0,0.3274075720118885,0.4365434293491847,0.0,False,False,2,uniform_time_spread_among_preregistered_eligible_anchors,False,False,False,False
r8-final-frozen-eigenmike-evaluation-20260806,DOA-R8-FINAL-EIGENMIKE-EVAL-20260806,final_frozen_eigenmike_evaluation,independent_locata_evaluation_cross_array,task1,<LOCATA_EVAL_ROOT>\task1\recording1,recording1,334,1485359393.953,0,0.4354045720952196,0.5805394294602928,0.0,True,False,3,uniform_time_spread_among_preregistered_eligible_anchors,False,False,False,False
r8-final-frozen-eigenmike-evaluation-20260806,DOA-R8-FINAL-EIGENMIKE-EVAL-20260806,final_frozen_eigenmike_evaluation,independent_locata_evaluation_cross_array,task1,<LOCATA_EVAL_ROOT>\task1\recording1,recording1,347,1485359394.061,0,0.5434015721785506,0.7245354295714008,0.0,True,False,4,uniform_time_spread_among_preregistered_eligible_anchors,False,False,False,False
r8-final-frozen-eigenmike-evaluation-20260806,DOA-R8-FINAL-EIGENMIKE-EVAL-20260806,final_frozen_eigenmike_evaluation,independent_locata_evaluation_cross_array,task1,<LOCATA_EVAL_ROOT>\task1\recording1,recording1,360,1485359394.17,0,0.6523985444848754,0.8698647259798339,0.0,True,True,5,uniform_time_spread_among_preregistered_eligible_anchors,False,False,False,False
r8-final-frozen-eigenmike-evaluation-20260806,DOA-R8-FINAL-EIGENMIKE-EVAL-20260806,final_frozen_eigenmike_evaluation,independent_locata_evaluation_cross_array,task1,<LOCATA_EVAL_ROOT>\task1\recording1,recording1,374,1485359394.286,0,0.75,1.0,0.0,True,True,6,uniform_time_spread_among_preregistered_eligible_anchors,False,False,False,False
r8-final-frozen-eigenmike-evaluation-20260806,DOA-R8-FINAL-EIGENMIKE-EVAL-20260806,final_frozen_eigenmike_evaluation,independent_locata_evaluation_cross_array,task1,<LOCATA_EVAL_ROOT>\task1\recording1,recording1,387,1485359394.395,0,0.75,1.0,0.0,True,True,7,uniform_time_spread_among_preregistered_eligible_anchors,False,False,False,False
r8-final-frozen-eigenmike-evaluation-20260806,DOA-R8-FINAL-EIGENMIKE-EVAL-20260806,final_frozen_eigenmike_evaluation,independent_locata_evaluation_cross_array,task1,<LOCATA_EVAL_ROOT>\task1\recording1,recording1,400,1485359394.503,0,0.75,1.0,0.0,True,True,8,uniform_time_spread_among_preregistered_eligible_anchors,False,False,False,False
r8-final-frozen-eigenmike-evaluation-20260806,DOA-R8-FINAL-EIGENMIKE-EVAL-20260806,final_frozen_eigenmike_evaluation,independent_locata_evaluation_cross_array,task1,<LOCATA_EVAL_ROOT>\task1\recording1,recording1,413,1485359394.611,0,0.75,1.0,0.0,True,True,9,uniform_time_spread_among_preregistered_eligible_anchors,False,False,False,False
r8-final-frozen-eigenmike-evaluation-20260806,DOA-R8-FINAL-EIGENMIKE-EVAL-20260806,final_frozen_eigenmike_evaluation,independent_locata_evaluation_cross_array,task1,<LOCATA_EVAL_ROOT>\task1\recording1,recording1,555,1485359395.795,0,0.10458042832143552,0.13944057109524735,0.0,False,False,10,uniform_time_spread_among_preregistered_eligible_anchors,False,False,False,False
r8-final-frozen-eigenmike-evaluation-20260806,DOA-R8-FINAL-EIGENMIKE-EVAL-20260806,final_frozen_eigenmike_evaluation,independent_locata_evaluation_cross_array,task1,<LOCATA_EVAL_ROOT>\task1\recording1,recording1,568,1485359395.903,0,0.21257742840476657,0.2834365712063554,0.0,False,False,11,uniform_time_spread_among_preregistered_eligible_anchors,False,False,False,False
r8-final-frozen-eigenmike-evaluation-20260806,DOA-R8-FINAL-EIGENMIKE-EVAL-20260806,final_frozen_eigenmike_evaluation,independent_locata_evaluation_cross_array,task1,<LOCATA_EVAL_ROOT>\task1\recording1,recording1,581,1485359396.011,0,0.3205744284880976,0.42743257131746343,0.0,False,False,12,uniform_time_spread_among_preregistered_eligible_anchors,False,False,False,False
r8-final-frozen-eigenmike-evaluation-20260806,DOA-R8-FINAL-EIGENMIKE-EVAL-20260806,final_frozen_eigenmike_evaluation,independent_locata_evaluation_cross_array,task1,<LOCATA_EVAL_ROOT>\task1\recording1,recording1,594,1485359396.12,0,0.4295714007944224,0.5727618677258965,0.0,True,False,13,uniform_time_spread_among_preregistered_eligible_anchors,False,False,False,False
r8-final-frozen-eigenmike-evaluation-20260806,DOA-R8-FINAL-EIGENMIKE-EVAL-20260806,final_frozen_eigenmike_evaluation,independent_locata_evaluation_cross_array,task1,<LOCATA_EVAL_ROOT>\task1\recording1,recording1,608,1485359396.236,0,0.5455681786617038,0.7274242382156051,0.0,True,False,14,uniform_time_spread_among_preregistered_eligible_anchors,False,False,False,False
r8-final-frozen-eigenmike-evaluation-20260806,DOA-R8-FINAL-EIGENMIKE-EVAL-20260806,final_frozen_eigenmike_evaluation,independent_locata_evaluation_cross_array,task1,<LOCATA_EVAL_ROOT>\task1\recording1,recording1,621,1485359396.345,0,0.6545651509680287,0.8727535346240383,0.0,True,True,15,uniform_time_spread_among_preregistered_eligible_anchors,False,False,False,False
r8-final-frozen-eigenmike-evaluation-20260806,DOA-R8-FINAL-EIGENMIKE-EVAL-20260806,final_frozen_eigenmike_evaluation,independent_locata_evaluation_cross_array,task1,<LOCATA_EVAL_ROOT>\task1\recording1,recording1,634,1485359396.453,0,0.75,1.0,0.0,True,True,16,uniform_time_spread_among_preregistered_eligible_anchors,False,False,False,False
r8-final-frozen-eigenmike-evaluation-20260806,DOA-R8-FINAL-EIGENMIKE-EVAL-20260806,final_frozen_eigenmike_evaluation,independent_locata_evaluation_cross_array,task1,<LOCATA_EVAL_ROOT>\task1\recording1,recording1,647,1485359396.561,0,0.75,1.0,0.0,True,True,17,uniform_time_spread_among_preregistered_eligible_anchors,False,False,False,False
r8-final-frozen-eigenmike-evaluation-20260806,DOA-R8-FINAL-EIGENMIKE-EVAL-20260806,final_frozen_eigenmike_evaluation,independent_locata_evaluation_cross_array,task1,<LOCATA_EVAL_ROOT>\task1\recording1,recording1,661,1485359396.678,0,0.75,1.0,0.0,True,True,18,uniform_time_spread_among_preregistered_eligible_anchors,False,False,False,False
r8-final-frozen-eigenmike-evaluation-20260806,DOA-R8-FINAL-EIGENMIKE-EVAL-20260806,final_frozen_eigenmike_evaluation,independent_locata_evaluation_cross_array,task1,<LOCATA_EVAL_ROOT>\task1\recording1,recording1,674,1485359396.786,0,0.75,1.0,0.0,True,True,19,uniform_time_spread_among_preregistered_eligible_anchors,False,False,False,False
r8-final-frozen-eigenmike-evaluation-20260806,DOA-R8-FINAL-EIGENMIKE-EVAL-20260806,final_frozen_eigenmike_evaluation,independent_locata_evaluation_cross_array,task1,<LOCATA_EVAL_ROOT>\task1\recording10,recording10,91,1485361328.914,0,0.24551401349962504,0.32735201799950003,0.0,False,False,0,uniform_time_spread_among_preregistered_eligible_anchors,False,False,False,False
r8-final-frozen-eigenmike-evaluation-20260806,DOA-R8-FINAL-EIGENMIKE-EVAL-20260806,final_frozen_eigenmike_evaluation,independent_locata_evaluation_cross_array,task1,<LOCATA_EVAL_ROOT>\task1\recording10,recording10,119,1485361329.147,0,0.4785075414571818,0.6380100552762423,0.0,True,False,1,uniform_time_spread_among_preregistered_eligible_anchors,False,False,False,False
r8-final-frozen-eigenmike-evaluation-20260806,DOA-R8-FINAL-EIGENMIKE-EVAL-20260806,final_frozen_eigenmike_evaluation,independent_locata_evaluation_cross_array,task1,<LOCATA_EVAL_ROOT>\task1\recording10,recording10,146,1485361329.372,0,0.703501291630788,0.938001722174384,0.0,True,True,2,uniform_time_spread_among_preregistered_eligible_anchors,False,False,False,False
r8-final-frozen-eigenmike-evaluation-20260806,DOA-R8-FINAL-EIGENMIKE-EVAL-20260806,final_frozen_eigenmike_evaluation,independent_locata_evaluation_cross_array,task1,<LOCATA_EVAL_ROOT>\task1\recording10,recording10,174,1485361329.606,0,0.75,1.0,0.0,True,True,3,uniform_time_spread_among_preregistered_eligible_anchors,False,False,False,False
r8-final-frozen-eigenmike-evaluation-20260806,DOA-R8-FINAL-EIGENMIKE-EVAL-20260806,final_frozen_eigenmike_evaluation,independent_locata_evaluation_cross_array,task1,<LOCATA_EVAL_ROOT>\task1\recording10,recording10,202,1485361329.839,0,0.75,1.0,0.0,True,True,4,uniform_time_spread_among_preregistered_eligible_anchors,False,False,False,False
r8-final-frozen-eigenmike-evaluation-20260806,DOA-R8-FINAL-EIGENMIKE-EVAL-20260806,final_frozen_eigenmike_evaluation,independent_locata_evaluation_cross_array,task1,<LOCATA_EVAL_ROOT>\task1\recording10,recording10,229,1485361330.064,0,0.75,1.0,0.0,True,True,5,uniform_time_spread_among_preregistered_eligible_anchors,False,False,False,False
r8-final-frozen-eigenmike-evaluation-20260806,DOA-R8-FINAL-EIGENMIKE-EVAL-20260806,final_frozen_eigenmike_evaluation,independent_locata_evaluation_cross_array,task1,<LOCATA_EVAL_ROOT>\task1\recording10,recording10,257,1485361330.297,0,0.75,1.0,0.0,True,True,6,uniform_time_spread_among_preregistered_eligible_anchors,False,False,False,False
r8-final-frozen-eigenmike-evaluation-20260806,DOA-R8-FINAL-EIGENMIKE-EVAL-20260806,final_frozen_eigenmike_evaluation,independent_locata_evaluation_cross_array,task1,<LOCATA_EVAL_ROOT>\task1\recording10,recording10,328,1485361330.889,0,0.38021860503874894,0.5069581400516653,0.0,True,False,7,uniform_time_spread_among_preregistered_eligible_anchors,False,False,False,False
r8-final-frozen-eigenmike-evaluation-20260806,DOA-R8-FINAL-EIGENMIKE-EVAL-20260806,final_frozen_eigenmike_evaluation,independent_locata_evaluation_cross_array,task1,<LOCATA_EVAL_ROOT>\task1\recording10,recording10,356,1485361331.122,0,0.4195508458098386,0.5594011277464515,0.0,True,False,8,uniform_time_spread_among_preregistered_eligible_anchors,False,False,False,False
r8-final-frozen-eigenmike-evaluation-20260806,DOA-R8-FINAL-EIGENMIKE-EVAL-20260806,final_frozen_eigenmike_evaluation,independent_locata_evaluation_cross_array,task1,<LOCATA_EVAL_ROOT>\task1\recording10,recording10,384,1485361331.356,0,0.6535443459903891,0.8713924613205188,0.0,True,True,9,uniform_time_spread_among_preregistered_eligible_anchors,False,False,False,False
r8-final-frozen-eigenmike-evaluation-20260806,DOA-R8-FINAL-EIGENMIKE-EVAL-20260806,final_frozen_eigenmike_evaluation,independent_locata_evaluation_cross_array,task1,<LOCATA_EVAL_ROOT>\task1\recording10,recording10,411,1485361331.581,0,0.75,1.0,0.0,True,True,10,uniform_time_spread_among_preregistered_eligible_anchors,False,False,False,False
r8-final-frozen-eigenmike-evaluation-20260806,DOA-R8-FINAL-EIGENMIKE-EVAL-20260806,final_frozen_eigenmike_evaluation,independent_locata_evaluation_cross_array,task1,<LOCATA_EVAL_ROOT>\task1\recording10,recording10,439,1485361331.814,0,0.75,1.0,0.0,True,True,11,uniform_time_spread_among_preregistered_eligible_anchors,False,False,False,False
r8-final-frozen-eigenmike-evaluation-20260806,DOA-R8-FINAL-EIGENMIKE-EVAL-20260806,final_frozen_eigenmike_evaluation,independent_locata_evaluation_cross_array,task1,<LOCATA_EVAL_ROOT>\task1\recording10,recording10,467,1485361332.047,0,0.75,1.0,0.0,True,True,12,uniform_time_spread_among_preregistered_eligible_anchors,False,False,False,False
r8-final-frozen-eigenmike-evaluation-20260806,DOA-R8-FINAL-EIGENMIKE-EVAL-20260806,final_frozen_eigenmike_evaluation,independent_locata_evaluation_cross_array,task1,<LOCATA_EVAL_ROOT>\task1\recording10,recording10,494,1485361332.272,0,0.75,1.0,0.0,True,True,13,uniform_time_spread_among_preregistered_eligible_anchors,False,False,False,False
r8-final-frozen-eigenmike-evaluation-20260806,DOA-R8-FINAL-EIGENMIKE-EVAL-20260806,final_frozen_eigenmike_evaluation,independent_locata_evaluation_cross_array,task1,<LOCATA_EVAL_ROOT>\task1\recording10,recording10,522,1485361332.506,0,0.75,1.0,0.0,True,True,14,uniform_time_spread_among_preregistered_eligible_anchors,False,False,False,False
r8-final-frozen-eigenmike-evaluation-20260806,DOA-R8-FINAL-EIGENMIKE-EVAL-20260806,final_frozen_eigenmike_evaluation,independent_locata_evaluation_cross_array,task1,<LOCATA_EVAL_ROOT>\task1\recording10,recording10,549,1485361332.731,0,0.75,1.0,0.0,True,True,15,uniform_time_spread_among_preregistered_eligible_anchors,False,False,False,False
r8-final-frozen-eigenmike-evaluation-20260806,DOA-R8-FINAL-EIGENMIKE-EVAL-20260806,final_frozen_eigenmike_evaluation,independent_locata_evaluation_cross_array,task1,<LOCATA_EVAL_ROOT>\task1\recording10,recording10,577,1485361332.964,0,0.75,1.0,0.0,True,True,16,uniform_time_spread_among_preregistered_eligible_anchors,False,False,False,False
r8-final-frozen-eigenmike-evaluation-20260806,DOA-R8-FINAL-EIGENMIKE-EVAL-20260806,final_frozen_eigenmike_evaluation,independent_locata_evaluation_cross_array,task1,<LOCATA_EVAL_ROOT>\task1\recording10,recording10,605,1485361333.197,0,0.75,1.0,0.0,True,True,17,uniform_time_spread_among_preregistered_eligible_anchors,False,False,False,False
r8-final-frozen-eigenmike-evaluation-20260806,DOA-R8-FINAL-EIGENMIKE-EVAL-20260806,final_frozen_eigenmike_evaluation,independent_locata_evaluation_cross_array,task1,<LOCATA_EVAL_ROOT>\task1\recording10,recording10,632,1485361333.422,0,0.75,1.0,0.0,True,True,18,uniform_time_spread_among_preregistered_eligible_anchors,False,False,False,False
r8-final-frozen-eigenmike-evaluation-20260806,DOA-R8-FINAL-EIGENMIKE-EVAL-20260806,final_frozen_eigenmike_evaluation,independent_locata_evaluation_cross_array,task1,<LOCATA_EVAL_ROOT>\task1\recording10,recording10,660,1485361333.656,0,0.75,1.0,0.0,True,True,19,uniform_time_spread_among_preregistered_eligible_anchors,False,False,False,False
r8-final-frozen-eigenmike-evaluation-20260806,DOA-R8-FINAL-EIGENMIKE-EVAL-20260806,final_frozen_eigenmike_evaluation,independent_locata_evaluation_cross_array,task1,<LOCATA_EVAL_ROOT>\task1\recording11,recording11,108,1485361361.29,0,0.11035110135829561,0.1471348018110608,0.0,False,False,0,uniform_time_spread_among_preregistered_eligible_anchors,False,False,False,False
r8-final-frozen-eigenmike-evaluation-20260806,DOA-R8-FINAL-EIGENMIKE-EVAL-20260806,final_frozen_eigenmike_evaluation,independent_locata_evaluation_cross_array,task1,<LOCATA_EVAL_ROOT>\task1\recording11,recording11,129,1485361361.465,0,0.2853462403822116,0.38046165384294883,0.0,False,False,1,uniform_time_spread_among_preregistered_eligible_anchors,False,False,False,False
r8-final-frozen-eigenmike-evaluation-20260806,DOA-R8-FINAL-EIGENMIKE-EVAL-20260806,final_frozen_eigenmike_evaluation,independent_locata_evaluation_cross_array,task1,<LOCATA_EVAL_ROOT>\task1\recording11,recording11,150,1485361361.64,0,0.4603413794061276,0.6137885058748368,0.0,True,False,2,uniform_time_spread_among_preregistered_eligible_anchors,False,False,False,False
r8-final-frozen-eigenmike-evaluation-20260806,DOA-R8-FINAL-EIGENMIKE-EVAL-20260806,final_frozen_eigenmike_evaluation,independent_locata_evaluation_cross_array,task1,<LOCATA_EVAL_ROOT>\task1\recording11,recording11,171,1485361361.815,0,0.6353365184300436,0.8471153579067248,0.0,True,True,3,uniform_time_spread_among_preregistered_eligible_anchors,False,False,False,False
r8-final-frozen-eigenmike-evaluation-20260806,DOA-R8-FINAL-EIGENMIKE-EVAL-20260806,final_frozen_eigenmike_evaluation,independent_locata_evaluation_cross_array,task1,<LOCATA_EVAL_ROOT>\task1\recording11,recording11,193,1485361361.998,0,0.75,1.0,0.0,True,True,4,uniform_time_spread_among_preregistered_eligible_anchors,False,False,False,False
r8-final-frozen-eigenmike-evaluation-20260806,DOA-R8-FINAL-EIGENMIKE-EVAL-20260806,final_frozen_eigenmike_evaluation,independent_locata_evaluation_cross_array,task1,<LOCATA_EVAL_ROOT>\task1\recording11,recording11,214,1485361362.173,0,0.75,1.0,0.0,True,True,5,uniform_time_spread_among_preregistered_eligible_anchors,False,False,False,False
r8-final-frozen-eigenmike-evaluation-20260806,DOA-R8-FINAL-EIGENMIKE-EVAL-20260806,final_frozen_eigenmike_evaluation,independent_locata_evaluation_cross_array,task1,<LOCATA_EVAL_ROOT>\task1\recording11,recording11,235,1485361362.348,0,0.75,1.0,0.0,True,True,6,uniform_time_spread_among_preregistered_eligible_anchors,False,False,False,False
r8-final-frozen-eigenmike-evaluation-20260806,DOA-R8-FINAL-EIGENMIKE-EVAL-20260806,final_frozen_eigenmike_evaluation,independent_locata_evaluation_cross_array,task1,<LOCATA_EVAL_ROOT>\task1\recording11,recording11,256,1485361362.523,0,0.75,1.0,0.0,True,True,7,uniform_time_spread_among_preregistered_eligible_anchors,False,False,False,False
r8-final-frozen-eigenmike-evaluation-20260806,DOA-R8-FINAL-EIGENMIKE-EVAL-20260806,final_frozen_eigenmike_evaluation,independent_locata_evaluation_cross_array,task1,<LOCATA_EVAL_ROOT>\task1\recording11,recording11,277,1485361362.698,0,0.75,1.0,0.0,True,True,8,uniform_time_spread_among_preregistered_eligible_anchors,False,False,False,False
r8-final-frozen-eigenmike-evaluation-20260806,DOA-R8-FINAL-EIGENMIKE-EVAL-20260806,final_frozen_eigenmike_evaluation,independent_locata_evaluation_cross_array,task1,<LOCATA_EVAL_ROOT>\task1\recording11,recording11,487,1485361364.448,0,0.2382225493736285,0.31763006583150466,0.0,False,False,9,uniform_time_spread_among_preregistered_eligible_anchors,False,False,False,False
r8-final-frozen-eigenmike-evaluation-20260806,DOA-R8-FINAL-EIGENMIKE-EVAL-20260806,final_frozen_eigenmike_evaluation,independent_locata_evaluation_cross_array,task1,<LOCATA_EVAL_ROOT>\task1\recording11,recording11,509,1485361364.632,0,0.4222174384044888,0.5629565845393184,0.0,True,False,10,uniform_time_spread_among_preregistered_eligible_anchors,False,False,False,False
r8-final-frozen-eigenmike-evaluation-20260806,DOA-R8-FINAL-EIGENMIKE-EVAL-20260806,final_frozen_eigenmike_evaluation,independent_locata_evaluation_cross_array,task1,<LOCATA_EVAL_ROOT>\task1\recording11,recording11,530,1485361364.807,0,0.5972125774284047,0.7962834365712064,0.0,True,False,11,uniform_time_spread_among_preregistered_eligible_anchors,False,False,False,False
r8-final-frozen-eigenmike-evaluation-20260806,DOA-R8-FINAL-EIGENMIKE-EVAL-20260806,final_frozen_eigenmike_evaluation,independent_locata_evaluation_cross_array,task1,<LOCATA_EVAL_ROOT>\task1\recording11,recording11,551,1485361364.982,0,0.75,1.0,0.0,True,True,12,uniform_time_spread_among_preregistered_eligible_anchors,False,False,False,False
r8-final-frozen-eigenmike-evaluation-20260806,DOA-R8-FINAL-EIGENMIKE-EVAL-20260806,final_frozen_eigenmike_evaluation,independent_locata_evaluation_cross_array,task1,<LOCATA_EVAL_ROOT>\task1\recording11,recording11,572,1485361365.157,0,0.75,1.0,0.0,True,True,13,uniform_time_spread_among_preregistered_eligible_anchors,False,False,False,False
r8-final-frozen-eigenmike-evaluation-20260806,DOA-R8-FINAL-EIGENMIKE-EVAL-20260806,final_frozen_eigenmike_evaluation,independent_locata_evaluation_cross_array,task1,<LOCATA_EVAL_ROOT>\task1\recording11,recording11,593,1485361365.332,0,0.75,1.0,0.0,True,True,14,uniform_time_spread_among_preregistered_eligible_anchors,False,False,False,False
r8-final-frozen-eigenmike-evaluation-20260806,DOA-R8-FINAL-EIGENMIKE-EVAL-20260806,final_frozen_eigenmike_evaluation,independent_locata_evaluation_cross_array,task1,<LOCATA_EVAL_ROOT>\task1\recording11,recording11,614,1485361365.507,0,0.75,1.0,0.0,True,True,15,uniform_time_spread_among_preregistered_eligible_anchors,False,False,False,False
r8-final-frozen-eigenmike-evaluation-20260806,DOA-R8-FINAL-EIGENMIKE-EVAL-20260806,final_frozen_eigenmike_evaluation,independent_locata_evaluation_cross_array,task1,<LOCATA_EVAL_ROOT>\task1\recording11,recording11,636,1485361365.69,0,0.75,1.0,0.0,True,True,16,uniform_time_spread_among_preregistered_eligible_anchors,False,False,False,False
r8-final-frozen-eigenmike-evaluation-20260806,DOA-R8-FINAL-EIGENMIKE-EVAL-20260806,final_frozen_eigenmike_evaluation,independent_locata_evaluation_cross_array,task1,<LOCATA_EVAL_ROOT>\task1\recording11,recording11,657,1485361365.865,0,0.75,1.0,0.0,True,True,17,uniform_time_spread_among_preregistered_eligible_anchors,False,False,False,False
r8-final-frozen-eigenmike-evaluation-20260806,DOA-R8-FINAL-EIGENMIKE-EVAL-20260806,final_frozen_eigenmike_evaluation,independent_locata_evaluation_cross_array,task1,<LOCATA_EVAL_ROOT>\task1\recording11,recording11,678,1485361366.04,0,0.75,1.0,0.0,True,True,18,uniform_time_spread_among_preregistered_eligible_anchors,False,False,False,False
r8-final-frozen-eigenmike-evaluation-20260806,DOA-R8-FINAL-EIGENMIKE-EVAL-20260806,final_frozen_eigenmike_evaluation,independent_locata_evaluation_cross_array,task1,<LOCATA_EVAL_ROOT>\task1\recording11,recording11,699,1485361366.215,0,0.75,1.0,0.0,True,True,19,uniform_time_spread_among_preregistered_eligible_anchors,False,False,False,False
r8-final-frozen-eigenmike-evaluation-20260806,DOA-R8-FINAL-EIGENMIKE-EVAL-20260806,final_frozen_eigenmike_evaluation,independent_locata_evaluation_cross_array,task1,<LOCATA_EVAL_ROOT>\task1\recording12,recording12,182,1485361393.011,0,0.10620538318380046,0.1416071775784006,0.0,False,False,0,uniform_time_spread_among_preregistered_eligible_anchors,False,False,False,False
r8-final-frozen-eigenmike-evaluation-20260806,DOA-R8-FINAL-EIGENMIKE-EVAL-20260806,final_frozen_eigenmike_evaluation,independent_locata_evaluation_cross_array,task1,<LOCATA_EVAL_ROOT>\task1\recording12,recording12,208,1485361393.227,0,0.3221993833504625,0.4295991778006166,0.0,False,False,1,uniform_time_spread_among_preregistered_eligible_anchors,False,False,False,False
r8-final-frozen-eigenmike-evaluation-20260806,DOA-R8-FINAL-EIGENMIKE-EVAL-20260806,final_frozen_eigenmike_evaluation,independent_locata_evaluation_cross_array,task1,<LOCATA_EVAL_ROOT>\task1\recording12,recording12,235,1485361393.452,0,0.5471931335240687,0.7295908446987583,0.0,True,False,2,uniform_time_spread_among_preregistered_eligible_anchors,False,False,False,False
r8-final-frozen-eigenmike-evaluation-20260806,DOA-R8-FINAL-EIGENMIKE-EVAL-20260806,final_frozen_eigenmike_evaluation,independent_locata_evaluation_cross_array,task1,<LOCATA_EVAL_ROOT>\task1\recording12,recording12,261,1485361393.669,0,0.75,1.0,0.0,True,True,3,uniform_time_spread_among_preregistered_eligible_anchors,False,False,False,False
r8-final-frozen-eigenmike-evaluation-20260806,DOA-R8-FINAL-EIGENMIKE-EVAL-20260806,final_frozen_eigenmike_evaluation,independent_locata_evaluation_cross_array,task1,<LOCATA_EVAL_ROOT>\task1\recording12,recording12,288,1485361393.894,0,0.75,1.0,0.0,True,True,4,uniform_time_spread_among_preregistered_eligible_anchors,False,False,False,False
r8-final-frozen-eigenmike-evaluation-20260806,DOA-R8-FINAL-EIGENMIKE-EVAL-20260806,final_frozen_eigenmike_evaluation,independent_locata_evaluation_cross_array,task1,<LOCATA_EVAL_ROOT>\task1\recording12,recording12,314,1485361394.111,0,0.75,1.0,0.0,True,True,5,uniform_time_spread_among_preregistered_eligible_anchors,False,False,False,False
r8-final-frozen-eigenmike-evaluation-20260806,DOA-R8-FINAL-EIGENMIKE-EVAL-20260806,final_frozen_eigenmike_evaluation,independent_locata_evaluation_cross_array,task1,<LOCATA_EVAL_ROOT>\task1\recording12,recording12,341,1485361394.336,0,0.75,1.0,0.0,True,True,6,uniform_time_spread_among_preregistered_eligible_anchors,False,False,False,False
r8-final-frozen-eigenmike-evaluation-20260806,DOA-R8-FINAL-EIGENMIKE-EVAL-20260806,final_frozen_eigenmike_evaluation,independent_locata_evaluation_cross_array,task1,<LOCATA_EVAL_ROOT>\task1\recording12,recording12,367,1485361394.552,0,0.75,1.0,0.0,True,True,7,uniform_time_spread_among_preregistered_eligible_anchors,False,False,False,False
r8-final-frozen-eigenmike-evaluation-20260806,DOA-R8-FINAL-EIGENMIKE-EVAL-20260806,final_frozen_eigenmike_evaluation,independent_locata_evaluation_cross_array,task1,<LOCATA_EVAL_ROOT>\task1\recording12,recording12,393,1485361394.769,0,0.75,1.0,0.0,True,True,8,uniform_time_spread_among_preregistered_eligible_anchors,False,False,False,False
r8-final-frozen-eigenmike-evaluation-20260806,DOA-R8-FINAL-EIGENMIKE-EVAL-20260806,final_frozen_eigenmike_evaluation,independent_locata_evaluation_cross_array,task1,<LOCATA_EVAL_ROOT>\task1\recording12,recording12,420,1485361394.994,0,0.75,1.0,0.0,True,True,9,uniform_time_spread_among_preregistered_eligible_anchors,False,False,False,False
r8-final-frozen-eigenmike-evaluation-20260806,DOA-R8-FINAL-EIGENMIKE-EVAL-20260806,final_frozen_eigenmike_evaluation,independent_locata_evaluation_cross_array,task1,<LOCATA_EVAL_ROOT>\task1\recording12,recording12,446,1485361395.211,0,0.75,1.0,0.0,True,True,10,uniform_time_spread_among_preregistered_eligible_anchors,False,False,False,False
r8-final-frozen-eigenmike-evaluation-20260806,DOA-R8-FINAL-EIGENMIKE-EVAL-20260806,final_frozen_eigenmike_evaluation,independent_locata_evaluation_cross_array,task1,<LOCATA_EVAL_ROOT>\task1\recording12,recording12,473,1485361395.436,0,0.75,1.0,0.0,True,True,11,uniform_time_spread_among_preregistered_eligible_anchors,False,False,False,False
r8-final-frozen-eigenmike-evaluation-20260806,DOA-R8-FINAL-EIGENMIKE-EVAL-20260806,final_frozen_eigenmike_evaluation,independent_locata_evaluation_cross_array,task1,<LOCATA_EVAL_ROOT>\task1\recording12,recording12,577,1485361396.302,0,0.20891086358712257,0.2785478181161634,0.0,False,False,12,uniform_time_spread_among_preregistered_eligible_anchors,False,False,False,False
r8-final-frozen-eigenmike-evaluation-20260806,DOA-R8-FINAL-EIGENMIKE-EVAL-20260806,final_frozen_eigenmike_evaluation,independent_locata_evaluation_cross_array,task1,<LOCATA_EVAL_ROOT>\task1\recording12,recording12,603,1485361396.519,0,0.3675106247048693,0.4900141662731591,0.0,False,False,13,uniform_time_spread_among_preregistered_eligible_anchors,False,False,False,False
r8-final-frozen-eigenmike-evaluation-20260806,DOA-R8-FINAL-EIGENMIKE-EVAL-20260806,final_frozen_eigenmike_evaluation,independent_locata_evaluation_cross_array,task1,<LOCATA_EVAL_ROOT>\task1\recording12,recording12,630,1485361396.744,0,0.5925043748784756,0.7900058331713008,0.0,True,False,14,uniform_time_spread_among_preregistered_eligible_anchors,False,False,False,False
r8-final-frozen-eigenmike-evaluation-20260806,DOA-R8-FINAL-EIGENMIKE-EVAL-20260806,final_frozen_eigenmike_evaluation,independent_locata_evaluation_cross_array,task1,<LOCATA_EVAL_ROOT>\task1\recording12,recording12,656,1485361396.961,0,0.75,1.0,0.0,True,True,15,uniform_time_spread_among_preregistered_eligible_anchors,False,False,False,False
r8-final-frozen-eigenmike-evaluation-20260806,DOA-R8-FINAL-EIGENMIKE-EVAL-20260806,final_frozen_eigenmike_evaluation,independent_locata_evaluation_cross_array,task1,<LOCATA_EVAL_ROOT>\task1\recording12,recording12,683,1485361397.186,0,0.75,1.0,0.0,True,True,16,uniform_time_spread_among_preregistered_eligible_anchors,False,False,False,False
r8-final-frozen-eigenmike-evaluation-20260806,DOA-R8-FINAL-EIGENMIKE-EVAL-20260806,final_frozen_eigenmike_evaluation,independent_locata_evaluation_cross_array,task1,<LOCATA_EVAL_ROOT>\task1\recording12,recording12,709,1485361397.402,0,0.75,1.0,0.0,True,True,17,uniform_time_spread_among_preregistered_eligible_anchors,False,False,False,False
r8-final-frozen-eigenmike-evaluation-20260806,DOA-R8-FINAL-EIGENMIKE-EVAL-20260806,final_frozen_eigenmike_evaluation,independent_locata_evaluation_cross_array,task1,<LOCATA_EVAL_ROOT>\task1\recording12,recording12,736,1485361397.627,0,0.75,1.0,0.0,True,True,18,uniform_time_spread_among_preregistered_eligible_anchors,False,False,False,False
r8-final-frozen-eigenmike-evaluation-20260806,DOA-R8-FINAL-EIGENMIKE-EVAL-20260806,final_frozen_eigenmike_evaluation,independent_locata_evaluation_cross_array,task1,<LOCATA_EVAL_ROOT>\task1\recording12,recording12,762,1485361397.844,0,0.75,1.0,0.0,True,True,19,uniform_time_spread_among_preregistered_eligible_anchors,False,False,False,False
r8-final-frozen-eigenmike-evaluation-20260806,DOA-R8-FINAL-EIGENMIKE-EVAL-20260806,final_frozen_eigenmike_evaluation,independent_locata_evaluation_cross_array,task1,<LOCATA_EVAL_ROOT>\task1\recording13,recording13,164,1485361436.837,0,0.10224715980111662,0.13632954640148884,0.0,False,False,0,uniform_time_spread_among_preregistered_eligible_anchors,False,False,False,False
r8-final-frozen-eigenmike-evaluation-20260806,DOA-R8-FINAL-EIGENMIKE-EVAL-20260806,final_frozen_eigenmike_evaluation,independent_locata_evaluation_cross_array,task1,<LOCATA_EVAL_ROOT>\task1\recording13,recording13,190,1485361437.054,0,0.31924113219077244,0.42565484292102995,0.0,False,False,1,uniform_time_spread_among_preregistered_eligible_anchors,False,False,False,False
r8-final-frozen-eigenmike-evaluation-20260806,DOA-R8-FINAL-EIGENMIKE-EVAL-20260806,final_frozen_eigenmike_evaluation,independent_locata_evaluation_cross_array,task1,<LOCATA_EVAL_ROOT>\task1\recording13,recording13,216,1485361437.27,0,0.5352351323574345,0.713646843143246,0.0,True,False,2,uniform_time_spread_among_preregistered_eligible_anchors,False,False,False,False
r8-final-frozen-eigenmike-evaluation-20260806,DOA-R8-FINAL-EIGENMIKE-EVAL-20260806,final_frozen_eigenmike_evaluation,independent_locata_evaluation_cross_array,task1,<LOCATA_EVAL_ROOT>\task1\recording13,recording13,242,1485361437.487,0,0.75,1.0,0.0,True,True,3,uniform_time_spread_among_preregistered_eligible_anchors,False,False,False,False
r8-final-frozen-eigenmike-evaluation-20260806,DOA-R8-FINAL-EIGENMIKE-EVAL-20260806,final_frozen_eigenmike_evaluation,independent_locata_evaluation_cross_array,task1,<LOCATA_EVAL_ROOT>\task1\recording13,recording13,267,1485361437.695,0,0.75,1.0,0.0,True,True,4,uniform_time_spread_among_preregistered_eligible_anchors,False,False,False,False
r8-final-frozen-eigenmike-evaluation-20260806,DOA-R8-FINAL-EIGENMIKE-EVAL-20260806,final_frozen_eigenmike_evaluation,independent_locata_evaluation_cross_array,task1,<LOCATA_EVAL_ROOT>\task1\recording13,recording13,293,1485361437.912,0,0.75,1.0,0.0,True,True,5,uniform_time_spread_among_preregistered_eligible_anchors,False,False,False,False
r8-final-frozen-eigenmike-evaluation-20260806,DOA-R8-FINAL-EIGENMIKE-EVAL-20260806,final_frozen_eigenmike_evaluation,independent_locata_evaluation_cross_array,task1,<LOCATA_EVAL_ROOT>\task1\recording13,recording13,319,1485361438.129,0,0.75,1.0,0.0,True,True,6,uniform_time_spread_among_preregistered_eligible_anchors,False,False,False,False
r8-final-frozen-eigenmike-evaluation-20260806,DOA-R8-FINAL-EIGENMIKE-EVAL-20260806,final_frozen_eigenmike_evaluation,independent_locata_evaluation_cross_array,task1,<LOCATA_EVAL_ROOT>\task1\recording13,recording13,345,1485361438.345,0,0.75,1.0,0.0,True,True,7,uniform_time_spread_among_preregistered_eligible_anchors,False,False,False,False
r8-final-frozen-eigenmike-evaluation-20260806,DOA-R8-FINAL-EIGENMIKE-EVAL-20260806,final_frozen_eigenmike_evaluation,independent_locata_evaluation_cross_array,task1,<LOCATA_EVAL_ROOT>\task1\recording13,recording13,371,1485361438.562,0,0.75,1.0,0.0,True,True,8,uniform_time_spread_among_preregistered_eligible_anchors,False,False,False,False
r8-final-frozen-eigenmike-evaluation-20260806,DOA-R8-FINAL-EIGENMIKE-EVAL-20260806,final_frozen_eigenmike_evaluation,independent_locata_evaluation_cross_array,task1,<LOCATA_EVAL_ROOT>\task1\recording13,recording13,397,1485361438.779,0,0.75,1.0,0.0,True,True,9,uniform_time_spread_among_preregistered_eligible_anchors,False,False,False,False
r8-final-frozen-eigenmike-evaluation-20260806,DOA-R8-FINAL-EIGENMIKE-EVAL-20260806,final_frozen_eigenmike_evaluation,independent_locata_evaluation_cross_array,task1,<LOCATA_EVAL_ROOT>\task1\recording13,recording13,422,1485361438.987,0,0.75,1.0,0.0,True,True,10,uniform_time_spread_among_preregistered_eligible_anchors,False,False,False,False
r8-final-frozen-eigenmike-evaluation-20260806,DOA-R8-FINAL-EIGENMIKE-EVAL-20260806,final_frozen_eigenmike_evaluation,independent_locata_evaluation_cross_array,task1,<LOCATA_EVAL_ROOT>\task1\recording13,recording13,448,1485361439.204,0,0.75,1.0,0.0,True,True,11,uniform_time_spread_among_preregistered_eligible_anchors,False,False,False,False
r8-final-frozen-eigenmike-evaluation-20260806,DOA-R8-FINAL-EIGENMIKE-EVAL-20260806,final_frozen_eigenmike_evaluation,independent_locata_evaluation_cross_array,task1,<LOCATA_EVAL_ROOT>\task1\recording13,recording13,849,1485361442.545,0,0.2953251298575039,0.39376683981000526,0.0,False,False,12,uniform_time_spread_among_preregistered_eligible_anchors,False,False,False,False
r8-final-frozen-eigenmike-evaluation-20260806,DOA-R8-FINAL-EIGENMIKE-EVAL-20260806,final_frozen_eigenmike_evaluation,independent_locata_evaluation_cross_array,task1,<LOCATA_EVAL_ROOT>\task1\recording13,recording13,875,1485361442.762,0,0.5123191022471598,0.6830921363295464,0.0,True,False,13,uniform_time_spread_among_preregistered_eligible_anchors,False,False,False,False
r8-final-frozen-eigenmike-evaluation-20260806,DOA-R8-FINAL-EIGENMIKE-EVAL-20260806,final_frozen_eigenmike_evaluation,independent_locata_evaluation_cross_array,task1,<LOCATA_EVAL_ROOT>\task1\recording13,recording13,901,1485361442.979,0,0.7293130746368157,0.9724174328490875,0.0,True,True,14,uniform_time_spread_among_preregistered_eligible_anchors,False,False,False,False
r8-final-frozen-eigenmike-evaluation-20260806,DOA-R8-FINAL-EIGENMIKE-EVAL-20260806,final_frozen_eigenmike_evaluation,independent_locata_evaluation_cross_array,task1,<LOCATA_EVAL_ROOT>\task1\recording13,recording13,927,1485361443.195,0,0.75,1.0,0.0,True,True,15,uniform_time_spread_among_preregistered_eligible_anchors,False,False,False,False
r8-final-frozen-eigenmike-evaluation-20260806,DOA-R8-FINAL-EIGENMIKE-EVAL-20260806,final_frozen_eigenmike_evaluation,independent_locata_evaluation_cross_array,task1,<LOCATA_EVAL_ROOT>\task1\recording13,recording13,952,1485361443.404,0,0.75,1.0,0.0,True,True,16,uniform_time_spread_among_preregistered_eligible_anchors,False,False,False,False
r8-final-frozen-eigenmike-evaluation-20260806,DOA-R8-FINAL-EIGENMIKE-EVAL-20260806,final_frozen_eigenmike_evaluation,independent_locata_evaluation_cross_array,task1,<LOCATA_EVAL_ROOT>\task1\recording13,recording13,978,1485361443.62,0,0.75,1.0,0.0,True,True,17,uniform_time_spread_among_preregistered_eligible_anchors,False,False,False,False
r8-final-frozen-eigenmike-evaluation-20260806,DOA-R8-FINAL-EIGENMIKE-EVAL-20260806,final_frozen_eigenmike_evaluation,independent_locata_evaluation_cross_array,task1,<LOCATA_EVAL_ROOT>\task1\recording13,recording13,1004,1485361443.837,0,0.75,1.0,0.0,True,True,18,uniform_time_spread_among_preregistered_eligible_anchors,False,False,False,False
r8-final-frozen-eigenmike-evaluation-20260806,DOA-R8-FINAL-EIGENMIKE-EVAL-20260806,final_frozen_eigenmike_evaluation,independent_locata_evaluation_cross_array,task1,<LOCATA_EVAL_ROOT>\task1\recording13,recording13,1030,1485361444.054,0,0.75,1.0,0.0,True,True,19,uniform_time_spread_among_preregistered_eligible_anchors,False,False,False,False
r8-final-frozen-eigenmike-evaluation-20260806,DOA-R8-FINAL-EIGENMIKE-EVAL-20260806,final_frozen_eigenmike_evaluation,independent_locata_evaluation_cross_array,task1,<LOCATA_EVAL_ROOT>\task1\recording2,recording2,117,1485359698.747,0,0.10101802727702008,0.1346907030360268,0.0,False,False,0,uniform_time_spread_among_preregistered_eligible_anchors,False,False,False,False
r8-final-frozen-eigenmike-evaluation-20260806,DOA-R8-FINAL-EIGENMIKE-EVAL-20260806,final_frozen_eigenmike_evaluation,independent_locata_evaluation_cross_array,task1,<LOCATA_EVAL_ROOT>\task1\recording2,recording2,140,1485359698.939,0,0.2930126940918308,0.390683592122441,0.0,False,False,1,uniform_time_spread_among_preregistered_eligible_anchors,False,False,False,False
r8-final-frozen-eigenmike-evaluation-20260806,DOA-R8-FINAL-EIGENMIKE-EVAL-20260806,final_frozen_eigenmike_evaluation,independent_locata_evaluation_cross_array,task1,<LOCATA_EVAL_ROOT>\task1\recording2,recording2,163,1485359699.13,0,0.4840073886836477,0.6453431849115302,0.0,True,False,2,uniform_time_spread_among_preregistered_eligible_anchors,False,False,False,False
r8-final-frozen-eigenmike-evaluation-20260806,DOA-R8-FINAL-EIGENMIKE-EVAL-20260806,final_frozen_eigenmike_evaluation,independent_locata_evaluation_cross_array,task1,<LOCATA_EVAL_ROOT>\task1\recording2,recording2,186,1485359699.322,0,0.6760020554984584,0.9013360739979445,0.0,True,True,3,uniform_time_spread_among_preregistered_eligible_anchors,False,False,False,False
r8-final-frozen-eigenmike-evaluation-20260806,DOA-R8-FINAL-EIGENMIKE-EVAL-20260806,final_frozen_eigenmike_evaluation,independent_locata_evaluation_cross_array,task1,<LOCATA_EVAL_ROOT>\task1\recording2,recording2,209,1485359699.514,0,0.75,1.0,0.0,True,True,4,uniform_time_spread_among_preregistered_eligible_anchors,False,False,False,False
r8-final-frozen-eigenmike-evaluation-20260806,DOA-R8-FINAL-EIGENMIKE-EVAL-20260806,final_frozen_eigenmike_evaluation,independent_locata_evaluation_cross_array,task1,<LOCATA_EVAL_ROOT>\task1\recording2,recording2,232,1485359699.705,0,0.75,1.0,0.0,True,True,5,uniform_time_spread_among_preregistered_eligible_anchors,False,False,False,False
r8-final-frozen-eigenmike-evaluation-20260806,DOA-R8-FINAL-EIGENMIKE-EVAL-20260806,final_frozen_eigenmike_evaluation,independent_locata_evaluation_cross_array,task1,<LOCATA_EVAL_ROOT>\task1\recording2,recording2,255,1485359699.897,0,0.75,1.0,0.0,True,True,6,uniform_time_spread_among_preregistered_eligible_anchors,False,False,False,False
r8-final-frozen-eigenmike-evaluation-20260806,DOA-R8-FINAL-EIGENMIKE-EVAL-20260806,final_frozen_eigenmike_evaluation,independent_locata_evaluation_cross_array,task1,<LOCATA_EVAL_ROOT>\task1\recording2,recording2,278,1485359700.089,0,0.75,1.0,0.0,True,True,7,uniform_time_spread_among_preregistered_eligible_anchors,False,False,False,False
r8-final-frozen-eigenmike-evaluation-20260806,DOA-R8-FINAL-EIGENMIKE-EVAL-20260806,final_frozen_eigenmike_evaluation,independent_locata_evaluation_cross_array,task1,<LOCATA_EVAL_ROOT>\task1\recording2,recording2,301,1485359700.28,0,0.75,1.0,0.0,True,True,8,uniform_time_spread_among_preregistered_eligible_anchors,False,False,False,False
r8-final-frozen-eigenmike-evaluation-20260806,DOA-R8-FINAL-EIGENMIKE-EVAL-20260806,final_frozen_eigenmike_evaluation,independent_locata_evaluation_cross_array,task1,<LOCATA_EVAL_ROOT>\task1\recording2,recording2,379,1485359700.93,0,0.2882419932779645,0.3843226577039527,0.0,False,False,9,uniform_time_spread_among_preregistered_eligible_anchors,False,False,False,False
r8-final-frozen-eigenmike-evaluation-20260806,DOA-R8-FINAL-EIGENMIKE-EVAL-20260806,final_frozen_eigenmike_evaluation,independent_locata_evaluation_cross_array,task1,<LOCATA_EVAL_ROOT>\task1\recording2,recording2,401,1485359701.114,0,0.2882419932779645,0.3843226577039527,0.0,False,False,10,uniform_time_spread_among_preregistered_eligible_anchors,False,False,False,False
r8-final-frozen-eigenmike-evaluation-20260806,DOA-R8-FINAL-EIGENMIKE-EVAL-20260806,final_frozen_eigenmike_evaluation,independent_locata_evaluation_cross_array,task1,<LOCATA_EVAL_ROOT>\task1\recording2,recording2,424,1485359701.305,0,0.4667787005916503,0.622371600788867,0.0,True,False,11,uniform_time_spread_among_preregistered_eligible_anchors,False,False,False,False
r8-final-frozen-eigenmike-evaluation-20260806,DOA-R8-FINAL-EIGENMIKE-EVAL-20260806,final_frozen_eigenmike_evaluation,independent_locata_evaluation_cross_array,task1,<LOCATA_EVAL_ROOT>\task1\recording2,recording2,447,1485359701.497,0,0.658773367406461,0.8783644898752813,0.0,True,True,12,uniform_time_spread_among_preregistered_eligible_anchors,False,False,False,False
r8-final-frozen-eigenmike-evaluation-20260806,DOA-R8-FINAL-EIGENMIKE-EVAL-20260806,final_frozen_eigenmike_evaluation,independent_locata_evaluation_cross_array,task1,<LOCATA_EVAL_ROOT>\task1\recording2,recording2,470,1485359701.689,0,0.75,1.0,0.0,True,True,13,uniform_time_spread_among_preregistered_eligible_anchors,False,False,False,False
r8-final-frozen-eigenmike-evaluation-20260806,DOA-R8-FINAL-EIGENMIKE-EVAL-20260806,final_frozen_eigenmike_evaluation,independent_locata_evaluation_cross_array,task1,<LOCATA_EVAL_ROOT>\task1\recording2,recording2,493,1485359701.88,0,0.75,1.0,0.0,True,True,14,uniform_time_spread_among_preregistered_eligible_anchors,False,False,False,False
r8-final-frozen-eigenmike-evaluation-20260806,DOA-R8-FINAL-EIGENMIKE-EVAL-20260806,final_frozen_eigenmike_evaluation,independent_locata_evaluation_cross_array,task1,<LOCATA_EVAL_ROOT>\task1\recording2,recording2,516,1485359702.072,0,0.75,1.0,0.0,True,True,15,uniform_time_spread_among_preregistered_eligible_anchors,False,False,False,False
r8-final-frozen-eigenmike-evaluation-20260806,DOA-R8-FINAL-EIGENMIKE-EVAL-20260806,final_frozen_eigenmike_evaluation,independent_locata_evaluation_cross_array,task1,<LOCATA_EVAL_ROOT>\task1\recording2,recording2,539,1485359702.264,0,0.75,1.0,0.0,True,True,16,uniform_time_spread_among_preregistered_eligible_anchors,False,False,False,False
r8-final-frozen-eigenmike-evaluation-20260806,DOA-R8-FINAL-EIGENMIKE-EVAL-20260806,final_frozen_eigenmike_evaluation,independent_locata_evaluation_cross_array,task1,<LOCATA_EVAL_ROOT>\task1\recording2,recording2,562,1485359702.455,0,0.75,1.0,0.0,True,True,17,uniform_time_spread_among_preregistered_eligible_anchors,False,False,False,False
r8-final-frozen-eigenmike-evaluation-20260806,DOA-R8-FINAL-EIGENMIKE-EVAL-20260806,final_frozen_eigenmike_evaluation,independent_locata_evaluation_cross_array,task1,<LOCATA_EVAL_ROOT>\task1\recording2,recording2,585,1485359702.647,0,0.75,1.0,0.0,True,True,18,uniform_time_spread_among_preregistered_eligible_anchors,False,False,False,False
r8-final-frozen-eigenmike-evaluation-20260806,DOA-R8-FINAL-EIGENMIKE-EVAL-20260806,final_frozen_eigenmike_evaluation,independent_locata_evaluation_cross_array,task1,<LOCATA_EVAL_ROOT>\task1\recording2,recording2,608,1485359702.839,0,0.75,1.0,0.0,True,True,19,uniform_time_spread_among_preregistered_eligible_anchors,False,False,False,False
r8-final-frozen-eigenmike-evaluation-20260806,DOA-R8-FINAL-EIGENMIKE-EVAL-20260806,final_frozen_eigenmike_evaluation,independent_locata_evaluation_cross_array,task1,<LOCATA_EVAL_ROOT>\task1\recording3,recording3,126,1485359731.203,0,0.10614288491986335,0.14152384655981778,0.0,False,False,0,uniform_time_spread_among_preregistered_eligible_anchors,False,False,False,False
r8-final-frozen-eigenmike-evaluation-20260806,DOA-R8-FINAL-EIGENMIKE-EVAL-20260806,final_frozen_eigenmike_evaluation,independent_locata_evaluation_cross_array,task1,<LOCATA_EVAL_ROOT>\task1\recording3,recording3,154,1485359731.436,0,0.3391364128774201,0.4521818838365601,0.0,False,False,1,uniform_time_spread_among_preregistered_eligible_anchors,False,False,False,False
r8-final-frozen-eigenmike-evaluation-20260806,DOA-R8-FINAL-EIGENMIKE-EVAL-20260806,final_frozen_eigenmike_evaluation,independent_locata_evaluation_cross_array,task1,<LOCATA_EVAL_ROOT>\task1\recording3,recording3,182,1485359731.669,0,0.5721299408349768,0.7628399211133025,0.0,True,False,2,uniform_time_spread_among_preregistered_eligible_anchors,False,False,False,False
r8-final-frozen-eigenmike-evaluation-20260806,DOA-R8-FINAL-EIGENMIKE-EVAL-20260806,final_frozen_eigenmike_evaluation,independent_locata_evaluation_cross_array,task1,<LOCATA_EVAL_ROOT>\task1\recording3,recording3,210,1485359731.903,0,0.75,1.0,0.0,True,True,3,uniform_time_spread_among_preregistered_eligible_anchors,False,False,False,False
r8-final-frozen-eigenmike-evaluation-20260806,DOA-R8-FINAL-EIGENMIKE-EVAL-20260806,final_frozen_eigenmike_evaluation,independent_locata_evaluation_cross_array,task1,<LOCATA_EVAL_ROOT>\task1\recording3,recording3,238,1485359732.136,0,0.75,1.0,0.0,True,True,4,uniform_time_spread_among_preregistered_eligible_anchors,False,False,False,False
r8-final-frozen-eigenmike-evaluation-20260806,DOA-R8-FINAL-EIGENMIKE-EVAL-20260806,final_frozen_eigenmike_evaluation,independent_locata_evaluation_cross_array,task1,<LOCATA_EVAL_ROOT>\task1\recording3,recording3,266,1485359732.369,0,0.75,1.0,0.0,True,True,5,uniform_time_spread_among_preregistered_eligible_anchors,False,False,False,False
r8-final-frozen-eigenmike-evaluation-20260806,DOA-R8-FINAL-EIGENMIKE-EVAL-20260806,final_frozen_eigenmike_evaluation,independent_locata_evaluation_cross_array,task1,<LOCATA_EVAL_ROOT>\task1\recording3,recording3,294,1485359732.603,0,0.75,1.0,0.0,True,True,6,uniform_time_spread_among_preregistered_eligible_anchors,False,False,False,False
r8-final-frozen-eigenmike-evaluation-20260806,DOA-R8-FINAL-EIGENMIKE-EVAL-20260806,final_frozen_eigenmike_evaluation,independent_locata_evaluation_cross_array,task1,<LOCATA_EVAL_ROOT>\task1\recording3,recording3,322,1485359732.836,0,0.75,1.0,0.0,True,True,7,uniform_time_spread_among_preregistered_eligible_anchors,False,False,False,False
r8-final-frozen-eigenmike-evaluation-20260806,DOA-R8-FINAL-EIGENMIKE-EVAL-20260806,final_frozen_eigenmike_evaluation,independent_locata_evaluation_cross_array,task1,<LOCATA_EVAL_ROOT>\task1\recording3,recording3,448,1485359733.886,0,0.1934946251493014,0.2579928335324019,0.0,False,False,8,uniform_time_spread_among_preregistered_eligible_anchors,False,False,False,False
r8-final-frozen-eigenmike-evaluation-20260806,DOA-R8-FINAL-EIGENMIKE-EVAL-20260806,final_frozen_eigenmike_evaluation,independent_locata_evaluation_cross_array,task1,<LOCATA_EVAL_ROOT>\task1\recording3,recording3,476,1485359734.119,0,0.42648815310685817,0.5686508708091442,0.0,True,False,9,uniform_time_spread_among_preregistered_eligible_anchors,False,False,False,False
r8-final-frozen-eigenmike-evaluation-20260806,DOA-R8-FINAL-EIGENMIKE-EVAL-20260806,final_frozen_eigenmike_evaluation,independent_locata_evaluation_cross_array,task1,<LOCATA_EVAL_ROOT>\task1\recording3,recording3,505,1485359734.361,0,0.6684814310713592,0.8913085747618121,0.0,True,True,10,uniform_time_spread_among_preregistered_eligible_anchors,False,False,False,False
r8-final-frozen-eigenmike-evaluation-20260806,DOA-R8-FINAL-EIGENMIKE-EVAL-20260806,final_frozen_eigenmike_evaluation,independent_locata_evaluation_cross_array,task1,<LOCATA_EVAL_ROOT>\task1\recording3,recording3,533,1485359734.594,0,0.75,1.0,0.0,True,True,11,uniform_time_spread_among_preregistered_eligible_anchors,False,False,False,False
r8-final-frozen-eigenmike-evaluation-20260806,DOA-R8-FINAL-EIGENMIKE-EVAL-20260806,final_frozen_eigenmike_evaluation,independent_locata_evaluation_cross_array,task1,<LOCATA_EVAL_ROOT>\task1\recording3,recording3,561,1485359734.828,0,0.75,1.0,0.0,True,True,12,uniform_time_spread_among_preregistered_eligible_anchors,False,False,False,False
r8-final-frozen-eigenmike-evaluation-20260806,DOA-R8-FINAL-EIGENMIKE-EVAL-20260806,final_frozen_eigenmike_evaluation,independent_locata_evaluation_cross_array,task1,<LOCATA_EVAL_ROOT>\task1\recording3,recording3,589,1485359735.061,0,0.75,1.0,0.0,True,True,13,uniform_time_spread_among_preregistered_eligible_anchors,False,False,False,False
r8-final-frozen-eigenmike-evaluation-20260806,DOA-R8-FINAL-EIGENMIKE-EVAL-20260806,final_frozen_eigenmike_evaluation,independent_locata_evaluation_cross_array,task1,<LOCATA_EVAL_ROOT>\task1\recording3,recording3,617,1485359735.294,0,0.75,1.0,0.0,True,True,14,uniform_time_spread_among_preregistered_eligible_anchors,False,False,False,False
r8-final-frozen-eigenmike-evaluation-20260806,DOA-R8-FINAL-EIGENMIKE-EVAL-20260806,final_frozen_eigenmike_evaluation,independent_locata_evaluation_cross_array,task1,<LOCATA_EVAL_ROOT>\task1\recording3,recording3,645,1485359735.528,0,0.75,1.0,0.0,True,True,15,uniform_time_spread_among_preregistered_eligible_anchors,False,False,False,False
r8-final-frozen-eigenmike-evaluation-20260806,DOA-R8-FINAL-EIGENMIKE-EVAL-20260806,final_frozen_eigenmike_evaluation,independent_locata_evaluation_cross_array,task1,<LOCATA_EVAL_ROOT>\task1\recording3,recording3,673,1485359735.761,0,0.75,1.0,0.0,True,True,16,uniform_time_spread_among_preregistered_eligible_anchors,False,False,False,False
r8-final-frozen-eigenmike-evaluation-20260806,DOA-R8-FINAL-EIGENMIKE-EVAL-20260806,final_frozen_eigenmike_evaluation,independent_locata_evaluation_cross_array,task1,<LOCATA_EVAL_ROOT>\task1\recording3,recording3,701,1485359735.994,0,0.75,1.0,0.0,True,True,17,uniform_time_spread_among_preregistered_eligible_anchors,False,False,False,False
r8-final-frozen-eigenmike-evaluation-20260806,DOA-R8-FINAL-EIGENMIKE-EVAL-20260806,final_frozen_eigenmike_evaluation,independent_locata_evaluation_cross_array,task1,<LOCATA_EVAL_ROOT>\task1\recording3,recording3,729,1485359736.228,0,0.75,1.0,0.0,True,True,18,uniform_time_spread_among_preregistered_eligible_anchors,False,False,False,False
r8-final-frozen-eigenmike-evaluation-20260806,DOA-R8-FINAL-EIGENMIKE-EVAL-20260806,final_frozen_eigenmike_evaluation,independent_locata_evaluation_cross_array,task1,<LOCATA_EVAL_ROOT>\task1\recording3,recording3,757,1485359736.461,0,0.75,1.0,0.0,True,True,19,uniform_time_spread_among_preregistered_eligible_anchors,False,False,False,False
r8-final-frozen-eigenmike-evaluation-20260806,DOA-R8-FINAL-EIGENMIKE-EVAL-20260806,final_frozen_eigenmike_evaluation,independent_locata_evaluation_cross_array,task1,<LOCATA_EVAL_ROOT>\task1\recording4,recording4,106,1485359815.362,0,0.10470542484930975,0.139607233132413,0.0,False,False,0,uniform_time_spread_among_preregistered_eligible_anchors,False,False,False,False
r8-final-frozen-eigenmike-evaluation-20260806,DOA-R8-FINAL-EIGENMIKE-EVAL-20260806,final_frozen_eigenmike_evaluation,independent_locata_evaluation_cross_array,task1,<LOCATA_EVAL_ROOT>\task1\recording4,recording4,135,1485359815.604,0,0.34669870281381077,0.462264937085081,0.0,False,False,1,uniform_time_spread_among_preregistered_eligible_anchors,False,False,False,False
r8-final-frozen-eigenmike-evaluation-20260806,DOA-R8-FINAL-EIGENMIKE-EVAL-20260806,final_frozen_eigenmike_evaluation,independent_locata_evaluation_cross_array,task1,<LOCATA_EVAL_ROOT>\task1\recording4,recording4,165,1485359815.854,0,0.5966917585622622,0.7955890114163495,0.0,True,False,2,uniform_time_spread_among_preregistered_eligible_anchors,False,False,False,False
r8-final-frozen-eigenmike-evaluation-20260806,DOA-R8-FINAL-EIGENMIKE-EVAL-20260806,final_frozen_eigenmike_evaluation,independent_locata_evaluation_cross_array,task1,<LOCATA_EVAL_ROOT>\task1\recording4,recording4,194,1485359816.096,0,0.75,1.0,0.0,True,True,3,uniform_time_spread_among_preregistered_eligible_anchors,False,False,False,False
r8-final-frozen-eigenmike-evaluation-20260806,DOA-R8-FINAL-EIGENMIKE-EVAL-20260806,final_frozen_eigenmike_evaluation,independent_locata_evaluation_cross_array,task1,<LOCATA_EVAL_ROOT>\task1\recording4,recording4,223,1485359816.337,0,0.75,1.0,0.0,True,True,4,uniform_time_spread_among_preregistered_eligible_anchors,False,False,False,False
r8-final-frozen-eigenmike-evaluation-20260806,DOA-R8-FINAL-EIGENMIKE-EVAL-20260806,final_frozen_eigenmike_evaluation,independent_locata_evaluation_cross_array,task1,<LOCATA_EVAL_ROOT>\task1\recording4,recording4,252,1485359816.579,0,0.75,1.0,0.0,True,True,5,uniform_time_spread_among_preregistered_eligible_anchors,False,False,False,False
r8-final-frozen-eigenmike-evaluation-20260806,DOA-R8-FINAL-EIGENMIKE-EVAL-20260806,final_frozen_eigenmike_evaluation,independent_locata_evaluation_cross_array,task1,<LOCATA_EVAL_ROOT>\task1\recording4,recording4,282,1485359816.829,0,0.75,1.0,0.0,True,True,6,uniform_time_spread_among_preregistered_eligible_anchors,False,False,False,False
r8-final-frozen-eigenmike-evaluation-20260806,DOA-R8-FINAL-EIGENMIKE-EVAL-20260806,final_frozen_eigenmike_evaluation,independent_locata_evaluation_cross_array,task1,<LOCATA_EVAL_ROOT>\task1\recording4,recording4,443,1485359818.171,0,0.3155954001277742,0.4207938668370323,0.0,False,False,7,uniform_time_spread_among_preregistered_eligible_anchors,False,False,False,False
r8-final-frozen-eigenmike-evaluation-20260806,DOA-R8-FINAL-EIGENMIKE-EVAL-20260806,final_frozen_eigenmike_evaluation,independent_locata_evaluation_cross_array,task1,<LOCATA_EVAL_ROOT>\task1\recording4,recording4,472,1485359818.412,0,0.5565887058692814,0.7421182744923752,0.0,True,False,8,uniform_time_spread_among_preregistered_eligible_anchors,False,False,False,False
r8-final-frozen-eigenmike-evaluation-20260806,DOA-R8-FINAL-EIGENMIKE-EVAL-20260806,final_frozen_eigenmike_evaluation,independent_locata_evaluation_cross_array,task1,<LOCATA_EVAL_ROOT>\task1\recording4,recording4,501,1485359818.654,0,0.75,1.0,0.0,True,True,9,uniform_time_spread_among_preregistered_eligible_anchors,False,False,False,False
r8-final-frozen-eigenmike-evaluation-20260806,DOA-R8-FINAL-EIGENMIKE-EVAL-20260806,final_frozen_eigenmike_evaluation,independent_locata_evaluation_cross_array,task1,<LOCATA_EVAL_ROOT>\task1\recording4,recording4,531,1485359818.904,0,0.75,1.0,0.0,True,True,10,uniform_time_spread_among_preregistered_eligible_anchors,False,False,False,False
r8-final-frozen-eigenmike-evaluation-20260806,DOA-R8-FINAL-EIGENMIKE-EVAL-20260806,final_frozen_eigenmike_evaluation,independent_locata_evaluation_cross_array,task1,<LOCATA_EVAL_ROOT>\task1\recording4,recording4,685,1485359820.187,0,0.2459931668564762,0.3279908891419683,0.0,False,False,11,uniform_time_spread_among_preregistered_eligible_anchors,False,False,False,False
r8-final-frozen-eigenmike-evaluation-20260806,DOA-R8-FINAL-EIGENMIKE-EVAL-20260806,final_frozen_eigenmike_evaluation,independent_locata_evaluation_cross_array,task1,<LOCATA_EVAL_ROOT>\task1\recording4,recording4,714,1485359820.429,0,0.4879864448209772,0.6506485930946363,0.0,True,False,12,uniform_time_spread_among_preregistered_eligible_anchors,False,False,False,False
r8-final-frozen-eigenmike-evaluation-20260806,DOA-R8-FINAL-EIGENMIKE-EVAL-20260806,final_frozen_eigenmike_evaluation,independent_locata_evaluation_cross_array,task1,<LOCATA_EVAL_ROOT>\task1\recording4,recording4,743,1485359820.671,0,0.7299797227854782,0.9733062970473042,0.0,True,True,13,uniform_time_spread_among_preregistered_eligible_anchors,False,False,False,False
r8-final-frozen-eigenmike-evaluation-20260806,DOA-R8-FINAL-EIGENMIKE-EVAL-20260806,final_frozen_eigenmike_evaluation,independent_locata_evaluation_cross_array,task1,<LOCATA_EVAL_ROOT>\task1\recording4,recording4,773,1485359820.921,0,0.75,1.0,0.0,True,True,14,uniform_time_spread_among_preregistered_eligible_anchors,False,False,False,False
r8-final-frozen-eigenmike-evaluation-20260806,DOA-R8-FINAL-EIGENMIKE-EVAL-20260806,final_frozen_eigenmike_evaluation,independent_locata_evaluation_cross_array,task1,<LOCATA_EVAL_ROOT>\task1\recording4,recording4,802,1485359821.162,0,0.75,1.0,0.0,True,True,15,uniform_time_spread_among_preregistered_eligible_anchors,False,False,False,False
r8-final-frozen-eigenmike-evaluation-20260806,DOA-R8-FINAL-EIGENMIKE-EVAL-20260806,final_frozen_eigenmike_evaluation,independent_locata_evaluation_cross_array,task1,<LOCATA_EVAL_ROOT>\task1\recording4,recording4,831,1485359821.404,0,0.75,1.0,0.0,True,True,16,uniform_time_spread_among_preregistered_eligible_anchors,False,False,False,False
r8-final-frozen-eigenmike-evaluation-20260806,DOA-R8-FINAL-EIGENMIKE-EVAL-20260806,final_frozen_eigenmike_evaluation,independent_locata_evaluation_cross_array,task1,<LOCATA_EVAL_ROOT>\task1\recording4,recording4,860,1485359821.646,0,0.75,1.0,0.0,True,True,17,uniform_time_spread_among_preregistered_eligible_anchors,False,False,False,False
r8-final-frozen-eigenmike-evaluation-20260806,DOA-R8-FINAL-EIGENMIKE-EVAL-20260806,final_frozen_eigenmike_evaluation,independent_locata_evaluation_cross_array,task1,<LOCATA_EVAL_ROOT>\task1\recording4,recording4,890,1485359821.896,0,0.75,1.0,0.0,True,True,18,uniform_time_spread_among_preregistered_eligible_anchors,False,False,False,False
r8-final-frozen-eigenmike-evaluation-20260806,DOA-R8-FINAL-EIGENMIKE-EVAL-20260806,final_frozen_eigenmike_evaluation,independent_locata_evaluation_cross_array,task1,<LOCATA_EVAL_ROOT>\task1\recording4,recording4,919,1485359822.137,0,0.75,1.0,0.0,True,True,19,uniform_time_spread_among_preregistered_eligible_anchors,False,False,False,False
r8-final-frozen-eigenmike-evaluation-20260806,DOA-R8-FINAL-EIGENMIKE-EVAL-20260806,final_frozen_eigenmike_evaluation,independent_locata_evaluation_cross_array,task1,<LOCATA_EVAL_ROOT>\task1\recording5,recording5,90,1485360035.646,0,0.13345462626038165,0.17793950168050887,0.0,False,False,0,uniform_time_spread_among_preregistered_eligible_anchors,False,False,False,False
r8-final-frozen-eigenmike-evaluation-20260806,DOA-R8-FINAL-EIGENMIKE-EVAL-20260806,final_frozen_eigenmike_evaluation,independent_locata_evaluation_cross_array,task1,<LOCATA_EVAL_ROOT>\task1\recording5,recording5,121,1485360035.904,0,0.3914474597927835,0.521929946390378,0.0,True,False,1,uniform_time_spread_among_preregistered_eligible_anchors,False,False,False,False
r8-final-frozen-eigenmike-evaluation-20260806,DOA-R8-FINAL-EIGENMIKE-EVAL-20260806,final_frozen_eigenmike_evaluation,independent_locata_evaluation_cross_array,task1,<LOCATA_EVAL_ROOT>\task1\recording5,recording5,152,1485360036.162,0,0.6494402933251854,0.8659203911002472,0.0,True,True,2,uniform_time_spread_among_preregistered_eligible_anchors,False,False,False,False
r8-final-frozen-eigenmike-evaluation-20260806,DOA-R8-FINAL-EIGENMIKE-EVAL-20260806,final_frozen_eigenmike_evaluation,independent_locata_evaluation_cross_array,task1,<LOCATA_EVAL_ROOT>\task1\recording5,recording5,182,1485360036.412,0,0.75,1.0,0.0,True,True,3,uniform_time_spread_among_preregistered_eligible_anchors,False,False,False,False
r8-final-frozen-eigenmike-evaluation-20260806,DOA-R8-FINAL-EIGENMIKE-EVAL-20260806,final_frozen_eigenmike_evaluation,independent_locata_evaluation_cross_array,task1,<LOCATA_EVAL_ROOT>\task1\recording5,recording5,213,1485360036.671,0,0.75,1.0,0.0,True,True,4,uniform_time_spread_among_preregistered_eligible_anchors,False,False,False,False
r8-final-frozen-eigenmike-evaluation-20260806,DOA-R8-FINAL-EIGENMIKE-EVAL-20260806,final_frozen_eigenmike_evaluation,independent_locata_evaluation_cross_array,task1,<LOCATA_EVAL_ROOT>\task1\recording5,recording5,244,1485360036.929,0,0.75,1.0,0.0,True,True,5,uniform_time_spread_among_preregistered_eligible_anchors,False,False,False,False
r8-final-frozen-eigenmike-evaluation-20260806,DOA-R8-FINAL-EIGENMIKE-EVAL-20260806,final_frozen_eigenmike_evaluation,independent_locata_evaluation_cross_array,task1,<LOCATA_EVAL_ROOT>\task1\recording5,recording5,352,1485360037.829,0,0.25261798283381015,0.3368239771117469,0.0,False,False,6,uniform_time_spread_among_preregistered_eligible_anchors,False,False,False,False
r8-final-frozen-eigenmike-evaluation-20260806,DOA-R8-FINAL-EIGENMIKE-EVAL-20260806,final_frozen_eigenmike_evaluation,independent_locata_evaluation_cross_array,task1,<LOCATA_EVAL_ROOT>\task1\recording5,recording5,383,1485360038.087,0,0.5106108163662121,0.6808144218216161,0.0,True,False,7,uniform_time_spread_among_preregistered_eligible_anchors,False,False,False,False
r8-final-frozen-eigenmike-evaluation-20260806,DOA-R8-FINAL-EIGENMIKE-EVAL-20260806,final_frozen_eigenmike_evaluation,independent_locata_evaluation_cross_array,task1,<LOCATA_EVAL_ROOT>\task1\recording5,recording5,413,1485360038.337,0,0.75,1.0,0.0,True,True,8,uniform_time_spread_among_preregistered_eligible_anchors,False,False,False,False
r8-final-frozen-eigenmike-evaluation-20260806,DOA-R8-FINAL-EIGENMIKE-EVAL-20260806,final_frozen_eigenmike_evaluation,independent_locata_evaluation_cross_array,task1,<LOCATA_EVAL_ROOT>\task1\recording5,recording5,444,1485360038.596,0,0.75,1.0,0.0,True,True,9,uniform_time_spread_among_preregistered_eligible_anchors,False,False,False,False
r8-final-frozen-eigenmike-evaluation-20260806,DOA-R8-FINAL-EIGENMIKE-EVAL-20260806,final_frozen_eigenmike_evaluation,independent_locata_evaluation_cross_array,task1,<LOCATA_EVAL_ROOT>\task1\recording5,recording5,475,1485360038.854,0,0.75,1.0,0.0,True,True,10,uniform_time_spread_among_preregistered_eligible_anchors,False,False,False,False
r8-final-frozen-eigenmike-evaluation-20260806,DOA-R8-FINAL-EIGENMIKE-EVAL-20260806,final_frozen_eigenmike_evaluation,independent_locata_evaluation_cross_array,task1,<LOCATA_EVAL_ROOT>\task1\recording5,recording5,506,1485360039.112,0,0.75,1.0,0.0,True,True,11,uniform_time_spread_among_preregistered_eligible_anchors,False,False,False,False
r8-final-frozen-eigenmike-evaluation-20260806,DOA-R8-FINAL-EIGENMIKE-EVAL-20260806,final_frozen_eigenmike_evaluation,independent_locata_evaluation_cross_array,task1,<LOCATA_EVAL_ROOT>\task1\recording5,recording5,536,1485360039.362,0,0.75,1.0,0.0,True,True,12,uniform_time_spread_among_preregistered_eligible_anchors,False,False,False,False
r8-final-frozen-eigenmike-evaluation-20260806,DOA-R8-FINAL-EIGENMIKE-EVAL-20260806,final_frozen_eigenmike_evaluation,independent_locata_evaluation_cross_array,task1,<LOCATA_EVAL_ROOT>\task1\recording5,recording5,567,1485360039.621,0,0.75,1.0,0.0,True,True,13,uniform_time_spread_among_preregistered_eligible_anchors,False,False,False,False
r8-final-frozen-eigenmike-evaluation-20260806,DOA-R8-FINAL-EIGENMIKE-EVAL-20260806,final_frozen_eigenmike_evaluation,independent_locata_evaluation_cross_array,task1,<LOCATA_EVAL_ROOT>\task1\recording5,recording5,663,1485360040.421,0,0.20772339657231742,0.2769645287630899,0.0,False,False,14,uniform_time_spread_among_preregistered_eligible_anchors,False,False,False,False
r8-final-frozen-eigenmike-evaluation-20260806,DOA-R8-FINAL-EIGENMIKE-EVAL-20260806,final_frozen_eigenmike_evaluation,independent_locata_evaluation_cross_array,task1,<LOCATA_EVAL_ROOT>\task1\recording5,recording5,694,1485360040.679,0,0.260451098580595,0.3472681314407933,0.0,False,False,15,uniform_time_spread_among_preregistered_eligible_anchors,False,False,False,False
r8-final-frozen-eigenmike-evaluation-20260806,DOA-R8-FINAL-EIGENMIKE-EVAL-20260806,final_frozen_eigenmike_evaluation,independent_locata_evaluation_cross_array,task1,<LOCATA_EVAL_ROOT>\task1\recording5,recording5,725,1485360040.937,0,0.5184439321129968,0.6912585761506624,0.0,True,False,16,uniform_time_spread_among_preregistered_eligible_anchors,False,False,False,False
r8-final-frozen-eigenmike-evaluation-20260806,DOA-R8-FINAL-EIGENMIKE-EVAL-20260806,final_frozen_eigenmike_evaluation,independent_locata_evaluation_cross_array,task1,<LOCATA_EVAL_ROOT>\task1\recording5,recording5,755,1485360041.187,0,0.75,1.0,0.0,True,True,17,uniform_time_spread_among_preregistered_eligible_anchors,False,False,False,False
r8-final-frozen-eigenmike-evaluation-20260806,DOA-R8-FINAL-EIGENMIKE-EVAL-20260806,final_frozen_eigenmike_evaluation,independent_locata_evaluation_cross_array,task1,<LOCATA_EVAL_ROOT>\task1\recording5,recording5,837,1485360041.871,0,0.3231993555734563,0.4309324740979417,0.0,False,False,18,uniform_time_spread_among_preregistered_eligible_anchors,False,False,False,False
r8-final-frozen-eigenmike-evaluation-20260806,DOA-R8-FINAL-EIGENMIKE-EVAL-20260806,final_frozen_eigenmike_evaluation,independent_locata_evaluation_cross_array,task1,<LOCATA_EVAL_ROOT>\task1\recording5,recording5,868,1485360042.129,0,0.5002569373072969,0.6670092497430626,0.0,True,False,19,uniform_time_spread_among_preregistered_eligible_anchors,False,False,False,False
r8-final-frozen-eigenmike-evaluation-20260806,DOA-R8-FINAL-EIGENMIKE-EVAL-20260806,final_frozen_eigenmike_evaluation,independent_locata_evaluation_cross_array,task1,<LOCATA_EVAL_ROOT>\task1\recording6,recording6,100,1485360595.191,0,0.1040179439460015,0.138690591928002,0.0,False,False,0,uniform_time_spread_among_preregistered_eligible_anchors,False,False,False,False
r8-final-frozen-eigenmike-evaluation-20260806,DOA-R8-FINAL-EIGENMIKE-EVAL-20260806,final_frozen_eigenmike_evaluation,independent_locata_evaluation_cross_array,task1,<LOCATA_EVAL_ROOT>\task1\recording6,recording6,128,1485360595.425,0,0.33801144412655204,0.45068192550206937,0.0,False,False,1,uniform_time_spread_among_preregistered_eligible_anchors,False,False,False,False
r8-final-frozen-eigenmike-evaluation-20260806,DOA-R8-FINAL-EIGENMIKE-EVAL-20260806,final_frozen_eigenmike_evaluation,independent_locata_evaluation_cross_array,task1,<LOCATA_EVAL_ROOT>\task1\recording6,recording6,157,1485360595.666,0,0.5790047498680593,0.7720063331574123,0.0,True,False,2,uniform_time_spread_among_preregistered_eligible_anchors,False,False,False,False
r8-final-frozen-eigenmike-evaluation-20260806,DOA-R8-FINAL-EIGENMIKE-EVAL-20260806,final_frozen_eigenmike_evaluation,independent_locata_evaluation_cross_array,task1,<LOCATA_EVAL_ROOT>\task1\recording6,recording6,185,1485360595.9,0,0.75,1.0,0.0,True,True,3,uniform_time_spread_among_preregistered_eligible_anchors,False,False,False,False
r8-final-frozen-eigenmike-evaluation-20260806,DOA-R8-FINAL-EIGENMIKE-EVAL-20260806,final_frozen_eigenmike_evaluation,independent_locata_evaluation_cross_array,task1,<LOCATA_EVAL_ROOT>\task1\recording6,recording6,214,1485360596.141,0,0.75,1.0,0.0,True,True,4,uniform_time_spread_among_preregistered_eligible_anchors,False,False,False,False
r8-final-frozen-eigenmike-evaluation-20260806,DOA-R8-FINAL-EIGENMIKE-EVAL-20260806,final_frozen_eigenmike_evaluation,independent_locata_evaluation_cross_array,task1,<LOCATA_EVAL_ROOT>\task1\recording6,recording6,242,1485360596.375,0,0.75,1.0,0.0,True,True,5,uniform_time_spread_among_preregistered_eligible_anchors,False,False,False,False
r8-final-frozen-eigenmike-evaluation-20260806,DOA-R8-FINAL-EIGENMIKE-EVAL-20260806,final_frozen_eigenmike_evaluation,independent_locata_evaluation_cross_array,task1,<LOCATA_EVAL_ROOT>\task1\recording6,recording6,271,1485360596.616,0,0.75,1.0,0.0,True,True,6,uniform_time_spread_among_preregistered_eligible_anchors,False,False,False,False
r8-final-frozen-eigenmike-evaluation-20260806,DOA-R8-FINAL-EIGENMIKE-EVAL-20260806,final_frozen_eigenmike_evaluation,independent_locata_evaluation_cross_array,task1,<LOCATA_EVAL_ROOT>\task1\recording6,recording6,299,1485360596.85,0,0.75,1.0,0.0,True,True,7,uniform_time_spread_among_preregistered_eligible_anchors,False,False,False,False
r8-final-frozen-eigenmike-evaluation-20260806,DOA-R8-FINAL-EIGENMIKE-EVAL-20260806,final_frozen_eigenmike_evaluation,independent_locata_evaluation_cross_array,task1,<LOCATA_EVAL_ROOT>\task1\recording6,recording6,542,1485360598.875,0,0.24876392322435487,0.3316852309658065,0.0,False,False,8,uniform_time_spread_among_preregistered_eligible_anchors,False,False,False,False
r8-final-frozen-eigenmike-evaluation-20260806,DOA-R8-FINAL-EIGENMIKE-EVAL-20260806,final_frozen_eigenmike_evaluation,independent_locata_evaluation_cross_array,task1,<LOCATA_EVAL_ROOT>\task1\recording6,recording6,570,1485360599.108,0,0.4817574511819116,0.6423432682425488,0.0,True,False,9,uniform_time_spread_among_preregistered_eligible_anchors,False,False,False,False
r8-final-frozen-eigenmike-evaluation-20260806,DOA-R8-FINAL-EIGENMIKE-EVAL-20260806,final_frozen_eigenmike_evaluation,independent_locata_evaluation_cross_array,task1,<LOCATA_EVAL_ROOT>\task1\recording6,recording6,599,1485360599.35,0,0.7237507291464126,0.9650009721952167,0.0,True,True,10,uniform_time_spread_among_preregistered_eligible_anchors,False,False,False,False
r8-final-frozen-eigenmike-evaluation-20260806,DOA-R8-FINAL-EIGENMIKE-EVAL-20260806,final_frozen_eigenmike_evaluation,independent_locata_evaluation_cross_array,task1,<LOCATA_EVAL_ROOT>\task1\recording6,recording6,627,1485360599.583,0,0.75,1.0,0.0,True,True,11,uniform_time_spread_among_preregistered_eligible_anchors,False,False,False,False
r8-final-frozen-eigenmike-evaluation-20260806,DOA-R8-FINAL-EIGENMIKE-EVAL-20260806,final_frozen_eigenmike_evaluation,independent_locata_evaluation_cross_array,task1,<LOCATA_EVAL_ROOT>\task1\recording6,recording6,656,1485360599.825,0,0.75,1.0,0.0,True,True,12,uniform_time_spread_among_preregistered_eligible_anchors,False,False,False,False
r8-final-frozen-eigenmike-evaluation-20260806,DOA-R8-FINAL-EIGENMIKE-EVAL-20260806,final_frozen_eigenmike_evaluation,independent_locata_evaluation_cross_array,task1,<LOCATA_EVAL_ROOT>\task1\recording6,recording6,684,1485360600.058,0,0.75,1.0,0.0,True,True,13,uniform_time_spread_among_preregistered_eligible_anchors,False,False,False,False
r8-final-frozen-eigenmike-evaluation-20260806,DOA-R8-FINAL-EIGENMIKE-EVAL-20260806,final_frozen_eigenmike_evaluation,independent_locata_evaluation_cross_array,task1,<LOCATA_EVAL_ROOT>\task1\recording6,recording6,713,1485360600.3,0,0.75,1.0,0.0,True,True,14,uniform_time_spread_among_preregistered_eligible_anchors,False,False,False,False
r8-final-frozen-eigenmike-evaluation-20260806,DOA-R8-FINAL-EIGENMIKE-EVAL-20260806,final_frozen_eigenmike_evaluation,independent_locata_evaluation_cross_array,task1,<LOCATA_EVAL_ROOT>\task1\recording6,recording6,741,1485360600.533,0,0.75,1.0,0.0,True,True,15,uniform_time_spread_among_preregistered_eligible_anchors,False,False,False,False
r8-final-frozen-eigenmike-evaluation-20260806,DOA-R8-FINAL-EIGENMIKE-EVAL-20260806,final_frozen_eigenmike_evaluation,independent_locata_evaluation_cross_array,task1,<LOCATA_EVAL_ROOT>\task1\recording6,recording6,770,1485360600.775,0,0.75,1.0,0.0,True,True,16,uniform_time_spread_among_preregistered_eligible_anchors,False,False,False,False
r8-final-frozen-eigenmike-evaluation-20260806,DOA-R8-FINAL-EIGENMIKE-EVAL-20260806,final_frozen_eigenmike_evaluation,independent_locata_evaluation_cross_array,task1,<LOCATA_EVAL_ROOT>\task1\recording6,recording6,798,1485360601.008,0,0.75,1.0,0.0,True,True,17,uniform_time_spread_among_preregistered_eligible_anchors,False,False,False,False
r8-final-frozen-eigenmike-evaluation-20260806,DOA-R8-FINAL-EIGENMIKE-EVAL-20260806,final_frozen_eigenmike_evaluation,independent_locata_evaluation_cross_array,task1,<LOCATA_EVAL_ROOT>\task1\recording6,recording6,827,1485360601.25,0,0.75,1.0,0.0,True,True,18,uniform_time_spread_among_preregistered_eligible_anchors,False,False,False,False
r8-final-frozen-eigenmike-evaluation-20260806,DOA-R8-FINAL-EIGENMIKE-EVAL-20260806,final_frozen_eigenmike_evaluation,independent_locata_evaluation_cross_array,task1,<LOCATA_EVAL_ROOT>\task1\recording6,recording6,855,1485360601.483,0,0.75,1.0,0.0,True,True,19,uniform_time_spread_among_preregistered_eligible_anchors,False,False,False,False
r8-final-frozen-eigenmike-evaluation-20260806,DOA-R8-FINAL-EIGENMIKE-EVAL-20260806,final_frozen_eigenmike_evaluation,independent_locata_evaluation_cross_array,task1,<LOCATA_EVAL_ROOT>\task1\recording7,recording7,142,1485360734.756,0,0.10170550818032834,0.13560734424043777,0.0,False,False,0,uniform_time_spread_among_preregistered_eligible_anchors,False,False,False,False
r8-final-frozen-eigenmike-evaluation-20260806,DOA-R8-FINAL-EIGENMIKE-EVAL-20260806,final_frozen_eigenmike_evaluation,independent_locata_evaluation_cross_array,task1,<LOCATA_EVAL_ROOT>\task1\recording7,recording7,166,1485360734.956,0,0.30169995277908945,0.40226660370545264,0.0,False,False,1,uniform_time_spread_among_preregistered_eligible_anchors,False,False,False,False
r8-final-frozen-eigenmike-evaluation-20260806,DOA-R8-FINAL-EIGENMIKE-EVAL-20260806,final_frozen_eigenmike_evaluation,independent_locata_evaluation_cross_array,task1,<LOCATA_EVAL_ROOT>\task1\recording7,recording7,189,1485360735.148,0,0.49369461959390015,0.6582594927918669,0.0,True,False,2,uniform_time_spread_among_preregistered_eligible_anchors,False,False,False,False
r8-final-frozen-eigenmike-evaluation-20260806,DOA-R8-FINAL-EIGENMIKE-EVAL-20260806,final_frozen_eigenmike_evaluation,independent_locata_evaluation_cross_array,task1,<LOCATA_EVAL_ROOT>\task1\recording7,recording7,213,1485360735.348,0,0.6936890641926614,0.9249187522568818,0.0,True,True,3,uniform_time_spread_among_preregistered_eligible_anchors,False,False,False,False
r8-final-frozen-eigenmike-evaluation-20260806,DOA-R8-FINAL-EIGENMIKE-EVAL-20260806,final_frozen_eigenmike_evaluation,independent_locata_evaluation_cross_array,task1,<LOCATA_EVAL_ROOT>\task1\recording7,recording7,237,1485360735.548,0,0.75,1.0,0.0,True,True,4,uniform_time_spread_among_preregistered_eligible_anchors,False,False,False,False
r8-final-frozen-eigenmike-evaluation-20260806,DOA-R8-FINAL-EIGENMIKE-EVAL-20260806,final_frozen_eigenmike_evaluation,independent_locata_evaluation_cross_array,task1,<LOCATA_EVAL_ROOT>\task1\recording7,recording7,435,1485360737.198,0,0.21945223743784892,0.29260298325046524,0.0,False,False,5,uniform_time_spread_among_preregistered_eligible_anchors,False,False,False,False
r8-final-frozen-eigenmike-evaluation-20260806,DOA-R8-FINAL-EIGENMIKE-EVAL-20260806,final_frozen_eigenmike_evaluation,independent_locata_evaluation_cross_array,task1,<LOCATA_EVAL_ROOT>\task1\recording7,recording7,459,1485360737.398,0,0.41944668203661006,0.5592622427154801,0.0,True,False,6,uniform_time_spread_among_preregistered_eligible_anchors,False,False,False,False
r8-final-frozen-eigenmike-evaluation-20260806,DOA-R8-FINAL-EIGENMIKE-EVAL-20260806,final_frozen_eigenmike_evaluation,independent_locata_evaluation_cross_array,task1,<LOCATA_EVAL_ROOT>\task1\recording7,recording7,483,1485360737.598,0,0.6194411266353712,0.825921502180495,0.0,True,True,7,uniform_time_spread_among_preregistered_eligible_anchors,False,False,False,False
r8-final-frozen-eigenmike-evaluation-20260806,DOA-R8-FINAL-EIGENMIKE-EVAL-20260806,final_frozen_eigenmike_evaluation,independent_locata_evaluation_cross_array,task1,<LOCATA_EVAL_ROOT>\task1\recording7,recording7,506,1485360737.789,0,0.75,1.0,0.0,True,True,8,uniform_time_spread_among_preregistered_eligible_anchors,False,False,False,False
r8-final-frozen-eigenmike-evaluation-20260806,DOA-R8-FINAL-EIGENMIKE-EVAL-20260806,final_frozen_eigenmike_evaluation,independent_locata_evaluation_cross_array,task1,<LOCATA_EVAL_ROOT>\task1\recording7,recording7,530,1485360737.989,0,0.75,1.0,0.0,True,True,9,uniform_time_spread_among_preregistered_eligible_anchors,False,False,False,False
r8-final-frozen-eigenmike-evaluation-20260806,DOA-R8-FINAL-EIGENMIKE-EVAL-20260806,final_frozen_eigenmike_evaluation,independent_locata_evaluation_cross_array,task1,<LOCATA_EVAL_ROOT>\task1\recording7,recording7,554,1485360738.189,0,0.75,1.0,0.0,True,True,10,uniform_time_spread_among_preregistered_eligible_anchors,False,False,False,False
r8-final-frozen-eigenmike-evaluation-20260806,DOA-R8-FINAL-EIGENMIKE-EVAL-20260806,final_frozen_eigenmike_evaluation,independent_locata_evaluation_cross_array,task1,<LOCATA_EVAL_ROOT>\task1\recording7,recording7,578,1485360738.389,0,0.75,1.0,0.0,True,True,11,uniform_time_spread_among_preregistered_eligible_anchors,False,False,False,False
r8-final-frozen-eigenmike-evaluation-20260806,DOA-R8-FINAL-EIGENMIKE-EVAL-20260806,final_frozen_eigenmike_evaluation,independent_locata_evaluation_cross_array,task1,<LOCATA_EVAL_ROOT>\task1\recording7,recording7,601,1485360738.581,0,0.75,1.0,0.0,True,True,12,uniform_time_spread_among_preregistered_eligible_anchors,False,False,False,False
r8-final-frozen-eigenmike-evaluation-20260806,DOA-R8-FINAL-EIGENMIKE-EVAL-20260806,final_frozen_eigenmike_evaluation,independent_locata_evaluation_cross_array,task1,<LOCATA_EVAL_ROOT>\task1\recording7,recording7,625,1485360738.781,0,0.75,1.0,0.0,True,True,13,uniform_time_spread_among_preregistered_eligible_anchors,False,False,False,False
r8-final-frozen-eigenmike-evaluation-20260806,DOA-R8-FINAL-EIGENMIKE-EVAL-20260806,final_frozen_eigenmike_evaluation,independent_locata_evaluation_cross_array,task1,<LOCATA_EVAL_ROOT>\task1\recording7,recording7,649,1485360738.981,0,0.75,1.0,0.0,True,True,14,uniform_time_spread_among_preregistered_eligible_anchors,False,False,False,False
r8-final-frozen-eigenmike-evaluation-20260806,DOA-R8-FINAL-EIGENMIKE-EVAL-20260806,final_frozen_eigenmike_evaluation,independent_locata_evaluation_cross_array,task1,<LOCATA_EVAL_ROOT>\task1\recording7,recording7,672,1485360739.173,0,0.75,1.0,0.0,True,True,15,uniform_time_spread_among_preregistered_eligible_anchors,False,False,False,False
r8-final-frozen-eigenmike-evaluation-20260806,DOA-R8-FINAL-EIGENMIKE-EVAL-20260806,final_frozen_eigenmike_evaluation,independent_locata_evaluation_cross_array,task1,<LOCATA_EVAL_ROOT>\task1\recording7,recording7,696,1485360739.373,0,0.75,1.0,0.0,True,True,16,uniform_time_spread_among_preregistered_eligible_anchors,False,False,False,False
r8-final-frozen-eigenmike-evaluation-20260806,DOA-R8-FINAL-EIGENMIKE-EVAL-20260806,final_frozen_eigenmike_evaluation,independent_locata_evaluation_cross_array,task1,<LOCATA_EVAL_ROOT>\task1\recording7,recording7,720,1485360739.573,0,0.75,1.0,0.0,True,True,17,uniform_time_spread_among_preregistered_eligible_anchors,False,False,False,False
r8-final-frozen-eigenmike-evaluation-20260806,DOA-R8-FINAL-EIGENMIKE-EVAL-20260806,final_frozen_eigenmike_evaluation,independent_locata_evaluation_cross_array,task1,<LOCATA_EVAL_ROOT>\task1\recording7,recording7,743,1485360739.764,0,0.75,1.0,0.0,True,True,18,uniform_time_spread_among_preregistered_eligible_anchors,False,False,False,False
r8-final-frozen-eigenmike-evaluation-20260806,DOA-R8-FINAL-EIGENMIKE-EVAL-20260806,final_frozen_eigenmike_evaluation,independent_locata_evaluation_cross_array,task1,<LOCATA_EVAL_ROOT>\task1\recording7,recording7,767,1485360739.964,0,0.75,1.0,0.0,True,True,19,uniform_time_spread_among_preregistered_eligible_anchors,False,False,False,False
r8-final-frozen-eigenmike-evaluation-20260806,DOA-R8-FINAL-EIGENMIKE-EVAL-20260806,final_frozen_eigenmike_evaluation,independent_locata_evaluation_cross_array,task1,<LOCATA_EVAL_ROOT>\task1\recording8,recording8,236,1485360765.512,0,0.1074553484625427,0.14327379795005693,0.0,False,False,0,uniform_time_spread_among_preregistered_eligible_anchors,False,False,False,False
r8-final-frozen-eigenmike-evaluation-20260806,DOA-R8-FINAL-EIGENMIKE-EVAL-20260806,final_frozen_eigenmike_evaluation,independent_locata_evaluation_cross_array,task1,<LOCATA_EVAL_ROOT>\task1\recording8,recording8,245,1485360765.587,0,0.18245326518707813,0.2432710202494375,0.0,False,False,1,uniform_time_spread_among_preregistered_eligible_anchors,False,False,False,False
r8-final-frozen-eigenmike-evaluation-20260806,DOA-R8-FINAL-EIGENMIKE-EVAL-20260806,final_frozen_eigenmike_evaluation,independent_locata_evaluation_cross_array,task1,<LOCATA_EVAL_ROOT>\task1\recording8,recording8,254,1485360765.662,0,0.2574511819116136,0.3432682425488181,0.0,False,False,2,uniform_time_spread_among_preregistered_eligible_anchors,False,False,False,False
r8-final-frozen-eigenmike-evaluation-20260806,DOA-R8-FINAL-EIGENMIKE-EVAL-20260806,final_frozen_eigenmike_evaluation,independent_locata_evaluation_cross_array,task1,<LOCATA_EVAL_ROOT>\task1\recording8,recording8,263,1485360765.737,0,0.332449098636149,0.4432654648481987,0.0,False,False,3,uniform_time_spread_among_preregistered_eligible_anchors,False,False,False,False
r8-final-frozen-eigenmike-evaluation-20260806,DOA-R8-FINAL-EIGENMIKE-EVAL-20260806,final_frozen_eigenmike_evaluation,independent_locata_evaluation_cross_array,task1,<LOCATA_EVAL_ROOT>\task1\recording8,recording8,272,1485360765.812,0,0.4074470153606844,0.5432626871475792,0.0,True,False,4,uniform_time_spread_among_preregistered_eligible_anchors,False,False,False,False
r8-final-frozen-eigenmike-evaluation-20260806,DOA-R8-FINAL-EIGENMIKE-EVAL-20260806,final_frozen_eigenmike_evaluation,independent_locata_evaluation_cross_array,task1,<LOCATA_EVAL_ROOT>\task1\recording8,recording8,282,1485360765.895,0,0.4904447098691703,0.6539262798255604,0.0,True,False,5,uniform_time_spread_among_preregistered_eligible_anchors,False,False,False,False
r8-final-frozen-eigenmike-evaluation-20260806,DOA-R8-FINAL-EIGENMIKE-EVAL-20260806,final_frozen_eigenmike_evaluation,independent_locata_evaluation_cross_array,task1,<LOCATA_EVAL_ROOT>\task1\recording8,recording8,291,1485360765.97,0,0.5654426265937057,0.753923502124941,0.0,True,False,6,uniform_time_spread_among_preregistered_eligible_anchors,False,False,False,False
r8-final-frozen-eigenmike-evaluation-20260806,DOA-R8-FINAL-EIGENMIKE-EVAL-20260806,final_frozen_eigenmike_evaluation,independent_locata_evaluation_cross_array,task1,<LOCATA_EVAL_ROOT>\task1\recording8,recording8,300,1485360766.045,0,0.6404405433182412,0.8539207244243215,0.0,True,True,7,uniform_time_spread_among_preregistered_eligible_anchors,False,False,False,False
r8-final-frozen-eigenmike-evaluation-20260806,DOA-R8-FINAL-EIGENMIKE-EVAL-20260806,final_frozen_eigenmike_evaluation,independent_locata_evaluation_cross_array,task1,<LOCATA_EVAL_ROOT>\task1\recording8,recording8,309,1485360766.12,0,0.7154384600427766,0.9539179467237021,0.0,True,True,8,uniform_time_spread_among_preregistered_eligible_anchors,False,False,False,False
r8-final-frozen-eigenmike-evaluation-20260806,DOA-R8-FINAL-EIGENMIKE-EVAL-20260806,final_frozen_eigenmike_evaluation,independent_locata_evaluation_cross_array,task1,<LOCATA_EVAL_ROOT>\task1\recording8,recording8,318,1485360766.195,0,0.75,1.0,0.0,True,True,9,uniform_time_spread_among_preregistered_eligible_anchors,False,False,False,False
r8-final-frozen-eigenmike-evaluation-20260806,DOA-R8-FINAL-EIGENMIKE-EVAL-20260806,final_frozen_eigenmike_evaluation,independent_locata_evaluation_cross_array,task1,<LOCATA_EVAL_ROOT>\task1\recording8,recording8,327,1485360766.27,0,0.75,1.0,0.0,True,True,10,uniform_time_spread_among_preregistered_eligible_anchors,False,False,False,False
r8-final-frozen-eigenmike-evaluation-20260806,DOA-R8-FINAL-EIGENMIKE-EVAL-20260806,final_frozen_eigenmike_evaluation,independent_locata_evaluation_cross_array,task1,<LOCATA_EVAL_ROOT>\task1\recording8,recording8,336,1485360766.345,0,0.75,1.0,0.0,True,True,11,uniform_time_spread_among_preregistered_eligible_anchors,False,False,False,False
r8-final-frozen-eigenmike-evaluation-20260806,DOA-R8-FINAL-EIGENMIKE-EVAL-20260806,final_frozen_eigenmike_evaluation,independent_locata_evaluation_cross_array,task1,<LOCATA_EVAL_ROOT>\task1\recording8,recording8,345,1485360766.42,0,0.75,1.0,0.0,True,True,12,uniform_time_spread_among_preregistered_eligible_anchors,False,False,False,False
r8-final-frozen-eigenmike-evaluation-20260806,DOA-R8-FINAL-EIGENMIKE-EVAL-20260806,final_frozen_eigenmike_evaluation,independent_locata_evaluation_cross_array,task1,<LOCATA_EVAL_ROOT>\task1\recording8,recording8,354,1485360766.495,0,0.75,1.0,0.0,True,True,13,uniform_time_spread_among_preregistered_eligible_anchors,False,False,False,False
r8-final-frozen-eigenmike-evaluation-20260806,DOA-R8-FINAL-EIGENMIKE-EVAL-20260806,final_frozen_eigenmike_evaluation,independent_locata_evaluation_cross_array,task1,<LOCATA_EVAL_ROOT>\task1\recording8,recording8,363,1485360766.57,0,0.75,1.0,0.0,True,True,14,uniform_time_spread_among_preregistered_eligible_anchors,False,False,False,False
r8-final-frozen-eigenmike-evaluation-20260806,DOA-R8-FINAL-EIGENMIKE-EVAL-20260806,final_frozen_eigenmike_evaluation,independent_locata_evaluation_cross_array,task1,<LOCATA_EVAL_ROOT>\task1\recording8,recording8,373,1485360766.653,0,0.75,1.0,0.0,True,True,15,uniform_time_spread_among_preregistered_eligible_anchors,False,False,False,False
r8-final-frozen-eigenmike-evaluation-20260806,DOA-R8-FINAL-EIGENMIKE-EVAL-20260806,final_frozen_eigenmike_evaluation,independent_locata_evaluation_cross_array,task1,<LOCATA_EVAL_ROOT>\task1\recording8,recording8,382,1485360766.728,0,0.75,1.0,0.0,True,True,16,uniform_time_spread_among_preregistered_eligible_anchors,False,False,False,False
r8-final-frozen-eigenmike-evaluation-20260806,DOA-R8-FINAL-EIGENMIKE-EVAL-20260806,final_frozen_eigenmike_evaluation,independent_locata_evaluation_cross_array,task1,<LOCATA_EVAL_ROOT>\task1\recording8,recording8,391,1485360766.803,0,0.75,1.0,0.0,True,True,17,uniform_time_spread_among_preregistered_eligible_anchors,False,False,False,False
r8-final-frozen-eigenmike-evaluation-20260806,DOA-R8-FINAL-EIGENMIKE-EVAL-20260806,final_frozen_eigenmike_evaluation,independent_locata_evaluation_cross_array,task1,<LOCATA_EVAL_ROOT>\task1\recording8,recording8,400,1485360766.878,0,0.75,1.0,0.0,True,True,18,uniform_time_spread_among_preregistered_eligible_anchors,False,False,False,False
r8-final-frozen-eigenmike-evaluation-20260806,DOA-R8-FINAL-EIGENMIKE-EVAL-20260806,final_frozen_eigenmike_evaluation,independent_locata_evaluation_cross_array,task1,<LOCATA_EVAL_ROOT>\task1\recording8,recording8,409,1485360766.953,0,0.75,1.0,0.0,True,True,19,uniform_time_spread_among_preregistered_eligible_anchors,False,False,False,False
r8-final-frozen-eigenmike-evaluation-20260806,DOA-R8-FINAL-EIGENMIKE-EVAL-20260806,final_frozen_eigenmike_evaluation,independent_locata_evaluation_cross_array,task1,<LOCATA_EVAL_ROOT>\task1\recording9,recording9,91,1485360800.8,0,0.40103052692980756,0.5347073692397434,0.0,True,False,0,uniform_time_spread_among_preregistered_eligible_anchors,False,False,False,False
r8-final-frozen-eigenmike-evaluation-20260806,DOA-R8-FINAL-EIGENMIKE-EVAL-20260806,final_frozen_eigenmike_evaluation,independent_locata_evaluation_cross_array,task1,<LOCATA_EVAL_ROOT>\task1\recording9,recording9,115,1485360801.0,0,0.6010249715285686,0.8013666287047582,0.0,True,True,1,uniform_time_spread_among_preregistered_eligible_anchors,False,False,False,False
r8-final-frozen-eigenmike-evaluation-20260806,DOA-R8-FINAL-EIGENMIKE-EVAL-20260806,final_frozen_eigenmike_evaluation,independent_locata_evaluation_cross_array,task1,<LOCATA_EVAL_ROOT>\task1\recording9,recording9,140,1485360801.209,0,0.75,1.0,0.0,True,True,2,uniform_time_spread_among_preregistered_eligible_anchors,False,False,False,False
r8-final-frozen-eigenmike-evaluation-20260806,DOA-R8-FINAL-EIGENMIKE-EVAL-20260806,final_frozen_eigenmike_evaluation,independent_locata_evaluation_cross_array,task1,<LOCATA_EVAL_ROOT>\task1\recording9,recording9,164,1485360801.409,0,0.75,1.0,0.0,True,True,3,uniform_time_spread_among_preregistered_eligible_anchors,False,False,False,False
r8-final-frozen-eigenmike-evaluation-20260806,DOA-R8-FINAL-EIGENMIKE-EVAL-20260806,final_frozen_eigenmike_evaluation,independent_locata_evaluation_cross_array,task1,<LOCATA_EVAL_ROOT>\task1\recording9,recording9,189,1485360801.617,0,0.75,1.0,0.0,True,True,4,uniform_time_spread_among_preregistered_eligible_anchors,False,False,False,False
r8-final-frozen-eigenmike-evaluation-20260806,DOA-R8-FINAL-EIGENMIKE-EVAL-20260806,final_frozen_eigenmike_evaluation,independent_locata_evaluation_cross_array,task1,<LOCATA_EVAL_ROOT>\task1\recording9,recording9,213,1485360801.817,0,0.75,1.0,0.0,True,True,5,uniform_time_spread_among_preregistered_eligible_anchors,False,False,False,False
r8-final-frozen-eigenmike-evaluation-20260806,DOA-R8-FINAL-EIGENMIKE-EVAL-20260806,final_frozen_eigenmike_evaluation,independent_locata_evaluation_cross_array,task1,<LOCATA_EVAL_ROOT>\task1\recording9,recording9,238,1485360802.025,0,0.75,1.0,0.0,True,True,6,uniform_time_spread_among_preregistered_eligible_anchors,False,False,False,False
r8-final-frozen-eigenmike-evaluation-20260806,DOA-R8-FINAL-EIGENMIKE-EVAL-20260806,final_frozen_eigenmike_evaluation,independent_locata_evaluation_cross_array,task1,<LOCATA_EVAL_ROOT>\task1\recording9,recording9,262,1485360802.225,0,0.75,1.0,0.0,True,True,7,uniform_time_spread_among_preregistered_eligible_anchors,False,False,False,False
r8-final-frozen-eigenmike-evaluation-20260806,DOA-R8-FINAL-EIGENMIKE-EVAL-20260806,final_frozen_eigenmike_evaluation,independent_locata_evaluation_cross_array,task1,<LOCATA_EVAL_ROOT>\task1\recording9,recording9,286,1485360802.425,0,0.75,1.0,0.0,True,True,8,uniform_time_spread_among_preregistered_eligible_anchors,False,False,False,False
r8-final-frozen-eigenmike-evaluation-20260806,DOA-R8-FINAL-EIGENMIKE-EVAL-20260806,final_frozen_eigenmike_evaluation,independent_locata_evaluation_cross_array,task1,<LOCATA_EVAL_ROOT>\task1\recording9,recording9,311,1485360802.634,0,0.75,1.0,0.0,True,True,9,uniform_time_spread_among_preregistered_eligible_anchors,False,False,False,False
r8-final-frozen-eigenmike-evaluation-20260806,DOA-R8-FINAL-EIGENMIKE-EVAL-20260806,final_frozen_eigenmike_evaluation,independent_locata_evaluation_cross_array,task1,<LOCATA_EVAL_ROOT>\task1\recording9,recording9,335,1485360802.834,0,0.75,1.0,0.0,True,True,10,uniform_time_spread_among_preregistered_eligible_anchors,False,False,False,False
r8-final-frozen-eigenmike-evaluation-20260806,DOA-R8-FINAL-EIGENMIKE-EVAL-20260806,final_frozen_eigenmike_evaluation,independent_locata_evaluation_cross_array,task1,<LOCATA_EVAL_ROOT>\task1\recording9,recording9,360,1485360803.042,0,0.75,1.0,0.0,True,True,11,uniform_time_spread_among_preregistered_eligible_anchors,False,False,False,False
r8-final-frozen-eigenmike-evaluation-20260806,DOA-R8-FINAL-EIGENMIKE-EVAL-20260806,final_frozen_eigenmike_evaluation,independent_locata_evaluation_cross_array,task1,<LOCATA_EVAL_ROOT>\task1\recording9,recording9,384,1485360803.242,0,0.75,1.0,0.0,True,True,12,uniform_time_spread_among_preregistered_eligible_anchors,False,False,False,False
r8-final-frozen-eigenmike-evaluation-20260806,DOA-R8-FINAL-EIGENMIKE-EVAL-20260806,final_frozen_eigenmike_evaluation,independent_locata_evaluation_cross_array,task1,<LOCATA_EVAL_ROOT>\task1\recording9,recording9,408,1485360803.442,0,0.75,1.0,0.0,True,True,13,uniform_time_spread_among_preregistered_eligible_anchors,False,False,False,False
r8-final-frozen-eigenmike-evaluation-20260806,DOA-R8-FINAL-EIGENMIKE-EVAL-20260806,final_frozen_eigenmike_evaluation,independent_locata_evaluation_cross_array,task1,<LOCATA_EVAL_ROOT>\task1\recording9,recording9,481,1485360804.05,0,0.3689064192661315,0.4918752256881753,0.0,False,False,14,uniform_time_spread_among_preregistered_eligible_anchors,False,False,False,False
r8-final-frozen-eigenmike-evaluation-20260806,DOA-R8-FINAL-EIGENMIKE-EVAL-20260806,final_frozen_eigenmike_evaluation,independent_locata_evaluation_cross_array,task1,<LOCATA_EVAL_ROOT>\task1\recording9,recording9,505,1485360804.25,0,0.38669759173356294,0.5155967889780839,0.0,True,False,15,uniform_time_spread_among_preregistered_eligible_anchors,False,False,False,False
r8-final-frozen-eigenmike-evaluation-20260806,DOA-R8-FINAL-EIGENMIKE-EVAL-20260806,final_frozen_eigenmike_evaluation,independent_locata_evaluation_cross_array,task1,<LOCATA_EVAL_ROOT>\task1\recording9,recording9,530,1485360804.459,0,0.5956917863392683,0.7942557151190245,0.0,True,False,16,uniform_time_spread_among_preregistered_eligible_anchors,False,False,False,False
r8-final-frozen-eigenmike-evaluation-20260806,DOA-R8-FINAL-EIGENMIKE-EVAL-20260806,final_frozen_eigenmike_evaluation,independent_locata_evaluation_cross_array,task1,<LOCATA_EVAL_ROOT>\task1\recording9,recording9,554,1485360804.659,0,0.75,1.0,0.0,True,True,17,uniform_time_spread_among_preregistered_eligible_anchors,False,False,False,False
r8-final-frozen-eigenmike-evaluation-20260806,DOA-R8-FINAL-EIGENMIKE-EVAL-20260806,final_frozen_eigenmike_evaluation,independent_locata_evaluation_cross_array,task1,<LOCATA_EVAL_ROOT>\task1\recording9,recording9,579,1485360804.867,0,0.75,1.0,0.0,True,True,18,uniform_time_spread_among_preregistered_eligible_anchors,False,False,False,False
r8-final-frozen-eigenmike-evaluation-20260806,DOA-R8-FINAL-EIGENMIKE-EVAL-20260806,final_frozen_eigenmike_evaluation,independent_locata_evaluation_cross_array,task1,<LOCATA_EVAL_ROOT>\task1\recording9,recording9,603,1485360805.067,0,0.75,1.0,0.0,True,True,19,uniform_time_spread_among_preregistered_eligible_anchors,False,False,False,False
r8-final-frozen-eigenmike-evaluation-20260806,DOA-R8-FINAL-EIGENMIKE-EVAL-20260806,final_frozen_eigenmike_evaluation,independent_locata_evaluation_cross_array,task2,<LOCATA_EVAL_ROOT>\task2\recording10,recording10,738,1485372702.622,0,0.10487208688647537,0.13982944918196716,0.0,False,False,0,uniform_time_spread_among_preregistered_eligible_anchors,False,False,False,False
r8-final-frozen-eigenmike-evaluation-20260806,DOA-R8-FINAL-EIGENMIKE-EVAL-20260806,final_frozen_eigenmike_evaluation,independent_locata_evaluation_cross_array,task2,<LOCATA_EVAL_ROOT>\task2\recording10,recording10,746,1485372702.689,0,0.17187022582706035,0.22916030110274715,0.0,False,False,1,uniform_time_spread_among_preregistered_eligible_anchors,False,False,False,False
r8-final-frozen-eigenmike-evaluation-20260806,DOA-R8-FINAL-EIGENMIKE-EVAL-20260806,final_frozen_eigenmike_evaluation,independent_locata_evaluation_cross_array,task2,<LOCATA_EVAL_ROOT>\task2\recording10,recording10,753,1485372702.747,0,0.2298686147607011,0.3064914863476015,0.0,False,False,2,uniform_time_spread_among_preregistered_eligible_anchors,False,False,False,False
r8-final-frozen-eigenmike-evaluation-20260806,DOA-R8-FINAL-EIGENMIKE-EVAL-20260806,final_frozen_eigenmike_evaluation,independent_locata_evaluation_cross_array,task2,<LOCATA_EVAL_ROOT>\task2\recording10,recording10,761,1485372702.814,0,0.29686675370128607,0.3958223382683814,0.0,False,False,3,uniform_time_spread_among_preregistered_eligible_anchors,False,False,False,False
r8-final-frozen-eigenmike-evaluation-20260806,DOA-R8-FINAL-EIGENMIKE-EVAL-20260806,final_frozen_eigenmike_evaluation,independent_locata_evaluation_cross_array,task2,<LOCATA_EVAL_ROOT>\task2\recording10,recording10,769,1485372702.881,0,0.36386489264187105,0.4851531901891614,0.0,False,False,4,uniform_time_spread_among_preregistered_eligible_anchors,False,False,False,False
r8-final-frozen-eigenmike-evaluation-20260806,DOA-R8-FINAL-EIGENMIKE-EVAL-20260806,final_frozen_eigenmike_evaluation,independent_locata_evaluation_cross_array,task2,<LOCATA_EVAL_ROOT>\task2\recording10,recording10,776,1485372702.939,0,0.4218632815755118,0.5624843754340157,0.0,True,False,5,uniform_time_spread_among_preregistered_eligible_anchors,False,False,False,False
r8-final-frozen-eigenmike-evaluation-20260806,DOA-R8-FINAL-EIGENMIKE-EVAL-20260806,final_frozen_eigenmike_evaluation,independent_locata_evaluation_cross_array,task2,<LOCATA_EVAL_ROOT>\task2\recording10,recording10,784,1485372703.006,0,0.48886142051609677,0.6518152273547957,0.0,True,False,6,uniform_time_spread_among_preregistered_eligible_anchors,False,False,False,False
r8-final-frozen-eigenmike-evaluation-20260806,DOA-R8-FINAL-EIGENMIKE-EVAL-20260806,final_frozen_eigenmike_evaluation,independent_locata_evaluation_cross_array,task2,<LOCATA_EVAL_ROOT>\task2\recording10,recording10,791,1485372703.064,0,0.5468598094497374,0.72914641259965,0.0,True,False,7,uniform_time_spread_among_preregistered_eligible_anchors,False,False,False,False
r8-final-frozen-eigenmike-evaluation-20260806,DOA-R8-FINAL-EIGENMIKE-EVAL-20260806,final_frozen_eigenmike_evaluation,independent_locata_evaluation_cross_array,task2,<LOCATA_EVAL_ROOT>\task2\recording10,recording10,799,1485372703.131,0,0.6138579483903225,0.81847726452043,0.0,True,True,8,uniform_time_spread_among_preregistered_eligible_anchors,False,False,False,False
r8-final-frozen-eigenmike-evaluation-20260806,DOA-R8-FINAL-EIGENMIKE-EVAL-20260806,final_frozen_eigenmike_evaluation,independent_locata_evaluation_cross_array,task2,<LOCATA_EVAL_ROOT>\task2\recording10,recording10,807,1485372703.197,0,0.6798561151079137,0.9064748201438849,0.0,True,True,9,uniform_time_spread_among_preregistered_eligible_anchors,False,False,False,False
r8-final-frozen-eigenmike-evaluation-20260806,DOA-R8-FINAL-EIGENMIKE-EVAL-20260806,final_frozen_eigenmike_evaluation,independent_locata_evaluation_cross_array,task2,<LOCATA_EVAL_ROOT>\task2\recording10,recording10,814,1485372703.256,0,0.7388544762645481,0.9851393016860642,0.0,True,True,10,uniform_time_spread_among_preregistered_eligible_anchors,False,False,False,False
r8-final-frozen-eigenmike-evaluation-20260806,DOA-R8-FINAL-EIGENMIKE-EVAL-20260806,final_frozen_eigenmike_evaluation,independent_locata_evaluation_cross_array,task2,<LOCATA_EVAL_ROOT>\task2\recording10,recording10,822,1485372703.322,0,0.75,1.0,0.0,True,True,11,uniform_time_spread_among_preregistered_eligible_anchors,False,False,False,False
r8-final-frozen-eigenmike-evaluation-20260806,DOA-R8-FINAL-EIGENMIKE-EVAL-20260806,final_frozen_eigenmike_evaluation,independent_locata_evaluation_cross_array,task2,<LOCATA_EVAL_ROOT>\task2\recording10,recording10,830,1485372703.389,0,0.75,1.0,0.0,True,True,12,uniform_time_spread_among_preregistered_eligible_anchors,False,False,False,False
r8-final-frozen-eigenmike-evaluation-20260806,DOA-R8-FINAL-EIGENMIKE-EVAL-20260806,final_frozen_eigenmike_evaluation,independent_locata_evaluation_cross_array,task2,<LOCATA_EVAL_ROOT>\task2\recording10,recording10,837,1485372703.447,0,0.75,1.0,0.0,True,True,13,uniform_time_spread_among_preregistered_eligible_anchors,False,False,False,False
r8-final-frozen-eigenmike-evaluation-20260806,DOA-R8-FINAL-EIGENMIKE-EVAL-20260806,final_frozen_eigenmike_evaluation,independent_locata_evaluation_cross_array,task2,<LOCATA_EVAL_ROOT>\task2\recording10,recording10,845,1485372703.514,0,0.75,1.0,0.0,True,True,14,uniform_time_spread_among_preregistered_eligible_anchors,False,False,False,False
r8-final-frozen-eigenmike-evaluation-20260806,DOA-R8-FINAL-EIGENMIKE-EVAL-20260806,final_frozen_eigenmike_evaluation,independent_locata_evaluation_cross_array,task2,<LOCATA_EVAL_ROOT>\task2\recording10,recording10,852,1485372703.572,0,0.75,1.0,0.0,True,True,15,uniform_time_spread_among_preregistered_eligible_anchors,False,False,False,False
r8-final-frozen-eigenmike-evaluation-20260806,DOA-R8-FINAL-EIGENMIKE-EVAL-20260806,final_frozen_eigenmike_evaluation,independent_locata_evaluation_cross_array,task2,<LOCATA_EVAL_ROOT>\task2\recording10,recording10,860,1485372703.639,0,0.75,1.0,0.0,True,True,16,uniform_time_spread_among_preregistered_eligible_anchors,False,False,False,False
r8-final-frozen-eigenmike-evaluation-20260806,DOA-R8-FINAL-EIGENMIKE-EVAL-20260806,final_frozen_eigenmike_evaluation,independent_locata_evaluation_cross_array,task2,<LOCATA_EVAL_ROOT>\task2\recording10,recording10,868,1485372703.706,0,0.75,1.0,0.0,True,True,17,uniform_time_spread_among_preregistered_eligible_anchors,False,False,False,False
r8-final-frozen-eigenmike-evaluation-20260806,DOA-R8-FINAL-EIGENMIKE-EVAL-20260806,final_frozen_eigenmike_evaluation,independent_locata_evaluation_cross_array,task2,<LOCATA_EVAL_ROOT>\task2\recording10,recording10,875,1485372703.764,0,0.75,1.0,0.0,True,True,18,uniform_time_spread_among_preregistered_eligible_anchors,False,False,False,False
r8-final-frozen-eigenmike-evaluation-20260806,DOA-R8-FINAL-EIGENMIKE-EVAL-20260806,final_frozen_eigenmike_evaluation,independent_locata_evaluation_cross_array,task2,<LOCATA_EVAL_ROOT>\task2\recording10,recording10,883,1485372703.831,0,0.75,1.0,0.0,True,True,19,uniform_time_spread_among_preregistered_eligible_anchors,False,False,False,False
r8-final-frozen-eigenmike-evaluation-20260806,DOA-R8-FINAL-EIGENMIKE-EVAL-20260806,final_frozen_eigenmike_evaluation,independent_locata_evaluation_cross_array,task2,<LOCATA_EVAL_ROOT>\task2\recording11,recording11,91,1485373382.605,1,0.26968000888864196,0.35957334518485595,0.0,False,False,0,uniform_time_spread_among_preregistered_eligible_anchors,False,False,False,False
r8-final-frozen-eigenmike-evaluation-20260806,DOA-R8-FINAL-EIGENMIKE-EVAL-20260806,final_frozen_eigenmike_evaluation,independent_locata_evaluation_cross_array,task2,<LOCATA_EVAL_ROOT>\task2\recording11,recording11,93,1485373382.622,1,0.2866795366795367,0.38223938223938225,0.0,False,False,1,uniform_time_spread_among_preregistered_eligible_anchors,False,False,False,False
r8-final-frozen-eigenmike-evaluation-20260806,DOA-R8-FINAL-EIGENMIKE-EVAL-20260806,final_frozen_eigenmike_evaluation,independent_locata_evaluation_cross_array,task2,<LOCATA_EVAL_ROOT>\task2\recording11,recording11,96,1485373382.647,1,0.3116788422543818,0.4155717896725091,0.0,False,False,2,uniform_time_spread_among_preregistered_eligible_anchors,False,False,False,False
r8-final-frozen-eigenmike-evaluation-20260806,DOA-R8-FINAL-EIGENMIKE-EVAL-20260806,final_frozen_eigenmike_evaluation,independent_locata_evaluation_cross_array,task2,<LOCATA_EVAL_ROOT>\task2\recording11,recording11,98,1485373382.664,1,0.32867837004527656,0.4382378267270354,0.0,False,False,3,uniform_time_spread_among_preregistered_eligible_anchors,False,False,False,False
r8-final-frozen-eigenmike-evaluation-20260806,DOA-R8-FINAL-EIGENMIKE-EVAL-20260806,final_frozen_eigenmike_evaluation,independent_locata_evaluation_cross_array,task2,<LOCATA_EVAL_ROOT>\task2\recording11,recording11,101,1485373382.689,1,0.35367767562012165,0.4715702341601622,0.0,False,False,4,uniform_time_spread_among_preregistered_eligible_anchors,False,False,False,False
r8-final-frozen-eigenmike-evaluation-20260806,DOA-R8-FINAL-EIGENMIKE-EVAL-20260806,final_frozen_eigenmike_evaluation,independent_locata_evaluation_cross_array,task2,<LOCATA_EVAL_ROOT>\task2\recording11,recording11,103,1485373382.705,1,0.36967723118802254,0.4929029749173634,0.0,False,False,5,uniform_time_spread_among_preregistered_eligible_anchors,False,False,False,False
r8-final-frozen-eigenmike-evaluation-20260806,DOA-R8-FINAL-EIGENMIKE-EVAL-20260806,final_frozen_eigenmike_evaluation,independent_locata_evaluation_cross_array,task2,<LOCATA_EVAL_ROOT>\task2\recording11,recording11,106,1485373382.73,1,0.39467653676286774,0.5262353823504903,0.0,True,False,6,uniform_time_spread_among_preregistered_eligible_anchors,False,False,False,False
r8-final-frozen-eigenmike-evaluation-20260806,DOA-R8-FINAL-EIGENMIKE-EVAL-20260806,final_frozen_eigenmike_evaluation,independent_locata_evaluation_cross_array,task2,<LOCATA_EVAL_ROOT>\task2\recording11,recording11,361,1485373384.855,1,0.3772186883697676,0.5029582511596901,0.06194272381322741,True,False,7,uniform_time_spread_among_preregistered_eligible_anchors,False,False,False,False
r8-final-frozen-eigenmike-evaluation-20260806,DOA-R8-FINAL-EIGENMIKE-EVAL-20260806,final_frozen_eigenmike_evaluation,independent_locata_evaluation_cross_array,task2,<LOCATA_EVAL_ROOT>\task2\recording11,recording11,364,1485373384.88,1,0.40221799394461266,0.5362906585928169,0.028610316380100552,True,False,8,uniform_time_spread_among_preregistered_eligible_anchors,False,False,False,False
r8-final-frozen-eigenmike-evaluation-20260806,DOA-R8-FINAL-EIGENMIKE-EVAL-20260806,final_frozen_eigenmike_evaluation,independent_locata_evaluation_cross_array,task2,<LOCATA_EVAL_ROOT>\task2\recording11,recording11,366,1485373384.897,1,0.4192175217355074,0.5589566956473432,0.00594427932557429,True,False,9,uniform_time_spread_among_preregistered_eligible_anchors,False,False,False,False
r8-final-frozen-eigenmike-evaluation-20260806,DOA-R8-FINAL-EIGENMIKE-EVAL-20260806,final_frozen_eigenmike_evaluation,independent_locata_evaluation_cross_array,task2,<LOCATA_EVAL_ROOT>\task2\recording11,recording11,369,1485373384.922,1,0.4442168273103525,0.59228910308047,0.0,True,False,10,uniform_time_spread_among_preregistered_eligible_anchors,False,False,False,False
r8-final-frozen-eigenmike-evaluation-20260806,DOA-R8-FINAL-EIGENMIKE-EVAL-20260806,final_frozen_eigenmike_evaluation,independent_locata_evaluation_cross_array,task2,<LOCATA_EVAL_ROOT>\task2\recording11,recording11,371,1485373384.939,1,0.46121635510124726,0.6149551401349963,0.0,True,False,11,uniform_time_spread_among_preregistered_eligible_anchors,False,False,False,False
r8-final-frozen-eigenmike-evaluation-20260806,DOA-R8-FINAL-EIGENMIKE-EVAL-20260806,final_frozen_eigenmike_evaluation,independent_locata_evaluation_cross_array,task2,<LOCATA_EVAL_ROOT>\task2\recording11,recording11,374,1485373384.964,1,0.48621566067609234,0.6482875475681231,0.0,True,False,12,uniform_time_spread_among_preregistered_eligible_anchors,False,False,False,False
r8-final-frozen-eigenmike-evaluation-20260806,DOA-R8-FINAL-EIGENMIKE-EVAL-20260806,final_frozen_eigenmike_evaluation,independent_locata_evaluation_cross_array,task2,<LOCATA_EVAL_ROOT>\task2\recording11,recording11,376,1485373384.98,1,0.5022152162439932,0.6696202883253243,0.0,True,False,13,uniform_time_spread_among_preregistered_eligible_anchors,False,False,False,False
r8-final-frozen-eigenmike-evaluation-20260806,DOA-R8-FINAL-EIGENMIKE-EVAL-20260806,final_frozen_eigenmike_evaluation,independent_locata_evaluation_cross_array,task2,<LOCATA_EVAL_ROOT>\task2\recording11,recording11,379,1485373385.005,1,0.5272145218188384,0.7029526957584512,0.0,True,False,14,uniform_time_spread_among_preregistered_eligible_anchors,False,False,False,False
r8-final-frozen-eigenmike-evaluation-20260806,DOA-R8-FINAL-EIGENMIKE-EVAL-20260806,final_frozen_eigenmike_evaluation,independent_locata_evaluation_cross_array,task2,<LOCATA_EVAL_ROOT>\task2\recording11,recording11,381,1485373385.022,1,0.5442140496097331,0.7256187328129774,0.0,True,False,15,uniform_time_spread_among_preregistered_eligible_anchors,False,False,False,False
r8-final-frozen-eigenmike-evaluation-20260806,DOA-R8-FINAL-EIGENMIKE-EVAL-20260806,final_frozen_eigenmike_evaluation,independent_locata_evaluation_cross_array,task2,<LOCATA_EVAL_ROOT>\task2\recording11,recording11,384,1485373385.047,1,0.5692133551845783,0.7589511402461043,0.0,True,False,16,uniform_time_spread_among_preregistered_eligible_anchors,False,False,False,False
r8-final-frozen-eigenmike-evaluation-20260806,DOA-R8-FINAL-EIGENMIKE-EVAL-20260806,final_frozen_eigenmike_evaluation,independent_locata_evaluation_cross_array,task2,<LOCATA_EVAL_ROOT>\task2\recording11,recording11,386,1485373385.064,1,0.5862128829754729,0.7816171773006305,0.0,True,False,17,uniform_time_spread_among_preregistered_eligible_anchors,False,False,False,False
r8-final-frozen-eigenmike-evaluation-20260806,DOA-R8-FINAL-EIGENMIKE-EVAL-20260806,final_frozen_eigenmike_evaluation,independent_locata_evaluation_cross_array,task2,<LOCATA_EVAL_ROOT>\task2\recording11,recording11,389,1485373385.089,1,0.6112121885503181,0.8149495847337574,0.0,True,True,18,uniform_time_spread_among_preregistered_eligible_anchors,False,False,False,False
r8-final-frozen-eigenmike-evaluation-20260806,DOA-R8-FINAL-EIGENMIKE-EVAL-20260806,final_frozen_eigenmike_evaluation,independent_locata_evaluation_cross_array,task2,<LOCATA_EVAL_ROOT>\task2\recording11,recording11,391,1485373385.105,1,0.627211744118219,0.8362823254909586,0.0,True,True,19,uniform_time_spread_among_preregistered_eligible_anchors,False,False,False,False
r8-final-frozen-eigenmike-evaluation-20260806,DOA-R8-FINAL-EIGENMIKE-EVAL-20260806,final_frozen_eigenmike_evaluation,independent_locata_evaluation_cross_array,task2,<LOCATA_EVAL_ROOT>\task2\recording12,recording12,110,1485373785.203,1,0.10710119163356573,0.1428015888447543,0.0,False,False,0,uniform_time_spread_among_preregistered_eligible_anchors,False,False,False,False
r8-final-frozen-eigenmike-evaluation-20260806,DOA-R8-FINAL-EIGENMIKE-EVAL-20260806,final_frozen_eigenmike_evaluation,independent_locata_evaluation_cross_array,task2,<LOCATA_EVAL_ROOT>\task2\recording12,recording12,114,1485373785.236,1,0.14010027499236133,0.18680036665648175,0.0,False,False,1,uniform_time_spread_among_preregistered_eligible_anchors,False,False,False,False
r8-final-frozen-eigenmike-evaluation-20260806,DOA-R8-FINAL-EIGENMIKE-EVAL-20260806,final_frozen_eigenmike_evaluation,independent_locata_evaluation_cross_array,task2,<LOCATA_EVAL_ROOT>\task2\recording12,recording12,118,1485373785.27,1,0.17409933057415072,0.2321324407655343,0.0,False,False,2,uniform_time_spread_among_preregistered_eligible_anchors,False,False,False,False
r8-final-frozen-eigenmike-evaluation-20260806,DOA-R8-FINAL-EIGENMIKE-EVAL-20260806,final_frozen_eigenmike_evaluation,independent_locata_evaluation_cross_array,task2,<LOCATA_EVAL_ROOT>\task2\recording12,recording12,122,1485373785.303,1,0.2070984139329463,0.27613121857726175,0.0,False,False,3,uniform_time_spread_among_preregistered_eligible_anchors,False,False,False,False
r8-final-frozen-eigenmike-evaluation-20260806,DOA-R8-FINAL-EIGENMIKE-EVAL-20260806,final_frozen_eigenmike_evaluation,independent_locata_evaluation_cross_array,task2,<LOCATA_EVAL_ROOT>\task2\recording12,recording12,126,1485373785.336,1,0.2400974972917419,0.3201299963889892,0.0,False,False,4,uniform_time_spread_among_preregistered_eligible_anchors,False,False,False,False
r8-final-frozen-eigenmike-evaluation-20260806,DOA-R8-FINAL-EIGENMIKE-EVAL-20260806,final_frozen_eigenmike_evaluation,independent_locata_evaluation_cross_array,task2,<LOCATA_EVAL_ROOT>\task2\recording12,recording12,130,1485373785.37,1,0.2740965528735313,0.36546207049804175,0.0,False,False,5,uniform_time_spread_among_preregistered_eligible_anchors,False,False,False,False
r8-final-frozen-eigenmike-evaluation-20260806,DOA-R8-FINAL-EIGENMIKE-EVAL-20260806,final_frozen_eigenmike_evaluation,independent_locata_evaluation_cross_array,task2,<LOCATA_EVAL_ROOT>\task2\recording12,recording12,134,1485373785.403,1,0.3070956362323269,0.4094608483097692,0.0,False,False,6,uniform_time_spread_among_preregistered_eligible_anchors,False,False,False,False
r8-final-frozen-eigenmike-evaluation-20260806,DOA-R8-FINAL-EIGENMIKE-EVAL-20260806,final_frozen_eigenmike_evaluation,independent_locata_evaluation_cross_array,task2,<LOCATA_EVAL_ROOT>\task2\recording12,recording12,425,1485373787.828,1,0.424175717341185,0.5655676231215799,0.04597094525152079,True,False,7,uniform_time_spread_among_preregistered_eligible_anchors,False,False,False,False
r8-final-frozen-eigenmike-evaluation-20260806,DOA-R8-FINAL-EIGENMIKE-EVAL-20260806,final_frozen_eigenmike_evaluation,independent_locata_evaluation_cross_array,task2,<LOCATA_EVAL_ROOT>\task2\recording12,recording12,429,1485373787.861,1,0.4571748006999805,0.6095664009333074,0.0019721674397933393,True,False,8,uniform_time_spread_among_preregistered_eligible_anchors,False,False,False,False
r8-final-frozen-eigenmike-evaluation-20260806,DOA-R8-FINAL-EIGENMIKE-EVAL-20260806,final_frozen_eigenmike_evaluation,independent_locata_evaluation_cross_array,task2,<LOCATA_EVAL_ROOT>\task2\recording12,recording12,433,1485373787.895,1,0.49117385628177,0.65489847504236,0.0,True,False,9,uniform_time_spread_among_preregistered_eligible_anchors,False,False,False,False
r8-final-frozen-eigenmike-evaluation-20260806,DOA-R8-FINAL-EIGENMIKE-EVAL-20260806,final_frozen_eigenmike_evaluation,independent_locata_evaluation_cross_array,task2,<LOCATA_EVAL_ROOT>\task2\recording12,recording12,436,1485373787.92,1,0.5161731618566151,0.6882308824754868,0.0,True,False,10,uniform_time_spread_among_preregistered_eligible_anchors,False,False,False,False
r8-final-frozen-eigenmike-evaluation-20260806,DOA-R8-FINAL-EIGENMIKE-EVAL-20260806,final_frozen_eigenmike_evaluation,independent_locata_evaluation_cross_array,task2,<LOCATA_EVAL_ROOT>\task2\recording12,recording12,716,1485373790.253,0,0.75,1.0,0.03474903474903475,True,True,11,uniform_time_spread_among_preregistered_eligible_anchors,False,False,False,False
r8-final-frozen-eigenmike-evaluation-20260806,DOA-R8-FINAL-EIGENMIKE-EVAL-20260806,final_frozen_eigenmike_evaluation,independent_locata_evaluation_cross_array,task2,<LOCATA_EVAL_ROOT>\task2\recording12,recording12,720,1485373790.286,0,0.75,1.0,0.0,True,True,12,uniform_time_spread_among_preregistered_eligible_anchors,False,False,False,False
r8-final-frozen-eigenmike-evaluation-20260806,DOA-R8-FINAL-EIGENMIKE-EVAL-20260806,final_frozen_eigenmike_evaluation,independent_locata_evaluation_cross_array,task2,<LOCATA_EVAL_ROOT>\task2\recording12,recording12,724,1485373790.32,0,0.75,1.0,0.0,True,True,13,uniform_time_spread_among_preregistered_eligible_anchors,False,False,False,False
r8-final-frozen-eigenmike-evaluation-20260806,DOA-R8-FINAL-EIGENMIKE-EVAL-20260806,final_frozen_eigenmike_evaluation,independent_locata_evaluation_cross_array,task2,<LOCATA_EVAL_ROOT>\task2\recording12,recording12,728,1485373790.353,0,0.75,1.0,0.0,True,True,14,uniform_time_spread_among_preregistered_eligible_anchors,False,False,False,False
r8-final-frozen-eigenmike-evaluation-20260806,DOA-R8-FINAL-EIGENMIKE-EVAL-20260806,final_frozen_eigenmike_evaluation,independent_locata_evaluation_cross_array,task2,<LOCATA_EVAL_ROOT>\task2\recording12,recording12,732,1485373790.386,0,0.75,1.0,0.0,True,True,15,uniform_time_spread_among_preregistered_eligible_anchors,False,False,False,False
r8-final-frozen-eigenmike-evaluation-20260806,DOA-R8-FINAL-EIGENMIKE-EVAL-20260806,final_frozen_eigenmike_evaluation,independent_locata_evaluation_cross_array,task2,<LOCATA_EVAL_ROOT>\task2\recording12,recording12,736,1485373790.42,0,0.75,1.0,0.0,True,True,16,uniform_time_spread_among_preregistered_eligible_anchors,False,False,False,False
r8-final-frozen-eigenmike-evaluation-20260806,DOA-R8-FINAL-EIGENMIKE-EVAL-20260806,final_frozen_eigenmike_evaluation,independent_locata_evaluation_cross_array,task2,<LOCATA_EVAL_ROOT>\task2\recording12,recording12,740,1485373790.453,0,0.75,1.0,0.0,True,True,17,uniform_time_spread_among_preregistered_eligible_anchors,False,False,False,False
r8-final-frozen-eigenmike-evaluation-20260806,DOA-R8-FINAL-EIGENMIKE-EVAL-20260806,final_frozen_eigenmike_evaluation,independent_locata_evaluation_cross_array,task2,<LOCATA_EVAL_ROOT>\task2\recording12,recording12,744,1485373790.486,0,0.75,1.0,0.0,True,True,18,uniform_time_spread_among_preregistered_eligible_anchors,False,False,False,False
r8-final-frozen-eigenmike-evaluation-20260806,DOA-R8-FINAL-EIGENMIKE-EVAL-20260806,final_frozen_eigenmike_evaluation,independent_locata_evaluation_cross_array,task2,<LOCATA_EVAL_ROOT>\task2\recording12,recording12,748,1485373790.52,0,0.75,1.0,0.0,True,True,19,uniform_time_spread_among_preregistered_eligible_anchors,False,False,False,False
r8-final-frozen-eigenmike-evaluation-20260806,DOA-R8-FINAL-EIGENMIKE-EVAL-20260806,final_frozen_eigenmike_evaluation,independent_locata_evaluation_cross_array,task2,<LOCATA_EVAL_ROOT>\task2\recording13,recording13,90,1485373934.796,0,0.19566123163245464,0.2608816421766062,0.0,False,False,0,uniform_time_spread_among_preregistered_eligible_anchors,False,False,False,False
r8-final-frozen-eigenmike-evaluation-20260806,DOA-R8-FINAL-EIGENMIKE-EVAL-20260806,final_frozen_eigenmike_evaluation,independent_locata_evaluation_cross_array,task2,<LOCATA_EVAL_ROOT>\task2\recording13,recording13,98,1485373934.863,0,0.2626593705730397,0.3502124940973862,0.0,False,False,1,uniform_time_spread_among_preregistered_eligible_anchors,False,False,False,False
r8-final-frozen-eigenmike-evaluation-20260806,DOA-R8-FINAL-EIGENMIKE-EVAL-20260806,final_frozen_eigenmike_evaluation,independent_locata_evaluation_cross_array,task2,<LOCATA_EVAL_ROOT>\task2\recording13,recording13,105,1485373934.921,0,0.32065775950668035,0.42754367934224047,0.0,False,False,2,uniform_time_spread_among_preregistered_eligible_anchors,False,False,False,False
r8-final-frozen-eigenmike-evaluation-20260806,DOA-R8-FINAL-EIGENMIKE-EVAL-20260806,final_frozen_eigenmike_evaluation,independent_locata_evaluation_cross_array,task2,<LOCATA_EVAL_ROOT>\task2\recording13,recording13,113,1485373934.988,0,0.3876558984472654,0.5168745312630205,0.0,True,False,3,uniform_time_spread_among_preregistered_eligible_anchors,False,False,False,False
r8-final-frozen-eigenmike-evaluation-20260806,DOA-R8-FINAL-EIGENMIKE-EVAL-20260806,final_frozen_eigenmike_evaluation,independent_locata_evaluation_cross_array,task2,<LOCATA_EVAL_ROOT>\task2\recording13,recording13,120,1485373935.046,0,0.44565428738090607,0.5942057165078748,0.0,True,False,4,uniform_time_spread_among_preregistered_eligible_anchors,False,False,False,False
r8-final-frozen-eigenmike-evaluation-20260806,DOA-R8-FINAL-EIGENMIKE-EVAL-20260806,final_frozen_eigenmike_evaluation,independent_locata_evaluation_cross_array,task2,<LOCATA_EVAL_ROOT>\task2\recording13,recording13,128,1485373935.113,0,0.5126524263214911,0.6835365684286547,0.0,True,False,5,uniform_time_spread_among_preregistered_eligible_anchors,False,False,False,False
r8-final-frozen-eigenmike-evaluation-20260806,DOA-R8-FINAL-EIGENMIKE-EVAL-20260806,final_frozen_eigenmike_evaluation,independent_locata_evaluation_cross_array,task2,<LOCATA_EVAL_ROOT>\task2\recording13,recording13,135,1485373935.171,0,0.5706508152551318,0.7608677536735091,0.0,True,False,6,uniform_time_spread_among_preregistered_eligible_anchors,False,False,False,False
r8-final-frozen-eigenmike-evaluation-20260806,DOA-R8-FINAL-EIGENMIKE-EVAL-20260806,final_frozen_eigenmike_evaluation,independent_locata_evaluation_cross_array,task2,<LOCATA_EVAL_ROOT>\task2\recording13,recording13,143,1485373935.238,0,0.6376489541957168,0.8501986055942891,0.0,True,True,7,uniform_time_spread_among_preregistered_eligible_anchors,False,False,False,False
r8-final-frozen-eigenmike-evaluation-20260806,DOA-R8-FINAL-EIGENMIKE-EVAL-20260806,final_frozen_eigenmike_evaluation,independent_locata_evaluation_cross_array,task2,<LOCATA_EVAL_ROOT>\task2\recording13,recording13,150,1485373935.296,0,0.6956473431293575,0.9275297908391433,0.0,True,True,8,uniform_time_spread_among_preregistered_eligible_anchors,False,False,False,False
r8-final-frozen-eigenmike-evaluation-20260806,DOA-R8-FINAL-EIGENMIKE-EVAL-20260806,final_frozen_eigenmike_evaluation,independent_locata_evaluation_cross_array,task2,<LOCATA_EVAL_ROOT>\task2\recording13,recording13,158,1485373935.363,0,0.75,1.0,0.0,True,True,9,uniform_time_spread_among_preregistered_eligible_anchors,False,False,False,False
r8-final-frozen-eigenmike-evaluation-20260806,DOA-R8-FINAL-EIGENMIKE-EVAL-20260806,final_frozen_eigenmike_evaluation,independent_locata_evaluation_cross_array,task2,<LOCATA_EVAL_ROOT>\task2\recording13,recording13,165,1485373935.421,0,0.75,1.0,0.0,True,True,10,uniform_time_spread_among_preregistered_eligible_anchors,False,False,False,False
r8-final-frozen-eigenmike-evaluation-20260806,DOA-R8-FINAL-EIGENMIKE-EVAL-20260806,final_frozen_eigenmike_evaluation,independent_locata_evaluation_cross_array,task2,<LOCATA_EVAL_ROOT>\task2\recording13,recording13,173,1485373935.488,0,0.75,1.0,0.0,True,True,11,uniform_time_spread_among_preregistered_eligible_anchors,False,False,False,False
r8-final-frozen-eigenmike-evaluation-20260806,DOA-R8-FINAL-EIGENMIKE-EVAL-20260806,final_frozen_eigenmike_evaluation,independent_locata_evaluation_cross_array,task2,<LOCATA_EVAL_ROOT>\task2\recording13,recording13,180,1485373935.546,0,0.75,1.0,0.0,True,True,12,uniform_time_spread_among_preregistered_eligible_anchors,False,False,False,False
r8-final-frozen-eigenmike-evaluation-20260806,DOA-R8-FINAL-EIGENMIKE-EVAL-20260806,final_frozen_eigenmike_evaluation,independent_locata_evaluation_cross_array,task2,<LOCATA_EVAL_ROOT>\task2\recording13,recording13,188,1485373935.613,0,0.75,1.0,0.0,True,True,13,uniform_time_spread_among_preregistered_eligible_anchors,False,False,False,False
r8-final-frozen-eigenmike-evaluation-20260806,DOA-R8-FINAL-EIGENMIKE-EVAL-20260806,final_frozen_eigenmike_evaluation,independent_locata_evaluation_cross_array,task2,<LOCATA_EVAL_ROOT>\task2\recording13,recording13,195,1485373935.671,0,0.75,1.0,0.0,True,True,14,uniform_time_spread_among_preregistered_eligible_anchors,False,False,False,False
r8-final-frozen-eigenmike-evaluation-20260806,DOA-R8-FINAL-EIGENMIKE-EVAL-20260806,final_frozen_eigenmike_evaluation,independent_locata_evaluation_cross_array,task2,<LOCATA_EVAL_ROOT>\task2\recording13,recording13,203,1485373935.738,0,0.75,1.0,0.0,True,True,15,uniform_time_spread_among_preregistered_eligible_anchors,False,False,False,False
r8-final-frozen-eigenmike-evaluation-20260806,DOA-R8-FINAL-EIGENMIKE-EVAL-20260806,final_frozen_eigenmike_evaluation,independent_locata_evaluation_cross_array,task2,<LOCATA_EVAL_ROOT>\task2\recording13,recording13,345,1485373936.921,1,0.75,1.0,0.018332824088219773,True,True,16,uniform_time_spread_among_preregistered_eligible_anchors,False,False,False,False
r8-final-frozen-eigenmike-evaluation-20260806,DOA-R8-FINAL-EIGENMIKE-EVAL-20260806,final_frozen_eigenmike_evaluation,independent_locata_evaluation_cross_array,task2,<LOCATA_EVAL_ROOT>\task2\recording13,recording13,353,1485373936.988,1,0.75,1.0,0.0,True,True,17,uniform_time_spread_among_preregistered_eligible_anchors,False,False,False,False
r8-final-frozen-eigenmike-evaluation-20260806,DOA-R8-FINAL-EIGENMIKE-EVAL-20260806,final_frozen_eigenmike_evaluation,independent_locata_evaluation_cross_array,task2,<LOCATA_EVAL_ROOT>\task2\recording13,recording13,360,1485373937.046,1,0.75,1.0,0.0,True,True,18,uniform_time_spread_among_preregistered_eligible_anchors,False,False,False,False
r8-final-frozen-eigenmike-evaluation-20260806,DOA-R8-FINAL-EIGENMIKE-EVAL-20260806,final_frozen_eigenmike_evaluation,independent_locata_evaluation_cross_array,task2,<LOCATA_EVAL_ROOT>\task2\recording13,recording13,368,1485373937.113,1,0.75,1.0,0.0,True,True,19,uniform_time_spread_among_preregistered_eligible_anchors,False,False,False,False
r8-final-frozen-eigenmike-evaluation-20260806,DOA-R8-FINAL-EIGENMIKE-EVAL-20260806,final_frozen_eigenmike_evaluation,independent_locata_evaluation_cross_array,task2,<LOCATA_EVAL_ROOT>\task2\recording7,recording7,108,1485370958.692,0,0.10712202438821143,0.14282936585094858,0.0,False,False,0,uniform_time_spread_among_preregistered_eligible_anchors,False,False,False,False
r8-final-frozen-eigenmike-evaluation-20260806,DOA-R8-FINAL-EIGENMIKE-EVAL-20260806,final_frozen_eigenmike_evaluation,independent_locata_evaluation_cross_array,task2,<LOCATA_EVAL_ROOT>\task2\recording7,recording7,109,1485370958.7,0,0.11512180217216189,0.15349573622954918,0.0,False,False,1,uniform_time_spread_among_preregistered_eligible_anchors,False,False,False,False
r8-final-frozen-eigenmike-evaluation-20260806,DOA-R8-FINAL-EIGENMIKE-EVAL-20260806,final_frozen_eigenmike_evaluation,independent_locata_evaluation_cross_array,task2,<LOCATA_EVAL_ROOT>\task2\recording7,recording7,110,1485370958.708,0,0.12312157995611234,0.16416210660814978,0.0,False,False,2,uniform_time_spread_among_preregistered_eligible_anchors,False,False,False,False
r8-final-frozen-eigenmike-evaluation-20260806,DOA-R8-FINAL-EIGENMIKE-EVAL-20260806,final_frozen_eigenmike_evaluation,independent_locata_evaluation_cross_array,task2,<LOCATA_EVAL_ROOT>\task2\recording7,recording7,111,1485370958.717,0,0.1321213299630566,0.17616177328407545,0.0,False,False,3,uniform_time_spread_among_preregistered_eligible_anchors,False,False,False,False
r8-final-frozen-eigenmike-evaluation-20260806,DOA-R8-FINAL-EIGENMIKE-EVAL-20260806,final_frozen_eigenmike_evaluation,independent_locata_evaluation_cross_array,task2,<LOCATA_EVAL_ROOT>\task2\recording7,recording7,112,1485370958.725,0,0.14012110774700703,0.18682814366267603,0.0,False,False,4,uniform_time_spread_among_preregistered_eligible_anchors,False,False,False,False
r8-final-frozen-eigenmike-evaluation-20260806,DOA-R8-FINAL-EIGENMIKE-EVAL-20260806,final_frozen_eigenmike_evaluation,independent_locata_evaluation_cross_array,task2,<LOCATA_EVAL_ROOT>\task2\recording7,recording7,113,1485370958.733,0,0.14812088553095748,0.19749451404127663,0.0,False,False,5,uniform_time_spread_among_preregistered_eligible_anchors,False,False,False,False
r8-final-frozen-eigenmike-evaluation-20260806,DOA-R8-FINAL-EIGENMIKE-EVAL-20260806,final_frozen_eigenmike_evaluation,independent_locata_evaluation_cross_array,task2,<LOCATA_EVAL_ROOT>\task2\recording7,recording7,114,1485370958.742,0,0.15712063553790173,0.2094941807172023,0.0,False,False,6,uniform_time_spread_among_preregistered_eligible_anchors,False,False,False,False
r8-final-frozen-eigenmike-evaluation-20260806,DOA-R8-FINAL-EIGENMIKE-EVAL-20260806,final_frozen_eigenmike_evaluation,independent_locata_evaluation_cross_array,task2,<LOCATA_EVAL_ROOT>\task2\recording7,recording7,115,1485370958.75,0,0.16512041332185218,0.2201605510958029,0.0,False,False,7,uniform_time_spread_among_preregistered_eligible_anchors,False,False,False,False
r8-final-frozen-eigenmike-evaluation-20260806,DOA-R8-FINAL-EIGENMIKE-EVAL-20260806,final_frozen_eigenmike_evaluation,independent_locata_evaluation_cross_array,task2,<LOCATA_EVAL_ROOT>\task2\recording7,recording7,116,1485370958.758,0,0.17312019110580262,0.23082692147440348,0.0,False,False,8,uniform_time_spread_among_preregistered_eligible_anchors,False,False,False,False
r8-final-frozen-eigenmike-evaluation-20260806,DOA-R8-FINAL-EIGENMIKE-EVAL-20260806,final_frozen_eigenmike_evaluation,independent_locata_evaluation_cross_array,task2,<LOCATA_EVAL_ROOT>\task2\recording7,recording7,117,1485370958.767,0,0.18211994111274687,0.24282658815032915,0.0,False,False,9,uniform_time_spread_among_preregistered_eligible_anchors,False,False,False,False
r8-final-frozen-eigenmike-evaluation-20260806,DOA-R8-FINAL-EIGENMIKE-EVAL-20260806,final_frozen_eigenmike_evaluation,independent_locata_evaluation_cross_array,task2,<LOCATA_EVAL_ROOT>\task2\recording7,recording7,119,1485370958.783,0,0.19811949668064777,0.26415932890753036,0.0,False,False,10,uniform_time_spread_among_preregistered_eligible_anchors,False,False,False,False
r8-final-frozen-eigenmike-evaluation-20260806,DOA-R8-FINAL-EIGENMIKE-EVAL-20260806,final_frozen_eigenmike_evaluation,independent_locata_evaluation_cross_array,task2,<LOCATA_EVAL_ROOT>\task2\recording7,recording7,120,1485370958.792,0,0.20711924668759202,0.276158995583456,0.0,False,False,11,uniform_time_spread_among_preregistered_eligible_anchors,False,False,False,False
r8-final-frozen-eigenmike-evaluation-20260806,DOA-R8-FINAL-EIGENMIKE-EVAL-20260806,final_frozen_eigenmike_evaluation,independent_locata_evaluation_cross_array,task2,<LOCATA_EVAL_ROOT>\task2\recording7,recording7,121,1485370958.8,0,0.21511902447154246,0.2868253659620566,0.0,False,False,12,uniform_time_spread_among_preregistered_eligible_anchors,False,False,False,False
r8-final-frozen-eigenmike-evaluation-20260806,DOA-R8-FINAL-EIGENMIKE-EVAL-20260806,final_frozen_eigenmike_evaluation,independent_locata_evaluation_cross_array,task2,<LOCATA_EVAL_ROOT>\task2\recording7,recording7,122,1485370958.808,0,0.2231188022554929,0.29749173634065723,0.0,False,False,13,uniform_time_spread_among_preregistered_eligible_anchors,False,False,False,False
r8-final-frozen-eigenmike-evaluation-20260806,DOA-R8-FINAL-EIGENMIKE-EVAL-20260806,final_frozen_eigenmike_evaluation,independent_locata_evaluation_cross_array,task2,<LOCATA_EVAL_ROOT>\task2\recording7,recording7,123,1485370958.817,0,0.23211855226243716,0.3094914030165829,0.0,False,False,14,uniform_time_spread_among_preregistered_eligible_anchors,False,False,False,False
r8-final-frozen-eigenmike-evaluation-20260806,DOA-R8-FINAL-EIGENMIKE-EVAL-20260806,final_frozen_eigenmike_evaluation,independent_locata_evaluation_cross_array,task2,<LOCATA_EVAL_ROOT>\task2\recording7,recording7,124,1485370958.825,0,0.2401183300463876,0.3201577733951835,0.0,False,False,15,uniform_time_spread_among_preregistered_eligible_anchors,False,False,False,False
r8-final-frozen-eigenmike-evaluation-20260806,DOA-R8-FINAL-EIGENMIKE-EVAL-20260806,final_frozen_eigenmike_evaluation,independent_locata_evaluation_cross_array,task2,<LOCATA_EVAL_ROOT>\task2\recording7,recording7,125,1485370958.833,0,0.24811810783033805,0.33082414377378405,0.0,False,False,16,uniform_time_spread_among_preregistered_eligible_anchors,False,False,False,False
r8-final-frozen-eigenmike-evaluation-20260806,DOA-R8-FINAL-EIGENMIKE-EVAL-20260806,final_frozen_eigenmike_evaluation,independent_locata_evaluation_cross_array,task2,<LOCATA_EVAL_ROOT>\task2\recording7,recording7,126,1485370958.842,0,0.2571178578372823,0.3428238104497097,0.0,False,False,17,uniform_time_spread_among_preregistered_eligible_anchors,False,False,False,False
r8-final-frozen-eigenmike-evaluation-20260806,DOA-R8-FINAL-EIGENMIKE-EVAL-20260806,final_frozen_eigenmike_evaluation,independent_locata_evaluation_cross_array,task2,<LOCATA_EVAL_ROOT>\task2\recording7,recording7,127,1485370958.85,0,0.26511763562123275,0.35349018082831035,0.0,False,False,18,uniform_time_spread_among_preregistered_eligible_anchors,False,False,False,False
r8-final-frozen-eigenmike-evaluation-20260806,DOA-R8-FINAL-EIGENMIKE-EVAL-20260806,final_frozen_eigenmike_evaluation,independent_locata_evaluation_cross_array,task2,<LOCATA_EVAL_ROOT>\task2\recording7,recording7,128,1485370958.858,0,0.2731174134051832,0.36415655120691093,0.0,False,False,19,uniform_time_spread_among_preregistered_eligible_anchors,False,False,False,False
r8-final-frozen-eigenmike-evaluation-20260806,DOA-R8-FINAL-EIGENMIKE-EVAL-20260806,final_frozen_eigenmike_evaluation,independent_locata_evaluation_cross_array,task2,<LOCATA_EVAL_ROOT>\task2\recording8,recording8,254,1485371246.823,2,0.75,1.0,0.06494264048220882,True,True,0,uniform_time_spread_among_preregistered_eligible_anchors,False,False,False,False
r8-final-frozen-eigenmike-evaluation-20260806,DOA-R8-FINAL-EIGENMIKE-EVAL-20260806,final_frozen_eigenmike_evaluation,independent_locata_evaluation_cross_array,task2,<LOCATA_EVAL_ROOT>\task2\recording8,recording8,255,1485371246.831,2,0.75,1.0,0.054276270103608235,True,True,1,uniform_time_spread_among_preregistered_eligible_anchors,False,False,False,False
r8-final-frozen-eigenmike-evaluation-20260806,DOA-R8-FINAL-EIGENMIKE-EVAL-20260806,final_frozen_eigenmike_evaluation,independent_locata_evaluation_cross_array,task2,<LOCATA_EVAL_ROOT>\task2\recording8,recording8,256,1485371246.84,2,0.75,1.0,0.042276603427682566,True,True,2,uniform_time_spread_among_preregistered_eligible_anchors,False,False,False,False
r8-final-frozen-eigenmike-evaluation-20260806,DOA-R8-FINAL-EIGENMIKE-EVAL-20260806,final_frozen_eigenmike_evaluation,independent_locata_evaluation_cross_array,task2,<LOCATA_EVAL_ROOT>\task2\recording8,recording8,257,1485371246.848,2,0.75,1.0,0.03161023304908197,True,True,3,uniform_time_spread_among_preregistered_eligible_anchors,False,False,False,False
r8-final-frozen-eigenmike-evaluation-20260806,DOA-R8-FINAL-EIGENMIKE-EVAL-20260806,final_frozen_eigenmike_evaluation,independent_locata_evaluation_cross_array,task2,<LOCATA_EVAL_ROOT>\task2\recording8,recording8,258,1485371246.856,2,0.75,1.0,0.020943862670481376,True,True,4,uniform_time_spread_among_preregistered_eligible_anchors,False,False,False,False
r8-final-frozen-eigenmike-evaluation-20260806,DOA-R8-FINAL-EIGENMIKE-EVAL-20260806,final_frozen_eigenmike_evaluation,independent_locata_evaluation_cross_array,task2,<LOCATA_EVAL_ROOT>\task2\recording8,recording8,259,1485371246.865,2,0.75,1.0,0.008944195994555707,True,True,5,uniform_time_spread_among_preregistered_eligible_anchors,False,False,False,False
r8-final-frozen-eigenmike-evaluation-20260806,DOA-R8-FINAL-EIGENMIKE-EVAL-20260806,final_frozen_eigenmike_evaluation,independent_locata_evaluation_cross_array,task2,<LOCATA_EVAL_ROOT>\task2\recording8,recording8,260,1485371246.873,2,0.75,1.0,0.0,True,True,6,uniform_time_spread_among_preregistered_eligible_anchors,False,False,False,False
r8-final-frozen-eigenmike-evaluation-20260806,DOA-R8-FINAL-EIGENMIKE-EVAL-20260806,final_frozen_eigenmike_evaluation,independent_locata_evaluation_cross_array,task2,<LOCATA_EVAL_ROOT>\task2\recording8,recording8,261,1485371246.881,2,0.75,1.0,0.0,True,True,7,uniform_time_spread_among_preregistered_eligible_anchors,False,False,False,False
r8-final-frozen-eigenmike-evaluation-20260806,DOA-R8-FINAL-EIGENMIKE-EVAL-20260806,final_frozen_eigenmike_evaluation,independent_locata_evaluation_cross_array,task2,<LOCATA_EVAL_ROOT>\task2\recording8,recording8,262,1485371246.89,2,0.75,1.0,0.0,True,True,8,uniform_time_spread_among_preregistered_eligible_anchors,False,False,False,False
r8-final-frozen-eigenmike-evaluation-20260806,DOA-R8-FINAL-EIGENMIKE-EVAL-20260806,final_frozen_eigenmike_evaluation,independent_locata_evaluation_cross_array,task2,<LOCATA_EVAL_ROOT>\task2\recording8,recording8,263,1485371246.898,2,0.75,1.0,0.0,True,True,9,uniform_time_spread_among_preregistered_eligible_anchors,False,False,False,False
r8-final-frozen-eigenmike-evaluation-20260806,DOA-R8-FINAL-EIGENMIKE-EVAL-20260806,final_frozen_eigenmike_evaluation,independent_locata_evaluation_cross_array,task2,<LOCATA_EVAL_ROOT>\task2\recording8,recording8,264,1485371246.906,2,0.75,1.0,0.0,True,True,10,uniform_time_spread_among_preregistered_eligible_anchors,False,False,False,False
r8-final-frozen-eigenmike-evaluation-20260806,DOA-R8-FINAL-EIGENMIKE-EVAL-20260806,final_frozen_eigenmike_evaluation,independent_locata_evaluation_cross_array,task2,<LOCATA_EVAL_ROOT>\task2\recording8,recording8,265,1485371246.915,2,0.75,1.0,0.0,True,True,11,uniform_time_spread_among_preregistered_eligible_anchors,False,False,False,False
r8-final-frozen-eigenmike-evaluation-20260806,DOA-R8-FINAL-EIGENMIKE-EVAL-20260806,final_frozen_eigenmike_evaluation,independent_locata_evaluation_cross_array,task2,<LOCATA_EVAL_ROOT>\task2\recording8,recording8,266,1485371246.923,2,0.75,1.0,0.0,True,True,12,uniform_time_spread_among_preregistered_eligible_anchors,False,False,False,False
r8-final-frozen-eigenmike-evaluation-20260806,DOA-R8-FINAL-EIGENMIKE-EVAL-20260806,final_frozen_eigenmike_evaluation,independent_locata_evaluation_cross_array,task2,<LOCATA_EVAL_ROOT>\task2\recording8,recording8,267,1485371246.931,2,0.75,1.0,0.0,True,True,13,uniform_time_spread_among_preregistered_eligible_anchors,False,False,False,False
r8-final-frozen-eigenmike-evaluation-20260806,DOA-R8-FINAL-EIGENMIKE-EVAL-20260806,final_frozen_eigenmike_evaluation,independent_locata_evaluation_cross_array,task2,<LOCATA_EVAL_ROOT>\task2\recording8,recording8,268,1485371246.94,2,0.75,1.0,0.0,True,True,14,uniform_time_spread_among_preregistered_eligible_anchors,False,False,False,False
r8-final-frozen-eigenmike-evaluation-20260806,DOA-R8-FINAL-EIGENMIKE-EVAL-20260806,final_frozen_eigenmike_evaluation,independent_locata_evaluation_cross_array,task2,<LOCATA_EVAL_ROOT>\task2\recording8,recording8,269,1485371246.948,2,0.75,1.0,0.0,True,True,15,uniform_time_spread_among_preregistered_eligible_anchors,False,False,False,False
r8-final-frozen-eigenmike-evaluation-20260806,DOA-R8-FINAL-EIGENMIKE-EVAL-20260806,final_frozen_eigenmike_evaluation,independent_locata_evaluation_cross_array,task3,<LOCATA_EVAL_ROOT>\task3\recording1,recording1,358,1485429921.624,0,0.11343434904585985,0.15124579872781313,0.0,False,False,0,uniform_time_spread_among_preregistered_eligible_anchors,False,False,False,False
r8-final-frozen-eigenmike-evaluation-20260806,DOA-R8-FINAL-EIGENMIKE-EVAL-20260806,final_frozen_eigenmike_evaluation,independent_locata_evaluation_cross_array,task3,<LOCATA_EVAL_ROOT>\task3\recording1,recording1,448,1485429922.373,0,0.75,1.0,0.0,True,True,1,uniform_time_spread_among_preregistered_eligible_anchors,False,False,False,False
r8-final-frozen-eigenmike-evaluation-20260806,DOA-R8-FINAL-EIGENMIKE-EVAL-20260806,final_frozen_eigenmike_evaluation,independent_locata_evaluation_cross_array,task3,<LOCATA_EVAL_ROOT>\task3\recording1,recording1,537,1485429923.107,0,0.75,1.0,0.0,True,True,2,uniform_time_spread_among_preregistered_eligible_anchors,False,False,False,False
r8-final-frozen-eigenmike-evaluation-20260806,DOA-R8-FINAL-EIGENMIKE-EVAL-20260806,final_frozen_eigenmike_evaluation,independent_locata_evaluation_cross_array,task3,<LOCATA_EVAL_ROOT>\task3\recording1,recording1,707,1485429924.523,0,0.5677550623593789,0.7570067498125052,0.0,True,False,3,uniform_time_spread_among_preregistered_eligible_anchors,False,False,False,False
r8-final-frozen-eigenmike-evaluation-20260806,DOA-R8-FINAL-EIGENMIKE-EVAL-20260806,final_frozen_eigenmike_evaluation,independent_locata_evaluation_cross_array,task3,<LOCATA_EVAL_ROOT>\task3\recording1,recording1,796,1485429925.273,0,0.75,1.0,0.0,True,True,4,uniform_time_spread_among_preregistered_eligible_anchors,False,False,False,False
r8-final-frozen-eigenmike-evaluation-20260806,DOA-R8-FINAL-EIGENMIKE-EVAL-20260806,final_frozen_eigenmike_evaluation,independent_locata_evaluation_cross_array,task3,<LOCATA_EVAL_ROOT>\task3\recording1,recording1,886,1485429926.015,0,0.75,1.0,0.0,True,True,5,uniform_time_spread_among_preregistered_eligible_anchors,False,False,False,False
r8-final-frozen-eigenmike-evaluation-20260806,DOA-R8-FINAL-EIGENMIKE-EVAL-20260806,final_frozen_eigenmike_evaluation,independent_locata_evaluation_cross_array,task3,<LOCATA_EVAL_ROOT>\task3\recording1,recording1,1050,1485429927.382,0,0.5845879281131079,0.7794505708174773,0.0,True,False,6,uniform_time_spread_among_preregistered_eligible_anchors,False,False,False,False
r8-final-frozen-eigenmike-evaluation-20260806,DOA-R8-FINAL-EIGENMIKE-EVAL-20260806,final_frozen_eigenmike_evaluation,independent_locata_evaluation_cross_array,task3,<LOCATA_EVAL_ROOT>\task3\recording1,recording1,1140,1485429928.14,0,0.75,1.0,0.0,True,True,7,uniform_time_spread_among_preregistered_eligible_anchors,False,False,False,False
r8-final-frozen-eigenmike-evaluation-20260806,DOA-R8-FINAL-EIGENMIKE-EVAL-20260806,final_frozen_eigenmike_evaluation,independent_locata_evaluation_cross_array,task3,<LOCATA_EVAL_ROOT>\task3\recording1,recording1,1230,1485429928.89,0,0.75,1.0,0.0,True,True,8,uniform_time_spread_among_preregistered_eligible_anchors,False,False,False,False
r8-final-frozen-eigenmike-evaluation-20260806,DOA-R8-FINAL-EIGENMIKE-EVAL-20260806,final_frozen_eigenmike_evaluation,independent_locata_evaluation_cross_array,task3,<LOCATA_EVAL_ROOT>\task3\recording1,recording1,1319,1485429929.623,0,0.75,1.0,0.0,True,True,9,uniform_time_spread_among_preregistered_eligible_anchors,False,False,False,False
r8-final-frozen-eigenmike-evaluation-20260806,DOA-R8-FINAL-EIGENMIKE-EVAL-20260806,final_frozen_eigenmike_evaluation,independent_locata_evaluation_cross_array,task3,<LOCATA_EVAL_ROOT>\task3\recording1,recording1,1512,1485429931.231,0,0.75,1.0,0.0,True,True,10,uniform_time_spread_among_preregistered_eligible_anchors,False,False,False,False
r8-final-frozen-eigenmike-evaluation-20260806,DOA-R8-FINAL-EIGENMIKE-EVAL-20260806,final_frozen_eigenmike_evaluation,independent_locata_evaluation_cross_array,task3,<LOCATA_EVAL_ROOT>\task3\recording1,recording1,1783,1485429933.489,0,0.5160689980833866,0.6880919974445154,0.0,True,False,11,uniform_time_spread_among_preregistered_eligible_anchors,False,False,False,False
r8-final-frozen-eigenmike-evaluation-20260806,DOA-R8-FINAL-EIGENMIKE-EVAL-20260806,final_frozen_eigenmike_evaluation,independent_locata_evaluation_cross_array,task3,<LOCATA_EVAL_ROOT>\task3\recording1,recording1,1873,1485429934.239,0,0.75,1.0,0.0,True,True,12,uniform_time_spread_among_preregistered_eligible_anchors,False,False,False,False
r8-final-frozen-eigenmike-evaluation-20260806,DOA-R8-FINAL-EIGENMIKE-EVAL-20260806,final_frozen_eigenmike_evaluation,independent_locata_evaluation_cross_array,task3,<LOCATA_EVAL_ROOT>\task3\recording1,recording1,1963,1485429934.99,0,0.75,1.0,0.0,True,True,13,uniform_time_spread_among_preregistered_eligible_anchors,False,False,False,False
r8-final-frozen-eigenmike-evaluation-20260806,DOA-R8-FINAL-EIGENMIKE-EVAL-20260806,final_frozen_eigenmike_evaluation,independent_locata_evaluation_cross_array,task3,<LOCATA_EVAL_ROOT>\task3\recording1,recording1,2052,1485429935.731,0,0.75,1.0,0.0,True,True,14,uniform_time_spread_among_preregistered_eligible_anchors,False,False,False,False
r8-final-frozen-eigenmike-evaluation-20260806,DOA-R8-FINAL-EIGENMIKE-EVAL-20260806,final_frozen_eigenmike_evaluation,independent_locata_evaluation_cross_array,task3,<LOCATA_EVAL_ROOT>\task3\recording1,recording1,2257,1485429937.439,0,0.75,1.0,0.0,True,True,15,uniform_time_spread_among_preregistered_eligible_anchors,False,False,False,False
r8-final-frozen-eigenmike-evaluation-20260806,DOA-R8-FINAL-EIGENMIKE-EVAL-20260806,final_frozen_eigenmike_evaluation,independent_locata_evaluation_cross_array,task3,<LOCATA_EVAL_ROOT>\task3\recording1,recording1,2346,1485429938.181,0,0.75,1.0,0.0,True,True,16,uniform_time_spread_among_preregistered_eligible_anchors,False,False,False,False
r8-final-frozen-eigenmike-evaluation-20260806,DOA-R8-FINAL-EIGENMIKE-EVAL-20260806,final_frozen_eigenmike_evaluation,independent_locata_evaluation_cross_array,task3,<LOCATA_EVAL_ROOT>\task3\recording1,recording1,2436,1485429938.931,0,0.75,1.0,0.0,True,True,17,uniform_time_spread_among_preregistered_eligible_anchors,False,False,False,False
r8-final-frozen-eigenmike-evaluation-20260806,DOA-R8-FINAL-EIGENMIKE-EVAL-20260806,final_frozen_eigenmike_evaluation,independent_locata_evaluation_cross_array,task3,<LOCATA_EVAL_ROOT>\task3\recording1,recording1,2643,1485429940.657,0,0.4368420321657732,0.5824560428876976,0.0,True,False,18,uniform_time_spread_among_preregistered_eligible_anchors,False,False,False,False
r8-final-frozen-eigenmike-evaluation-20260806,DOA-R8-FINAL-EIGENMIKE-EVAL-20260806,final_frozen_eigenmike_evaluation,independent_locata_evaluation_cross_array,task3,<LOCATA_EVAL_ROOT>\task3\recording1,recording1,2733,1485429941.407,0,0.75,1.0,0.0,True,True,19,uniform_time_spread_among_preregistered_eligible_anchors,False,False,False,False
r8-final-frozen-eigenmike-evaluation-20260806,DOA-R8-FINAL-EIGENMIKE-EVAL-20260806,final_frozen_eigenmike_evaluation,independent_locata_evaluation_cross_array,task3,<LOCATA_EVAL_ROOT>\task3\recording2,recording2,359,1485431740.856,0,0.10528874197938945,0.1403849893058526,0.0,False,False,0,uniform_time_spread_among_preregistered_eligible_anchors,False,False,False,False
r8-final-frozen-eigenmike-evaluation-20260806,DOA-R8-FINAL-EIGENMIKE-EVAL-20260806,final_frozen_eigenmike_evaluation,independent_locata_evaluation_cross_array,task3,<LOCATA_EVAL_ROOT>\task3\recording2,recording2,419,1485431741.356,0,0.6052748534762923,0.8070331379683897,0.0,True,True,1,uniform_time_spread_among_preregistered_eligible_anchors,False,False,False,False
r8-final-frozen-eigenmike-evaluation-20260806,DOA-R8-FINAL-EIGENMIKE-EVAL-20260806,final_frozen_eigenmike_evaluation,independent_locata_evaluation_cross_array,task3,<LOCATA_EVAL_ROOT>\task3\recording2,recording2,479,1485431741.856,0,0.75,1.0,0.0,True,True,2,uniform_time_spread_among_preregistered_eligible_anchors,False,False,False,False
r8-final-frozen-eigenmike-evaluation-20260806,DOA-R8-FINAL-EIGENMIKE-EVAL-20260806,final_frozen_eigenmike_evaluation,independent_locata_evaluation_cross_array,task3,<LOCATA_EVAL_ROOT>\task3\recording2,recording2,538,1485431742.35,0,0.75,1.0,0.0,True,True,3,uniform_time_spread_among_preregistered_eligible_anchors,False,False,False,False
r8-final-frozen-eigenmike-evaluation-20260806,DOA-R8-FINAL-EIGENMIKE-EVAL-20260806,final_frozen_eigenmike_evaluation,independent_locata_evaluation_cross_array,task3,<LOCATA_EVAL_ROOT>\task3\recording2,recording2,733,1485431743.972,0,0.5064025999277797,0.675203466570373,0.0,True,False,4,uniform_time_spread_among_preregistered_eligible_anchors,False,False,False,False
r8-final-frozen-eigenmike-evaluation-20260806,DOA-R8-FINAL-EIGENMIKE-EVAL-20260806,final_frozen_eigenmike_evaluation,independent_locata_evaluation_cross_array,task3,<LOCATA_EVAL_ROOT>\task3\recording2,recording2,793,1485431744.483,0,0.75,1.0,0.0,True,True,5,uniform_time_spread_among_preregistered_eligible_anchors,False,False,False,False
r8-final-frozen-eigenmike-evaluation-20260806,DOA-R8-FINAL-EIGENMIKE-EVAL-20260806,final_frozen_eigenmike_evaluation,independent_locata_evaluation_cross_array,task3,<LOCATA_EVAL_ROOT>\task3\recording2,recording2,853,1485431744.972,0,0.75,1.0,0.0,True,True,6,uniform_time_spread_among_preregistered_eligible_anchors,False,False,False,False
r8-final-frozen-eigenmike-evaluation-20260806,DOA-R8-FINAL-EIGENMIKE-EVAL-20260806,final_frozen_eigenmike_evaluation,independent_locata_evaluation_cross_array,task3,<LOCATA_EVAL_ROOT>\task3\recording2,recording2,1100,1485431747.034,0,0.33213660731646344,0.44284880975528457,0.0,False,False,7,uniform_time_spread_among_preregistered_eligible_anchors,False,False,False,False
r8-final-frozen-eigenmike-evaluation-20260806,DOA-R8-FINAL-EIGENMIKE-EVAL-20260806,final_frozen_eigenmike_evaluation,independent_locata_evaluation_cross_array,task3,<LOCATA_EVAL_ROOT>\task3\recording2,recording2,1159,1485431747.533,0,0.75,1.0,0.0,True,True,8,uniform_time_spread_among_preregistered_eligible_anchors,False,False,False,False
r8-final-frozen-eigenmike-evaluation-20260806,DOA-R8-FINAL-EIGENMIKE-EVAL-20260806,final_frozen_eigenmike_evaluation,independent_locata_evaluation_cross_array,task3,<LOCATA_EVAL_ROOT>\task3\recording2,recording2,1219,1485431748.033,0,0.75,1.0,0.0,True,True,9,uniform_time_spread_among_preregistered_eligible_anchors,False,False,False,False
r8-final-frozen-eigenmike-evaluation-20260806,DOA-R8-FINAL-EIGENMIKE-EVAL-20260806,final_frozen_eigenmike_evaluation,independent_locata_evaluation_cross_array,task3,<LOCATA_EVAL_ROOT>\task3\recording2,recording2,1425,1485431749.739,0,0.39792644648759756,0.5305685953167968,0.0,True,False,10,uniform_time_spread_among_preregistered_eligible_anchors,False,False,False,False
r8-final-frozen-eigenmike-evaluation-20260806,DOA-R8-FINAL-EIGENMIKE-EVAL-20260806,final_frozen_eigenmike_evaluation,independent_locata_evaluation_cross_array,task3,<LOCATA_EVAL_ROOT>\task3\recording2,recording2,1485,1485431750.239,0,0.75,1.0,0.0,True,True,11,uniform_time_spread_among_preregistered_eligible_anchors,False,False,False,False
r8-final-frozen-eigenmike-evaluation-20260806,DOA-R8-FINAL-EIGENMIKE-EVAL-20260806,final_frozen_eigenmike_evaluation,independent_locata_evaluation_cross_array,task3,<LOCATA_EVAL_ROOT>\task3\recording2,recording2,1544,1485431750.733,0,0.75,1.0,0.0,True,True,12,uniform_time_spread_among_preregistered_eligible_anchors,False,False,False,False
r8-final-frozen-eigenmike-evaluation-20260806,DOA-R8-FINAL-EIGENMIKE-EVAL-20260806,final_frozen_eigenmike_evaluation,independent_locata_evaluation_cross_array,task3,<LOCATA_EVAL_ROOT>\task3\recording2,recording2,1604,1485431751.233,0,0.75,1.0,0.0,True,True,13,uniform_time_spread_among_preregistered_eligible_anchors,False,False,False,False
r8-final-frozen-eigenmike-evaluation-20260806,DOA-R8-FINAL-EIGENMIKE-EVAL-20260806,final_frozen_eigenmike_evaluation,independent_locata_evaluation_cross_array,task3,<LOCATA_EVAL_ROOT>\task3\recording2,recording2,1849,1485431753.283,0,0.3014916252326324,0.4019888336435099,0.0,False,False,14,uniform_time_spread_among_preregistered_eligible_anchors,False,False,False,False
r8-final-frozen-eigenmike-evaluation-20260806,DOA-R8-FINAL-EIGENMIKE-EVAL-20260806,final_frozen_eigenmike_evaluation,independent_locata_evaluation_cross_array,task3,<LOCATA_EVAL_ROOT>\task3\recording2,recording2,1909,1485431753.783,0,0.75,1.0,0.0,True,True,15,uniform_time_spread_among_preregistered_eligible_anchors,False,False,False,False
r8-final-frozen-eigenmike-evaluation-20260806,DOA-R8-FINAL-EIGENMIKE-EVAL-20260806,final_frozen_eigenmike_evaluation,independent_locata_evaluation_cross_array,task3,<LOCATA_EVAL_ROOT>\task3\recording2,recording2,1969,1485431754.272,0,0.75,1.0,0.0,True,True,16,uniform_time_spread_among_preregistered_eligible_anchors,False,False,False,False
r8-final-frozen-eigenmike-evaluation-20260806,DOA-R8-FINAL-EIGENMIKE-EVAL-20260806,final_frozen_eigenmike_evaluation,independent_locata_evaluation_cross_array,task3,<LOCATA_EVAL_ROOT>\task3\recording2,recording2,2028,1485431754.763,0,0.75,1.0,0.0,True,True,17,uniform_time_spread_among_preregistered_eligible_anchors,False,False,False,False
r8-final-frozen-eigenmike-evaluation-20260806,DOA-R8-FINAL-EIGENMIKE-EVAL-20260806,final_frozen_eigenmike_evaluation,independent_locata_evaluation_cross_array,task3,<LOCATA_EVAL_ROOT>\task3\recording2,recording2,2425,1485431758.083,0,0.5499013916280103,0.7332018555040137,0.0,True,False,18,uniform_time_spread_among_preregistered_eligible_anchors,False,False,False,False
r8-final-frozen-eigenmike-evaluation-20260806,DOA-R8-FINAL-EIGENMIKE-EVAL-20260806,final_frozen_eigenmike_evaluation,independent_locata_evaluation_cross_array,task3,<LOCATA_EVAL_ROOT>\task3\recording2,recording2,2485,1485431758.571,0,0.75,1.0,0.0,True,True,19,uniform_time_spread_among_preregistered_eligible_anchors,False,False,False,False
r8-final-frozen-eigenmike-evaluation-20260806,DOA-R8-FINAL-EIGENMIKE-EVAL-20260806,final_frozen_eigenmike_evaluation,independent_locata_evaluation_cross_array,task3,<LOCATA_EVAL_ROOT>\task3\recording3,recording3,257,1485433265.926,0,0.2420974417377295,0.32279658898363933,0.0,False,False,0,uniform_time_spread_among_preregistered_eligible_anchors,False,False,False,False
r8-final-frozen-eigenmike-evaluation-20260806,DOA-R8-FINAL-EIGENMIKE-EVAL-20260806,final_frozen_eigenmike_evaluation,independent_locata_evaluation_cross_array,task3,<LOCATA_EVAL_ROOT>\task3\recording3,recording3,353,1485433266.721,0,0.75,1.0,0.0,True,True,1,uniform_time_spread_among_preregistered_eligible_anchors,False,False,False,False
r8-final-frozen-eigenmike-evaluation-20260806,DOA-R8-FINAL-EIGENMIKE-EVAL-20260806,final_frozen_eigenmike_evaluation,independent_locata_evaluation_cross_array,task3,<LOCATA_EVAL_ROOT>\task3\recording3,recording3,449,1485433267.526,0,0.75,1.0,0.0,True,True,2,uniform_time_spread_among_preregistered_eligible_anchors,False,False,False,False
r8-final-frozen-eigenmike-evaluation-20260806,DOA-R8-FINAL-EIGENMIKE-EVAL-20260806,final_frozen_eigenmike_evaluation,independent_locata_evaluation_cross_array,task3,<LOCATA_EVAL_ROOT>\task3\recording3,recording3,609,1485433268.859,0,0.7106885919835559,0.947584789311408,0.0,True,True,3,uniform_time_spread_among_preregistered_eligible_anchors,False,False,False,False
r8-final-frozen-eigenmike-evaluation-20260806,DOA-R8-FINAL-EIGENMIKE-EVAL-20260806,final_frozen_eigenmike_evaluation,independent_locata_evaluation_cross_array,task3,<LOCATA_EVAL_ROOT>\task3\recording3,recording3,706,1485433269.662,0,0.75,1.0,0.0,True,True,4,uniform_time_spread_among_preregistered_eligible_anchors,False,False,False,False
r8-final-frozen-eigenmike-evaluation-20260806,DOA-R8-FINAL-EIGENMIKE-EVAL-20260806,final_frozen_eigenmike_evaluation,independent_locata_evaluation_cross_array,task3,<LOCATA_EVAL_ROOT>\task3\recording3,recording3,802,1485433270.463,0,0.75,1.0,0.0,True,True,5,uniform_time_spread_among_preregistered_eligible_anchors,False,False,False,False
r8-final-frozen-eigenmike-evaluation-20260806,DOA-R8-FINAL-EIGENMIKE-EVAL-20260806,final_frozen_eigenmike_evaluation,independent_locata_evaluation_cross_array,task3,<LOCATA_EVAL_ROOT>\task3\recording3,recording3,970,1485433271.862,0,0.6336073997944502,0.8448098663926003,0.0,True,True,6,uniform_time_spread_among_preregistered_eligible_anchors,False,False,False,False
r8-final-frozen-eigenmike-evaluation-20260806,DOA-R8-FINAL-EIGENMIKE-EVAL-20260806,final_frozen_eigenmike_evaluation,independent_locata_evaluation_cross_array,task3,<LOCATA_EVAL_ROOT>\task3\recording3,recording3,1066,1485433272.662,0,0.75,1.0,0.0,True,True,7,uniform_time_spread_among_preregistered_eligible_anchors,False,False,False,False
r8-final-frozen-eigenmike-evaluation-20260806,DOA-R8-FINAL-EIGENMIKE-EVAL-20260806,final_frozen_eigenmike_evaluation,independent_locata_evaluation_cross_array,task3,<LOCATA_EVAL_ROOT>\task3\recording3,recording3,1162,1485433273.462,0,0.75,1.0,0.0,True,True,8,uniform_time_spread_among_preregistered_eligible_anchors,False,False,False,False
r8-final-frozen-eigenmike-evaluation-20260806,DOA-R8-FINAL-EIGENMIKE-EVAL-20260806,final_frozen_eigenmike_evaluation,independent_locata_evaluation_cross_array,task3,<LOCATA_EVAL_ROOT>\task3\recording3,recording3,1354,1485433275.062,0,0.481799116691203,0.6423988222549374,0.0,True,False,9,uniform_time_spread_among_preregistered_eligible_anchors,False,False,False,False
r8-final-frozen-eigenmike-evaluation-20260806,DOA-R8-FINAL-EIGENMIKE-EVAL-20260806,final_frozen_eigenmike_evaluation,independent_locata_evaluation_cross_array,task3,<LOCATA_EVAL_ROOT>\task3\recording3,recording3,1451,1485433275.87,0,0.75,1.0,0.0,True,True,10,uniform_time_spread_among_preregistered_eligible_anchors,False,False,False,False
r8-final-frozen-eigenmike-evaluation-20260806,DOA-R8-FINAL-EIGENMIKE-EVAL-20260806,final_frozen_eigenmike_evaluation,independent_locata_evaluation_cross_array,task3,<LOCATA_EVAL_ROOT>\task3\recording3,recording3,1666,1485433277.662,0,0.75,1.0,0.0,True,True,11,uniform_time_spread_among_preregistered_eligible_anchors,False,False,False,False
r8-final-frozen-eigenmike-evaluation-20260806,DOA-R8-FINAL-EIGENMIKE-EVAL-20260806,final_frozen_eigenmike_evaluation,independent_locata_evaluation_cross_array,task3,<LOCATA_EVAL_ROOT>\task3\recording3,recording3,1762,1485433278.461,0,0.75,1.0,0.0,True,True,12,uniform_time_spread_among_preregistered_eligible_anchors,False,False,False,False
r8-final-frozen-eigenmike-evaluation-20260806,DOA-R8-FINAL-EIGENMIKE-EVAL-20260806,final_frozen_eigenmike_evaluation,independent_locata_evaluation_cross_array,task3,<LOCATA_EVAL_ROOT>\task3\recording3,recording3,1909,1485433279.687,0,0.36676064553762394,0.4890141940501653,0.0,False,False,13,uniform_time_spread_among_preregistered_eligible_anchors,False,False,False,False
r8-final-frozen-eigenmike-evaluation-20260806,DOA-R8-FINAL-EIGENMIKE-EVAL-20260806,final_frozen_eigenmike_evaluation,independent_locata_evaluation_cross_array,task3,<LOCATA_EVAL_ROOT>\task3\recording3,recording3,2005,1485433280.491,0,0.75,1.0,0.0,True,True,14,uniform_time_spread_among_preregistered_eligible_anchors,False,False,False,False
r8-final-frozen-eigenmike-evaluation-20260806,DOA-R8-FINAL-EIGENMIKE-EVAL-20260806,final_frozen_eigenmike_evaluation,independent_locata_evaluation_cross_array,task3,<LOCATA_EVAL_ROOT>\task3\recording3,recording3,2194,1485433282.063,0,0.17137023971556345,0.2284936529540846,0.0,False,False,15,uniform_time_spread_among_preregistered_eligible_anchors,False,False,False,False
r8-final-frozen-eigenmike-evaluation-20260806,DOA-R8-FINAL-EIGENMIKE-EVAL-20260806,final_frozen_eigenmike_evaluation,independent_locata_evaluation_cross_array,task3,<LOCATA_EVAL_ROOT>\task3\recording3,recording3,2291,1485433282.875,0,0.75,1.0,0.0,True,True,16,uniform_time_spread_among_preregistered_eligible_anchors,False,False,False,False
r8-final-frozen-eigenmike-evaluation-20260806,DOA-R8-FINAL-EIGENMIKE-EVAL-20260806,final_frozen_eigenmike_evaluation,independent_locata_evaluation_cross_array,task3,<LOCATA_EVAL_ROOT>\task3\recording3,recording3,2481,1485433284.453,0,0.3235951779117247,0.4314602372156329,0.0,False,False,17,uniform_time_spread_among_preregistered_eligible_anchors,False,False,False,False
r8-final-frozen-eigenmike-evaluation-20260806,DOA-R8-FINAL-EIGENMIKE-EVAL-20260806,final_frozen_eigenmike_evaluation,independent_locata_evaluation_cross_array,task3,<LOCATA_EVAL_ROOT>\task3\recording3,recording3,2577,1485433285.253,0,0.75,1.0,0.0,True,True,18,uniform_time_spread_among_preregistered_eligible_anchors,False,False,False,False
r8-final-frozen-eigenmike-evaluation-20260806,DOA-R8-FINAL-EIGENMIKE-EVAL-20260806,final_frozen_eigenmike_evaluation,independent_locata_evaluation_cross_array,task3,<LOCATA_EVAL_ROOT>\task3\recording3,recording3,2673,1485433286.053,0,0.75,1.0,0.0,True,True,19,uniform_time_spread_among_preregistered_eligible_anchors,False,False,False,False
r8-final-frozen-eigenmike-evaluation-20260806,DOA-R8-FINAL-EIGENMIKE-EVAL-20260806,final_frozen_eigenmike_evaluation,independent_locata_evaluation_cross_array,task3,<LOCATA_EVAL_ROOT>\task3\recording4,recording4,298,1485433543.678,0,0.11064275992333547,0.14752367989778062,0.0,False,False,0,uniform_time_spread_among_preregistered_eligible_anchors,False,False,False,False
r8-final-frozen-eigenmike-evaluation-20260806,DOA-R8-FINAL-EIGENMIKE-EVAL-20260806,final_frozen_eigenmike_evaluation,independent_locata_evaluation_cross_array,task3,<LOCATA_EVAL_ROOT>\task3\recording4,recording4,407,1485433544.595,0,0.75,1.0,0.0,True,True,1,uniform_time_spread_among_preregistered_eligible_anchors,False,False,False,False
r8-final-frozen-eigenmike-evaluation-20260806,DOA-R8-FINAL-EIGENMIKE-EVAL-20260806,final_frozen_eigenmike_evaluation,independent_locata_evaluation_cross_array,task3,<LOCATA_EVAL_ROOT>\task3\recording4,recording4,555,1485433545.815,0,0.4112385767062026,0.5483181022749368,0.0,True,False,2,uniform_time_spread_among_preregistered_eligible_anchors,False,False,False,False
r8-final-frozen-eigenmike-evaluation-20260806,DOA-R8-FINAL-EIGENMIKE-EVAL-20260806,final_frozen_eigenmike_evaluation,independent_locata_evaluation_cross_array,task3,<LOCATA_EVAL_ROOT>\task3\recording4,recording4,664,1485433546.729,0,0.75,1.0,0.0,True,True,3,uniform_time_spread_among_preregistered_eligible_anchors,False,False,False,False
r8-final-frozen-eigenmike-evaluation-20260806,DOA-R8-FINAL-EIGENMIKE-EVAL-20260806,final_frozen_eigenmike_evaluation,independent_locata_evaluation_cross_array,task3,<LOCATA_EVAL_ROOT>\task3\recording4,recording4,772,1485433547.623,0,0.75,1.0,0.0,True,True,4,uniform_time_spread_among_preregistered_eligible_anchors,False,False,False,False
r8-final-frozen-eigenmike-evaluation-20260806,DOA-R8-FINAL-EIGENMIKE-EVAL-20260806,final_frozen_eigenmike_evaluation,independent_locata_evaluation_cross_array,task3,<LOCATA_EVAL_ROOT>\task3\recording4,recording4,980,1485433549.356,0,0.6115246798700036,0.8153662398266714,0.0,True,True,5,uniform_time_spread_among_preregistered_eligible_anchors,False,False,False,False
r8-final-frozen-eigenmike-evaluation-20260806,DOA-R8-FINAL-EIGENMIKE-EVAL-20260806,final_frozen_eigenmike_evaluation,independent_locata_evaluation_cross_array,task3,<LOCATA_EVAL_ROOT>\task3\recording4,recording4,1116,1485433550.495,0,0.511527457570623,0.682036610094164,0.0,True,False,6,uniform_time_spread_among_preregistered_eligible_anchors,False,False,False,False
r8-final-frozen-eigenmike-evaluation-20260806,DOA-R8-FINAL-EIGENMIKE-EVAL-20260806,final_frozen_eigenmike_evaluation,independent_locata_evaluation_cross_array,task3,<LOCATA_EVAL_ROOT>\task3\recording4,recording4,1225,1485433551.397,0,0.75,1.0,0.0,True,True,7,uniform_time_spread_among_preregistered_eligible_anchors,False,False,False,False
r8-final-frozen-eigenmike-evaluation-20260806,DOA-R8-FINAL-EIGENMIKE-EVAL-20260806,final_frozen_eigenmike_evaluation,independent_locata_evaluation_cross_array,task3,<LOCATA_EVAL_ROOT>\task3\recording4,recording4,1390,1485433552.778,0,0.75,1.0,0.0,True,True,8,uniform_time_spread_among_preregistered_eligible_anchors,False,False,False,False
r8-final-frozen-eigenmike-evaluation-20260806,DOA-R8-FINAL-EIGENMIKE-EVAL-20260806,final_frozen_eigenmike_evaluation,independent_locata_evaluation_cross_array,task3,<LOCATA_EVAL_ROOT>\task3\recording4,recording4,1499,1485433553.682,0,0.75,1.0,0.0,True,True,9,uniform_time_spread_among_preregistered_eligible_anchors,False,False,False,False
r8-final-frozen-eigenmike-evaluation-20260806,DOA-R8-FINAL-EIGENMIKE-EVAL-20260806,final_frozen_eigenmike_evaluation,independent_locata_evaluation_cross_array,task3,<LOCATA_EVAL_ROOT>\task3\recording4,recording4,1607,1485433554.582,0,0.75,1.0,0.0,True,True,10,uniform_time_spread_among_preregistered_eligible_anchors,False,False,False,False
r8-final-frozen-eigenmike-evaluation-20260806,DOA-R8-FINAL-EIGENMIKE-EVAL-20260806,final_frozen_eigenmike_evaluation,independent_locata_evaluation_cross_array,task3,<LOCATA_EVAL_ROOT>\task3\recording4,recording4,1811,1485433556.281,0,0.75,1.0,0.0,True,True,11,uniform_time_spread_among_preregistered_eligible_anchors,False,False,False,False
r8-final-frozen-eigenmike-evaluation-20260806,DOA-R8-FINAL-EIGENMIKE-EVAL-20260806,final_frozen_eigenmike_evaluation,independent_locata_evaluation_cross_array,task3,<LOCATA_EVAL_ROOT>\task3\recording4,recording4,1919,1485433557.181,0,0.75,1.0,0.0,True,True,12,uniform_time_spread_among_preregistered_eligible_anchors,False,False,False,False
r8-final-frozen-eigenmike-evaluation-20260806,DOA-R8-FINAL-EIGENMIKE-EVAL-20260806,final_frozen_eigenmike_evaluation,independent_locata_evaluation_cross_array,task3,<LOCATA_EVAL_ROOT>\task3\recording4,recording4,2095,1485433558.647,0,0.5504430432487987,0.7339240576650649,0.0,True,False,13,uniform_time_spread_among_preregistered_eligible_anchors,False,False,False,False
r8-final-frozen-eigenmike-evaluation-20260806,DOA-R8-FINAL-EIGENMIKE-EVAL-20260806,final_frozen_eigenmike_evaluation,independent_locata_evaluation_cross_array,task3,<LOCATA_EVAL_ROOT>\task3\recording4,recording4,2203,1485433559.548,0,0.75,1.0,0.0,True,True,14,uniform_time_spread_among_preregistered_eligible_anchors,False,False,False,False
r8-final-frozen-eigenmike-evaluation-20260806,DOA-R8-FINAL-EIGENMIKE-EVAL-20260806,final_frozen_eigenmike_evaluation,independent_locata_evaluation_cross_array,task3,<LOCATA_EVAL_ROOT>\task3\recording4,recording4,2312,1485433560.456,0,0.75,1.0,0.0,True,True,15,uniform_time_spread_among_preregistered_eligible_anchors,False,False,False,False
r8-final-frozen-eigenmike-evaluation-20260806,DOA-R8-FINAL-EIGENMIKE-EVAL-20260806,final_frozen_eigenmike_evaluation,independent_locata_evaluation_cross_array,task3,<LOCATA_EVAL_ROOT>\task3\recording4,recording4,2564,1485433562.561,0,0.3265950945807061,0.43546012610760815,0.0,False,False,16,uniform_time_spread_among_preregistered_eligible_anchors,False,False,False,False
r8-final-frozen-eigenmike-evaluation-20260806,DOA-R8-FINAL-EIGENMIKE-EVAL-20260806,final_frozen_eigenmike_evaluation,independent_locata_evaluation_cross_array,task3,<LOCATA_EVAL_ROOT>\task3\recording4,recording4,2673,1485433563.464,0,0.75,1.0,0.0,True,True,17,uniform_time_spread_among_preregistered_eligible_anchors,False,False,False,False
r8-final-frozen-eigenmike-evaluation-20260806,DOA-R8-FINAL-EIGENMIKE-EVAL-20260806,final_frozen_eigenmike_evaluation,independent_locata_evaluation_cross_array,task3,<LOCATA_EVAL_ROOT>\task3\recording4,recording4,2872,1485433565.128,0,0.5513180189439182,0.7350906919252242,0.0,True,False,18,uniform_time_spread_among_preregistered_eligible_anchors,False,False,False,False
r8-final-frozen-eigenmike-evaluation-20260806,DOA-R8-FINAL-EIGENMIKE-EVAL-20260806,final_frozen_eigenmike_evaluation,independent_locata_evaluation_cross_array,task3,<LOCATA_EVAL_ROOT>\task3\recording4,recording4,2981,1485433566.03,0,0.75,1.0,0.0,True,True,19,uniform_time_spread_among_preregistered_eligible_anchors,False,False,False,False
r8-final-frozen-eigenmike-evaluation-20260806,DOA-R8-FINAL-EIGENMIKE-EVAL-20260806,final_frozen_eigenmike_evaluation,independent_locata_evaluation_cross_array,task3,<LOCATA_EVAL_ROOT>\task3\recording5,recording5,443,1485435387.155,0,0.10174717368961975,0.13566289825282632,0.0,False,False,0,uniform_time_spread_among_preregistered_eligible_anchors,False,False,False,False
r8-final-frozen-eigenmike-evaluation-20260806,DOA-R8-FINAL-EIGENMIKE-EVAL-20260806,final_frozen_eigenmike_evaluation,independent_locata_evaluation_cross_array,task3,<LOCATA_EVAL_ROOT>\task3\recording5,recording5,509,1485435387.699,0,0.6457320629982501,0.8609760839976668,0.0,True,True,1,uniform_time_spread_among_preregistered_eligible_anchors,False,False,False,False
r8-final-frozen-eigenmike-evaluation-20260806,DOA-R8-FINAL-EIGENMIKE-EVAL-20260806,final_frozen_eigenmike_evaluation,independent_locata_evaluation_cross_array,task3,<LOCATA_EVAL_ROOT>\task3\recording5,recording5,575,1485435388.247,0,0.75,1.0,0.0,True,True,2,uniform_time_spread_among_preregistered_eligible_anchors,False,False,False,False
r8-final-frozen-eigenmike-evaluation-20260806,DOA-R8-FINAL-EIGENMIKE-EVAL-20260806,final_frozen_eigenmike_evaluation,independent_locata_evaluation_cross_array,task3,<LOCATA_EVAL_ROOT>\task3\recording5,recording5,641,1485435388.797,0,0.75,1.0,0.0,True,True,3,uniform_time_spread_among_preregistered_eligible_anchors,False,False,False,False
r8-final-frozen-eigenmike-evaluation-20260806,DOA-R8-FINAL-EIGENMIKE-EVAL-20260806,final_frozen_eigenmike_evaluation,independent_locata_evaluation_cross_array,task3,<LOCATA_EVAL_ROOT>\task3\recording5,recording5,805,1485435390.172,0,0.289471125802061,0.38596150106941474,0.0,False,False,4,uniform_time_spread_among_preregistered_eligible_anchors,False,False,False,False
r8-final-frozen-eigenmike-evaluation-20260806,DOA-R8-FINAL-EIGENMIKE-EVAL-20260806,final_frozen_eigenmike_evaluation,independent_locata_evaluation_cross_array,task3,<LOCATA_EVAL_ROOT>\task3\recording5,recording5,870,1485435390.705,0,0.75,1.0,0.0,True,True,5,uniform_time_spread_among_preregistered_eligible_anchors,False,False,False,False
r8-final-frozen-eigenmike-evaluation-20260806,DOA-R8-FINAL-EIGENMIKE-EVAL-20260806,final_frozen_eigenmike_evaluation,independent_locata_evaluation_cross_array,task3,<LOCATA_EVAL_ROOT>\task3\recording5,recording5,936,1485435391.255,0,0.75,1.0,0.0,True,True,6,uniform_time_spread_among_preregistered_eligible_anchors,False,False,False,False
r8-final-frozen-eigenmike-evaluation-20260806,DOA-R8-FINAL-EIGENMIKE-EVAL-20260806,final_frozen_eigenmike_evaluation,independent_locata_evaluation_cross_array,task3,<LOCATA_EVAL_ROOT>\task3\recording5,recording5,1002,1485435391.807,0,0.75,1.0,0.0,True,True,7,uniform_time_spread_among_preregistered_eligible_anchors,False,False,False,False
r8-final-frozen-eigenmike-evaluation-20260806,DOA-R8-FINAL-EIGENMIKE-EVAL-20260806,final_frozen_eigenmike_evaluation,independent_locata_evaluation_cross_array,task3,<LOCATA_EVAL_ROOT>\task3\recording5,recording5,1068,1485435392.354,0,0.75,1.0,0.0,True,True,8,uniform_time_spread_among_preregistered_eligible_anchors,False,False,False,False
r8-final-frozen-eigenmike-evaluation-20260806,DOA-R8-FINAL-EIGENMIKE-EVAL-20260806,final_frozen_eigenmike_evaluation,independent_locata_evaluation_cross_array,task3,<LOCATA_EVAL_ROOT>\task3\recording5,recording5,1298,1485435394.273,0,0.16134968473097971,0.2151329129746396,0.0,False,False,9,uniform_time_spread_among_preregistered_eligible_anchors,False,False,False,False
r8-final-frozen-eigenmike-evaluation-20260806,DOA-R8-FINAL-EIGENMIKE-EVAL-20260806,final_frozen_eigenmike_evaluation,independent_locata_evaluation_cross_array,task3,<LOCATA_EVAL_ROOT>\task3\recording5,recording5,1364,1485435394.823,0,0.7113344073775729,0.9484458765034305,0.0,True,True,10,uniform_time_spread_among_preregistered_eligible_anchors,False,False,False,False
r8-final-frozen-eigenmike-evaluation-20260806,DOA-R8-FINAL-EIGENMIKE-EVAL-20260806,final_frozen_eigenmike_evaluation,independent_locata_evaluation_cross_array,task3,<LOCATA_EVAL_ROOT>\task3\recording5,recording5,1470,1485435395.704,0,0.5115066248159773,0.6820088330879698,0.0,True,False,11,uniform_time_spread_among_preregistered_eligible_anchors,False,False,False,False
r8-final-frozen-eigenmike-evaluation-20260806,DOA-R8-FINAL-EIGENMIKE-EVAL-20260806,final_frozen_eigenmike_evaluation,independent_locata_evaluation_cross_array,task3,<LOCATA_EVAL_ROOT>\task3\recording5,recording5,1768,1485435398.19,0,0.40013471848004223,0.5335129579733896,0.0,True,False,12,uniform_time_spread_among_preregistered_eligible_anchors,False,False,False,False
r8-final-frozen-eigenmike-evaluation-20260806,DOA-R8-FINAL-EIGENMIKE-EVAL-20260806,final_frozen_eigenmike_evaluation,independent_locata_evaluation_cross_array,task3,<LOCATA_EVAL_ROOT>\task3\recording5,recording5,1834,1485435398.739,0,0.75,1.0,0.0,True,True,13,uniform_time_spread_among_preregistered_eligible_anchors,False,False,False,False
r8-final-frozen-eigenmike-evaluation-20260806,DOA-R8-FINAL-EIGENMIKE-EVAL-20260806,final_frozen_eigenmike_evaluation,independent_locata_evaluation_cross_array,task3,<LOCATA_EVAL_ROOT>\task3\recording5,recording5,2060,1485435400.621,0,0.4957153967945335,0.6609538623927114,0.0,True,False,14,uniform_time_spread_among_preregistered_eligible_anchors,False,False,False,False
r8-final-frozen-eigenmike-evaluation-20260806,DOA-R8-FINAL-EIGENMIKE-EVAL-20260806,final_frozen_eigenmike_evaluation,independent_locata_evaluation_cross_array,task3,<LOCATA_EVAL_ROOT>\task3\recording5,recording5,2167,1485435401.513,0,0.5022777145079304,0.6697036193439071,0.0,True,False,15,uniform_time_spread_among_preregistered_eligible_anchors,False,False,False,False
r8-final-frozen-eigenmike-evaluation-20260806,DOA-R8-FINAL-EIGENMIKE-EVAL-20260806,final_frozen_eigenmike_evaluation,independent_locata_evaluation_cross_array,task3,<LOCATA_EVAL_ROOT>\task3\recording5,recording5,2233,1485435402.071,0,0.75,1.0,0.0,True,True,16,uniform_time_spread_among_preregistered_eligible_anchors,False,False,False,False
r8-final-frozen-eigenmike-evaluation-20260806,DOA-R8-FINAL-EIGENMIKE-EVAL-20260806,final_frozen_eigenmike_evaluation,independent_locata_evaluation_cross_array,task3,<LOCATA_EVAL_ROOT>\task3\recording5,recording5,2299,1485435402.613,0,0.75,1.0,0.0,True,True,17,uniform_time_spread_among_preregistered_eligible_anchors,False,False,False,False
r8-final-frozen-eigenmike-evaluation-20260806,DOA-R8-FINAL-EIGENMIKE-EVAL-20260806,final_frozen_eigenmike_evaluation,independent_locata_evaluation_cross_array,task3,<LOCATA_EVAL_ROOT>\task3\recording5,recording5,2365,1485435403.171,0,0.75,1.0,0.0,True,True,18,uniform_time_spread_among_preregistered_eligible_anchors,False,False,False,False
r8-final-frozen-eigenmike-evaluation-20260806,DOA-R8-FINAL-EIGENMIKE-EVAL-20260806,final_frozen_eigenmike_evaluation,independent_locata_evaluation_cross_array,task3,<LOCATA_EVAL_ROOT>\task3\recording5,recording5,2431,1485435403.713,0,0.75,1.0,0.0,True,True,19,uniform_time_spread_among_preregistered_eligible_anchors,False,False,False,False
r8-final-frozen-eigenmike-evaluation-20260806,DOA-R8-FINAL-EIGENMIKE-EVAL-20260806,final_frozen_eigenmike_evaluation,independent_locata_evaluation_cross_array,task4,<LOCATA_EVAL_ROOT>\task4\recording1,recording1,253,1503155547.565,0,0.11191355795672343,0.14921807727563124,0.0,False,False,0,uniform_time_spread_among_preregistered_eligible_anchors,False,False,False,False
r8-final-frozen-eigenmike-evaluation-20260806,DOA-R8-FINAL-EIGENMIKE-EVAL-20260806,final_frozen_eigenmike_evaluation,independent_locata_evaluation_cross_array,task4,<LOCATA_EVAL_ROOT>\task4\recording1,recording1,302,1503155547.966,0,0.5129024193772396,0.683869892502986,0.0,True,False,1,uniform_time_spread_among_preregistered_eligible_anchors,False,False,False,False
r8-final-frozen-eigenmike-evaluation-20260806,DOA-R8-FINAL-EIGENMIKE-EVAL-20260806,final_frozen_eigenmike_evaluation,independent_locata_evaluation_cross_array,task4,<LOCATA_EVAL_ROOT>\task4\recording1,recording1,548,1503155550.02,1,0.75,1.0,0.04241548845865393,True,True,2,uniform_time_spread_among_preregistered_eligible_anchors,False,False,False,False
r8-final-frozen-eigenmike-evaluation-20260806,DOA-R8-FINAL-EIGENMIKE-EVAL-20260806,final_frozen_eigenmike_evaluation,independent_locata_evaluation_cross_array,task4,<LOCATA_EVAL_ROOT>\task4\recording1,recording1,931,1503155553.21,1,0.75,1.0,0.0,True,True,3,uniform_time_spread_among_preregistered_eligible_anchors,False,False,False,False
r8-final-frozen-eigenmike-evaluation-20260806,DOA-R8-FINAL-EIGENMIKE-EVAL-20260806,final_frozen_eigenmike_evaluation,independent_locata_evaluation_cross_array,task4,<LOCATA_EVAL_ROOT>\task4\recording1,recording1,2390,1503155565.361,1,0.75,1.0,0.0,True,True,4,uniform_time_spread_among_preregistered_eligible_anchors,False,False,False,False
r8-final-frozen-eigenmike-evaluation-20260806,DOA-R8-FINAL-EIGENMIKE-EVAL-20260806,final_frozen_eigenmike_evaluation,independent_locata_evaluation_cross_array,task4,<LOCATA_EVAL_ROOT>\task4\recording1,recording1,2556,1503155566.744,0,0.75,1.0,0.0,True,True,5,uniform_time_spread_among_preregistered_eligible_anchors,False,False,False,False
r8-final-frozen-eigenmike-evaluation-20260806,DOA-R8-FINAL-EIGENMIKE-EVAL-20260806,final_frozen_eigenmike_evaluation,independent_locata_evaluation_cross_array,task4,<LOCATA_EVAL_ROOT>\task4\recording1,recording1,2853,1503155569.222,1,0.75,1.0,0.0,True,True,6,uniform_time_spread_among_preregistered_eligible_anchors,False,False,False,False
r8-final-frozen-eigenmike-evaluation-20260806,DOA-R8-FINAL-EIGENMIKE-EVAL-20260806,final_frozen_eigenmike_evaluation,independent_locata_evaluation_cross_array,task4,<LOCATA_EVAL_ROOT>\task4\recording1,recording1,3386,1503155573.66,0,0.75,1.0,0.0,True,True,7,uniform_time_spread_among_preregistered_eligible_anchors,False,False,False,False
r8-final-frozen-eigenmike-evaluation-20260806,DOA-R8-FINAL-EIGENMIKE-EVAL-20260806,final_frozen_eigenmike_evaluation,independent_locata_evaluation_cross_array,task4,<LOCATA_EVAL_ROOT>\task4\recording1,recording1,3793,1503155577.052,1,0.75,1.0,0.04291547457015083,True,True,8,uniform_time_spread_among_preregistered_eligible_anchors,False,False,False,False
r8-final-frozen-eigenmike-evaluation-20260806,DOA-R8-FINAL-EIGENMIKE-EVAL-20260806,final_frozen_eigenmike_evaluation,independent_locata_evaluation_cross_array,task4,<LOCATA_EVAL_ROOT>\task4\recording1,recording1,5113,1503155588.052,0,0.75,1.0,0.0,True,True,9,uniform_time_spread_among_preregistered_eligible_anchors,False,False,False,False
r8-final-frozen-eigenmike-evaluation-20260806,DOA-R8-FINAL-EIGENMIKE-EVAL-20260806,final_frozen_eigenmike_evaluation,independent_locata_evaluation_cross_array,task4,<LOCATA_EVAL_ROOT>\task4\recording1,recording1,5163,1503155588.474,0,0.75,1.0,0.0,True,True,10,uniform_time_spread_among_preregistered_eligible_anchors,False,False,False,False
r8-final-frozen-eigenmike-evaluation-20260806,DOA-R8-FINAL-EIGENMIKE-EVAL-20260806,final_frozen_eigenmike_evaluation,independent_locata_evaluation_cross_array,task4,<LOCATA_EVAL_ROOT>\task4\recording1,recording1,5687,1503155592.834,0,0.23832671314685702,0.31776895086247603,0.0,False,False,11,uniform_time_spread_among_preregistered_eligible_anchors,False,False,False,False
r8-final-frozen-eigenmike-evaluation-20260806,DOA-R8-FINAL-EIGENMIKE-EVAL-20260806,final_frozen_eigenmike_evaluation,independent_locata_evaluation_cross_array,task4,<LOCATA_EVAL_ROOT>\task4\recording1,recording1,6004,1503155595.487,0,0.4765075970111941,0.6353434626815921,0.057581733840726644,True,False,12,uniform_time_spread_among_preregistered_eligible_anchors,False,False,False,False
r8-final-frozen-eigenmike-evaluation-20260806,DOA-R8-FINAL-EIGENMIKE-EVAL-20260806,final_frozen_eigenmike_evaluation,independent_locata_evaluation_cross_array,task4,<LOCATA_EVAL_ROOT>\task4\recording1,recording1,6464,1503155599.31,0,0.75,1.0,0.0,True,True,13,uniform_time_spread_among_preregistered_eligible_anchors,False,False,False,False
r8-final-frozen-eigenmike-evaluation-20260806,DOA-R8-FINAL-EIGENMIKE-EVAL-20260806,final_frozen_eigenmike_evaluation,independent_locata_evaluation_cross_array,task4,<LOCATA_EVAL_ROOT>\task4\recording1,recording1,6513,1503155599.718,0,0.75,1.0,0.0,True,True,14,uniform_time_spread_among_preregistered_eligible_anchors,False,False,False,False
r8-final-frozen-eigenmike-evaluation-20260806,DOA-R8-FINAL-EIGENMIKE-EVAL-20260806,final_frozen_eigenmike_evaluation,independent_locata_evaluation_cross_array,task4,<LOCATA_EVAL_ROOT>\task4\recording1,recording1,6562,1503155600.129,0,0.75,1.0,0.0,True,True,15,uniform_time_spread_among_preregistered_eligible_anchors,False,False,False,False
r8-final-frozen-eigenmike-evaluation-20260806,DOA-R8-FINAL-EIGENMIKE-EVAL-20260806,final_frozen_eigenmike_evaluation,independent_locata_evaluation_cross_array,task4,<LOCATA_EVAL_ROOT>\task4\recording1,recording1,6612,1503155600.542,0,0.75,1.0,0.0,True,True,16,uniform_time_spread_among_preregistered_eligible_anchors,False,False,False,False
r8-final-frozen-eigenmike-evaluation-20260806,DOA-R8-FINAL-EIGENMIKE-EVAL-20260806,final_frozen_eigenmike_evaluation,independent_locata_evaluation_cross_array,task4,<LOCATA_EVAL_ROOT>\task4\recording1,recording1,7435,1503155607.4,0,0.6932515763451015,0.924335435126802,0.0,True,True,17,uniform_time_spread_among_preregistered_eligible_anchors,False,False,False,False
r8-final-frozen-eigenmike-evaluation-20260806,DOA-R8-FINAL-EIGENMIKE-EVAL-20260806,final_frozen_eigenmike_evaluation,independent_locata_evaluation_cross_array,task4,<LOCATA_EVAL_ROOT>\task4\recording1,recording1,8204,1503155613.809,1,0.75,1.0,0.057581733840726644,True,True,18,uniform_time_spread_among_preregistered_eligible_anchors,False,False,False,False
r8-final-frozen-eigenmike-evaluation-20260806,DOA-R8-FINAL-EIGENMIKE-EVAL-20260806,final_frozen_eigenmike_evaluation,independent_locata_evaluation_cross_array,task4,<LOCATA_EVAL_ROOT>\task4\recording1,recording1,8525,1503155616.484,1,0.4301963834337935,0.5735951779117247,0.0,True,False,19,uniform_time_spread_among_preregistered_eligible_anchors,False,False,False,False
r8-final-frozen-eigenmike-evaluation-20260806,DOA-R8-FINAL-EIGENMIKE-EVAL-20260806,final_frozen_eigenmike_evaluation,independent_locata_evaluation_cross_array,task4,<LOCATA_EVAL_ROOT>\task4\recording2,recording2,326,1503156231.615,0,0.10535124024332657,0.14046832032443543,0.0,False,False,0,uniform_time_spread_among_preregistered_eligible_anchors,False,False,False,False
r8-final-frozen-eigenmike-evaluation-20260806,DOA-R8-FINAL-EIGENMIKE-EVAL-20260806,final_frozen_eigenmike_evaluation,independent_locata_evaluation_cross_array,task4,<LOCATA_EVAL_ROOT>\task4\recording2,recording2,735,1503156235.021,1,0.75,1.0,0.0,True,True,1,uniform_time_spread_among_preregistered_eligible_anchors,False,False,False,False
r8-final-frozen-eigenmike-evaluation-20260806,DOA-R8-FINAL-EIGENMIKE-EVAL-20260806,final_frozen_eigenmike_evaluation,independent_locata_evaluation_cross_array,task4,<LOCATA_EVAL_ROOT>\task4\recording2,recording2,1101,1503156238.061,0,0.75,1.0,0.0,True,True,2,uniform_time_spread_among_preregistered_eligible_anchors,False,False,False,False
r8-final-frozen-eigenmike-evaluation-20260806,DOA-R8-FINAL-EIGENMIKE-EVAL-20260806,final_frozen_eigenmike_evaluation,independent_locata_evaluation_cross_array,task4,<LOCATA_EVAL_ROOT>\task4\recording2,recording2,1545,1503156241.767,1,0.75,1.0,0.0,True,True,3,uniform_time_spread_among_preregistered_eligible_anchors,False,False,False,False
r8-final-frozen-eigenmike-evaluation-20260806,DOA-R8-FINAL-EIGENMIKE-EVAL-20260806,final_frozen_eigenmike_evaluation,independent_locata_evaluation_cross_array,task4,<LOCATA_EVAL_ROOT>\task4\recording2,recording2,1910,1503156244.8,0,0.75,1.0,0.0,True,True,4,uniform_time_spread_among_preregistered_eligible_anchors,False,False,False,False
r8-final-frozen-eigenmike-evaluation-20260806,DOA-R8-FINAL-EIGENMIKE-EVAL-20260806,final_frozen_eigenmike_evaluation,independent_locata_evaluation_cross_array,task4,<LOCATA_EVAL_ROOT>\task4\recording2,recording2,2385,1503156248.762,0,0.75,1.0,0.0,True,True,5,uniform_time_spread_among_preregistered_eligible_anchors,False,False,False,False
r8-final-frozen-eigenmike-evaluation-20260806,DOA-R8-FINAL-EIGENMIKE-EVAL-20260806,final_frozen_eigenmike_evaluation,independent_locata_evaluation_cross_array,task4,<LOCATA_EVAL_ROOT>\task4\recording2,recording2,2750,1503156251.801,1,0.34226132607427573,0.45634843476570097,0.0,False,False,6,uniform_time_spread_among_preregistered_eligible_anchors,False,False,False,False
r8-final-frozen-eigenmike-evaluation-20260806,DOA-R8-FINAL-EIGENMIKE-EVAL-20260806,final_frozen_eigenmike_evaluation,independent_locata_evaluation_cross_array,task4,<LOCATA_EVAL_ROOT>\task4\recording2,recording2,3031,1503156254.141,1,0.75,1.0,0.0,True,True,7,uniform_time_spread_among_preregistered_eligible_anchors,False,False,False,False
r8-final-frozen-eigenmike-evaluation-20260806,DOA-R8-FINAL-EIGENMIKE-EVAL-20260806,final_frozen_eigenmike_evaluation,independent_locata_evaluation_cross_array,task4,<LOCATA_EVAL_ROOT>\task4\recording2,recording2,3396,1503156257.183,0,0.75,1.0,0.0,True,True,8,uniform_time_spread_among_preregistered_eligible_anchors,False,False,False,False
r8-final-frozen-eigenmike-evaluation-20260806,DOA-R8-FINAL-EIGENMIKE-EVAL-20260806,final_frozen_eigenmike_evaluation,independent_locata_evaluation_cross_array,task4,<LOCATA_EVAL_ROOT>\task4\recording2,recording2,3858,1503156261.043,0,0.75,1.0,0.0,True,True,9,uniform_time_spread_among_preregistered_eligible_anchors,False,False,False,False
r8-final-frozen-eigenmike-evaluation-20260806,DOA-R8-FINAL-EIGENMIKE-EVAL-20260806,final_frozen_eigenmike_evaluation,independent_locata_evaluation_cross_array,task4,<LOCATA_EVAL_ROOT>\task4\recording2,recording2,4236,1503156264.183,1,0.75,1.0,0.0,True,True,10,uniform_time_spread_among_preregistered_eligible_anchors,False,False,False,False
r8-final-frozen-eigenmike-evaluation-20260806,DOA-R8-FINAL-EIGENMIKE-EVAL-20260806,final_frozen_eigenmike_evaluation,independent_locata_evaluation_cross_array,task4,<LOCATA_EVAL_ROOT>\task4\recording2,recording2,4627,1503156267.447,0,0.75,1.0,0.0,True,True,11,uniform_time_spread_among_preregistered_eligible_anchors,False,False,False,False
r8-final-frozen-eigenmike-evaluation-20260806,DOA-R8-FINAL-EIGENMIKE-EVAL-20260806,final_frozen_eigenmike_evaluation,independent_locata_evaluation_cross_array,task4,<LOCATA_EVAL_ROOT>\task4\recording2,recording2,5115,1503156271.508,0,0.5911085803172134,0.7881447737562846,0.0,True,False,12,uniform_time_spread_among_preregistered_eligible_anchors,False,False,False,False
r8-final-frozen-eigenmike-evaluation-20260806,DOA-R8-FINAL-EIGENMIKE-EVAL-20260806,final_frozen_eigenmike_evaluation,independent_locata_evaluation_cross_array,task4,<LOCATA_EVAL_ROOT>\task4\recording2,recording2,5496,1503156274.682,1,0.75,1.0,0.0,True,True,13,uniform_time_spread_among_preregistered_eligible_anchors,False,False,False,False
r8-final-frozen-eigenmike-evaluation-20260806,DOA-R8-FINAL-EIGENMIKE-EVAL-20260806,final_frozen_eigenmike_evaluation,independent_locata_evaluation_cross_array,task4,<LOCATA_EVAL_ROOT>\task4\recording2,recording2,5861,1503156277.724,0,0.75,1.0,0.0,True,True,14,uniform_time_spread_among_preregistered_eligible_anchors,False,False,False,False
r8-final-frozen-eigenmike-evaluation-20260806,DOA-R8-FINAL-EIGENMIKE-EVAL-20260806,final_frozen_eigenmike_evaluation,independent_locata_evaluation_cross_array,task4,<LOCATA_EVAL_ROOT>\task4\recording2,recording2,6255,1503156281.008,1,0.75,1.0,0.0,True,True,15,uniform_time_spread_among_preregistered_eligible_anchors,False,False,False,False
r8-final-frozen-eigenmike-evaluation-20260806,DOA-R8-FINAL-EIGENMIKE-EVAL-20260806,final_frozen_eigenmike_evaluation,independent_locata_evaluation_cross_array,task4,<LOCATA_EVAL_ROOT>\task4\recording2,recording2,6619,1503156284.041,0,0.75,1.0,0.0,True,True,16,uniform_time_spread_among_preregistered_eligible_anchors,False,False,False,False
r8-final-frozen-eigenmike-evaluation-20260806,DOA-R8-FINAL-EIGENMIKE-EVAL-20260806,final_frozen_eigenmike_evaluation,independent_locata_evaluation_cross_array,task4,<LOCATA_EVAL_ROOT>\task4\recording2,recording2,7009,1503156287.299,1,0.75,1.0,0.0,True,True,17,uniform_time_spread_among_preregistered_eligible_anchors,False,False,False,False
r8-final-frozen-eigenmike-evaluation-20260806,DOA-R8-FINAL-EIGENMIKE-EVAL-20260806,final_frozen_eigenmike_evaluation,independent_locata_evaluation_cross_array,task4,<LOCATA_EVAL_ROOT>\task4\recording2,recording2,7466,1503156291.107,1,0.75,1.0,0.0,True,True,18,uniform_time_spread_among_preregistered_eligible_anchors,False,False,False,False
r8-final-frozen-eigenmike-evaluation-20260806,DOA-R8-FINAL-EIGENMIKE-EVAL-20260806,final_frozen_eigenmike_evaluation,independent_locata_evaluation_cross_array,task4,<LOCATA_EVAL_ROOT>\task4\recording2,recording2,7832,1503156294.148,0,0.75,1.0,0.0,True,True,19,uniform_time_spread_among_preregistered_eligible_anchors,False,False,False,False
r8-final-frozen-eigenmike-evaluation-20260806,DOA-R8-FINAL-EIGENMIKE-EVAL-20260806,final_frozen_eigenmike_evaluation,independent_locata_evaluation_cross_array,task4,<LOCATA_EVAL_ROOT>\task4\recording3,recording3,240,1503157447.953,0,0.10049720841087748,0.13399627788116997,0.0,False,False,0,uniform_time_spread_among_preregistered_eligible_anchors,False,False,False,False
r8-final-frozen-eigenmike-evaluation-20260806,DOA-R8-FINAL-EIGENMIKE-EVAL-20260806,final_frozen_eigenmike_evaluation,independent_locata_evaluation_cross_array,task4,<LOCATA_EVAL_ROOT>\task4\recording3,recording3,1085,1503157454.989,0,0.75,1.0,0.0,True,True,1,uniform_time_spread_among_preregistered_eligible_anchors,False,False,False,False
r8-final-frozen-eigenmike-evaluation-20260806,DOA-R8-FINAL-EIGENMIKE-EVAL-20260806,final_frozen_eigenmike_evaluation,independent_locata_evaluation_cross_array,task4,<LOCATA_EVAL_ROOT>\task4\recording3,recording3,1285,1503157456.655,1,0.75,1.0,0.0,True,True,2,uniform_time_spread_among_preregistered_eligible_anchors,False,False,False,False
r8-final-frozen-eigenmike-evaluation-20260806,DOA-R8-FINAL-EIGENMIKE-EVAL-20260806,final_frozen_eigenmike_evaluation,independent_locata_evaluation_cross_array,task4,<LOCATA_EVAL_ROOT>\task4\recording3,recording3,1962,1503157462.296,1,0.75,1.0,0.04949862503819338,True,True,3,uniform_time_spread_among_preregistered_eligible_anchors,False,False,False,False
r8-final-frozen-eigenmike-evaluation-20260806,DOA-R8-FINAL-EIGENMIKE-EVAL-20260806,final_frozen_eigenmike_evaluation,independent_locata_evaluation_cross_array,task4,<LOCATA_EVAL_ROOT>\task4\recording3,recording3,2618,1503157467.763,0,0.6247534790700258,0.8330046387600344,0.043359906669259186,True,True,4,uniform_time_spread_among_preregistered_eligible_anchors,False,False,False,False
r8-final-frozen-eigenmike-evaluation-20260806,DOA-R8-FINAL-EIGENMIKE-EVAL-20260806,final_frozen_eigenmike_evaluation,independent_locata_evaluation_cross_array,task4,<LOCATA_EVAL_ROOT>\task4\recording3,recording3,2886,1503157469.996,0,0.75,1.0,0.0,True,True,5,uniform_time_spread_among_preregistered_eligible_anchors,False,False,False,False
r8-final-frozen-eigenmike-evaluation-20260806,DOA-R8-FINAL-EIGENMIKE-EVAL-20260806,final_frozen_eigenmike_evaluation,independent_locata_evaluation_cross_array,task4,<LOCATA_EVAL_ROOT>\task4\recording3,recording3,3564,1503157475.646,1,0.75,1.0,0.0,True,True,6,uniform_time_spread_among_preregistered_eligible_anchors,False,False,False,False
r8-final-frozen-eigenmike-evaluation-20260806,DOA-R8-FINAL-EIGENMIKE-EVAL-20260806,final_frozen_eigenmike_evaluation,independent_locata_evaluation_cross_array,task4,<LOCATA_EVAL_ROOT>\task4\recording3,recording3,4310,1503157481.864,0,0.15201661064970418,0.20268881419960558,0.04794311269131413,False,False,7,uniform_time_spread_among_preregistered_eligible_anchors,False,False,False,False
r8-final-frozen-eigenmike-evaluation-20260806,DOA-R8-FINAL-EIGENMIKE-EVAL-20260806,final_frozen_eigenmike_evaluation,independent_locata_evaluation_cross_array,task4,<LOCATA_EVAL_ROOT>\task4\recording3,recording3,4663,1503157484.804,0,0.75,1.0,0.02694369600844421,True,True,8,uniform_time_spread_among_preregistered_eligible_anchors,False,False,False,False
r8-final-frozen-eigenmike-evaluation-20260806,DOA-R8-FINAL-EIGENMIKE-EVAL-20260806,final_frozen_eigenmike_evaluation,independent_locata_evaluation_cross_array,task4,<LOCATA_EVAL_ROOT>\task4\recording3,recording3,4814,1503157486.062,1,0.75,1.0,0.0,True,True,9,uniform_time_spread_among_preregistered_eligible_anchors,False,False,False,False
r8-final-frozen-eigenmike-evaluation-20260806,DOA-R8-FINAL-EIGENMIKE-EVAL-20260806,final_frozen_eigenmike_evaluation,independent_locata_evaluation_cross_array,task4,<LOCATA_EVAL_ROOT>\task4\recording3,recording3,5329,1503157490.363,0,0.75,1.0,0.0,True,True,10,uniform_time_spread_among_preregistered_eligible_anchors,False,False,False,False
r8-final-frozen-eigenmike-evaluation-20260806,DOA-R8-FINAL-EIGENMIKE-EVAL-20260806,final_frozen_eigenmike_evaluation,independent_locata_evaluation_cross_array,task4,<LOCATA_EVAL_ROOT>\task4\recording3,recording3,5543,1503157492.137,1,0.75,1.0,0.0,True,True,11,uniform_time_spread_among_preregistered_eligible_anchors,False,False,False,False
r8-final-frozen-eigenmike-evaluation-20260806,DOA-R8-FINAL-EIGENMIKE-EVAL-20260806,final_frozen_eigenmike_evaluation,independent_locata_evaluation_cross_array,task4,<LOCATA_EVAL_ROOT>\task4\recording3,recording3,5610,1503157492.701,1,0.75,1.0,0.0,True,True,12,uniform_time_spread_among_preregistered_eligible_anchors,False,False,False,False
r8-final-frozen-eigenmike-evaluation-20260806,DOA-R8-FINAL-EIGENMIKE-EVAL-20260806,final_frozen_eigenmike_evaluation,independent_locata_evaluation_cross_array,task4,<LOCATA_EVAL_ROOT>\task4\recording3,recording3,5761,1503157493.953,0,0.75,1.0,0.0,True,True,13,uniform_time_spread_among_preregistered_eligible_anchors,False,False,False,False
r8-final-frozen-eigenmike-evaluation-20260806,DOA-R8-FINAL-EIGENMIKE-EVAL-20260806,final_frozen_eigenmike_evaluation,independent_locata_evaluation_cross_array,task4,<LOCATA_EVAL_ROOT>\task4\recording3,recording3,5938,1503157495.429,1,0.75,1.0,0.0,True,True,14,uniform_time_spread_among_preregistered_eligible_anchors,False,False,False,False
r8-final-frozen-eigenmike-evaluation-20260806,DOA-R8-FINAL-EIGENMIKE-EVAL-20260806,final_frozen_eigenmike_evaluation,independent_locata_evaluation_cross_array,task4,<LOCATA_EVAL_ROOT>\task4\recording3,recording3,6318,1503157498.612,1,0.5559637232299103,0.741284964306547,0.05302630482486598,True,False,15,uniform_time_spread_among_preregistered_eligible_anchors,False,False,False,False
r8-final-frozen-eigenmike-evaluation-20260806,DOA-R8-FINAL-EIGENMIKE-EVAL-20260806,final_frozen_eigenmike_evaluation,independent_locata_evaluation_cross_array,task4,<LOCATA_EVAL_ROOT>\task4\recording3,recording3,6385,1503157499.154,1,0.75,1.0,0.0,True,True,16,uniform_time_spread_among_preregistered_eligible_anchors,False,False,False,False
r8-final-frozen-eigenmike-evaluation-20260806,DOA-R8-FINAL-EIGENMIKE-EVAL-20260806,final_frozen_eigenmike_evaluation,independent_locata_evaluation_cross_array,task4,<LOCATA_EVAL_ROOT>\task4\recording3,recording3,6781,1503157502.452,1,0.75,1.0,0.019082803255465127,True,True,17,uniform_time_spread_among_preregistered_eligible_anchors,False,False,False,False
r8-final-frozen-eigenmike-evaluation-20260806,DOA-R8-FINAL-EIGENMIKE-EVAL-20260806,final_frozen_eigenmike_evaluation,independent_locata_evaluation_cross_array,task4,<LOCATA_EVAL_ROOT>\task4\recording3,recording3,6847,1503157503.003,1,0.75,1.0,0.0,True,True,18,uniform_time_spread_among_preregistered_eligible_anchors,False,False,False,False
r8-final-frozen-eigenmike-evaluation-20260806,DOA-R8-FINAL-EIGENMIKE-EVAL-20260806,final_frozen_eigenmike_evaluation,independent_locata_evaluation_cross_array,task4,<LOCATA_EVAL_ROOT>\task4\recording3,recording3,7314,1503157506.894,0,0.75,1.0,0.0,True,True,19,uniform_time_spread_among_preregistered_eligible_anchors,False,False,False,False
r8-final-frozen-eigenmike-evaluation-20260806,DOA-R8-FINAL-EIGENMIKE-EVAL-20260806,final_frozen_eigenmike_evaluation,independent_locata_evaluation_cross_array,task4,<LOCATA_EVAL_ROOT>\task4\recording4,recording4,377,1503157872.633,0,0.10324713202411046,0.13766284269881393,0.0,False,False,0,uniform_time_spread_among_preregistered_eligible_anchors,False,False,False,False
r8-final-frozen-eigenmike-evaluation-20260806,DOA-R8-FINAL-EIGENMIKE-EVAL-20260806,final_frozen_eigenmike_evaluation,independent_locata_evaluation_cross_array,task4,<LOCATA_EVAL_ROOT>\task4\recording4,recording4,783,1503157876.017,0,0.38461431626899256,0.5128190883586567,0.0,True,False,1,uniform_time_spread_among_preregistered_eligible_anchors,False,False,False,False
r8-final-frozen-eigenmike-evaluation-20260806,DOA-R8-FINAL-EIGENMIKE-EVAL-20260806,final_frozen_eigenmike_evaluation,independent_locata_evaluation_cross_array,task4,<LOCATA_EVAL_ROOT>\task4\recording4,recording4,845,1503157876.535,0,0.6247951445793172,0.8330601927724229,0.0,True,True,2,uniform_time_spread_among_preregistered_eligible_anchors,False,False,False,False
r8-final-frozen-eigenmike-evaluation-20260806,DOA-R8-FINAL-EIGENMIKE-EVAL-20260806,final_frozen_eigenmike_evaluation,independent_locata_evaluation_cross_array,task4,<LOCATA_EVAL_ROOT>\task4\recording4,recording4,1179,1503157879.317,0,0.5007569234187939,0.6676758978917252,0.0,True,False,3,uniform_time_spread_among_preregistered_eligible_anchors,False,False,False,False
r8-final-frozen-eigenmike-evaluation-20260806,DOA-R8-FINAL-EIGENMIKE-EVAL-20260806,final_frozen_eigenmike_evaluation,independent_locata_evaluation_cross_array,task4,<LOCATA_EVAL_ROOT>\task4\recording4,recording4,1802,1503157884.516,0,0.75,1.0,0.0,True,True,4,uniform_time_spread_among_preregistered_eligible_anchors,False,False,False,False
r8-final-frozen-eigenmike-evaluation-20260806,DOA-R8-FINAL-EIGENMIKE-EVAL-20260806,final_frozen_eigenmike_evaluation,independent_locata_evaluation_cross_array,task4,<LOCATA_EVAL_ROOT>\task4\recording4,recording4,1864,1503157885.024,0,0.75,1.0,0.0,True,True,5,uniform_time_spread_among_preregistered_eligible_anchors,False,False,False,False
r8-final-frozen-eigenmike-evaluation-20260806,DOA-R8-FINAL-EIGENMIKE-EVAL-20260806,final_frozen_eigenmike_evaluation,independent_locata_evaluation_cross_array,task4,<LOCATA_EVAL_ROOT>\task4\recording4,recording4,2261,1503157888.339,0,0.3347407016471765,0.44632093552956864,0.0,False,False,6,uniform_time_spread_among_preregistered_eligible_anchors,False,False,False,False
r8-final-frozen-eigenmike-evaluation-20260806,DOA-R8-FINAL-EIGENMIKE-EVAL-20260806,final_frozen_eigenmike_evaluation,independent_locata_evaluation_cross_array,task4,<LOCATA_EVAL_ROOT>\task4\recording4,recording4,2778,1503157892.641,0,0.75,1.0,0.0,True,True,7,uniform_time_spread_among_preregistered_eligible_anchors,False,False,False,False
r8-final-frozen-eigenmike-evaluation-20260806,DOA-R8-FINAL-EIGENMIKE-EVAL-20260806,final_frozen_eigenmike_evaluation,independent_locata_evaluation_cross_array,task4,<LOCATA_EVAL_ROOT>\task4\recording4,recording4,3054,1503157894.94,1,0.75,1.0,0.01647176467320352,True,True,8,uniform_time_spread_among_preregistered_eligible_anchors,False,False,False,False
r8-final-frozen-eigenmike-evaluation-20260806,DOA-R8-FINAL-EIGENMIKE-EVAL-20260806,final_frozen_eigenmike_evaluation,independent_locata_evaluation_cross_array,task4,<LOCATA_EVAL_ROOT>\task4\recording4,recording4,3740,1503157900.662,0,0.34426127052026334,0.4590150273603511,0.0,False,False,9,uniform_time_spread_among_preregistered_eligible_anchors,False,False,False,False
r8-final-frozen-eigenmike-evaluation-20260806,DOA-R8-FINAL-EIGENMIKE-EVAL-20260806,final_frozen_eigenmike_evaluation,independent_locata_evaluation_cross_array,task4,<LOCATA_EVAL_ROOT>\task4\recording4,recording4,4163,1503157904.185,0,0.75,1.0,0.0,True,True,10,uniform_time_spread_among_preregistered_eligible_anchors,False,False,False,False
r8-final-frozen-eigenmike-evaluation-20260806,DOA-R8-FINAL-EIGENMIKE-EVAL-20260806,final_frozen_eigenmike_evaluation,independent_locata_evaluation_cross_array,task4,<LOCATA_EVAL_ROOT>\task4\recording4,recording4,4225,1503157904.698,0,0.75,1.0,0.0,True,True,11,uniform_time_spread_among_preregistered_eligible_anchors,False,False,False,False
r8-final-frozen-eigenmike-evaluation-20260806,DOA-R8-FINAL-EIGENMIKE-EVAL-20260806,final_frozen_eigenmike_evaluation,independent_locata_evaluation_cross_array,task4,<LOCATA_EVAL_ROOT>\task4\recording4,recording4,4744,1503157909.023,1,0.75,1.0,0.0,True,True,12,uniform_time_spread_among_preregistered_eligible_anchors,False,False,False,False
r8-final-frozen-eigenmike-evaluation-20260806,DOA-R8-FINAL-EIGENMIKE-EVAL-20260806,final_frozen_eigenmike_evaluation,independent_locata_evaluation_cross_array,task4,<LOCATA_EVAL_ROOT>\task4\recording4,recording4,4890,1503157910.246,0,0.75,1.0,0.0,True,True,13,uniform_time_spread_among_preregistered_eligible_anchors,False,False,False,False
r8-final-frozen-eigenmike-evaluation-20260806,DOA-R8-FINAL-EIGENMIKE-EVAL-20260806,final_frozen_eigenmike_evaluation,independent_locata_evaluation_cross_array,task4,<LOCATA_EVAL_ROOT>\task4\recording4,recording4,5209,1503157912.898,0,0.75,1.0,0.0,True,True,14,uniform_time_spread_among_preregistered_eligible_anchors,False,False,False,False
r8-final-frozen-eigenmike-evaluation-20260806,DOA-R8-FINAL-EIGENMIKE-EVAL-20260806,final_frozen_eigenmike_evaluation,independent_locata_evaluation_cross_array,task4,<LOCATA_EVAL_ROOT>\task4\recording4,recording4,5271,1503157913.414,0,0.75,1.0,0.0,True,True,15,uniform_time_spread_among_preregistered_eligible_anchors,False,False,False,False
r8-final-frozen-eigenmike-evaluation-20260806,DOA-R8-FINAL-EIGENMIKE-EVAL-20260806,final_frozen_eigenmike_evaluation,independent_locata_evaluation_cross_array,task4,<LOCATA_EVAL_ROOT>\task4\recording4,recording4,5425,1503157914.697,1,0.75,1.0,0.0,True,True,16,uniform_time_spread_among_preregistered_eligible_anchors,False,False,False,False
r8-final-frozen-eigenmike-evaluation-20260806,DOA-R8-FINAL-EIGENMIKE-EVAL-20260806,final_frozen_eigenmike_evaluation,independent_locata_evaluation_cross_array,task4,<LOCATA_EVAL_ROOT>\task4\recording4,recording4,6027,1503157919.714,1,0.23395183467125913,0.31193577956167884,0.03819338351712452,False,False,17,uniform_time_spread_among_preregistered_eligible_anchors,False,False,False,False
r8-final-frozen-eigenmike-evaluation-20260806,DOA-R8-FINAL-EIGENMIKE-EVAL-20260806,final_frozen_eigenmike_evaluation,independent_locata_evaluation_cross_array,task4,<LOCATA_EVAL_ROOT>\task4\recording4,recording4,6976,1503157927.629,0,0.75,1.0,0.0,True,True,18,uniform_time_spread_among_preregistered_eligible_anchors,False,False,False,False
r8-final-frozen-eigenmike-evaluation-20260806,DOA-R8-FINAL-EIGENMIKE-EVAL-20260806,final_frozen_eigenmike_evaluation,independent_locata_evaluation_cross_array,task4,<LOCATA_EVAL_ROOT>\task4\recording4,recording4,7300,1503157930.321,0,0.75,1.0,0.0,True,True,19,uniform_time_spread_among_preregistered_eligible_anchors,False,False,False,False
r8-final-frozen-eigenmike-evaluation-20260806,DOA-R8-FINAL-EIGENMIKE-EVAL-20260806,final_frozen_eigenmike_evaluation,independent_locata_evaluation_cross_array,task4,<LOCATA_EVAL_ROOT>\task4\recording5,recording5,307,1503160365.346,0,0.10755951223577123,0.1434126829810283,0.0,False,False,0,uniform_time_spread_among_preregistered_eligible_anchors,False,False,False,False
r8-final-frozen-eigenmike-evaluation-20260806,DOA-R8-FINAL-EIGENMIKE-EVAL-20260806,final_frozen_eigenmike_evaluation,independent_locata_evaluation_cross_array,task4,<LOCATA_EVAL_ROOT>\task4\recording5,recording5,351,1503160365.713,0,0.47454931807449796,0.6327324240993306,0.0,True,False,1,uniform_time_spread_among_preregistered_eligible_anchors,False,False,False,False
r8-final-frozen-eigenmike-evaluation-20260806,DOA-R8-FINAL-EIGENMIKE-EVAL-20260806,final_frozen_eigenmike_evaluation,independent_locata_evaluation_cross_array,task4,<LOCATA_EVAL_ROOT>\task4\recording5,recording5,396,1503160366.08,0,0.75,1.0,0.0,True,True,2,uniform_time_spread_among_preregistered_eligible_anchors,False,False,False,False
r8-final-frozen-eigenmike-evaluation-20260806,DOA-R8-FINAL-EIGENMIKE-EVAL-20260806,final_frozen_eigenmike_evaluation,independent_locata_evaluation_cross_array,task4,<LOCATA_EVAL_ROOT>\task4\recording5,recording5,440,1503160366.447,0,0.75,1.0,0.0,True,True,3,uniform_time_spread_among_preregistered_eligible_anchors,False,False,False,False
r8-final-frozen-eigenmike-evaluation-20260806,DOA-R8-FINAL-EIGENMIKE-EVAL-20260806,final_frozen_eigenmike_evaluation,independent_locata_evaluation_cross_array,task4,<LOCATA_EVAL_ROOT>\task4\recording5,recording5,484,1503160366.81,0,0.75,1.0,0.0,True,True,4,uniform_time_spread_among_preregistered_eligible_anchors,False,False,False,False
r8-final-frozen-eigenmike-evaluation-20260806,DOA-R8-FINAL-EIGENMIKE-EVAL-20260806,final_frozen_eigenmike_evaluation,independent_locata_evaluation_cross_array,task4,<LOCATA_EVAL_ROOT>\task4\recording5,recording5,1052,1503160371.543,0,0.2931585233743507,0.39087803116580094,0.0,False,False,5,uniform_time_spread_among_preregistered_eligible_anchors,False,False,False,False
r8-final-frozen-eigenmike-evaluation-20260806,DOA-R8-FINAL-EIGENMIKE-EVAL-20260806,final_frozen_eigenmike_evaluation,independent_locata_evaluation_cross_array,task4,<LOCATA_EVAL_ROOT>\task4\recording5,recording5,1096,1503160371.91,0,0.6601483292130774,0.8801977722841032,0.0,True,True,6,uniform_time_spread_among_preregistered_eligible_anchors,False,False,False,False
r8-final-frozen-eigenmike-evaluation-20260806,DOA-R8-FINAL-EIGENMIKE-EVAL-20260806,final_frozen_eigenmike_evaluation,independent_locata_evaluation_cross_array,task4,<LOCATA_EVAL_ROOT>\task4\recording5,recording5,2248,1503160381.51,0,0.75,1.0,0.008610871920224437,True,True,7,uniform_time_spread_among_preregistered_eligible_anchors,False,False,False,False
r8-final-frozen-eigenmike-evaluation-20260806,DOA-R8-FINAL-EIGENMIKE-EVAL-20260806,final_frozen_eigenmike_evaluation,independent_locata_evaluation_cross_array,task4,<LOCATA_EVAL_ROOT>\task4\recording5,recording5,2473,1503160383.384,1,0.75,1.0,0.0,True,True,8,uniform_time_spread_among_preregistered_eligible_anchors,False,False,False,False
r8-final-frozen-eigenmike-evaluation-20260806,DOA-R8-FINAL-EIGENMIKE-EVAL-20260806,final_frozen_eigenmike_evaluation,independent_locata_evaluation_cross_array,task4,<LOCATA_EVAL_ROOT>\task4\recording5,recording5,4007,1503160396.169,1,0.39255159578900584,0.5234021277186744,0.0,True,False,9,uniform_time_spread_among_preregistered_eligible_anchors,False,False,False,False
r8-final-frozen-eigenmike-evaluation-20260806,DOA-R8-FINAL-EIGENMIKE-EVAL-20260806,final_frozen_eigenmike_evaluation,independent_locata_evaluation_cross_array,task4,<LOCATA_EVAL_ROOT>\task4\recording5,recording5,4313,1503160398.717,0,0.75,1.0,0.03758228938085053,True,True,10,uniform_time_spread_among_preregistered_eligible_anchors,False,False,False,False
r8-final-frozen-eigenmike-evaluation-20260806,DOA-R8-FINAL-EIGENMIKE-EVAL-20260806,final_frozen_eigenmike_evaluation,independent_locata_evaluation_cross_array,task4,<LOCATA_EVAL_ROOT>\task4\recording5,recording5,4357,1503160399.083,0,0.75,1.0,0.0,True,True,11,uniform_time_spread_among_preregistered_eligible_anchors,False,False,False,False
r8-final-frozen-eigenmike-evaluation-20260806,DOA-R8-FINAL-EIGENMIKE-EVAL-20260806,final_frozen_eigenmike_evaluation,independent_locata_evaluation_cross_array,task4,<LOCATA_EVAL_ROOT>\task4\recording5,recording5,4979,1503160404.267,0,0.75,1.0,0.0,True,True,12,uniform_time_spread_among_preregistered_eligible_anchors,False,False,False,False
r8-final-frozen-eigenmike-evaluation-20260806,DOA-R8-FINAL-EIGENMIKE-EVAL-20260806,final_frozen_eigenmike_evaluation,independent_locata_evaluation_cross_array,task4,<LOCATA_EVAL_ROOT>\task4\recording5,recording5,5107,1503160405.336,1,0.75,1.0,0.0,True,True,13,uniform_time_spread_among_preregistered_eligible_anchors,False,False,False,False
r8-final-frozen-eigenmike-evaluation-20260806,DOA-R8-FINAL-EIGENMIKE-EVAL-20260806,final_frozen_eigenmike_evaluation,independent_locata_evaluation_cross_array,task4,<LOCATA_EVAL_ROOT>\task4\recording5,recording5,5151,1503160405.703,1,0.75,1.0,0.0,True,True,14,uniform_time_spread_among_preregistered_eligible_anchors,False,False,False,False
r8-final-frozen-eigenmike-evaluation-20260806,DOA-R8-FINAL-EIGENMIKE-EVAL-20260806,final_frozen_eigenmike_evaluation,independent_locata_evaluation_cross_array,task4,<LOCATA_EVAL_ROOT>\task4\recording5,recording5,5662,1503160409.961,0,0.75,1.0,0.0,True,True,15,uniform_time_spread_among_preregistered_eligible_anchors,False,False,False,False
r8-final-frozen-eigenmike-evaluation-20260806,DOA-R8-FINAL-EIGENMIKE-EVAL-20260806,final_frozen_eigenmike_evaluation,independent_locata_evaluation_cross_array,task4,<LOCATA_EVAL_ROOT>\task4\recording5,recording5,6210,1503160414.535,1,0.75,1.0,0.0,True,True,16,uniform_time_spread_among_preregistered_eligible_anchors,False,False,False,False
r8-final-frozen-eigenmike-evaluation-20260806,DOA-R8-FINAL-EIGENMIKE-EVAL-20260806,final_frozen_eigenmike_evaluation,independent_locata_evaluation_cross_array,task4,<LOCATA_EVAL_ROOT>\task4\recording5,recording5,6717,1503160418.749,1,0.4507791450237493,0.6010388600316657,0.0,True,False,17,uniform_time_spread_among_preregistered_eligible_anchors,False,False,False,False
r8-final-frozen-eigenmike-evaluation-20260806,DOA-R8-FINAL-EIGENMIKE-EVAL-20260806,final_frozen_eigenmike_evaluation,independent_locata_evaluation_cross_array,task4,<LOCATA_EVAL_ROOT>\task4\recording5,recording5,7095,1503160421.899,0,0.75,1.0,0.0,True,True,18,uniform_time_spread_among_preregistered_eligible_anchors,False,False,False,False
r8-final-frozen-eigenmike-evaluation-20260806,DOA-R8-FINAL-EIGENMIKE-EVAL-20260806,final_frozen_eigenmike_evaluation,independent_locata_evaluation_cross_array,task4,<LOCATA_EVAL_ROOT>\task4\recording5,recording5,7139,1503160422.266,0,0.75,1.0,0.0,True,True,19,uniform_time_spread_among_preregistered_eligible_anchors,False,False,False,False
